DateTime,City,Consumption_kWh
2024-01-01 00:00:00,Nashik,2281
2024-01-01 01:00:00,Kalyan,1960
2024-01-01 02:00:00,Hyderabad,1747
2024-01-01 03:00:00,Agra,2270
2024-01-01 04:00:00,Ranchi,1503
2024-01-01 05:00:00,Chennai,1508
2024-01-01 06:00:00,Hubli,1836
2024-01-01 07:00:00,Kota,2185
2024-01-01 08:00:00,Kalyan,1578
2024-01-01 09:00:00,Bangalore,2599
2024-01-01 10:00:00,Rajkot,3039
2024-01-01 11:00:00,Vijayawada,2187
2024-01-01 12:00:00,Hyderabad,2311
2024-01-01 13:00:00,Kanpur,2448
2024-01-01 14:00:00,Visakhapatnam,2221
2024-01-01 15:00:00,Thane,3287
2024-01-01 16:00:00,Dhanbad,2495
2024-01-01 17:00:00,Guwahati,2749
2024-01-01 18:00:00,Gwalior,3923
2024-01-01 19:00:00,Navi Mumbai,2955
2024-01-01 20:00:00,Aurangabad,3822
2024-01-01 21:00:00,Jodhpur,3581
2024-01-01 22:00:00,Pune,3695
2024-01-01 23:00:00,Aurangabad,1862
2024-01-02 00:00:00,Chandigarh,1753
2024-01-02 01:00:00,Kalyan,1540
2024-01-02 02:00:00,Agra,1733
2024-01-02 03:00:00,Indore,2236
2024-01-02 04:00:00,Raipur,1421
2024-01-02 05:00:00,Srinagar,2115
2024-01-02 06:00:00,Jabalpur,1465
2024-01-02 07:00:00,Ranchi,2241
2024-01-02 08:00:00,Kanpur,2273
2024-01-02 09:00:00,Delhi,2998
2024-01-02 10:00:00,Rajkot,3238
2024-01-02 11:00:00,Rajkot,2735
2024-01-02 12:00:00,Indore,2868
2024-01-02 13:00:00,Faridabad,1871
2024-01-02 14:00:00,Solapur,2927
2024-01-02 15:00:00,Rajkot,2650
2024-01-02 16:00:00,Varanasi,3299
2024-01-02 17:00:00,Ahmedabad,2891
2024-01-02 18:00:00,Bangalore,3928
2024-01-02 19:00:00,Indore,3841
2024-01-02 20:00:00,Indore,4645
2024-01-02 21:00:00,Pune,3372
2024-01-02 22:00:00,Vadodara,3203
2024-01-02 23:00:00,Chennai,2528
2024-01-03 00:00:00,Vadodara,1799
2024-01-03 01:00:00,Nashik,1647
2024-01-03 02:00:00,Madurai,1732
2024-01-03 03:00:00,Kanpur,1920
2024-01-03 04:00:00,Ahmedabad,1485
2024-01-03 05:00:00,Hyderabad,1968
2024-01-03 06:00:00,Hubli,1591
2024-01-03 07:00:00,Thane,1648
2024-01-03 08:00:00,Thane,2302
2024-01-03 09:00:00,Kalyan,2916
2024-01-03 10:00:00,Ranchi,3135
2024-01-03 11:00:00,Navi Mumbai,2761
2024-01-03 12:00:00,Ranchi,3090
2024-01-03 13:00:00,Meerut,2642
2024-01-03 14:00:00,Indore,3025
2024-01-03 15:00:00,Agra,2844
2024-01-03 16:00:00,Allahabad,3006
2024-01-03 17:00:00,Jabalpur,2515
2024-01-03 18:00:00,Allahabad,3978
2024-01-03 19:00:00,Rajkot,3864
2024-01-03 20:00:00,Mumbai,3354
2024-01-03 21:00:00,Srinagar,3846
2024-01-03 22:00:00,Allahabad,2966
2024-01-03 23:00:00,Srinagar,1739
2024-01-04 00:00:00,Nashik,1671
2024-01-04 01:00:00,Vadodara,2031
2024-01-04 02:00:00,Bangalore,1314
2024-01-04 03:00:00,Vadodara,2090
2024-01-04 04:00:00,Kanpur,1483
2024-01-04 05:00:00,Delhi,2220
2024-01-04 06:00:00,Ludhiana,2396
2024-01-04 07:00:00,Bhopal,1564
2024-01-04 08:00:00,Faridabad,2287
2024-01-04 09:00:00,Bhopal,2097
2024-01-04 10:00:00,Jodhpur,2875
2024-01-04 11:00:00,Mumbai,2726
2024-01-04 12:00:00,Madurai,2222
2024-01-04 13:00:00,Nagpur,2613
2024-01-04 14:00:00,Varanasi,2761
2024-01-04 15:00:00,Indore,2282
2024-01-04 16:00:00,Vadodara,2155
2024-01-04 17:00:00,Lucknow,2397
2024-01-04 18:00:00,Hubli,4267
2024-01-04 19:00:00,Visakhapatnam,2994
2024-01-04 20:00:00,Varanasi,3451
2024-01-04 21:00:00,Rajkot,3526
2024-01-04 22:00:00,Madurai,3805
2024-01-04 23:00:00,Bhopal,1701
2024-01-05 00:00:00,Kolkata,2296
2024-01-05 01:00:00,Hubli,1721
2024-01-05 02:00:00,Hubli,1274
2024-01-05 03:00:00,Kota,2113
2024-01-05 04:00:00,Bhopal,2000
2024-01-05 05:00:00,Thane,2218
2024-01-05 06:00:00,Srinagar,1592
2024-01-05 07:00:00,Chennai,1340
2024-01-05 08:00:00,Hyderabad,2165
2024-01-05 09:00:00,Mumbai,2495
2024-01-05 10:00:00,Visakhapatnam,2555
2024-01-05 11:00:00,Rajkot,2600
2024-01-05 12:00:00,Thane,2766
2024-01-05 13:00:00,Bhopal,2232
2024-01-05 14:00:00,Amritsar,2534
2024-01-05 15:00:00,Coimbatore,2040
2024-01-05 16:00:00,Srinagar,2745
2024-01-05 17:00:00,Hyderabad,2674
2024-01-05 18:00:00,Chandigarh,3353
2024-01-05 19:00:00,Vadodara,4256
2024-01-05 20:00:00,Lucknow,3552
2024-01-05 21:00:00,Jaipur,4140
2024-01-05 22:00:00,Thane,3105
2024-01-05 23:00:00,Madurai,1389
2024-01-06 00:00:00,Bhopal,1775
2024-01-06 01:00:00,Amritsar,1427
2024-01-06 02:00:00,Howrah,1596
2024-01-06 03:00:00,Gwalior,1411
2024-01-06 04:00:00,Navi Mumbai,1608
2024-01-06 05:00:00,Rajkot,1894
2024-01-06 06:00:00,Kanpur,2362
2024-01-06 07:00:00,Bhopal,1764
2024-01-06 08:00:00,Gwalior,1946
2024-01-06 09:00:00,Vijayawada,2476
2024-01-06 10:00:00,Patna,3114
2024-01-06 11:00:00,Kota,2256
2024-01-06 12:00:00,Indore,2651
2024-01-06 13:00:00,Jabalpur,2854
2024-01-06 14:00:00,Rajkot,2861
2024-01-06 15:00:00,Aurangabad,2482
2024-01-06 16:00:00,Kalyan,2675
2024-01-06 17:00:00,Bangalore,2873
2024-01-06 18:00:00,Amritsar,4002
2024-01-06 19:00:00,Agra,3379
2024-01-06 20:00:00,Navi Mumbai,3931
2024-01-06 21:00:00,Vasai,3040
2024-01-06 22:00:00,Lucknow,3927
2024-01-06 23:00:00,Meerut,2071
2024-01-07 00:00:00,Vadodara,2141
2024-01-07 01:00:00,Patna,2110
2024-01-07 02:00:00,Navi Mumbai,2347
2024-01-07 03:00:00,Madurai,1403
2024-01-07 04:00:00,Dhanbad,2185
2024-01-07 05:00:00,Aurangabad,1771
2024-01-07 06:00:00,Srinagar,2060
2024-01-07 07:00:00,Rajkot,2346
2024-01-07 08:00:00,Ranchi,1429
2024-01-07 09:00:00,Nashik,2929
2024-01-07 10:00:00,Lucknow,3053
2024-01-07 11:00:00,Jabalpur,2159
2024-01-07 12:00:00,Kolkata,2890
2024-01-07 13:00:00,Varanasi,3058
2024-01-07 14:00:00,Nashik,2238
2024-01-07 15:00:00,Guwahati,2731
2024-01-07 16:00:00,Madurai,2599
2024-01-07 17:00:00,Hyderabad,2914
2024-01-07 18:00:00,Nagpur,3695
2024-01-07 19:00:00,Solapur,3143
2024-01-07 20:00:00,Guwahati,4492
2024-01-07 21:00:00,Indore,3053
2024-01-07 22:00:00,Thane,3433
2024-01-07 23:00:00,Srinagar,1967
2024-01-08 00:00:00,Ranchi,1568
2024-01-08 01:00:00,Nashik,2209
2024-01-08 02:00:00,Ranchi,1558
2024-01-08 03:00:00,Kanpur,1715
2024-01-08 04:00:00,Coimbatore,1825
2024-01-08 05:00:00,Varanasi,2453
2024-01-08 06:00:00,Raipur,2007
2024-01-08 07:00:00,Patna,1732
2024-01-08 08:00:00,Kanpur,2032
2024-01-08 09:00:00,Indore,2928
2024-01-08 10:00:00,Amritsar,2125
2024-01-08 11:00:00,Jodhpur,3341
2024-01-08 12:00:00,Bangalore,3320
2024-01-08 13:00:00,Meerut,2689
2024-01-08 14:00:00,Ludhiana,2688
2024-01-08 15:00:00,Thane,2645
2024-01-08 16:00:00,Faridabad,2925
2024-01-08 17:00:00,Srinagar,2835
2024-01-08 18:00:00,Mumbai,3401
2024-01-08 19:00:00,Lucknow,3064
2024-01-08 20:00:00,Guwahati,3486
2024-01-08 21:00:00,Allahabad,3731
2024-01-08 22:00:00,Chennai,3114
2024-01-08 23:00:00,Hyderabad,1684
2024-01-09 00:00:00,Srinagar,1902
2024-01-09 01:00:00,Thane,2005
2024-01-09 02:00:00,Faridabad,1853
2024-01-09 03:00:00,Coimbatore,1721
2024-01-09 04:00:00,Chennai,1825
2024-01-09 05:00:00,Srinagar,1423
2024-01-09 06:00:00,Visakhapatnam,1580
2024-01-09 07:00:00,Navi Mumbai,2376
2024-01-09 08:00:00,Aurangabad,2202
2024-01-09 09:00:00,Varanasi,3265
2024-01-09 10:00:00,Delhi,2221
2024-01-09 11:00:00,Kolkata,2399
2024-01-09 12:00:00,Solapur,2862
2024-01-09 13:00:00,Gwalior,2467
2024-01-09 14:00:00,Rajkot,3040
2024-01-09 15:00:00,Madurai,2519
2024-01-09 16:00:00,Ghaziabad,3020
2024-01-09 17:00:00,Aurangabad,2791
2024-01-09 18:00:00,Agra,3761
2024-01-09 19:00:00,Guwahati,3593
2024-01-09 20:00:00,Raipur,3132
2024-01-09 21:00:00,Amritsar,3428
2024-01-09 22:00:00,Indore,3607
2024-01-09 23:00:00,Navi Mumbai,2042
2024-01-10 00:00:00,Vasai,2013
2024-01-10 01:00:00,Pune,1438
2024-01-10 02:00:00,Ghaziabad,2435
2024-01-10 03:00:00,Hubli,2499
2024-01-10 04:00:00,Coimbatore,1976
2024-01-10 05:00:00,Mumbai,1440
2024-01-10 06:00:00,Bhopal,2233
2024-01-10 07:00:00,Gwalior,2373
2024-01-10 08:00:00,Kota,1471
2024-01-10 09:00:00,Solapur,1975
2024-01-10 10:00:00,Agra,2064
2024-01-10 11:00:00,Indore,3332
2024-01-10 12:00:00,Jabalpur,2073
2024-01-10 13:00:00,Delhi,2819
2024-01-10 14:00:00,Bangalore,2485
2024-01-10 15:00:00,Navi Mumbai,2494
2024-01-10 16:00:00,Aurangabad,3037
2024-01-10 17:00:00,Dhanbad,2439
2024-01-10 18:00:00,Bhopal,3047
2024-01-10 19:00:00,Patna,4213
2024-01-10 20:00:00,Howrah,4294
2024-01-10 21:00:00,Madurai,2954
2024-01-10 22:00:00,Coimbatore,4597
2024-01-10 23:00:00,Kanpur,1631
2024-01-11 00:00:00,Raipur,2099
2024-01-11 01:00:00,Pune,2141
2024-01-11 02:00:00,Hubli,1762
2024-01-11 03:00:00,Dhanbad,2002
2024-01-11 04:00:00,Kota,1406
2024-01-11 05:00:00,Chandigarh,2141
2024-01-11 06:00:00,Ludhiana,2287
2024-01-11 07:00:00,Mumbai,2055
2024-01-11 08:00:00,Kanpur,2361
2024-01-11 09:00:00,Hubli,2362
2024-01-11 10:00:00,Hubli,3175
2024-01-11 11:00:00,Nashik,2552
2024-01-11 12:00:00,Gwalior,2937
2024-01-11 13:00:00,Jaipur,2484
2024-01-11 14:00:00,Gwalior,2541
2024-01-11 15:00:00,Howrah,3179
2024-01-11 16:00:00,Kota,2859
2024-01-11 17:00:00,Ahmedabad,3124
2024-01-11 18:00:00,Aurangabad,4222
2024-01-11 19:00:00,Bangalore,3096
2024-01-11 20:00:00,Amritsar,3710
2024-01-11 21:00:00,Chennai,3957
2024-01-11 22:00:00,Pune,4108
2024-01-11 23:00:00,Kanpur,1680
2024-01-12 00:00:00,Kalyan,2489
2024-01-12 01:00:00,Guwahati,1436
2024-01-12 02:00:00,Madurai,2278
2024-01-12 03:00:00,Pune,1922
2024-01-12 04:00:00,Aurangabad,1483
2024-01-12 05:00:00,Coimbatore,1838
2024-01-12 06:00:00,Delhi,1829
2024-01-12 07:00:00,Allahabad,1366
2024-01-12 08:00:00,Thane,1963
2024-01-12 09:00:00,Bhopal,2902
2024-01-12 10:00:00,Delhi,2471
2024-01-12 11:00:00,Chennai,2712
2024-01-12 12:00:00,Lucknow,2901
2024-01-12 13:00:00,Lucknow,2999
2024-01-12 14:00:00,Ahmedabad,2787
2024-01-12 15:00:00,Jabalpur,2722
2024-01-12 16:00:00,Ahmedabad,2252
2024-01-12 17:00:00,Ahmedabad,2888
2024-01-12 18:00:00,Raipur,2612
2024-01-12 19:00:00,Hyderabad,2799
2024-01-12 20:00:00,Gwalior,3254
2024-01-12 21:00:00,Aurangabad,4260
2024-01-12 22:00:00,Vasai,3891
2024-01-12 23:00:00,Thane,1637
2024-01-13 00:00:00,Nashik,1611
2024-01-13 01:00:00,Amritsar,2210
2024-01-13 02:00:00,Rajkot,2080
2024-01-13 03:00:00,Vijayawada,1667
2024-01-13 04:00:00,Vijayawada,1897
2024-01-13 05:00:00,Delhi,1722
2024-01-13 06:00:00,Bhopal,1795
2024-01-13 07:00:00,Jodhpur,1546
2024-01-13 08:00:00,Howrah,1734
2024-01-13 09:00:00,Thane,2692
2024-01-13 10:00:00,Vijayawada,2357
2024-01-13 11:00:00,Howrah,3043
2024-01-13 12:00:00,Raipur,3240
2024-01-13 13:00:00,Mumbai,1990
2024-01-13 14:00:00,Kalyan,2743
2024-01-13 15:00:00,Agra,2535
2024-01-13 16:00:00,Bangalore,2690
2024-01-13 17:00:00,Nashik,3145
2024-01-13 18:00:00,Kalyan,4514
2024-01-13 19:00:00,Raipur,4438
2024-01-13 20:00:00,Raipur,3926
2024-01-13 21:00:00,Ludhiana,3123
2024-01-13 22:00:00,Vadodara,4325
2024-01-13 23:00:00,Indore,1721
2024-01-14 00:00:00,Bangalore,1803
2024-01-14 01:00:00,Guwahati,1895
2024-01-14 02:00:00,Raipur,1703
2024-01-14 03:00:00,Ahmedabad,2303
2024-01-14 04:00:00,Vasai,2156
2024-01-14 05:00:00,Pune,1806
2024-01-14 06:00:00,Dhanbad,2342
2024-01-14 07:00:00,Ludhiana,2205
2024-01-14 08:00:00,Meerut,2380
2024-01-14 09:00:00,Raipur,2201
2024-01-14 10:00:00,Kota,2897
2024-01-14 11:00:00,Kalyan,2160
2024-01-14 12:00:00,Amritsar,2585
2024-01-14 13:00:00,Guwahati,3113
2024-01-14 14:00:00,Solapur,2304
2024-01-14 15:00:00,Srinagar,2838
2024-01-14 16:00:00,Kolkata,2715
2024-01-14 17:00:00,Kota,2772
2024-01-14 18:00:00,Varanasi,2767
2024-01-14 19:00:00,Vijayawada,3416
2024-01-14 20:00:00,Chandigarh,3399
2024-01-14 21:00:00,Visakhapatnam,3390
2024-01-14 22:00:00,Coimbatore,3190
2024-01-14 23:00:00,Lucknow,2581
2024-01-15 00:00:00,Agra,1664
2024-01-15 01:00:00,Solapur,2331
2024-01-15 02:00:00,Vijayawada,1928
2024-01-15 03:00:00,Agra,1702
2024-01-15 04:00:00,Madurai,2257
2024-01-15 05:00:00,Lucknow,2295
2024-01-15 06:00:00,Agra,1884
2024-01-15 07:00:00,Coimbatore,1608
2024-01-15 08:00:00,Madurai,2149
2024-01-15 09:00:00,Dhanbad,2207
2024-01-15 10:00:00,Vasai,2594
2024-01-15 11:00:00,Lucknow,2515
2024-01-15 12:00:00,Thane,2985
2024-01-15 13:00:00,Howrah,2360
2024-01-15 14:00:00,Allahabad,2487
2024-01-15 15:00:00,Guwahati,2982
2024-01-15 16:00:00,Faridabad,2086
2024-01-15 17:00:00,Coimbatore,2332
2024-01-15 18:00:00,Bhopal,4572
2024-01-15 19:00:00,Jodhpur,4096
2024-01-15 20:00:00,Meerut,3416
2024-01-15 21:00:00,Ludhiana,4239
2024-01-15 22:00:00,Bhopal,4404
2024-01-15 23:00:00,Guwahati,2325
2024-01-16 00:00:00,Howrah,2259
2024-01-16 01:00:00,Hyderabad,2017
2024-01-16 02:00:00,Aurangabad,1307
2024-01-16 03:00:00,Delhi,1364
2024-01-16 04:00:00,Ahmedabad,1335
2024-01-16 05:00:00,Aurangabad,2425
2024-01-16 06:00:00,Rajkot,1658
2024-01-16 07:00:00,Mumbai,1856
2024-01-16 08:00:00,Delhi,2000
2024-01-16 09:00:00,Hubli,3198
2024-01-16 10:00:00,Raipur,2175
2024-01-16 11:00:00,Ludhiana,2454
2024-01-16 12:00:00,Kolkata,2350
2024-01-16 13:00:00,Nashik,2655
2024-01-16 14:00:00,Agra,2520
2024-01-16 15:00:00,Jabalpur,2625
2024-01-16 16:00:00,Jaipur,3070
2024-01-16 17:00:00,Dhanbad,2136
2024-01-16 18:00:00,Jaipur,4003
2024-01-16 19:00:00,Agra,4454
2024-01-16 20:00:00,Bhopal,4170
2024-01-16 21:00:00,Srinagar,3478
2024-01-16 22:00:00,Mumbai,3798
2024-01-16 23:00:00,Bhopal,2238
2024-01-17 00:00:00,Howrah,1926
2024-01-17 01:00:00,Jodhpur,2018
2024-01-17 02:00:00,Hyderabad,1633
2024-01-17 03:00:00,Bhopal,2333
2024-01-17 04:00:00,Amritsar,1467
2024-01-17 05:00:00,Lucknow,2435
2024-01-17 06:00:00,Chandigarh,2078
2024-01-17 07:00:00,Vasai,2311
2024-01-17 08:00:00,Kolkata,1702
2024-01-17 09:00:00,Lucknow,2288
2024-01-17 10:00:00,Patna,2545
2024-01-17 11:00:00,Kalyan,2643
2024-01-17 12:00:00,Solapur,2259
2024-01-17 13:00:00,Ghaziabad,2532
2024-01-17 14:00:00,Kolkata,2539
2024-01-17 15:00:00,Agra,2499
2024-01-17 16:00:00,Kalyan,2488
2024-01-17 17:00:00,Chandigarh,2228
2024-01-17 18:00:00,Rajkot,3615
2024-01-17 19:00:00,Kalyan,3886
2024-01-17 20:00:00,Vijayawada,4308
2024-01-17 21:00:00,Ludhiana,3776
2024-01-17 22:00:00,Delhi,4097
2024-01-17 23:00:00,Chennai,1732
2024-01-18 00:00:00,Chandigarh,1714
2024-01-18 01:00:00,Jodhpur,1639
2024-01-18 02:00:00,Bhopal,2162
2024-01-18 03:00:00,Rajkot,1521
2024-01-18 04:00:00,Nagpur,1705
2024-01-18 05:00:00,Delhi,1684
2024-01-18 06:00:00,Faridabad,1952
2024-01-18 07:00:00,Meerut,1802
2024-01-18 08:00:00,Faridabad,2087
2024-01-18 09:00:00,Agra,2502
2024-01-18 10:00:00,Chandigarh,3386
2024-01-18 11:00:00,Jabalpur,2984
2024-01-18 12:00:00,Rajkot,2961
2024-01-18 13:00:00,Chandigarh,2460
2024-01-18 14:00:00,Solapur,2873
2024-01-18 15:00:00,Meerut,2043
2024-01-18 16:00:00,Pune,3076
2024-01-18 17:00:00,Jodhpur,2135
2024-01-18 18:00:00,Amritsar,4124
2024-01-18 19:00:00,Chennai,4444
2024-01-18 20:00:00,Patna,3905
2024-01-18 21:00:00,Hubli,3892
2024-01-18 22:00:00,Ranchi,4258
2024-01-18 23:00:00,Rajkot,1532
2024-01-19 00:00:00,Meerut,1855
2024-01-19 01:00:00,Vijayawada,1741
2024-01-19 02:00:00,Lucknow,2297
2024-01-19 03:00:00,Coimbatore,1779
2024-01-19 04:00:00,Patna,2045
2024-01-19 05:00:00,Nashik,1932
2024-01-19 06:00:00,Meerut,1810
2024-01-19 07:00:00,Nagpur,1783
2024-01-19 08:00:00,Raipur,2342
2024-01-19 09:00:00,Delhi,2157
2024-01-19 10:00:00,Coimbatore,2630
2024-01-19 11:00:00,Mumbai,2742
2024-01-19 12:00:00,Allahabad,2327
2024-01-19 13:00:00,Jaipur,3129
2024-01-19 14:00:00,Guwahati,2881
2024-01-19 15:00:00,Nashik,2547
2024-01-19 16:00:00,Solapur,2720
2024-01-19 17:00:00,Gwalior,2488
2024-01-19 18:00:00,Chandigarh,2732
2024-01-19 19:00:00,Dhanbad,3314
2024-01-19 20:00:00,Hyderabad,3950
2024-01-19 21:00:00,Mumbai,4281
2024-01-19 22:00:00,Allahabad,3044
2024-01-19 23:00:00,Dhanbad,1872
2024-01-20 00:00:00,Visakhapatnam,1494
2024-01-20 01:00:00,Varanasi,1388
2024-01-20 02:00:00,Vadodara,2294
2024-01-20 03:00:00,Amritsar,1448
2024-01-20 04:00:00,Hyderabad,2073
2024-01-20 05:00:00,Guwahati,1599
2024-01-20 06:00:00,Lucknow,1684
2024-01-20 07:00:00,Gwalior,2339
2024-01-20 08:00:00,Faridabad,2018
2024-01-20 09:00:00,Pune,2871
2024-01-20 10:00:00,Dhanbad,2119
2024-01-20 11:00:00,Chennai,1994
2024-01-20 12:00:00,Ludhiana,2334
2024-01-20 13:00:00,Aurangabad,2652
2024-01-20 14:00:00,Gwalior,3168
2024-01-20 15:00:00,Jodhpur,2552
2024-01-20 16:00:00,Gwalior,2383
2024-01-20 17:00:00,Ghaziabad,3421
2024-01-20 18:00:00,Jaipur,3827
2024-01-20 19:00:00,Ahmedabad,3518
2024-01-20 20:00:00,Kanpur,3528
2024-01-20 21:00:00,Rajkot,3783
2024-01-20 22:00:00,Chennai,4114
2024-01-20 23:00:00,Jodhpur,2171
2024-01-21 00:00:00,Patna,1670
2024-01-21 01:00:00,Visakhapatnam,1322
2024-01-21 02:00:00,Kanpur,1819
2024-01-21 03:00:00,Chennai,1586
2024-01-21 04:00:00,Ghaziabad,1463
2024-01-21 05:00:00,Chandigarh,1627
2024-01-21 06:00:00,Jaipur,1736
2024-01-21 07:00:00,Raipur,1691
2024-01-21 08:00:00,Kanpur,2031
2024-01-21 09:00:00,Aurangabad,3260
2024-01-21 10:00:00,Varanasi,2618
2024-01-21 11:00:00,Kalyan,3326
2024-01-21 12:00:00,Pune,2406
2024-01-21 13:00:00,Ghaziabad,2434
2024-01-21 14:00:00,Chandigarh,2933
2024-01-21 15:00:00,Jabalpur,2571
2024-01-21 16:00:00,Rajkot,2306
2024-01-21 17:00:00,Vadodara,2887
2024-01-21 18:00:00,Nashik,3996
2024-01-21 19:00:00,Chennai,3622
2024-01-21 20:00:00,Dhanbad,3019
2024-01-21 21:00:00,Chennai,4635
2024-01-21 22:00:00,Varanasi,3889
2024-01-21 23:00:00,Solapur,2333
2024-01-22 00:00:00,Nagpur,2020
2024-01-22 01:00:00,Mumbai,1688
2024-01-22 02:00:00,Agra,1830
2024-01-22 03:00:00,Vasai,1628
2024-01-22 04:00:00,Allahabad,2118
2024-01-22 05:00:00,Lucknow,1260
2024-01-22 06:00:00,Ludhiana,2128
2024-01-22 07:00:00,Vijayawada,1808
2024-01-22 08:00:00,Madurai,2245
2024-01-22 09:00:00,Visakhapatnam,2304
2024-01-22 10:00:00,Hubli,2544
2024-01-22 11:00:00,Allahabad,2485
2024-01-22 12:00:00,Solapur,2626
2024-01-22 13:00:00,Rajkot,2650
2024-01-22 14:00:00,Howrah,2946
2024-01-22 15:00:00,Kalyan,2995
2024-01-22 16:00:00,Visakhapatnam,1947
2024-01-22 17:00:00,Dhanbad,2877
2024-01-22 18:00:00,Amritsar,2759
2024-01-22 19:00:00,Indore,2875
2024-01-22 20:00:00,Vadodara,3943
2024-01-22 21:00:00,Madurai,3499
2024-01-22 22:00:00,Ranchi,3682
2024-01-22 23:00:00,Raipur,2347
2024-01-23 00:00:00,Bhopal,1429
2024-01-23 01:00:00,Visakhapatnam,1921
2024-01-23 02:00:00,Solapur,1549
2024-01-23 03:00:00,Patna,2412
2024-01-23 04:00:00,Thane,1665
2024-01-23 05:00:00,Nagpur,2216
2024-01-23 06:00:00,Guwahati,2117
2024-01-23 07:00:00,Nagpur,2547
2024-01-23 08:00:00,Chandigarh,1891
2024-01-23 09:00:00,Jabalpur,2185
2024-01-23 10:00:00,Thane,2911
2024-01-23 11:00:00,Chandigarh,2768
2024-01-23 12:00:00,Srinagar,2358
2024-01-23 13:00:00,Dhanbad,2719
2024-01-23 14:00:00,Meerut,2971
2024-01-23 15:00:00,Vijayawada,2517
2024-01-23 16:00:00,Patna,2094
2024-01-23 17:00:00,Thane,2990
2024-01-23 18:00:00,Vijayawada,2656
2024-01-23 19:00:00,Ahmedabad,3812
2024-01-23 20:00:00,Jabalpur,4042
2024-01-23 21:00:00,Agra,3672
2024-01-23 22:00:00,Lucknow,3038
2024-01-23 23:00:00,Vadodara,1843
2024-01-24 00:00:00,Hubli,1868
2024-01-24 01:00:00,Thane,2280
2024-01-24 02:00:00,Pune,1644
2024-01-24 03:00:00,Amritsar,1715
2024-01-24 04:00:00,Gwalior,1638
2024-01-24 05:00:00,Hyderabad,2050
2024-01-24 06:00:00,Thane,1937
2024-01-24 07:00:00,Meerut,2026
2024-01-24 08:00:00,Amritsar,2203
2024-01-24 09:00:00,Hyderabad,2609
2024-01-24 10:00:00,Jodhpur,1986
2024-01-24 11:00:00,Chennai,2312
2024-01-24 12:00:00,Kalyan,2913
2024-01-24 13:00:00,Vadodara,2508
2024-01-24 14:00:00,Ludhiana,2098
2024-01-24 15:00:00,Gwalior,2909
2024-01-24 16:00:00,Kolkata,2383
2024-01-24 17:00:00,Howrah,2954
2024-01-24 18:00:00,Howrah,4565
2024-01-24 19:00:00,Kolkata,3006
2024-01-24 20:00:00,Amritsar,4346
2024-01-24 21:00:00,Kalyan,4509
2024-01-24 22:00:00,Solapur,3855
2024-01-24 23:00:00,Ranchi,2390
2024-01-25 00:00:00,Jodhpur,2346
2024-01-25 01:00:00,Delhi,2209
2024-01-25 02:00:00,Ranchi,1496
2024-01-25 03:00:00,Pune,1480
2024-01-25 04:00:00,Guwahati,1912
2024-01-25 05:00:00,Aurangabad,1835
2024-01-25 06:00:00,Nashik,1947
2024-01-25 07:00:00,Patna,1600
2024-01-25 08:00:00,Lucknow,2013
2024-01-25 09:00:00,Vadodara,2927
2024-01-25 10:00:00,Jodhpur,2092
2024-01-25 11:00:00,Bhopal,2891
2024-01-25 12:00:00,Delhi,2459
2024-01-25 13:00:00,Jaipur,2866
2024-01-25 14:00:00,Madurai,2480
2024-01-25 15:00:00,Meerut,1951
2024-01-25 16:00:00,Navi Mumbai,3010
2024-01-25 17:00:00,Chennai,3211
2024-01-25 18:00:00,Mumbai,3787
2024-01-25 19:00:00,Indore,2959
2024-01-25 20:00:00,Faridabad,3259
2024-01-25 21:00:00,Coimbatore,3719
2024-01-25 22:00:00,Dhanbad,4001
2024-01-25 23:00:00,Patna,1470
2024-01-26 00:00:00,Visakhapatnam,1422
2024-01-26 01:00:00,Hyderabad,1627
2024-01-26 02:00:00,Bangalore,1596
2024-01-26 03:00:00,Srinagar,1764
2024-01-26 04:00:00,Vadodara,1437
2024-01-26 05:00:00,Patna,1874
2024-01-26 06:00:00,Chandigarh,2212
2024-01-26 07:00:00,Lucknow,1735
2024-01-26 08:00:00,Pune,1702
2024-01-26 09:00:00,Ahmedabad,2643
2024-01-26 10:00:00,Coimbatore,2726
2024-01-26 11:00:00,Faridabad,2744
2024-01-26 12:00:00,Srinagar,2400
2024-01-26 13:00:00,Kanpur,2657
2024-01-26 14:00:00,Varanasi,2163
2024-01-26 15:00:00,Ranchi,2686
2024-01-26 16:00:00,Ranchi,2230
2024-01-26 17:00:00,Visakhapatnam,2700
2024-01-26 18:00:00,Varanasi,3245
2024-01-26 19:00:00,Jaipur,3499
2024-01-26 20:00:00,Jodhpur,2994
2024-01-26 21:00:00,Jodhpur,2910
2024-01-26 22:00:00,Madurai,3772
2024-01-26 23:00:00,Guwahati,1724
2024-01-27 00:00:00,Agra,1226
2024-01-27 01:00:00,Jabalpur,1925
2024-01-27 02:00:00,Mumbai,1749
2024-01-27 03:00:00,Jodhpur,1962
2024-01-27 04:00:00,Lucknow,1973
2024-01-27 05:00:00,Jabalpur,1884
2024-01-27 06:00:00,Allahabad,2080
2024-01-27 07:00:00,Vadodara,1767
2024-01-27 08:00:00,Vijayawada,2063
2024-01-27 09:00:00,Solapur,2576
2024-01-27 10:00:00,Vasai,2635
2024-01-27 11:00:00,Allahabad,2282
2024-01-27 12:00:00,Lucknow,2845
2024-01-27 13:00:00,Rajkot,2764
2024-01-27 14:00:00,Ranchi,2353
2024-01-27 15:00:00,Indore,3023
2024-01-27 16:00:00,Madurai,2501
2024-01-27 17:00:00,Ranchi,3208
2024-01-27 18:00:00,Ranchi,3425
2024-01-27 19:00:00,Agra,3890
2024-01-27 20:00:00,Hyderabad,4338
2024-01-27 21:00:00,Kolkata,4691
2024-01-27 22:00:00,Navi Mumbai,3716
2024-01-27 23:00:00,Rajkot,1226
2024-01-28 00:00:00,Varanasi,1802
2024-01-28 01:00:00,Hubli,1462
2024-01-28 02:00:00,Nagpur,1891
2024-01-28 03:00:00,Agra,2108
2024-01-28 04:00:00,Meerut,2398
2024-01-28 05:00:00,Faridabad,1504
2024-01-28 06:00:00,Madurai,2187
2024-01-28 07:00:00,Faridabad,1435
2024-01-28 08:00:00,Kalyan,1897
2024-01-28 09:00:00,Srinagar,2494
2024-01-28 10:00:00,Kalyan,3176
2024-01-28 11:00:00,Lucknow,3091
2024-01-28 12:00:00,Ranchi,2992
2024-01-28 13:00:00,Kolkata,2704
2024-01-28 14:00:00,Gwalior,2851
2024-01-28 15:00:00,Thane,2582
2024-01-28 16:00:00,Nashik,2086
2024-01-28 17:00:00,Pune,3067
2024-01-28 18:00:00,Visakhapatnam,3277
2024-01-28 19:00:00,Ranchi,4144
2024-01-28 20:00:00,Gwalior,4566
2024-01-28 21:00:00,Lucknow,3067
2024-01-28 22:00:00,Varanasi,4457
2024-01-28 23:00:00,Meerut,1990
2024-01-29 00:00:00,Delhi,2359
2024-01-29 01:00:00,Ghaziabad,2431
2024-01-29 02:00:00,Ghaziabad,2074
2024-01-29 03:00:00,Solapur,1885
2024-01-29 04:00:00,Vasai,1783
2024-01-29 05:00:00,Raipur,2192
2024-01-29 06:00:00,Nagpur,1836
2024-01-29 07:00:00,Jodhpur,1954
2024-01-29 08:00:00,Dhanbad,2057
2024-01-29 09:00:00,Chennai,2663
2024-01-29 10:00:00,Gwalior,2285
2024-01-29 11:00:00,Srinagar,2088
2024-01-29 12:00:00,Hubli,2850
2024-01-29 13:00:00,Ranchi,2360
2024-01-29 14:00:00,Kalyan,3316
2024-01-29 15:00:00,Chennai,2535
2024-01-29 16:00:00,Chandigarh,3021
2024-01-29 17:00:00,Delhi,2190
2024-01-29 18:00:00,Nashik,3550
2024-01-29 19:00:00,Rajkot,4605
2024-01-29 20:00:00,Nashik,4004
2024-01-29 21:00:00,Aurangabad,4319
2024-01-29 22:00:00,Amritsar,4194
2024-01-29 23:00:00,Howrah,2396
2024-01-30 00:00:00,Indore,2491
2024-01-30 01:00:00,Jabalpur,1709
2024-01-30 02:00:00,Nagpur,2527
2024-01-30 03:00:00,Aurangabad,1826
2024-01-30 04:00:00,Vijayawada,1911
2024-01-30 05:00:00,Ludhiana,1672
2024-01-30 06:00:00,Amritsar,1532
2024-01-30 07:00:00,Allahabad,2422
2024-01-30 08:00:00,Ludhiana,2376
2024-01-30 09:00:00,Faridabad,2363
2024-01-30 10:00:00,Jabalpur,2670
2024-01-30 11:00:00,Coimbatore,2551
2024-01-30 12:00:00,Allahabad,2376
2024-01-30 13:00:00,Bhopal,2741
2024-01-30 14:00:00,Vadodara,2377
2024-01-30 15:00:00,Jodhpur,2065
2024-01-30 16:00:00,Amritsar,2537
2024-01-30 17:00:00,Delhi,3333
2024-01-30 18:00:00,Ranchi,4333
2024-01-30 19:00:00,Bhopal,3454
2024-01-30 20:00:00,Kalyan,4025
2024-01-30 21:00:00,Aurangabad,2794
2024-01-30 22:00:00,Meerut,3734
2024-01-30 23:00:00,Hyderabad,1888
2024-01-31 00:00:00,Jabalpur,1899
2024-01-31 01:00:00,Allahabad,1918
2024-01-31 02:00:00,Allahabad,1726
2024-01-31 03:00:00,Amritsar,2010
2024-01-31 04:00:00,Meerut,2193
2024-01-31 05:00:00,Ranchi,2218
2024-01-31 06:00:00,Lucknow,2184
2024-01-31 07:00:00,Vijayawada,1734
2024-01-31 08:00:00,Visakhapatnam,2464
2024-01-31 09:00:00,Rajkot,2097
2024-01-31 10:00:00,Dhanbad,2443
2024-01-31 11:00:00,Indore,3317
2024-01-31 12:00:00,Kota,2364
2024-01-31 13:00:00,Mumbai,2158
2024-01-31 14:00:00,Chennai,2825
2024-01-31 15:00:00,Srinagar,2213
2024-01-31 16:00:00,Gwalior,2592
2024-01-31 17:00:00,Solapur,2549
2024-01-31 18:00:00,Jaipur,3352
2024-01-31 19:00:00,Mumbai,4012
2024-01-31 20:00:00,Delhi,4107
2024-01-31 21:00:00,Lucknow,3867
2024-01-31 22:00:00,Indore,2891
2024-01-31 23:00:00,Guwahati,2107
2024-02-01 00:00:00,Thane,2431
2024-02-01 01:00:00,Kanpur,2508
2024-02-01 02:00:00,Vasai,2290
2024-02-01 03:00:00,Ahmedabad,2342
2024-02-01 04:00:00,Aurangabad,1839
2024-02-01 05:00:00,Ghaziabad,2285
2024-02-01 06:00:00,Delhi,1615
2024-02-01 07:00:00,Srinagar,1247
2024-02-01 08:00:00,Faridabad,2007
2024-02-01 09:00:00,Meerut,2719
2024-02-01 10:00:00,Chennai,2731
2024-02-01 11:00:00,Madurai,2975
2024-02-01 12:00:00,Kota,2653
2024-02-01 13:00:00,Chennai,3148
2024-02-01 14:00:00,Bangalore,2295
2024-02-01 15:00:00,Jaipur,2308
2024-02-01 16:00:00,Nashik,2353
2024-02-01 17:00:00,Visakhapatnam,2190
2024-02-01 18:00:00,Rajkot,3843
2024-02-01 19:00:00,Kalyan,3450
2024-02-01 20:00:00,Vijayawada,3908
2024-02-01 21:00:00,Solapur,3343
2024-02-01 22:00:00,Solapur,3322
2024-02-01 23:00:00,Ahmedabad,2059
2024-02-02 00:00:00,Meerut,2460
2024-02-02 01:00:00,Aurangabad,1550
2024-02-02 02:00:00,Hyderabad,2124
2024-02-02 03:00:00,Guwahati,2202
2024-02-02 04:00:00,Kalyan,2085
2024-02-02 05:00:00,Guwahati,1503
2024-02-02 06:00:00,Indore,2159
2024-02-02 07:00:00,Visakhapatnam,1954
2024-02-02 08:00:00,Delhi,2251
2024-02-02 09:00:00,Gwalior,1935
2024-02-02 10:00:00,Chennai,2212
2024-02-02 11:00:00,Kalyan,3129
2024-02-02 12:00:00,Bangalore,2734
2024-02-02 13:00:00,Gwalior,2808
2024-02-02 14:00:00,Jaipur,2254
2024-02-02 15:00:00,Visakhapatnam,2487
2024-02-02 16:00:00,Rajkot,2562
2024-02-02 17:00:00,Kota,2966
2024-02-02 18:00:00,Hyderabad,3502
2024-02-02 19:00:00,Chennai,2852
2024-02-02 20:00:00,Vadodara,4315
2024-02-02 21:00:00,Raipur,4337
2024-02-02 22:00:00,Mumbai,3710
2024-02-02 23:00:00,Ranchi,2546
2024-02-03 00:00:00,Kolkata,1733
2024-02-03 01:00:00,Madurai,2218
2024-02-03 02:00:00,Vadodara,1908
2024-02-03 03:00:00,Srinagar,2163
2024-02-03 04:00:00,Howrah,1899
2024-02-03 05:00:00,Ludhiana,1842
2024-02-03 06:00:00,Amritsar,1869
2024-02-03 07:00:00,Lucknow,1802
2024-02-03 08:00:00,Visakhapatnam,2236
2024-02-03 09:00:00,Bangalore,2564
2024-02-03 10:00:00,Lucknow,3083
2024-02-03 11:00:00,Jaipur,2390
2024-02-03 12:00:00,Vasai,2737
2024-02-03 13:00:00,Madurai,3255
2024-02-03 14:00:00,Chandigarh,1995
2024-02-03 15:00:00,Gwalior,2266
2024-02-03 16:00:00,Amritsar,2485
2024-02-03 17:00:00,Pune,2540
2024-02-03 18:00:00,Nashik,3060
2024-02-03 19:00:00,Guwahati,3411
2024-02-03 20:00:00,Bangalore,2811
2024-02-03 21:00:00,Vijayawada,2857
2024-02-03 22:00:00,Agra,3784
2024-02-03 23:00:00,Allahabad,1727
2024-02-04 00:00:00,Jabalpur,2461
2024-02-04 01:00:00,Chennai,1600
2024-02-04 02:00:00,Kalyan,2051
2024-02-04 03:00:00,Raipur,1639
2024-02-04 04:00:00,Mumbai,2143
2024-02-04 05:00:00,Dhanbad,1496
2024-02-04 06:00:00,Thane,2085
2024-02-04 07:00:00,Chandigarh,1624
2024-02-04 08:00:00,Rajkot,1516
2024-02-04 09:00:00,Kalyan,2377
2024-02-04 10:00:00,Rajkot,2596
2024-02-04 11:00:00,Howrah,2286
2024-02-04 12:00:00,Jabalpur,2520
2024-02-04 13:00:00,Kalyan,2585
2024-02-04 14:00:00,Vadodara,3137
2024-02-04 15:00:00,Solapur,2957
2024-02-04 16:00:00,Guwahati,2758
2024-02-04 17:00:00,Hyderabad,2781
2024-02-04 18:00:00,Chennai,3443
2024-02-04 19:00:00,Navi Mumbai,4170
2024-02-04 20:00:00,Hyderabad,4025
2024-02-04 21:00:00,Ranchi,4417
2024-02-04 22:00:00,Allahabad,4385
2024-02-04 23:00:00,Lucknow,1881
2024-02-05 00:00:00,Jodhpur,1946
2024-02-05 01:00:00,Allahabad,2171
2024-02-05 02:00:00,Vadodara,1571
2024-02-05 03:00:00,Jodhpur,2280
2024-02-05 04:00:00,Jabalpur,1953
2024-02-05 05:00:00,Bhopal,2092
2024-02-05 06:00:00,Amritsar,2240
2024-02-05 07:00:00,Vijayawada,2144
2024-02-05 08:00:00,Lucknow,2007
2024-02-05 09:00:00,Delhi,2636
2024-02-05 10:00:00,Raipur,2758
2024-02-05 11:00:00,Lucknow,2420
2024-02-05 12:00:00,Visakhapatnam,2935
2024-02-05 13:00:00,Guwahati,2491
2024-02-05 14:00:00,Jodhpur,2721
2024-02-05 15:00:00,Kolkata,3080
2024-02-05 16:00:00,Coimbatore,2319
2024-02-05 17:00:00,Varanasi,2147
2024-02-05 18:00:00,Delhi,3677
2024-02-05 19:00:00,Vasai,3688
2024-02-05 20:00:00,Jaipur,3410
2024-02-05 21:00:00,Indore,3709
2024-02-05 22:00:00,Madurai,3306
2024-02-05 23:00:00,Hyderabad,1405
2024-02-06 00:00:00,Lucknow,1501
2024-02-06 01:00:00,Chandigarh,2111
2024-02-06 02:00:00,Lucknow,2214
2024-02-06 03:00:00,Indore,1930
2024-02-06 04:00:00,Solapur,1828
2024-02-06 05:00:00,Navi Mumbai,2161
2024-02-06 06:00:00,Howrah,1917
2024-02-06 07:00:00,Solapur,1945
2024-02-06 08:00:00,Vadodara,2252
2024-02-06 09:00:00,Vasai,2402
2024-02-06 10:00:00,Jodhpur,2599
2024-02-06 11:00:00,Chandigarh,3081
2024-02-06 12:00:00,Hubli,3281
2024-02-06 13:00:00,Allahabad,2831
2024-02-06 14:00:00,Raipur,2727
2024-02-06 15:00:00,Raipur,2972
2024-02-06 16:00:00,Gwalior,2030
2024-02-06 17:00:00,Bangalore,2144
2024-02-06 18:00:00,Jabalpur,4408
2024-02-06 19:00:00,Meerut,4115
2024-02-06 20:00:00,Vadodara,3739
2024-02-06 21:00:00,Aurangabad,3192
2024-02-06 22:00:00,Raipur,3492
2024-02-06 23:00:00,Rajkot,2026
2024-02-07 00:00:00,Jaipur,1774
2024-02-07 01:00:00,Vadodara,1602
2024-02-07 02:00:00,Visakhapatnam,1930
2024-02-07 03:00:00,Indore,2429
2024-02-07 04:00:00,Kalyan,1872
2024-02-07 05:00:00,Aurangabad,2325
2024-02-07 06:00:00,Jabalpur,1788
2024-02-07 07:00:00,Pune,2100
2024-02-07 08:00:00,Jaipur,1611
2024-02-07 09:00:00,Rajkot,2941
2024-02-07 10:00:00,Agra,2080
2024-02-07 11:00:00,Ludhiana,3085
2024-02-07 12:00:00,Dhanbad,2196
2024-02-07 13:00:00,Lucknow,2298
2024-02-07 14:00:00,Ahmedabad,2518
2024-02-07 15:00:00,Hubli,2236
2024-02-07 16:00:00,Lucknow,2348
2024-02-07 17:00:00,Vijayawada,3299
2024-02-07 18:00:00,Ahmedabad,4401
2024-02-07 19:00:00,Nagpur,3265
2024-02-07 20:00:00,Navi Mumbai,3733
2024-02-07 21:00:00,Indore,3711
2024-02-07 22:00:00,Vijayawada,4164
2024-02-07 23:00:00,Jodhpur,2228
2024-02-08 00:00:00,Varanasi,1788
2024-02-08 01:00:00,Madurai,2121
2024-02-08 02:00:00,Kota,2128
2024-02-08 03:00:00,Varanasi,2048
2024-02-08 04:00:00,Solapur,2102
2024-02-08 05:00:00,Visakhapatnam,1629
2024-02-08 06:00:00,Raipur,1781
2024-02-08 07:00:00,Indore,2058
2024-02-08 08:00:00,Delhi,1669
2024-02-08 09:00:00,Hubli,1941
2024-02-08 10:00:00,Jabalpur,2445
2024-02-08 11:00:00,Coimbatore,2778
2024-02-08 12:00:00,Vijayawada,2297
2024-02-08 13:00:00,Srinagar,2656
2024-02-08 14:00:00,Indore,2816
2024-02-08 15:00:00,Kolkata,2287
2024-02-08 16:00:00,Pune,3363
2024-02-08 17:00:00,Gwalior,2642
2024-02-08 18:00:00,Amritsar,3900
2024-02-08 19:00:00,Hubli,4117
2024-02-08 20:00:00,Coimbatore,4143
2024-02-08 21:00:00,Gwalior,3275
2024-02-08 22:00:00,Delhi,3903
2024-02-08 23:00:00,Hyderabad,2033
2024-02-09 00:00:00,Jaipur,1613
2024-02-09 01:00:00,Nashik,1846
2024-02-09 02:00:00,Kanpur,1430
2024-02-09 03:00:00,Aurangabad,1648
2024-02-09 04:00:00,Jodhpur,1694
2024-02-09 05:00:00,Kota,1564
2024-02-09 06:00:00,Vasai,1660
2024-02-09 07:00:00,Chandigarh,2426
2024-02-09 08:00:00,Indore,1270
2024-02-09 09:00:00,Jodhpur,3122
2024-02-09 10:00:00,Ranchi,1983
2024-02-09 11:00:00,Bangalore,2659
2024-02-09 12:00:00,Mumbai,2469
2024-02-09 13:00:00,Patna,2921
2024-02-09 14:00:00,Kolkata,2551
2024-02-09 15:00:00,Kota,2467
2024-02-09 16:00:00,Nashik,2511
2024-02-09 17:00:00,Lucknow,3173
2024-02-09 18:00:00,Coimbatore,3481
2024-02-09 19:00:00,Amritsar,3873
2024-02-09 20:00:00,Madurai,3567
2024-02-09 21:00:00,Kalyan,3861
2024-02-09 22:00:00,Vijayawada,4201
2024-02-09 23:00:00,Ahmedabad,2186
2024-02-10 00:00:00,Guwahati,2437
2024-02-10 01:00:00,Thane,1629
2024-02-10 02:00:00,Coimbatore,1554
2024-02-10 03:00:00,Delhi,2166
2024-02-10 04:00:00,Indore,2127
2024-02-10 05:00:00,Jaipur,2416
2024-02-10 06:00:00,Allahabad,2511
2024-02-10 07:00:00,Vadodara,2208
2024-02-10 08:00:00,Faridabad,1615
2024-02-10 09:00:00,Delhi,1849
2024-02-10 10:00:00,Bhopal,3145
2024-02-10 11:00:00,Guwahati,2027
2024-02-10 12:00:00,Allahabad,3244
2024-02-10 13:00:00,Amritsar,3245
2024-02-10 14:00:00,Meerut,2415
2024-02-10 15:00:00,Kota,3238
2024-02-10 16:00:00,Vasai,3197
2024-02-10 17:00:00,Nagpur,3014
2024-02-10 18:00:00,Ranchi,4403
2024-02-10 19:00:00,Dhanbad,4158
2024-02-10 20:00:00,Srinagar,4370
2024-02-10 21:00:00,Ranchi,3889
2024-02-10 22:00:00,Guwahati,4139
2024-02-10 23:00:00,Ahmedabad,2107
2024-02-11 00:00:00,Kalyan,1653
2024-02-11 01:00:00,Visakhapatnam,2064
2024-02-11 02:00:00,Meerut,2166
2024-02-11 03:00:00,Faridabad,2466
2024-02-11 04:00:00,Kanpur,1478
2024-02-11 05:00:00,Jodhpur,1980
2024-02-11 06:00:00,Jabalpur,1619
2024-02-11 07:00:00,Gwalior,1901
2024-02-11 08:00:00,Nashik,1987
2024-02-11 09:00:00,Allahabad,2802
2024-02-11 10:00:00,Mumbai,2300
2024-02-11 11:00:00,Visakhapatnam,3319
2024-02-11 12:00:00,Jodhpur,2856
2024-02-11 13:00:00,Patna,2335
2024-02-11 14:00:00,Coimbatore,2561
2024-02-11 15:00:00,Gwalior,2453
2024-02-11 16:00:00,Guwahati,2649
2024-02-11 17:00:00,Navi Mumbai,3242
2024-02-11 18:00:00,Raipur,3909
2024-02-11 19:00:00,Howrah,3487
2024-02-11 20:00:00,Srinagar,3436
2024-02-11 21:00:00,Gwalior,4250
2024-02-11 22:00:00,Chennai,3966
2024-02-11 23:00:00,Srinagar,1783
2024-02-12 00:00:00,Ranchi,1947
2024-02-12 01:00:00,Madurai,2066
2024-02-12 02:00:00,Ranchi,1630
2024-02-12 03:00:00,Bangalore,2357
2024-02-12 04:00:00,Bhopal,1713
2024-02-12 05:00:00,Coimbatore,2360
2024-02-12 06:00:00,Howrah,1915
2024-02-12 07:00:00,Raipur,2353
2024-02-12 08:00:00,Lucknow,1515
2024-02-12 09:00:00,Dhanbad,2237
2024-02-12 10:00:00,Vijayawada,2808
2024-02-12 11:00:00,Meerut,3009
2024-02-12 12:00:00,Bangalore,2783
2024-02-12 13:00:00,Patna,2840
2024-02-12 14:00:00,Srinagar,2206
2024-02-12 15:00:00,Visakhapatnam,2083
2024-02-12 16:00:00,Vadodara,2850
2024-02-12 17:00:00,Dhanbad,2962
2024-02-12 18:00:00,Meerut,3597
2024-02-12 19:00:00,Ghaziabad,3642
2024-02-12 20:00:00,Ranchi,4635
2024-02-12 21:00:00,Ghaziabad,3864
2024-02-12 22:00:00,Indore,4549
2024-02-12 23:00:00,Jodhpur,1915
2024-02-13 00:00:00,Chennai,1522
2024-02-13 01:00:00,Jodhpur,2010
2024-02-13 02:00:00,Solapur,1994
2024-02-13 03:00:00,Hyderabad,1842
2024-02-13 04:00:00,Raipur,2137
2024-02-13 05:00:00,Coimbatore,1523
2024-02-13 06:00:00,Guwahati,2003
2024-02-13 07:00:00,Jodhpur,1549
2024-02-13 08:00:00,Visakhapatnam,2215
2024-02-13 09:00:00,Solapur,3213
2024-02-13 10:00:00,Allahabad,2924
2024-02-13 11:00:00,Varanasi,2343
2024-02-13 12:00:00,Indore,2583
2024-02-13 13:00:00,Pune,2692
2024-02-13 14:00:00,Kota,2603
2024-02-13 15:00:00,Dhanbad,2312
2024-02-13 16:00:00,Pune,2524
2024-02-13 17:00:00,Kolkata,2850
2024-02-13 18:00:00,Varanasi,3222
2024-02-13 19:00:00,Guwahati,3621
2024-02-13 20:00:00,Navi Mumbai,3380
2024-02-13 21:00:00,Delhi,3754
2024-02-13 22:00:00,Vijayawada,3872
2024-02-13 23:00:00,Guwahati,2108
2024-02-14 00:00:00,Jaipur,2537
2024-02-14 01:00:00,Navi Mumbai,2186
2024-02-14 02:00:00,Meerut,1543
2024-02-14 03:00:00,Jabalpur,1784
2024-02-14 04:00:00,Howrah,1971
2024-02-14 05:00:00,Nashik,2152
2024-02-14 06:00:00,Meerut,1965
2024-02-14 07:00:00,Hyderabad,1567
2024-02-14 08:00:00,Raipur,1754
2024-02-14 09:00:00,Rajkot,2592
2024-02-14 10:00:00,Bangalore,3173
2024-02-14 11:00:00,Amritsar,2448
2024-02-14 12:00:00,Hyderabad,3083
2024-02-14 13:00:00,Vasai,2851
2024-02-14 14:00:00,Raipur,2297
2024-02-14 15:00:00,Thane,1922
2024-02-14 16:00:00,Varanasi,2960
2024-02-14 17:00:00,Solapur,2132
2024-02-14 18:00:00,Dhanbad,3561
2024-02-14 19:00:00,Hyderabad,3274
2024-02-14 20:00:00,Meerut,3284
2024-02-14 21:00:00,Jaipur,4225
2024-02-14 22:00:00,Indore,3746
2024-02-14 23:00:00,Navi Mumbai,2309
2024-02-15 00:00:00,Nashik,1651
2024-02-15 01:00:00,Patna,2014
2024-02-15 02:00:00,Varanasi,1494
2024-02-15 03:00:00,Ludhiana,2375
2024-02-15 04:00:00,Rajkot,2427
2024-02-15 05:00:00,Jabalpur,1396
2024-02-15 06:00:00,Vijayawada,2404
2024-02-15 07:00:00,Vadodara,2287
2024-02-15 08:00:00,Srinagar,1911
2024-02-15 09:00:00,Rajkot,2722
2024-02-15 10:00:00,Jaipur,2828
2024-02-15 11:00:00,Hyderabad,2621
2024-02-15 12:00:00,Hubli,3101
2024-02-15 13:00:00,Amritsar,2352
2024-02-15 14:00:00,Vasai,3053
2024-02-15 15:00:00,Vadodara,2477
2024-02-15 16:00:00,Solapur,3063
2024-02-15 17:00:00,Coimbatore,3121
2024-02-15 18:00:00,Coimbatore,4083
2024-02-15 19:00:00,Jodhpur,4427
2024-02-15 20:00:00,Ranchi,3409
2024-02-15 21:00:00,Rajkot,3111
2024-02-15 22:00:00,Indore,4263
2024-02-15 23:00:00,Pune,2196
2024-02-16 00:00:00,Raipur,2096
2024-02-16 01:00:00,Coimbatore,1453
2024-02-16 02:00:00,Aurangabad,1791
2024-02-16 03:00:00,Rajkot,1762
2024-02-16 04:00:00,Faridabad,1546
2024-02-16 05:00:00,Chandigarh,1463
2024-02-16 06:00:00,Vadodara,2240
2024-02-16 07:00:00,Howrah,2291
2024-02-16 08:00:00,Howrah,1293
2024-02-16 09:00:00,Rajkot,2203
2024-02-16 10:00:00,Pune,2949
2024-02-16 11:00:00,Jabalpur,2671
2024-02-16 12:00:00,Agra,2219
2024-02-16 13:00:00,Kanpur,2970
2024-02-16 14:00:00,Solapur,2935
2024-02-16 15:00:00,Mumbai,2846
2024-02-16 16:00:00,Jabalpur,2122
2024-02-16 17:00:00,Dhanbad,2387
2024-02-16 18:00:00,Hyderabad,3813
2024-02-16 19:00:00,Nashik,3683
2024-02-16 20:00:00,Kolkata,3169
2024-02-16 21:00:00,Srinagar,4621
2024-02-16 22:00:00,Nashik,4287
2024-02-16 23:00:00,Vijayawada,1973
2024-02-17 00:00:00,Visakhapatnam,1640
2024-02-17 01:00:00,Varanasi,1802
2024-02-17 02:00:00,Aurangabad,2164
2024-02-17 03:00:00,Howrah,2091
2024-02-17 04:00:00,Dhanbad,1655
2024-02-17 05:00:00,Hyderabad,2393
2024-02-17 06:00:00,Madurai,1561
2024-02-17 07:00:00,Guwahati,1581
2024-02-17 08:00:00,Vadodara,2269
2024-02-17 09:00:00,Navi Mumbai,2097
2024-02-17 10:00:00,Hyderabad,2747
2024-02-17 11:00:00,Nagpur,2547
2024-02-17 12:00:00,Pune,2862
2024-02-17 13:00:00,Patna,2761
2024-02-17 14:00:00,Visakhapatnam,2978
2024-02-17 15:00:00,Delhi,3315
2024-02-17 16:00:00,Jabalpur,3017
2024-02-17 17:00:00,Guwahati,2073
2024-02-17 18:00:00,Kalyan,2560
2024-02-17 19:00:00,Visakhapatnam,4605
2024-02-17 20:00:00,Meerut,3506
2024-02-17 21:00:00,Ranchi,3047
2024-02-17 22:00:00,Ghaziabad,3673
2024-02-17 23:00:00,Rajkot,2229
2024-02-18 00:00:00,Aurangabad,2512
2024-02-18 01:00:00,Vijayawada,2159
2024-02-18 02:00:00,Agra,2246
2024-02-18 03:00:00,Faridabad,1758
2024-02-18 04:00:00,Agra,1987
2024-02-18 05:00:00,Ranchi,2477
2024-02-18 06:00:00,Navi Mumbai,2205
2024-02-18 07:00:00,Lucknow,1864
2024-02-18 08:00:00,Srinagar,1684
2024-02-18 09:00:00,Navi Mumbai,3171
2024-02-18 10:00:00,Aurangabad,3165
2024-02-18 11:00:00,Kanpur,2422
2024-02-18 12:00:00,Kolkata,2881
2024-02-18 13:00:00,Kanpur,2644
2024-02-18 14:00:00,Jodhpur,2569
2024-02-18 15:00:00,Lucknow,3076
2024-02-18 16:00:00,Pune,2819
2024-02-18 17:00:00,Bangalore,2742
2024-02-18 18:00:00,Amritsar,4128
2024-02-18 19:00:00,Srinagar,3773
2024-02-18 20:00:00,Gwalior,4797
2024-02-18 21:00:00,Guwahati,3645
2024-02-18 22:00:00,Varanasi,3918
2024-02-18 23:00:00,Meerut,2231
2024-02-19 00:00:00,Bhopal,1691
2024-02-19 01:00:00,Visakhapatnam,1621
2024-02-19 02:00:00,Chennai,1825
2024-02-19 03:00:00,Bhopal,2153
2024-02-19 04:00:00,Dhanbad,1384
2024-02-19 05:00:00,Rajkot,2258
2024-02-19 06:00:00,Guwahati,1529
2024-02-19 07:00:00,Chandigarh,1722
2024-02-19 08:00:00,Visakhapatnam,2165
2024-02-19 09:00:00,Raipur,2224
2024-02-19 10:00:00,Gwalior,2638
2024-02-19 11:00:00,Indore,2680
2024-02-19 12:00:00,Madurai,2723
2024-02-19 13:00:00,Nagpur,2233
2024-02-19 14:00:00,Navi Mumbai,2860
2024-02-19 15:00:00,Kalyan,2295
2024-02-19 16:00:00,Faridabad,2834
2024-02-19 17:00:00,Indore,2407
2024-02-19 18:00:00,Indore,3260
2024-02-19 19:00:00,Rajkot,3319
2024-02-19 20:00:00,Nashik,3556
2024-02-19 21:00:00,Kanpur,3372
2024-02-19 22:00:00,Madurai,3764
2024-02-19 23:00:00,Kalyan,2215
2024-02-20 00:00:00,Nashik,1984
2024-02-20 01:00:00,Bangalore,2171
2024-02-20 02:00:00,Coimbatore,1543
2024-02-20 03:00:00,Navi Mumbai,2239
2024-02-20 04:00:00,Vijayawada,1226
2024-02-20 05:00:00,Navi Mumbai,2428
2024-02-20 06:00:00,Jodhpur,1984
2024-02-20 07:00:00,Pune,1731
2024-02-20 08:00:00,Hubli,1934
2024-02-20 09:00:00,Vadodara,3023
2024-02-20 10:00:00,Faridabad,3205
2024-02-20 11:00:00,Ranchi,3124
2024-02-20 12:00:00,Vijayawada,3243
2024-02-20 13:00:00,Nashik,2144
2024-02-20 14:00:00,Raipur,1944
2024-02-20 15:00:00,Kota,2600
2024-02-20 16:00:00,Ludhiana,2847
2024-02-20 17:00:00,Nagpur,2922
2024-02-20 18:00:00,Faridabad,3627
2024-02-20 19:00:00,Gwalior,3126
2024-02-20 20:00:00,Aurangabad,3511
2024-02-20 21:00:00,Nashik,3507
2024-02-20 22:00:00,Pune,3271
2024-02-20 23:00:00,Chandigarh,1650
2024-02-21 00:00:00,Hyderabad,1909
2024-02-21 01:00:00,Thane,1913
2024-02-21 02:00:00,Agra,2246
2024-02-21 03:00:00,Dhanbad,1951
2024-02-21 04:00:00,Hubli,2447
2024-02-21 05:00:00,Navi Mumbai,1717
2024-02-21 06:00:00,Gwalior,1801
2024-02-21 07:00:00,Pune,2410
2024-02-21 08:00:00,Patna,1327
2024-02-21 09:00:00,Howrah,2495
2024-02-21 10:00:00,Thane,2503
2024-02-21 11:00:00,Howrah,2677
2024-02-21 12:00:00,Gwalior,2692
2024-02-21 13:00:00,Amritsar,2655
2024-02-21 14:00:00,Ghaziabad,2588
2024-02-21 15:00:00,Ghaziabad,2568
2024-02-21 16:00:00,Meerut,3281
2024-02-21 17:00:00,Agra,2395
2024-02-21 18:00:00,Varanasi,3042
2024-02-21 19:00:00,Meerut,3786
2024-02-21 20:00:00,Faridabad,3841
2024-02-21 21:00:00,Gwalior,4333
2024-02-21 22:00:00,Vijayawada,3294
2024-02-21 23:00:00,Allahabad,1695
2024-02-22 00:00:00,Gwalior,1403
2024-02-22 01:00:00,Thane,1994
2024-02-22 02:00:00,Agra,1769
2024-02-22 03:00:00,Allahabad,1570
2024-02-22 04:00:00,Jaipur,1766
2024-02-22 05:00:00,Hyderabad,2375
2024-02-22 06:00:00,Agra,1957
2024-02-22 07:00:00,Ghaziabad,2137
2024-02-22 08:00:00,Vijayawada,1893
2024-02-22 09:00:00,Nashik,2826
2024-02-22 10:00:00,Varanasi,2939
2024-02-22 11:00:00,Coimbatore,2997
2024-02-22 12:00:00,Pune,2150
2024-02-22 13:00:00,Mumbai,2724
2024-02-22 14:00:00,Faridabad,2573
2024-02-22 15:00:00,Chandigarh,2598
2024-02-22 16:00:00,Aurangabad,2431
2024-02-22 17:00:00,Visakhapatnam,1995
2024-02-22 18:00:00,Madurai,3361
2024-02-22 19:00:00,Ranchi,3158
2024-02-22 20:00:00,Thane,3506
2024-02-22 21:00:00,Chennai,4479
2024-02-22 22:00:00,Guwahati,4110
2024-02-22 23:00:00,Meerut,1584
2024-02-23 00:00:00,Jodhpur,2066
2024-02-23 01:00:00,Jodhpur,1536
2024-02-23 02:00:00,Gwalior,2013
2024-02-23 03:00:00,Vijayawada,2001
2024-02-23 04:00:00,Dhanbad,2057
2024-02-23 05:00:00,Ahmedabad,2346
2024-02-23 06:00:00,Ranchi,2222
2024-02-23 07:00:00,Howrah,1956
2024-02-23 08:00:00,Mumbai,2332
2024-02-23 09:00:00,Meerut,3075
2024-02-23 10:00:00,Gwalior,2475
2024-02-23 11:00:00,Jabalpur,3042
2024-02-23 12:00:00,Delhi,3002
2024-02-23 13:00:00,Kolkata,3065
2024-02-23 14:00:00,Guwahati,3465
2024-02-23 15:00:00,Mumbai,2905
2024-02-23 16:00:00,Indore,3030
2024-02-23 17:00:00,Jabalpur,2765
2024-02-23 18:00:00,Ahmedabad,4175
2024-02-23 19:00:00,Nashik,4293
2024-02-23 20:00:00,Kota,3787
2024-02-23 21:00:00,Mumbai,3190
2024-02-23 22:00:00,Coimbatore,4698
2024-02-23 23:00:00,Hubli,2204
2024-02-24 00:00:00,Lucknow,1804
2024-02-24 01:00:00,Nashik,1615
2024-02-24 02:00:00,Coimbatore,1559
2024-02-24 03:00:00,Visakhapatnam,1273
2024-02-24 04:00:00,Ranchi,1726
2024-02-24 05:00:00,Hyderabad,2116
2024-02-24 06:00:00,Meerut,2094
2024-02-24 07:00:00,Howrah,1270
2024-02-24 08:00:00,Rajkot,1605
2024-02-24 09:00:00,Pune,3428
2024-02-24 10:00:00,Navi Mumbai,2561
2024-02-24 11:00:00,Delhi,2338
2024-02-24 12:00:00,Ahmedabad,2210
2024-02-24 13:00:00,Madurai,2364
2024-02-24 14:00:00,Bhopal,2198
2024-02-24 15:00:00,Visakhapatnam,2443
2024-02-24 16:00:00,Ghaziabad,2268
2024-02-24 17:00:00,Raipur,3261
2024-02-24 18:00:00,Guwahati,3841
2024-02-24 19:00:00,Bangalore,3711
2024-02-24 20:00:00,Vijayawada,4262
2024-02-24 21:00:00,Jaipur,3385
2024-02-24 22:00:00,Raipur,3402
2024-02-24 23:00:00,Bhopal,1972
2024-02-25 00:00:00,Ludhiana,1482
2024-02-25 01:00:00,Chandigarh,1641
2024-02-25 02:00:00,Faridabad,1643
2024-02-25 03:00:00,Jaipur,1660
2024-02-25 04:00:00,Thane,2282
2024-02-25 05:00:00,Madurai,1487
2024-02-25 06:00:00,Kota,1467
2024-02-25 07:00:00,Hyderabad,2313
2024-02-25 08:00:00,Indore,2328
2024-02-25 09:00:00,Vasai,2434
2024-02-25 10:00:00,Kanpur,2250
2024-02-25 11:00:00,Ludhiana,2704
2024-02-25 12:00:00,Kanpur,2637
2024-02-25 13:00:00,Ludhiana,2569
2024-02-25 14:00:00,Allahabad,2605
2024-02-25 15:00:00,Ahmedabad,2515
2024-02-25 16:00:00,Patna,2739
2024-02-25 17:00:00,Hubli,2355
2024-02-25 18:00:00,Pune,4015
2024-02-25 19:00:00,Vasai,3643
2024-02-25 20:00:00,Ludhiana,3880
2024-02-25 21:00:00,Kanpur,4618
2024-02-25 22:00:00,Patna,4213
2024-02-25 23:00:00,Guwahati,1986
2024-02-26 00:00:00,Ranchi,2150
2024-02-26 01:00:00,Delhi,1388
2024-02-26 02:00:00,Ghaziabad,1900
2024-02-26 03:00:00,Thane,2047
2024-02-26 04:00:00,Gwalior,1906
2024-02-26 05:00:00,Ranchi,1281
2024-02-26 06:00:00,Guwahati,2219
2024-02-26 07:00:00,Vasai,1736
2024-02-26 08:00:00,Meerut,1686
2024-02-26 09:00:00,Jaipur,3031
2024-02-26 10:00:00,Navi Mumbai,2584
2024-02-26 11:00:00,Jaipur,2710
2024-02-26 12:00:00,Bhopal,2387
2024-02-26 13:00:00,Thane,2169
2024-02-26 14:00:00,Vasai,3039
2024-02-26 15:00:00,Agra,2968
2024-02-26 16:00:00,Vasai,2838
2024-02-26 17:00:00,Pune,3378
2024-02-26 18:00:00,Thane,4013
2024-02-26 19:00:00,Srinagar,3504
2024-02-26 20:00:00,Hyderabad,3017
2024-02-26 21:00:00,Jodhpur,3337
2024-02-26 22:00:00,Madurai,4245
2024-02-26 23:00:00,Hubli,1958
2024-02-27 00:00:00,Thane,1429
2024-02-27 01:00:00,Mumbai,1559
2024-02-27 02:00:00,Nashik,1892
2024-02-27 03:00:00,Visakhapatnam,2015
2024-02-27 04:00:00,Meerut,1573
2024-02-27 05:00:00,Chandigarh,1610
2024-02-27 06:00:00,Bhopal,1720
2024-02-27 07:00:00,Lucknow,2044
2024-02-27 08:00:00,Meerut,2139
2024-02-27 09:00:00,Dhanbad,2860
2024-02-27 10:00:00,Kanpur,3180
2024-02-27 11:00:00,Hubli,2972
2024-02-27 12:00:00,Navi Mumbai,2259
2024-02-27 13:00:00,Indore,2340
2024-02-27 14:00:00,Chandigarh,2268
2024-02-27 15:00:00,Navi Mumbai,2504
2024-02-27 16:00:00,Guwahati,2617
2024-02-27 17:00:00,Ghaziabad,2527
2024-02-27 18:00:00,Ranchi,3937
2024-02-27 19:00:00,Nagpur,4003
2024-02-27 20:00:00,Lucknow,3217
2024-02-27 21:00:00,Amritsar,3909
2024-02-27 22:00:00,Ranchi,3166
2024-02-27 23:00:00,Vasai,2131
2024-02-28 00:00:00,Ludhiana,2199
2024-02-28 01:00:00,Vadodara,1386
2024-02-28 02:00:00,Nashik,1509
2024-02-28 03:00:00,Aurangabad,2150
2024-02-28 04:00:00,Nagpur,2335
2024-02-28 05:00:00,Navi Mumbai,2075
2024-02-28 06:00:00,Pune,2360
2024-02-28 07:00:00,Varanasi,1765
2024-02-28 08:00:00,Nagpur,2214
2024-02-28 09:00:00,Ghaziabad,2554
2024-02-28 10:00:00,Visakhapatnam,2557
2024-02-28 11:00:00,Kalyan,2698
2024-02-28 12:00:00,Amritsar,2109
2024-02-28 13:00:00,Dhanbad,2394
2024-02-28 14:00:00,Vasai,2082
2024-02-28 15:00:00,Navi Mumbai,2787
2024-02-28 16:00:00,Faridabad,2812
2024-02-28 17:00:00,Bangalore,3011
2024-02-28 18:00:00,Visakhapatnam,4003
2024-02-28 19:00:00,Kanpur,3615
2024-02-28 20:00:00,Hubli,3691
2024-02-28 21:00:00,Guwahati,4752
2024-02-28 22:00:00,Chennai,4285
2024-02-28 23:00:00,Rajkot,2380
2024-02-29 00:00:00,Thane,1868
2024-02-29 01:00:00,Madurai,2204
2024-02-29 02:00:00,Jaipur,1268
2024-02-29 03:00:00,Lucknow,1761
2024-02-29 04:00:00,Rajkot,2014
2024-02-29 05:00:00,Dhanbad,1909
2024-02-29 06:00:00,Agra,2234
2024-02-29 07:00:00,Thane,2308
2024-02-29 08:00:00,Kanpur,1368
2024-02-29 09:00:00,Aurangabad,3080
2024-02-29 10:00:00,Vijayawada,2702
2024-02-29 11:00:00,Ghaziabad,2517
2024-02-29 12:00:00,Raipur,2722
2024-02-29 13:00:00,Navi Mumbai,2466
2024-02-29 14:00:00,Agra,2693
2024-02-29 15:00:00,Visakhapatnam,2856
2024-02-29 16:00:00,Vijayawada,2610
2024-02-29 17:00:00,Pune,2303
2024-02-29 18:00:00,Amritsar,3754
2024-02-29 19:00:00,Amritsar,4319
2024-02-29 20:00:00,Chandigarh,3904
2024-02-29 21:00:00,Bangalore,3224
2024-02-29 22:00:00,Hyderabad,2894
2024-02-29 23:00:00,Ahmedabad,1495
2024-03-01 00:00:00,Rajkot,1786
2024-03-01 01:00:00,Allahabad,1524
2024-03-01 02:00:00,Jodhpur,2004
2024-03-01 03:00:00,Jodhpur,2078
2024-03-01 04:00:00,Amritsar,2413
2024-03-01 05:00:00,Nagpur,1862
2024-03-01 06:00:00,Lucknow,2197
2024-03-01 07:00:00,Bhopal,1699
2024-03-01 08:00:00,Raipur,2396
2024-03-01 09:00:00,Chennai,2405
2024-03-01 10:00:00,Nagpur,2811
2024-03-01 11:00:00,Jaipur,2137
2024-03-01 12:00:00,Agra,2216
2024-03-01 13:00:00,Aurangabad,2769
2024-03-01 14:00:00,Thane,2742
2024-03-01 15:00:00,Amritsar,2834
2024-03-01 16:00:00,Chandigarh,2678
2024-03-01 17:00:00,Patna,3415
2024-03-01 18:00:00,Ludhiana,4265
2024-03-01 19:00:00,Meerut,4148
2024-03-01 20:00:00,Patna,3921
2024-03-01 21:00:00,Jodhpur,3403
2024-03-01 22:00:00,Ahmedabad,3447
2024-03-01 23:00:00,Amritsar,1529
2024-03-02 00:00:00,Allahabad,1909
2024-03-02 01:00:00,Vadodara,1884
2024-03-02 02:00:00,Amritsar,1747
2024-03-02 03:00:00,Jabalpur,1646
2024-03-02 04:00:00,Aurangabad,1977
2024-03-02 05:00:00,Ghaziabad,2039
2024-03-02 06:00:00,Ranchi,2251
2024-03-02 07:00:00,Chandigarh,2374
2024-03-02 08:00:00,Bangalore,1418
2024-03-02 09:00:00,Faridabad,2911
2024-03-02 10:00:00,Bhopal,1951
2024-03-02 11:00:00,Solapur,2727
2024-03-02 12:00:00,Varanasi,2638
2024-03-02 13:00:00,Rajkot,2836
2024-03-02 14:00:00,Jabalpur,2939
2024-03-02 15:00:00,Kota,2511
2024-03-02 16:00:00,Indore,3070
2024-03-02 17:00:00,Chandigarh,2556
2024-03-02 18:00:00,Jaipur,3728
2024-03-02 19:00:00,Srinagar,3619
2024-03-02 20:00:00,Patna,3532
2024-03-02 21:00:00,Mumbai,2852
2024-03-02 22:00:00,Guwahati,3013
2024-03-02 23:00:00,Howrah,1791
2024-03-03 00:00:00,Pune,1527
2024-03-03 01:00:00,Thane,1602
2024-03-03 02:00:00,Solapur,2228
2024-03-03 03:00:00,Coimbatore,2175
2024-03-03 04:00:00,Meerut,1686
2024-03-03 05:00:00,Srinagar,2361
2024-03-03 06:00:00,Ranchi,1445
2024-03-03 07:00:00,Lucknow,1995
2024-03-03 08:00:00,Visakhapatnam,1899
2024-03-03 09:00:00,Kanpur,2385
2024-03-03 10:00:00,Jaipur,2364
2024-03-03 11:00:00,Bangalore,2373
2024-03-03 12:00:00,Thane,2391
2024-03-03 13:00:00,Visakhapatnam,3245
2024-03-03 14:00:00,Jodhpur,2542
2024-03-03 15:00:00,Raipur,2933
2024-03-03 16:00:00,Jabalpur,2499
2024-03-03 17:00:00,Kolkata,2618
2024-03-03 18:00:00,Howrah,3859
2024-03-03 19:00:00,Nashik,4720
2024-03-03 20:00:00,Indore,3404
2024-03-03 21:00:00,Hyderabad,3860
2024-03-03 22:00:00,Kolkata,3590
2024-03-03 23:00:00,Howrah,2232
2024-03-04 00:00:00,Vadodara,1361
2024-03-04 01:00:00,Ghaziabad,2220
2024-03-04 02:00:00,Kalyan,1819
2024-03-04 03:00:00,Nagpur,1980
2024-03-04 04:00:00,Allahabad,2202
2024-03-04 05:00:00,Faridabad,2322
2024-03-04 06:00:00,Aurangabad,2426
2024-03-04 07:00:00,Visakhapatnam,1350
2024-03-04 08:00:00,Nashik,2298
2024-03-04 09:00:00,Visakhapatnam,2662
2024-03-04 10:00:00,Indore,2701
2024-03-04 11:00:00,Howrah,3101
2024-03-04 12:00:00,Ghaziabad,2907
2024-03-04 13:00:00,Jabalpur,2338
2024-03-04 14:00:00,Raipur,2853
2024-03-04 15:00:00,Meerut,3151
2024-03-04 16:00:00,Bhopal,2289
2024-03-04 17:00:00,Jabalpur,2819
2024-03-04 18:00:00,Hyderabad,2815
2024-03-04 19:00:00,Guwahati,3483
2024-03-04 20:00:00,Lucknow,4344
2024-03-04 21:00:00,Bangalore,3454
2024-03-04 22:00:00,Amritsar,3562
2024-03-04 23:00:00,Chandigarh,1943
2024-03-05 00:00:00,Dhanbad,1954
2024-03-05 01:00:00,Nashik,1706
2024-03-05 02:00:00,Hyderabad,2157
2024-03-05 03:00:00,Agra,1922
2024-03-05 04:00:00,Visakhapatnam,2210
2024-03-05 05:00:00,Rajkot,1772
2024-03-05 06:00:00,Srinagar,1242
2024-03-05 07:00:00,Coimbatore,1640
2024-03-05 08:00:00,Agra,1744
2024-03-05 09:00:00,Visakhapatnam,2149
2024-03-05 10:00:00,Coimbatore,2533
2024-03-05 11:00:00,Pune,2264
2024-03-05 12:00:00,Howrah,2960
2024-03-05 13:00:00,Ludhiana,2495
2024-03-05 14:00:00,Gwalior,2905
2024-03-05 15:00:00,Vijayawada,2366
2024-03-05 16:00:00,Meerut,2336
2024-03-05 17:00:00,Gwalior,2048
2024-03-05 18:00:00,Chennai,3820
2024-03-05 19:00:00,Vasai,3361
2024-03-05 20:00:00,Agra,4204
2024-03-05 21:00:00,Aurangabad,3533
2024-03-05 22:00:00,Bangalore,4716
2024-03-05 23:00:00,Jodhpur,1443
2024-03-06 00:00:00,Thane,1869
2024-03-06 01:00:00,Kalyan,1758
2024-03-06 02:00:00,Rajkot,1497
2024-03-06 03:00:00,Kanpur,1956
2024-03-06 04:00:00,Nashik,1611
2024-03-06 05:00:00,Jodhpur,1756
2024-03-06 06:00:00,Rajkot,2256
2024-03-06 07:00:00,Hyderabad,2265
2024-03-06 08:00:00,Agra,1530
2024-03-06 09:00:00,Pune,2689
2024-03-06 10:00:00,Gwalior,3089
2024-03-06 11:00:00,Hubli,2710
2024-03-06 12:00:00,Nashik,2656
2024-03-06 13:00:00,Visakhapatnam,2632
2024-03-06 14:00:00,Raipur,2529
2024-03-06 15:00:00,Hyderabad,2555
2024-03-06 16:00:00,Amritsar,2241
2024-03-06 17:00:00,Jaipur,3424
2024-03-06 18:00:00,Coimbatore,4188
2024-03-06 19:00:00,Ahmedabad,4610
2024-03-06 20:00:00,Chandigarh,4528
2024-03-06 21:00:00,Bangalore,3420
2024-03-06 22:00:00,Rajkot,4763
2024-03-06 23:00:00,Vijayawada,2457
2024-03-07 00:00:00,Bangalore,2268
2024-03-07 01:00:00,Kalyan,2358
2024-03-07 02:00:00,Meerut,1583
2024-03-07 03:00:00,Kolkata,1505
2024-03-07 04:00:00,Agra,2332
2024-03-07 05:00:00,Kalyan,2153
2024-03-07 06:00:00,Vijayawada,2000
2024-03-07 07:00:00,Chandigarh,1614
2024-03-07 08:00:00,Chandigarh,2203
2024-03-07 09:00:00,Navi Mumbai,2779
2024-03-07 10:00:00,Thane,2592
2024-03-07 11:00:00,Amritsar,2690
2024-03-07 12:00:00,Guwahati,2953
2024-03-07 13:00:00,Pune,2851
2024-03-07 14:00:00,Pune,3413
2024-03-07 15:00:00,Visakhapatnam,2944
2024-03-07 16:00:00,Aurangabad,2413
2024-03-07 17:00:00,Chennai,1868
2024-03-07 18:00:00,Allahabad,3945
2024-03-07 19:00:00,Dhanbad,3790
2024-03-07 20:00:00,Rajkot,3979
2024-03-07 21:00:00,Jabalpur,3355
2024-03-07 22:00:00,Meerut,4683
2024-03-07 23:00:00,Madurai,1522
2024-03-08 00:00:00,Lucknow,2070
2024-03-08 01:00:00,Vadodara,2401
2024-03-08 02:00:00,Nagpur,2227
2024-03-08 03:00:00,Aurangabad,2172
2024-03-08 04:00:00,Jaipur,1602
2024-03-08 05:00:00,Visakhapatnam,1925
2024-03-08 06:00:00,Mumbai,2226
2024-03-08 07:00:00,Bangalore,2047
2024-03-08 08:00:00,Guwahati,1756
2024-03-08 09:00:00,Delhi,2195
2024-03-08 10:00:00,Ranchi,2655
2024-03-08 11:00:00,Gwalior,2317
2024-03-08 12:00:00,Kalyan,2783
2024-03-08 13:00:00,Agra,3080
2024-03-08 14:00:00,Pune,3029
2024-03-08 15:00:00,Howrah,3137
2024-03-08 16:00:00,Kolkata,2664
2024-03-08 17:00:00,Chandigarh,2130
2024-03-08 18:00:00,Chennai,3478
2024-03-08 19:00:00,Howrah,3291
2024-03-08 20:00:00,Bhopal,4369
2024-03-08 21:00:00,Ranchi,2935
2024-03-08 22:00:00,Vasai,4208
2024-03-08 23:00:00,Rajkot,1367
2024-03-09 00:00:00,Allahabad,2296
2024-03-09 01:00:00,Pune,2124
2024-03-09 02:00:00,Kanpur,2123
2024-03-09 03:00:00,Ghaziabad,2002
2024-03-09 04:00:00,Patna,1405
2024-03-09 05:00:00,Amritsar,2206
2024-03-09 06:00:00,Hyderabad,1622
2024-03-09 07:00:00,Pune,2187
2024-03-09 08:00:00,Varanasi,2201
2024-03-09 09:00:00,Vasai,3431
2024-03-09 10:00:00,Jaipur,2930
2024-03-09 11:00:00,Pune,2773
2024-03-09 12:00:00,Varanasi,2575
2024-03-09 13:00:00,Bangalore,2730
2024-03-09 14:00:00,Bangalore,3327
2024-03-09 15:00:00,Kanpur,2340
2024-03-09 16:00:00,Rajkot,2396
2024-03-09 17:00:00,Lucknow,2578
2024-03-09 18:00:00,Kota,3796
2024-03-09 19:00:00,Chennai,4418
2024-03-09 20:00:00,Indore,4286
2024-03-09 21:00:00,Patna,3031
2024-03-09 22:00:00,Patna,3416
2024-03-09 23:00:00,Patna,2277
2024-03-10 00:00:00,Delhi,1704
2024-03-10 01:00:00,Vadodara,1899
2024-03-10 02:00:00,Jaipur,1874
2024-03-10 03:00:00,Ghaziabad,2222
2024-03-10 04:00:00,Meerut,2229
2024-03-10 05:00:00,Coimbatore,2075
2024-03-10 06:00:00,Patna,1384
2024-03-10 07:00:00,Vasai,1615
2024-03-10 08:00:00,Navi Mumbai,2527
2024-03-10 09:00:00,Lucknow,2529
2024-03-10 10:00:00,Dhanbad,3147
2024-03-10 11:00:00,Madurai,2219
2024-03-10 12:00:00,Faridabad,2669
2024-03-10 13:00:00,Bangalore,2630
2024-03-10 14:00:00,Ghaziabad,3367
2024-03-10 15:00:00,Patna,2818
2024-03-10 16:00:00,Varanasi,2461
2024-03-10 17:00:00,Mumbai,3355
2024-03-10 18:00:00,Chennai,2909
2024-03-10 19:00:00,Patna,3992
2024-03-10 20:00:00,Srinagar,3168
2024-03-10 21:00:00,Guwahati,3931
2024-03-10 22:00:00,Srinagar,3539
2024-03-10 23:00:00,Jabalpur,2354
2024-03-11 00:00:00,Kalyan,1598
2024-03-11 01:00:00,Vadodara,1538
2024-03-11 02:00:00,Allahabad,1535
2024-03-11 03:00:00,Madurai,1467
2024-03-11 04:00:00,Ahmedabad,2343
2024-03-11 05:00:00,Jabalpur,1330
2024-03-11 06:00:00,Amritsar,2383
2024-03-11 07:00:00,Pune,2155
2024-03-11 08:00:00,Allahabad,1458
2024-03-11 09:00:00,Chandigarh,2403
2024-03-11 10:00:00,Bhopal,2370
2024-03-11 11:00:00,Varanasi,2873
2024-03-11 12:00:00,Indore,3104
2024-03-11 13:00:00,Aurangabad,3330
2024-03-11 14:00:00,Agra,2199
2024-03-11 15:00:00,Delhi,3023
2024-03-11 16:00:00,Hyderabad,1845
2024-03-11 17:00:00,Howrah,1977
2024-03-11 18:00:00,Chennai,4294
2024-03-11 19:00:00,Ludhiana,2832
2024-03-11 20:00:00,Amritsar,4091
2024-03-11 21:00:00,Vijayawada,3213
2024-03-11 22:00:00,Rajkot,3970
2024-03-11 23:00:00,Navi Mumbai,2409
2024-03-12 00:00:00,Kota,2364
2024-03-12 01:00:00,Mumbai,2330
2024-03-12 02:00:00,Madurai,1570
2024-03-12 03:00:00,Navi Mumbai,1749
2024-03-12 04:00:00,Ghaziabad,2185
2024-03-12 05:00:00,Jaipur,2424
2024-03-12 06:00:00,Jabalpur,1805
2024-03-12 07:00:00,Bangalore,1779
2024-03-12 08:00:00,Hyderabad,1588
2024-03-12 09:00:00,Coimbatore,2545
2024-03-12 10:00:00,Aurangabad,2061
2024-03-12 11:00:00,Kota,2294
2024-03-12 12:00:00,Raipur,3095
2024-03-12 13:00:00,Dhanbad,2364
2024-03-12 14:00:00,Hyderabad,3018
2024-03-12 15:00:00,Mumbai,2838
2024-03-12 16:00:00,Gwalior,3200
2024-03-12 17:00:00,Dhanbad,2585
2024-03-12 18:00:00,Madurai,3544
2024-03-12 19:00:00,Raipur,3631
2024-03-12 20:00:00,Agra,3526
2024-03-12 21:00:00,Vasai,3624
2024-03-12 22:00:00,Thane,4007
2024-03-12 23:00:00,Pune,2499
2024-03-13 00:00:00,Lucknow,1761
2024-03-13 01:00:00,Ludhiana,2279
2024-03-13 02:00:00,Delhi,1843
2024-03-13 03:00:00,Vasai,2496
2024-03-13 04:00:00,Kolkata,2456
2024-03-13 05:00:00,Jaipur,2266
2024-03-13 06:00:00,Howrah,2063
2024-03-13 07:00:00,Kolkata,1551
2024-03-13 08:00:00,Allahabad,1437
2024-03-13 09:00:00,Indore,3185
2024-03-13 10:00:00,Navi Mumbai,2868
2024-03-13 11:00:00,Kota,2636
2024-03-13 12:00:00,Vasai,3221
2024-03-13 13:00:00,Raipur,2335
2024-03-13 14:00:00,Kalyan,2357
2024-03-13 15:00:00,Meerut,2586
2024-03-13 16:00:00,Pune,3365
2024-03-13 17:00:00,Ahmedabad,2953
2024-03-13 18:00:00,Solapur,3441
2024-03-13 19:00:00,Guwahati,3497
2024-03-13 20:00:00,Navi Mumbai,2955
2024-03-13 21:00:00,Meerut,3781
2024-03-13 22:00:00,Vasai,3258
2024-03-13 23:00:00,Kolkata,1478
2024-03-14 00:00:00,Allahabad,1653
2024-03-14 01:00:00,Bangalore,1618
2024-03-14 02:00:00,Varanasi,2276
2024-03-14 03:00:00,Kalyan,2295
2024-03-14 04:00:00,Kota,2151
2024-03-14 05:00:00,Faridabad,2010
2024-03-14 06:00:00,Vadodara,1981
2024-03-14 07:00:00,Solapur,1358
2024-03-14 08:00:00,Allahabad,2300
2024-03-14 09:00:00,Raipur,2795
2024-03-14 10:00:00,Kalyan,2467
2024-03-14 11:00:00,Hyderabad,3096
2024-03-14 12:00:00,Ahmedabad,2199
2024-03-14 13:00:00,Bhopal,2652
2024-03-14 14:00:00,Vadodara,2137
2024-03-14 15:00:00,Guwahati,3160
2024-03-14 16:00:00,Varanasi,2966
2024-03-14 17:00:00,Hyderabad,2224
2024-03-14 18:00:00,Dhanbad,2883
2024-03-14 19:00:00,Hyderabad,3364
2024-03-14 20:00:00,Kalyan,3515
2024-03-14 21:00:00,Lucknow,4748
2024-03-14 22:00:00,Patna,3510
2024-03-14 23:00:00,Nashik,2128
2024-03-15 00:00:00,Ranchi,1384
2024-03-15 01:00:00,Rajkot,1301
2024-03-15 02:00:00,Bangalore,2276
2024-03-15 03:00:00,Amritsar,2315
2024-03-15 04:00:00,Jabalpur,1680
2024-03-15 05:00:00,Hubli,2221
2024-03-15 06:00:00,Madurai,2281
2024-03-15 07:00:00,Visakhapatnam,1937
2024-03-15 08:00:00,Chennai,1569
2024-03-15 09:00:00,Thane,2677
2024-03-15 10:00:00,Madurai,2841
2024-03-15 11:00:00,Chennai,2735
2024-03-15 12:00:00,Kota,2844
2024-03-15 13:00:00,Nagpur,2574
2024-03-15 14:00:00,Pune,2886
2024-03-15 15:00:00,Aurangabad,2217
2024-03-15 16:00:00,Hyderabad,2415
2024-03-15 17:00:00,Agra,2224
2024-03-15 18:00:00,Madurai,3876
2024-03-15 19:00:00,Mumbai,4080
2024-03-15 20:00:00,Coimbatore,3661
2024-03-15 21:00:00,Gwalior,2756
2024-03-15 22:00:00,Amritsar,3530
2024-03-15 23:00:00,Pune,1750
2024-03-16 00:00:00,Bangalore,1693
2024-03-16 01:00:00,Allahabad,1673
2024-03-16 02:00:00,Nagpur,2115
2024-03-16 03:00:00,Pune,2206
2024-03-16 04:00:00,Vasai,2266
2024-03-16 05:00:00,Agra,2169
2024-03-16 06:00:00,Nashik,1770
2024-03-16 07:00:00,Kolkata,1949
2024-03-16 08:00:00,Vadodara,1616
2024-03-16 09:00:00,Coimbatore,2217
2024-03-16 10:00:00,Ghaziabad,2892
2024-03-16 11:00:00,Chennai,3376
2024-03-16 12:00:00,Vijayawada,2174
2024-03-16 13:00:00,Faridabad,2571
2024-03-16 14:00:00,Gwalior,2356
2024-03-16 15:00:00,Ranchi,3353
2024-03-16 16:00:00,Gwalior,2199
2024-03-16 17:00:00,Varanasi,2507
2024-03-16 18:00:00,Chandigarh,4212
2024-03-16 19:00:00,Ghaziabad,3088
2024-03-16 20:00:00,Aurangabad,4071
2024-03-16 21:00:00,Chandigarh,3849
2024-03-16 22:00:00,Kota,3220
2024-03-16 23:00:00,Mumbai,1698
2024-03-17 00:00:00,Chandigarh,2149
2024-03-17 01:00:00,Aurangabad,1817
2024-03-17 02:00:00,Visakhapatnam,1466
2024-03-17 03:00:00,Kota,1829
2024-03-17 04:00:00,Visakhapatnam,2329
2024-03-17 05:00:00,Srinagar,2198
2024-03-17 06:00:00,Patna,2441
2024-03-17 07:00:00,Hubli,1968
2024-03-17 08:00:00,Agra,1867
2024-03-17 09:00:00,Kanpur,2768
2024-03-17 10:00:00,Nagpur,2421
2024-03-17 11:00:00,Hyderabad,2736
2024-03-17 12:00:00,Mumbai,2923
2024-03-17 13:00:00,Ahmedabad,2188
2024-03-17 14:00:00,Mumbai,2931
2024-03-17 15:00:00,Ghaziabad,2350
2024-03-17 16:00:00,Thane,2472
2024-03-17 17:00:00,Vasai,2636
2024-03-17 18:00:00,Varanasi,3156
2024-03-17 19:00:00,Delhi,3479
2024-03-17 20:00:00,Faridabad,2886
2024-03-17 21:00:00,Faridabad,4069
2024-03-17 22:00:00,Hubli,3963
2024-03-17 23:00:00,Vadodara,2191
2024-03-18 00:00:00,Madurai,2048
2024-03-18 01:00:00,Jabalpur,1887
2024-03-18 02:00:00,Kalyan,1628
2024-03-18 03:00:00,Aurangabad,1490
2024-03-18 04:00:00,Kota,1940
2024-03-18 05:00:00,Kota,2342
2024-03-18 06:00:00,Faridabad,2541
2024-03-18 07:00:00,Patna,1286
2024-03-18 08:00:00,Madurai,2169
2024-03-18 09:00:00,Mumbai,2946
2024-03-18 10:00:00,Chennai,2435
2024-03-18 11:00:00,Bhopal,2404
2024-03-18 12:00:00,Ranchi,2493
2024-03-18 13:00:00,Visakhapatnam,2034
2024-03-18 14:00:00,Madurai,3098
2024-03-18 15:00:00,Indore,2732
2024-03-18 16:00:00,Chennai,2938
2024-03-18 17:00:00,Nashik,2592
2024-03-18 18:00:00,Mumbai,3016
2024-03-18 19:00:00,Jodhpur,4354
2024-03-18 20:00:00,Coimbatore,4275
2024-03-18 21:00:00,Lucknow,2884
2024-03-18 22:00:00,Jaipur,3880
2024-03-18 23:00:00,Vijayawada,1734
2024-03-19 00:00:00,Thane,1656
2024-03-19 01:00:00,Amritsar,1702
2024-03-19 02:00:00,Ludhiana,1832
2024-03-19 03:00:00,Srinagar,1696
2024-03-19 04:00:00,Jabalpur,1757
2024-03-19 05:00:00,Raipur,1877
2024-03-19 06:00:00,Vasai,2434
2024-03-19 07:00:00,Nashik,1486
2024-03-19 08:00:00,Bhopal,1560
2024-03-19 09:00:00,Indore,2920
2024-03-19 10:00:00,Raipur,2328
2024-03-19 11:00:00,Kota,2808
2024-03-19 12:00:00,Dhanbad,2900
2024-03-19 13:00:00,Visakhapatnam,2992
2024-03-19 14:00:00,Ahmedabad,3072
2024-03-19 15:00:00,Varanasi,2658
2024-03-19 16:00:00,Solapur,2450
2024-03-19 17:00:00,Ranchi,2603
2024-03-19 18:00:00,Hyderabad,3284
2024-03-19 19:00:00,Hubli,3120
2024-03-19 20:00:00,Vadodara,3555
2024-03-19 21:00:00,Indore,4034
2024-03-19 22:00:00,Jodhpur,4065
2024-03-19 23:00:00,Allahabad,1948
2024-03-20 00:00:00,Vasai,1734
2024-03-20 01:00:00,Chennai,2139
2024-03-20 02:00:00,Srinagar,1897
2024-03-20 03:00:00,Rajkot,1614
2024-03-20 04:00:00,Patna,1994
2024-03-20 05:00:00,Jabalpur,2075
2024-03-20 06:00:00,Chandigarh,2270
2024-03-20 07:00:00,Vadodara,1688
2024-03-20 08:00:00,Pune,2319
2024-03-20 09:00:00,Indore,2956
2024-03-20 10:00:00,Jodhpur,2749
2024-03-20 11:00:00,Delhi,2988
2024-03-20 12:00:00,Dhanbad,2832
2024-03-20 13:00:00,Thane,2239
2024-03-20 14:00:00,Srinagar,1926
2024-03-20 15:00:00,Guwahati,2437
2024-03-20 16:00:00,Bangalore,2341
2024-03-20 17:00:00,Dhanbad,3238
2024-03-20 18:00:00,Vasai,3387
2024-03-20 19:00:00,Bhopal,4103
2024-03-20 20:00:00,Aurangabad,3964
2024-03-20 21:00:00,Ranchi,4146
2024-03-20 22:00:00,Amritsar,3565
2024-03-20 23:00:00,Srinagar,2237
2024-03-21 00:00:00,Delhi,1602
2024-03-21 01:00:00,Howrah,1822
2024-03-21 02:00:00,Ahmedabad,2007
2024-03-21 03:00:00,Srinagar,1995
2024-03-21 04:00:00,Pune,1597
2024-03-21 05:00:00,Jabalpur,1986
2024-03-21 06:00:00,Ranchi,2430
2024-03-21 07:00:00,Jodhpur,1979
2024-03-21 08:00:00,Bhopal,1888
2024-03-21 09:00:00,Kanpur,2717
2024-03-21 10:00:00,Varanasi,2921
2024-03-21 11:00:00,Thane,2270
2024-03-21 12:00:00,Rajkot,3077
2024-03-21 13:00:00,Bangalore,2795
2024-03-21 14:00:00,Aurangabad,2567
2024-03-21 15:00:00,Jabalpur,2394
2024-03-21 16:00:00,Raipur,2674
2024-03-21 17:00:00,Kanpur,2603
2024-03-21 18:00:00,Bangalore,3682
2024-03-21 19:00:00,Vasai,4250
2024-03-21 20:00:00,Kalyan,3321
2024-03-21 21:00:00,Jabalpur,4432
2024-03-21 22:00:00,Delhi,3672
2024-03-21 23:00:00,Pune,2171
2024-03-22 00:00:00,Howrah,1938
2024-03-22 01:00:00,Amritsar,1336
2024-03-22 02:00:00,Jodhpur,1936
2024-03-22 03:00:00,Ahmedabad,1537
2024-03-22 04:00:00,Vasai,2071
2024-03-22 05:00:00,Chennai,1611
2024-03-22 06:00:00,Aurangabad,1683
2024-03-22 07:00:00,Bhopal,1361
2024-03-22 08:00:00,Navi Mumbai,2165
2024-03-22 09:00:00,Dhanbad,2177
2024-03-22 10:00:00,Rajkot,2199
2024-03-22 11:00:00,Raipur,2461
2024-03-22 12:00:00,Kota,3031
2024-03-22 13:00:00,Ranchi,2318
2024-03-22 14:00:00,Allahabad,2874
2024-03-22 15:00:00,Visakhapatnam,2520
2024-03-22 16:00:00,Navi Mumbai,2568
2024-03-22 17:00:00,Navi Mumbai,2086
2024-03-22 18:00:00,Delhi,4825
2024-03-22 19:00:00,Nagpur,3259
2024-03-22 20:00:00,Nashik,3196
2024-03-22 21:00:00,Kolkata,3224
2024-03-22 22:00:00,Jabalpur,2922
2024-03-22 23:00:00,Nashik,1638
2024-03-23 00:00:00,Meerut,1725
2024-03-23 01:00:00,Agra,1643
2024-03-23 02:00:00,Vadodara,1469
2024-03-23 03:00:00,Vijayawada,1418
2024-03-23 04:00:00,Chennai,2326
2024-03-23 05:00:00,Jabalpur,2438
2024-03-23 06:00:00,Kalyan,2287
2024-03-23 07:00:00,Rajkot,1512
2024-03-23 08:00:00,Nashik,1658
2024-03-23 09:00:00,Jabalpur,2314
2024-03-23 10:00:00,Vijayawada,2539
2024-03-23 11:00:00,Ahmedabad,2283
2024-03-23 12:00:00,Navi Mumbai,2496
2024-03-23 13:00:00,Nashik,2927
2024-03-23 14:00:00,Delhi,2291
2024-03-23 15:00:00,Chennai,2631
2024-03-23 16:00:00,Aurangabad,2576
2024-03-23 17:00:00,Hubli,3029
2024-03-23 18:00:00,Kolkata,3684
2024-03-23 19:00:00,Bangalore,3884
2024-03-23 20:00:00,Dhanbad,2566
2024-03-23 21:00:00,Guwahati,4380
2024-03-23 22:00:00,Howrah,4193
2024-03-23 23:00:00,Madurai,2256
2024-03-24 00:00:00,Guwahati,1982
2024-03-24 01:00:00,Jodhpur,1987
2024-03-24 02:00:00,Pune,1738
2024-03-24 03:00:00,Patna,2438
2024-03-24 04:00:00,Ghaziabad,1844
2024-03-24 05:00:00,Vadodara,2471
2024-03-24 06:00:00,Gwalior,2033
2024-03-24 07:00:00,Lucknow,2168
2024-03-24 08:00:00,Kalyan,2227
2024-03-24 09:00:00,Faridabad,3029
2024-03-24 10:00:00,Patna,2602
2024-03-24 11:00:00,Chandigarh,2582
2024-03-24 12:00:00,Ranchi,2904
2024-03-24 13:00:00,Coimbatore,2584
2024-03-24 14:00:00,Kolkata,3068
2024-03-24 15:00:00,Thane,2758
2024-03-24 16:00:00,Amritsar,2469
2024-03-24 17:00:00,Chandigarh,3344
2024-03-24 18:00:00,Coimbatore,3601
2024-03-24 19:00:00,Ahmedabad,3800
2024-03-24 20:00:00,Kalyan,3914
2024-03-24 21:00:00,Jaipur,3102
2024-03-24 22:00:00,Nashik,4505
2024-03-24 23:00:00,Lucknow,1975
2024-03-25 00:00:00,Raipur,1681
2024-03-25 01:00:00,Jodhpur,1841
2024-03-25 02:00:00,Kanpur,1887
2024-03-25 03:00:00,Raipur,1618
2024-03-25 04:00:00,Kanpur,2086
2024-03-25 05:00:00,Nagpur,1786
2024-03-25 06:00:00,Kanpur,2000
2024-03-25 07:00:00,Vasai,2205
2024-03-25 08:00:00,Agra,2062
2024-03-25 09:00:00,Chennai,2609
2024-03-25 10:00:00,Kota,2877
2024-03-25 11:00:00,Dhanbad,3038
2024-03-25 12:00:00,Faridabad,2132
2024-03-25 13:00:00,Bangalore,3045
2024-03-25 14:00:00,Gwalior,2764
2024-03-25 15:00:00,Faridabad,2599
2024-03-25 16:00:00,Chennai,2592
2024-03-25 17:00:00,Ahmedabad,2637
2024-03-25 18:00:00,Faridabad,4335
2024-03-25 19:00:00,Jabalpur,4014
2024-03-25 20:00:00,Guwahati,3333
2024-03-25 21:00:00,Allahabad,3224
2024-03-25 22:00:00,Nagpur,3932
2024-03-25 23:00:00,Kolkata,2202
2024-03-26 00:00:00,Kolkata,1613
2024-03-26 01:00:00,Mumbai,2196
2024-03-26 02:00:00,Visakhapatnam,2259
2024-03-26 03:00:00,Nagpur,1799
2024-03-26 04:00:00,Howrah,1704
2024-03-26 05:00:00,Ghaziabad,2136
2024-03-26 06:00:00,Guwahati,2005
2024-03-26 07:00:00,Indore,2163
2024-03-26 08:00:00,Navi Mumbai,1347
2024-03-26 09:00:00,Hyderabad,2448
2024-03-26 10:00:00,Visakhapatnam,2895
2024-03-26 11:00:00,Varanasi,3263
2024-03-26 12:00:00,Nashik,2438
2024-03-26 13:00:00,Dhanbad,2487
2024-03-26 14:00:00,Guwahati,2525
2024-03-26 15:00:00,Amritsar,2377
2024-03-26 16:00:00,Coimbatore,3006
2024-03-26 17:00:00,Aurangabad,3105
2024-03-26 18:00:00,Dhanbad,3271
2024-03-26 19:00:00,Bhopal,4527
2024-03-26 20:00:00,Raipur,3618
2024-03-26 21:00:00,Madurai,3315
2024-03-26 22:00:00,Indore,4181
2024-03-26 23:00:00,Chandigarh,2029
2024-03-27 00:00:00,Vadodara,2076
2024-03-27 01:00:00,Pune,2347
2024-03-27 02:00:00,Varanasi,1844
2024-03-27 03:00:00,Hubli,2262
2024-03-27 04:00:00,Nashik,2147
2024-03-27 05:00:00,Indore,2454
2024-03-27 06:00:00,Faridabad,2162
2024-03-27 07:00:00,Varanasi,2199
2024-03-27 08:00:00,Ludhiana,2382
2024-03-27 09:00:00,Amritsar,2874
2024-03-27 10:00:00,Nagpur,2611
2024-03-27 11:00:00,Kanpur,2370
2024-03-27 12:00:00,Bangalore,2108
2024-03-27 13:00:00,Bangalore,2986
2024-03-27 14:00:00,Chandigarh,3041
2024-03-27 15:00:00,Nashik,2713
2024-03-27 16:00:00,Jaipur,2971
2024-03-27 17:00:00,Jabalpur,2853
2024-03-27 18:00:00,Vijayawada,3670
2024-03-27 19:00:00,Howrah,3504
2024-03-27 20:00:00,Vadodara,4115
2024-03-27 21:00:00,Kanpur,3745
2024-03-27 22:00:00,Hubli,2655
2024-03-27 23:00:00,Amritsar,2525
2024-03-28 00:00:00,Rajkot,2083
2024-03-28 01:00:00,Allahabad,2180
2024-03-28 02:00:00,Kolkata,1732
2024-03-28 03:00:00,Allahabad,1934
2024-03-28 04:00:00,Jodhpur,1425
2024-03-28 05:00:00,Ludhiana,1968
2024-03-28 06:00:00,Hubli,2087
2024-03-28 07:00:00,Varanasi,1869
2024-03-28 08:00:00,Amritsar,1730
2024-03-28 09:00:00,Madurai,2401
2024-03-28 10:00:00,Delhi,2482
2024-03-28 11:00:00,Faridabad,2282
2024-03-28 12:00:00,Indore,2593
2024-03-28 13:00:00,Jaipur,2934
2024-03-28 14:00:00,Guwahati,3046
2024-03-28 15:00:00,Allahabad,2467
2024-03-28 16:00:00,Srinagar,2749
2024-03-28 17:00:00,Lucknow,2655
2024-03-28 18:00:00,Pune,3979
2024-03-28 19:00:00,Patna,3721
2024-03-28 20:00:00,Madurai,3414
2024-03-28 21:00:00,Kolkata,3457
2024-03-28 22:00:00,Jabalpur,3391
2024-03-28 23:00:00,Chandigarh,2129
2024-03-29 00:00:00,Kalyan,2280
2024-03-29 01:00:00,Ghaziabad,1399
2024-03-29 02:00:00,Patna,1246
2024-03-29 03:00:00,Pune,2256
2024-03-29 04:00:00,Faridabad,1424
2024-03-29 05:00:00,Kanpur,1748
2024-03-29 06:00:00,Kolkata,1751
2024-03-29 07:00:00,Srinagar,2147
2024-03-29 08:00:00,Meerut,1970
2024-03-29 09:00:00,Madurai,2703
2024-03-29 10:00:00,Visakhapatnam,2604
2024-03-29 11:00:00,Faridabad,2384
2024-03-29 12:00:00,Visakhapatnam,2895
2024-03-29 13:00:00,Raipur,2838
2024-03-29 14:00:00,Agra,2586
2024-03-29 15:00:00,Howrah,2154
2024-03-29 16:00:00,Navi Mumbai,2621
2024-03-29 17:00:00,Faridabad,2317
2024-03-29 18:00:00,Allahabad,4057
2024-03-29 19:00:00,Ludhiana,3659
2024-03-29 20:00:00,Hubli,2815
2024-03-29 21:00:00,Chandigarh,4313
2024-03-29 22:00:00,Kolkata,4342
2024-03-29 23:00:00,Amritsar,1676
2024-03-30 00:00:00,Srinagar,1489
2024-03-30 01:00:00,Navi Mumbai,2151
2024-03-30 02:00:00,Delhi,1331
2024-03-30 03:00:00,Indore,2175
2024-03-30 04:00:00,Kota,2080
2024-03-30 05:00:00,Bangalore,1488
2024-03-30 06:00:00,Mumbai,2282
2024-03-30 07:00:00,Nashik,1554
2024-03-30 08:00:00,Rajkot,1544
2024-03-30 09:00:00,Thane,2483
2024-03-30 10:00:00,Dhanbad,2940
2024-03-30 11:00:00,Allahabad,3079
2024-03-30 12:00:00,Bhopal,3184
2024-03-30 13:00:00,Howrah,2853
2024-03-30 14:00:00,Jabalpur,2140
2024-03-30 15:00:00,Vadodara,2491
2024-03-30 16:00:00,Patna,2686
2024-03-30 17:00:00,Srinagar,2407
2024-03-30 18:00:00,Thane,4006
2024-03-30 19:00:00,Navi Mumbai,3952
2024-03-30 20:00:00,Jaipur,3151
2024-03-30 21:00:00,Ghaziabad,3329
2024-03-30 22:00:00,Raipur,3282
2024-03-30 23:00:00,Dhanbad,2101
2024-03-31 00:00:00,Kanpur,2017
2024-03-31 01:00:00,Visakhapatnam,1695
2024-03-31 02:00:00,Mumbai,1652
2024-03-31 03:00:00,Raipur,1447
2024-03-31 04:00:00,Patna,1861
2024-03-31 05:00:00,Nagpur,1566
2024-03-31 06:00:00,Vadodara,1855
2024-03-31 07:00:00,Indore,1927
2024-03-31 08:00:00,Guwahati,2364
2024-03-31 09:00:00,Bhopal,2733
2024-03-31 10:00:00,Navi Mumbai,2940
2024-03-31 11:00:00,Chandigarh,2392
2024-03-31 12:00:00,Hyderabad,3170
2024-03-31 13:00:00,Hyderabad,3395
2024-03-31 14:00:00,Chandigarh,2040
2024-03-31 15:00:00,Kolkata,2402
2024-03-31 16:00:00,Vasai,3192
2024-03-31 17:00:00,Hyderabad,2876
2024-03-31 18:00:00,Guwahati,4057
2024-03-31 19:00:00,Gwalior,3697
2024-03-31 20:00:00,Jabalpur,4161
2024-03-31 21:00:00,Thane,3843
2024-03-31 22:00:00,Gwalior,4008
2024-03-31 23:00:00,Meerut,1755
2024-04-01 00:00:00,Ahmedabad,2289
2024-04-01 01:00:00,Howrah,2242
2024-04-01 02:00:00,Hyderabad,2320
2024-04-01 03:00:00,Chandigarh,1521
2024-04-01 04:00:00,Guwahati,2220
2024-04-01 05:00:00,Ghaziabad,2252
2024-04-01 06:00:00,Chennai,2102
2024-04-01 07:00:00,Nashik,1727
2024-04-01 08:00:00,Raipur,2049
2024-04-01 09:00:00,Vasai,2319
2024-04-01 10:00:00,Ahmedabad,3032
2024-04-01 11:00:00,Aurangabad,2447
2024-04-01 12:00:00,Mumbai,2917
2024-04-01 13:00:00,Guwahati,2352
2024-04-01 14:00:00,Bhopal,2715
2024-04-01 15:00:00,Kota,2302
2024-04-01 16:00:00,Kota,3021
2024-04-01 17:00:00,Kanpur,2850
2024-04-01 18:00:00,Gwalior,4749
2024-04-01 19:00:00,Faridabad,3554
2024-04-01 20:00:00,Meerut,3797
2024-04-01 21:00:00,Raipur,3803
2024-04-01 22:00:00,Gwalior,2611
2024-04-01 23:00:00,Vasai,1421
2024-04-02 00:00:00,Hyderabad,1476
2024-04-02 01:00:00,Agra,2223
2024-04-02 02:00:00,Ghaziabad,1662
2024-04-02 03:00:00,Kolkata,1508
2024-04-02 04:00:00,Vijayawada,1576
2024-04-02 05:00:00,Delhi,1496
2024-04-02 06:00:00,Solapur,2458
2024-04-02 07:00:00,Amritsar,2086
2024-04-02 08:00:00,Solapur,1229
2024-04-02 09:00:00,Dhanbad,2848
2024-04-02 10:00:00,Nashik,2496
2024-04-02 11:00:00,Jaipur,3126
2024-04-02 12:00:00,Indore,2957
2024-04-02 13:00:00,Kolkata,3002
2024-04-02 14:00:00,Chandigarh,2860
2024-04-02 15:00:00,Jaipur,3036
2024-04-02 16:00:00,Aurangabad,3235
2024-04-02 17:00:00,Bangalore,2686
2024-04-02 18:00:00,Vadodara,4191
2024-04-02 19:00:00,Varanasi,3601
2024-04-02 20:00:00,Patna,2856
2024-04-02 21:00:00,Kolkata,4669
2024-04-02 22:00:00,Visakhapatnam,4518
2024-04-02 23:00:00,Ahmedabad,1670
2024-04-03 00:00:00,Navi Mumbai,1528
2024-04-03 01:00:00,Vadodara,1396
2024-04-03 02:00:00,Ranchi,2001
2024-04-03 03:00:00,Vijayawada,1506
2024-04-03 04:00:00,Nagpur,2351
2024-04-03 05:00:00,Meerut,2474
2024-04-03 06:00:00,Delhi,1593
2024-04-03 07:00:00,Madurai,2106
2024-04-03 08:00:00,Bhopal,2229
2024-04-03 09:00:00,Amritsar,2681
2024-04-03 10:00:00,Vijayawada,2645
2024-04-03 11:00:00,Pune,2876
2024-04-03 12:00:00,Faridabad,2173
2024-04-03 13:00:00,Allahabad,2074
2024-04-03 14:00:00,Howrah,1933
2024-04-03 15:00:00,Vijayawada,3052
2024-04-03 16:00:00,Thane,3253
2024-04-03 17:00:00,Bhopal,3007
2024-04-03 18:00:00,Vadodara,4082
2024-04-03 19:00:00,Solapur,3470
2024-04-03 20:00:00,Madurai,4477
2024-04-03 21:00:00,Madurai,3567
2024-04-03 22:00:00,Madurai,3933
2024-04-03 23:00:00,Ranchi,1551
2024-04-04 00:00:00,Patna,2175
2024-04-04 01:00:00,Guwahati,1737
2024-04-04 02:00:00,Meerut,1940
2024-04-04 03:00:00,Raipur,2105
2024-04-04 04:00:00,Ghaziabad,2301
2024-04-04 05:00:00,Nagpur,2221
2024-04-04 06:00:00,Ranchi,2359
2024-04-04 07:00:00,Howrah,2278
2024-04-04 08:00:00,Aurangabad,1571
2024-04-04 09:00:00,Gwalior,2481
2024-04-04 10:00:00,Coimbatore,2790
2024-04-04 11:00:00,Kanpur,1954
2024-04-04 12:00:00,Delhi,2523
2024-04-04 13:00:00,Indore,2031
2024-04-04 14:00:00,Faridabad,1988
2024-04-04 15:00:00,Raipur,2808
2024-04-04 16:00:00,Guwahati,2824
2024-04-04 17:00:00,Indore,2008
2024-04-04 18:00:00,Ahmedabad,2946
2024-04-04 19:00:00,Indore,3742
2024-04-04 20:00:00,Vadodara,4266
2024-04-04 21:00:00,Allahabad,3835
2024-04-04 22:00:00,Ahmedabad,2944
2024-04-04 23:00:00,Hubli,1631
2024-04-05 00:00:00,Vasai,1765
2024-04-05 01:00:00,Indore,2215
2024-04-05 02:00:00,Gwalior,1532
2024-04-05 03:00:00,Hubli,1607
2024-04-05 04:00:00,Bhopal,2537
2024-04-05 05:00:00,Ghaziabad,2192
2024-04-05 06:00:00,Nagpur,2258
2024-04-05 07:00:00,Bhopal,1741
2024-04-05 08:00:00,Howrah,1793
2024-04-05 09:00:00,Howrah,2594
2024-04-05 10:00:00,Madurai,2830
2024-04-05 11:00:00,Solapur,3042
2024-04-05 12:00:00,Bangalore,2436
2024-04-05 13:00:00,Gwalior,2130
2024-04-05 14:00:00,Kolkata,2441
2024-04-05 15:00:00,Ahmedabad,2784
2024-04-05 16:00:00,Indore,2909
2024-04-05 17:00:00,Patna,2800
2024-04-05 18:00:00,Nagpur,2685
2024-04-05 19:00:00,Hubli,3492
2024-04-05 20:00:00,Bangalore,3205
2024-04-05 21:00:00,Patna,3770
2024-04-05 22:00:00,Agra,3273
2024-04-05 23:00:00,Guwahati,2018
2024-04-06 00:00:00,Lucknow,2079
2024-04-06 01:00:00,Thane,2356
2024-04-06 02:00:00,Pune,2316
2024-04-06 03:00:00,Ludhiana,1805
2024-04-06 04:00:00,Kota,1744
2024-04-06 05:00:00,Coimbatore,2127
2024-04-06 06:00:00,Allahabad,1627
2024-04-06 07:00:00,Rajkot,2046
2024-04-06 08:00:00,Madurai,1741
2024-04-06 09:00:00,Chennai,2630
2024-04-06 10:00:00,Ahmedabad,2532
2024-04-06 11:00:00,Indore,2408
2024-04-06 12:00:00,Solapur,2659
2024-04-06 13:00:00,Gwalior,1856
2024-04-06 14:00:00,Lucknow,2492
2024-04-06 15:00:00,Kalyan,3286
2024-04-06 16:00:00,Vadodara,2317
2024-04-06 17:00:00,Navi Mumbai,2593
2024-04-06 18:00:00,Nagpur,3279
2024-04-06 19:00:00,Howrah,4065
2024-04-06 20:00:00,Aurangabad,4618
2024-04-06 21:00:00,Navi Mumbai,3085
2024-04-06 22:00:00,Vadodara,2705
2024-04-06 23:00:00,Vadodara,1957
2024-04-07 00:00:00,Kanpur,1852
2024-04-07 01:00:00,Thane,1598
2024-04-07 02:00:00,Madurai,1529
2024-04-07 03:00:00,Navi Mumbai,1962
2024-04-07 04:00:00,Allahabad,1912
2024-04-07 05:00:00,Meerut,2232
2024-04-07 06:00:00,Madurai,2113
2024-04-07 07:00:00,Vasai,2056
2024-04-07 08:00:00,Nashik,1761
2024-04-07 09:00:00,Kalyan,2817
2024-04-07 10:00:00,Mumbai,2420
2024-04-07 11:00:00,Jaipur,2915
2024-04-07 12:00:00,Vasai,2407
2024-04-07 13:00:00,Kolkata,2086
2024-04-07 14:00:00,Nagpur,2631
2024-04-07 15:00:00,Faridabad,2190
2024-04-07 16:00:00,Dhanbad,2275
2024-04-07 17:00:00,Srinagar,2783
2024-04-07 18:00:00,Solapur,4509
2024-04-07 19:00:00,Delhi,4642
2024-04-07 20:00:00,Srinagar,3043
2024-04-07 21:00:00,Ludhiana,2881
2024-04-07 22:00:00,Thane,4185
2024-04-07 23:00:00,Delhi,1801
2024-04-08 00:00:00,Jaipur,1907
2024-04-08 01:00:00,Gwalior,2368
2024-04-08 02:00:00,Kanpur,1739
2024-04-08 03:00:00,Agra,1916
2024-04-08 04:00:00,Guwahati,1983
2024-04-08 05:00:00,Nagpur,1450
2024-04-08 06:00:00,Amritsar,1581
2024-04-08 07:00:00,Pune,1912
2024-04-08 08:00:00,Hubli,1478
2024-04-08 09:00:00,Lucknow,2641
2024-04-08 10:00:00,Mumbai,2677
2024-04-08 11:00:00,Kota,2164
2024-04-08 12:00:00,Nagpur,2870
2024-04-08 13:00:00,Vasai,2561
2024-04-08 14:00:00,Kalyan,2987
2024-04-08 15:00:00,Jodhpur,2710
2024-04-08 16:00:00,Visakhapatnam,2887
2024-04-08 17:00:00,Kalyan,3131
2024-04-08 18:00:00,Guwahati,4205
2024-04-08 19:00:00,Hubli,3853
2024-04-08 20:00:00,Visakhapatnam,3144
2024-04-08 21:00:00,Kolkata,3772
2024-04-08 22:00:00,Kolkata,2889
2024-04-08 23:00:00,Allahabad,2335
2024-04-09 00:00:00,Mumbai,2106
2024-04-09 01:00:00,Delhi,1241
2024-04-09 02:00:00,Kalyan,1991
2024-04-09 03:00:00,Kota,1643
2024-04-09 04:00:00,Amritsar,2332
2024-04-09 05:00:00,Raipur,1751
2024-04-09 06:00:00,Jodhpur,1476
2024-04-09 07:00:00,Kanpur,1681
2024-04-09 08:00:00,Kota,1559
2024-04-09 09:00:00,Visakhapatnam,3145
2024-04-09 10:00:00,Raipur,2617
2024-04-09 11:00:00,Nagpur,2582
2024-04-09 12:00:00,Gwalior,2061
2024-04-09 13:00:00,Chandigarh,2497
2024-04-09 14:00:00,Chennai,2902
2024-04-09 15:00:00,Coimbatore,2266
2024-04-09 16:00:00,Ahmedabad,2566
2024-04-09 17:00:00,Madurai,2631
2024-04-09 18:00:00,Allahabad,3331
2024-04-09 19:00:00,Ghaziabad,3768
2024-04-09 20:00:00,Ghaziabad,4591
2024-04-09 21:00:00,Allahabad,2974
2024-04-09 22:00:00,Visakhapatnam,3419
2024-04-09 23:00:00,Ahmedabad,1854
2024-04-10 00:00:00,Meerut,1754
2024-04-10 01:00:00,Ranchi,1448
2024-04-10 02:00:00,Pune,2142
2024-04-10 03:00:00,Coimbatore,2039
2024-04-10 04:00:00,Lucknow,2100
2024-04-10 05:00:00,Aurangabad,2202
2024-04-10 06:00:00,Hyderabad,1233
2024-04-10 07:00:00,Pune,2120
2024-04-10 08:00:00,Jodhpur,1697
2024-04-10 09:00:00,Nashik,2431
2024-04-10 10:00:00,Bhopal,2905
2024-04-10 11:00:00,Bangalore,2348
2024-04-10 12:00:00,Jodhpur,2030
2024-04-10 13:00:00,Hubli,3063
2024-04-10 14:00:00,Meerut,2708
2024-04-10 15:00:00,Kalyan,3049
2024-04-10 16:00:00,Pune,2594
2024-04-10 17:00:00,Allahabad,2431
2024-04-10 18:00:00,Indore,2936
2024-04-10 19:00:00,Ghaziabad,3658
2024-04-10 20:00:00,Srinagar,4591
2024-04-10 21:00:00,Hubli,3108
2024-04-10 22:00:00,Ghaziabad,4669
2024-04-10 23:00:00,Kota,2000
2024-04-11 00:00:00,Jabalpur,1598
2024-04-11 01:00:00,Vijayawada,1982
2024-04-11 02:00:00,Agra,2492
2024-04-11 03:00:00,Howrah,1430
2024-04-11 04:00:00,Ahmedabad,1713
2024-04-11 05:00:00,Chennai,2131
2024-04-11 06:00:00,Jodhpur,2472
2024-04-11 07:00:00,Bangalore,1773
2024-04-11 08:00:00,Ludhiana,1507
2024-04-11 09:00:00,Varanasi,2812
2024-04-11 10:00:00,Delhi,2666
2024-04-11 11:00:00,Ranchi,3019
2024-04-11 12:00:00,Aurangabad,2673
2024-04-11 13:00:00,Raipur,3166
2024-04-11 14:00:00,Ghaziabad,2777
2024-04-11 15:00:00,Jabalpur,2877
2024-04-11 16:00:00,Varanasi,2642
2024-04-11 17:00:00,Ranchi,2785
2024-04-11 18:00:00,Patna,4107
2024-04-11 19:00:00,Ludhiana,3542
2024-04-11 20:00:00,Kolkata,3151
2024-04-11 21:00:00,Faridabad,4145
2024-04-11 22:00:00,Rajkot,3780
2024-04-11 23:00:00,Guwahati,1836
2024-04-12 00:00:00,Mumbai,1498
2024-04-12 01:00:00,Allahabad,1518
2024-04-12 02:00:00,Kanpur,1794
2024-04-12 03:00:00,Indore,1785
2024-04-12 04:00:00,Lucknow,1300
2024-04-12 05:00:00,Howrah,1649
2024-04-12 06:00:00,Faridabad,1963
2024-04-12 07:00:00,Bhopal,2308
2024-04-12 08:00:00,Ahmedabad,1681
2024-04-12 09:00:00,Hyderabad,2614
2024-04-12 10:00:00,Kolkata,2875
2024-04-12 11:00:00,Vijayawada,2971
2024-04-12 12:00:00,Patna,2413
2024-04-12 13:00:00,Bhopal,2918
2024-04-12 14:00:00,Indore,1953
2024-04-12 15:00:00,Meerut,2686
2024-04-12 16:00:00,Vasai,2219
2024-04-12 17:00:00,Ludhiana,3131
2024-04-12 18:00:00,Aurangabad,3706
2024-04-12 19:00:00,Gwalior,3596
2024-04-12 20:00:00,Indore,4555
2024-04-12 21:00:00,Raipur,4451
2024-04-12 22:00:00,Nagpur,3100
2024-04-12 23:00:00,Ghaziabad,1795
2024-04-13 00:00:00,Thane,1845
2024-04-13 01:00:00,Ahmedabad,2503
2024-04-13 02:00:00,Bangalore,2406
2024-04-13 03:00:00,Kolkata,2020
2024-04-13 04:00:00,Jodhpur,1524
2024-04-13 05:00:00,Nagpur,2137
2024-04-13 06:00:00,Chennai,1738
2024-04-13 07:00:00,Patna,1863
2024-04-13 08:00:00,Ghaziabad,2226
2024-04-13 09:00:00,Lucknow,2468
2024-04-13 10:00:00,Ghaziabad,2470
2024-04-13 11:00:00,Kolkata,2622
2024-04-13 12:00:00,Ahmedabad,2269
2024-04-13 13:00:00,Madurai,2225
2024-04-13 14:00:00,Delhi,2684
2024-04-13 15:00:00,Meerut,3049
2024-04-13 16:00:00,Lucknow,2755
2024-04-13 17:00:00,Delhi,3324
2024-04-13 18:00:00,Rajkot,4431
2024-04-13 19:00:00,Kota,3029
2024-04-13 20:00:00,Dhanbad,3509
2024-04-13 21:00:00,Solapur,3527
2024-04-13 22:00:00,Bangalore,3109
2024-04-13 23:00:00,Kolkata,2167
2024-04-14 00:00:00,Mumbai,1609
2024-04-14 01:00:00,Ludhiana,1565
2024-04-14 02:00:00,Hubli,1629
2024-04-14 03:00:00,Ahmedabad,1336
2024-04-14 04:00:00,Vadodara,1721
2024-04-14 05:00:00,Vasai,1798
2024-04-14 06:00:00,Gwalior,1444
2024-04-14 07:00:00,Indore,1955
2024-04-14 08:00:00,Chennai,1957
2024-04-14 09:00:00,Hyderabad,2929
2024-04-14 10:00:00,Coimbatore,2853
2024-04-14 11:00:00,Chandigarh,2595
2024-04-14 12:00:00,Bhopal,2463
2024-04-14 13:00:00,Solapur,3366
2024-04-14 14:00:00,Aurangabad,3210
2024-04-14 15:00:00,Solapur,3482
2024-04-14 16:00:00,Pune,2593
2024-04-14 17:00:00,Coimbatore,3095
2024-04-14 18:00:00,Madurai,3984
2024-04-14 19:00:00,Agra,3771
2024-04-14 20:00:00,Bhopal,4428
2024-04-14 21:00:00,Thane,3047
2024-04-14 22:00:00,Coimbatore,3960
2024-04-14 23:00:00,Delhi,1594
2024-04-15 00:00:00,Guwahati,2035
2024-04-15 01:00:00,Rajkot,2163
2024-04-15 02:00:00,Rajkot,2273
2024-04-15 03:00:00,Amritsar,1848
2024-04-15 04:00:00,Vijayawada,1747
2024-04-15 05:00:00,Jabalpur,1977
2024-04-15 06:00:00,Pune,1959
2024-04-15 07:00:00,Kanpur,2265
2024-04-15 08:00:00,Madurai,2300
2024-04-15 09:00:00,Hyderabad,2298
2024-04-15 10:00:00,Solapur,3359
2024-04-15 11:00:00,Ranchi,2983
2024-04-15 12:00:00,Rajkot,3142
2024-04-15 13:00:00,Visakhapatnam,2932
2024-04-15 14:00:00,Indore,2269
2024-04-15 15:00:00,Solapur,1919
2024-04-15 16:00:00,Raipur,3021
2024-04-15 17:00:00,Hyderabad,2972
2024-04-15 18:00:00,Ranchi,4493
2024-04-15 19:00:00,Coimbatore,2577
2024-04-15 20:00:00,Solapur,3759
2024-04-15 21:00:00,Hyderabad,3514
2024-04-15 22:00:00,Amritsar,3658
2024-04-15 23:00:00,Chennai,2478
2024-04-16 00:00:00,Dhanbad,1865
2024-04-16 01:00:00,Solapur,2016
2024-04-16 02:00:00,Nashik,2313
2024-04-16 03:00:00,Kota,1895
2024-04-16 04:00:00,Nashik,2011
2024-04-16 05:00:00,Chennai,2333
2024-04-16 06:00:00,Nashik,2055
2024-04-16 07:00:00,Faridabad,2099
2024-04-16 08:00:00,Chandigarh,1852
2024-04-16 09:00:00,Ahmedabad,3287
2024-04-16 10:00:00,Vadodara,2558
2024-04-16 11:00:00,Jodhpur,3103
2024-04-16 12:00:00,Amritsar,2882
2024-04-16 13:00:00,Pune,2745
2024-04-16 14:00:00,Visakhapatnam,2542
2024-04-16 15:00:00,Raipur,2340
2024-04-16 16:00:00,Chandigarh,2839
2024-04-16 17:00:00,Vadodara,2867
2024-04-16 18:00:00,Kalyan,4365
2024-04-16 19:00:00,Indore,3468
2024-04-16 20:00:00,Chennai,3864
2024-04-16 21:00:00,Vijayawada,3677
2024-04-16 22:00:00,Bangalore,3460
2024-04-16 23:00:00,Vasai,2366
2024-04-17 00:00:00,Mumbai,2525
2024-04-17 01:00:00,Vijayawada,2541
2024-04-17 02:00:00,Faridabad,2018
2024-04-17 03:00:00,Thane,1335
2024-04-17 04:00:00,Ranchi,2238
2024-04-17 05:00:00,Chandigarh,1655
2024-04-17 06:00:00,Indore,1969
2024-04-17 07:00:00,Dhanbad,1848
2024-04-17 08:00:00,Lucknow,1483
2024-04-17 09:00:00,Kanpur,3320
2024-04-17 10:00:00,Pune,2465
2024-04-17 11:00:00,Ludhiana,2447
2024-04-17 12:00:00,Srinagar,3140
2024-04-17 13:00:00,Rajkot,2443
2024-04-17 14:00:00,Kalyan,2651
2024-04-17 15:00:00,Madurai,2371
2024-04-17 16:00:00,Jabalpur,3306
2024-04-17 17:00:00,Indore,2268
2024-04-17 18:00:00,Indore,3713
2024-04-17 19:00:00,Agra,4472
2024-04-17 20:00:00,Hubli,3569
2024-04-17 21:00:00,Navi Mumbai,3907
2024-04-17 22:00:00,Ranchi,3319
2024-04-17 23:00:00,Guwahati,1946
2024-04-18 00:00:00,Meerut,1960
2024-04-18 01:00:00,Jodhpur,2057
2024-04-18 02:00:00,Chennai,1998
2024-04-18 03:00:00,Kalyan,2424
2024-04-18 04:00:00,Agra,1793
2024-04-18 05:00:00,Kanpur,2265
2024-04-18 06:00:00,Faridabad,2188
2024-04-18 07:00:00,Hyderabad,1734
2024-04-18 08:00:00,Mumbai,1933
2024-04-18 09:00:00,Amritsar,1956
2024-04-18 10:00:00,Pune,2447
2024-04-18 11:00:00,Indore,3074
2024-04-18 12:00:00,Vasai,2699
2024-04-18 13:00:00,Jaipur,3063
2024-04-18 14:00:00,Delhi,2854
2024-04-18 15:00:00,Vasai,2657
2024-04-18 16:00:00,Aurangabad,2336
2024-04-18 17:00:00,Nashik,2528
2024-04-18 18:00:00,Kota,4839
2024-04-18 19:00:00,Agra,3844
2024-04-18 20:00:00,Varanasi,3626
2024-04-18 21:00:00,Kalyan,4124
2024-04-18 22:00:00,Faridabad,3133
2024-04-18 23:00:00,Vijayawada,1899
2024-04-19 00:00:00,Thane,1338
2024-04-19 01:00:00,Bhopal,2257
2024-04-19 02:00:00,Guwahati,2449
2024-04-19 03:00:00,Kota,2369
2024-04-19 04:00:00,Jabalpur,2286
2024-04-19 05:00:00,Raipur,2119
2024-04-19 06:00:00,Hubli,1798
2024-04-19 07:00:00,Navi Mumbai,2087
2024-04-19 08:00:00,Varanasi,1895
2024-04-19 09:00:00,Raipur,2645
2024-04-19 10:00:00,Jaipur,2079
2024-04-19 11:00:00,Kota,2606
2024-04-19 12:00:00,Solapur,2378
2024-04-19 13:00:00,Nagpur,2285
2024-04-19 14:00:00,Rajkot,2679
2024-04-19 15:00:00,Thane,3273
2024-04-19 16:00:00,Srinagar,2041
2024-04-19 17:00:00,Gwalior,2578
2024-04-19 18:00:00,Solapur,4272
2024-04-19 19:00:00,Allahabad,3457
2024-04-19 20:00:00,Kota,3263
2024-04-19 21:00:00,Ghaziabad,3551
2024-04-19 22:00:00,Hyderabad,4170
2024-04-19 23:00:00,Indore,2258
2024-04-20 00:00:00,Mumbai,1756
2024-04-20 01:00:00,Srinagar,1787
2024-04-20 02:00:00,Visakhapatnam,1523
2024-04-20 03:00:00,Kolkata,2110
2024-04-20 04:00:00,Jabalpur,1670
2024-04-20 05:00:00,Meerut,1824
2024-04-20 06:00:00,Amritsar,2125
2024-04-20 07:00:00,Allahabad,1617
2024-04-20 08:00:00,Delhi,1469
2024-04-20 09:00:00,Guwahati,3222
2024-04-20 10:00:00,Kolkata,2846
2024-04-20 11:00:00,Navi Mumbai,2792
2024-04-20 12:00:00,Srinagar,2410
2024-04-20 13:00:00,Nagpur,2554
2024-04-20 14:00:00,Varanasi,2306
2024-04-20 15:00:00,Bangalore,2586
2024-04-20 16:00:00,Hyderabad,2507
2024-04-20 17:00:00,Ranchi,2388
2024-04-20 18:00:00,Agra,3543
2024-04-20 19:00:00,Pune,3186
2024-04-20 20:00:00,Delhi,4471
2024-04-20 21:00:00,Lucknow,4857
2024-04-20 22:00:00,Varanasi,3989
2024-04-20 23:00:00,Solapur,2269
2024-04-21 00:00:00,Vijayawada,1866
2024-04-21 01:00:00,Gwalior,2310
2024-04-21 02:00:00,Nagpur,1801
2024-04-21 03:00:00,Lucknow,2057
2024-04-21 04:00:00,Visakhapatnam,2053
2024-04-21 05:00:00,Chandigarh,2089
2024-04-21 06:00:00,Coimbatore,2232
2024-04-21 07:00:00,Allahabad,2502
2024-04-21 08:00:00,Raipur,1561
2024-04-21 09:00:00,Gwalior,2456
2024-04-21 10:00:00,Kalyan,2276
2024-04-21 11:00:00,Dhanbad,3209
2024-04-21 12:00:00,Mumbai,2401
2024-04-21 13:00:00,Vadodara,3063
2024-04-21 14:00:00,Rajkot,2625
2024-04-21 15:00:00,Chennai,3324
2024-04-21 16:00:00,Jaipur,2843
2024-04-21 17:00:00,Varanasi,2818
2024-04-21 18:00:00,Delhi,3254
2024-04-21 19:00:00,Hyderabad,3621
2024-04-21 20:00:00,Jodhpur,4593
2024-04-21 21:00:00,Ranchi,3575
2024-04-21 22:00:00,Bangalore,3285
2024-04-21 23:00:00,Ghaziabad,2495
2024-04-22 00:00:00,Allahabad,2393
2024-04-22 01:00:00,Vadodara,2499
2024-04-22 02:00:00,Visakhapatnam,1983
2024-04-22 03:00:00,Bangalore,2046
2024-04-22 04:00:00,Vasai,1298
2024-04-22 05:00:00,Vijayawada,1397
2024-04-22 06:00:00,Coimbatore,2077
2024-04-22 07:00:00,Bangalore,2168
2024-04-22 08:00:00,Vasai,2184
2024-04-22 09:00:00,Ranchi,2612
2024-04-22 10:00:00,Mumbai,2921
2024-04-22 11:00:00,Chandigarh,2724
2024-04-22 12:00:00,Ghaziabad,2614
2024-04-22 13:00:00,Indore,3163
2024-04-22 14:00:00,Vasai,2403
2024-04-22 15:00:00,Kanpur,3132
2024-04-22 16:00:00,Coimbatore,3232
2024-04-22 17:00:00,Patna,2325
2024-04-22 18:00:00,Visakhapatnam,3177
2024-04-22 19:00:00,Bhopal,3617
2024-04-22 20:00:00,Howrah,3117
2024-04-22 21:00:00,Jaipur,2766
2024-04-22 22:00:00,Pune,4440
2024-04-22 23:00:00,Howrah,1843
2024-04-23 00:00:00,Nagpur,1816
2024-04-23 01:00:00,Allahabad,1556
2024-04-23 02:00:00,Mumbai,2407
2024-04-23 03:00:00,Gwalior,2370
2024-04-23 04:00:00,Hubli,2037
2024-04-23 05:00:00,Vadodara,1972
2024-04-23 06:00:00,Aurangabad,1906
2024-04-23 07:00:00,Howrah,2104
2024-04-23 08:00:00,Nagpur,1350
2024-04-23 09:00:00,Faridabad,2400
2024-04-23 10:00:00,Delhi,2703
2024-04-23 11:00:00,Jabalpur,2626
2024-04-23 12:00:00,Jaipur,2629
2024-04-23 13:00:00,Ghaziabad,2347
2024-04-23 14:00:00,Coimbatore,3227
2024-04-23 15:00:00,Chennai,2898
2024-04-23 16:00:00,Vasai,2608
2024-04-23 17:00:00,Varanasi,2800
2024-04-23 18:00:00,Patna,3854
2024-04-23 19:00:00,Madurai,4346
2024-04-23 20:00:00,Ranchi,3844
2024-04-23 21:00:00,Kolkata,3426
2024-04-23 22:00:00,Srinagar,3556
2024-04-23 23:00:00,Faridabad,1894
2024-04-24 00:00:00,Meerut,2324
2024-04-24 01:00:00,Kanpur,1716
2024-04-24 02:00:00,Jabalpur,1614
2024-04-24 03:00:00,Allahabad,1808
2024-04-24 04:00:00,Vadodara,2380
2024-04-24 05:00:00,Guwahati,1278
2024-04-24 06:00:00,Gwalior,1547
2024-04-24 07:00:00,Jodhpur,2359
2024-04-24 08:00:00,Lucknow,2072
2024-04-24 09:00:00,Howrah,2706
2024-04-24 10:00:00,Mumbai,2916
2024-04-24 11:00:00,Howrah,2970
2024-04-24 12:00:00,Ghaziabad,2695
2024-04-24 13:00:00,Bhopal,2654
2024-04-24 14:00:00,Pune,2623
2024-04-24 15:00:00,Bangalore,2539
2024-04-24 16:00:00,Bangalore,2765
2024-04-24 17:00:00,Kalyan,2607
2024-04-24 18:00:00,Coimbatore,4888
2024-04-24 19:00:00,Srinagar,3585
2024-04-24 20:00:00,Ludhiana,3589
2024-04-24 21:00:00,Nashik,4453
2024-04-24 22:00:00,Kalyan,3706
2024-04-24 23:00:00,Kalyan,1564
2024-04-25 00:00:00,Vijayawada,1967
2024-04-25 01:00:00,Hubli,1702
2024-04-25 02:00:00,Amritsar,2113
2024-04-25 03:00:00,Madurai,2047
2024-04-25 04:00:00,Kota,2078
2024-04-25 05:00:00,Jaipur,1913
2024-04-25 06:00:00,Nashik,1938
2024-04-25 07:00:00,Delhi,2345
2024-04-25 08:00:00,Agra,1367
2024-04-25 09:00:00,Vasai,2567
2024-04-25 10:00:00,Pune,2697
2024-04-25 11:00:00,Kalyan,2622
2024-04-25 12:00:00,Guwahati,2356
2024-04-25 13:00:00,Dhanbad,2820
2024-04-25 14:00:00,Bhopal,3237
2024-04-25 15:00:00,Ahmedabad,2252
2024-04-25 16:00:00,Jaipur,2573
2024-04-25 17:00:00,Kota,3158
2024-04-25 18:00:00,Chandigarh,4020
2024-04-25 19:00:00,Madurai,4125
2024-04-25 20:00:00,Chandigarh,3387
2024-04-25 21:00:00,Varanasi,4039
2024-04-25 22:00:00,Jaipur,3650
2024-04-25 23:00:00,Pune,1637
2024-04-26 00:00:00,Hubli,2437
2024-04-26 01:00:00,Meerut,2015
2024-04-26 02:00:00,Ludhiana,1804
2024-04-26 03:00:00,Visakhapatnam,2196
2024-04-26 04:00:00,Rajkot,1656
2024-04-26 05:00:00,Aurangabad,1437
2024-04-26 06:00:00,Vasai,2036
2024-04-26 07:00:00,Meerut,1419
2024-04-26 08:00:00,Bhopal,2004
2024-04-26 09:00:00,Dhanbad,2826
2024-04-26 10:00:00,Ranchi,3052
2024-04-26 11:00:00,Indore,3025
2024-04-26 12:00:00,Gwalior,2793
2024-04-26 13:00:00,Varanasi,2481
2024-04-26 14:00:00,Thane,2029
2024-04-26 15:00:00,Vijayawada,2774
2024-04-26 16:00:00,Vijayawada,3093
2024-04-26 17:00:00,Chennai,2525
2024-04-26 18:00:00,Ahmedabad,4051
2024-04-26 19:00:00,Agra,3403
2024-04-26 20:00:00,Pune,3109
2024-04-26 21:00:00,Jabalpur,3593
2024-04-26 22:00:00,Ghaziabad,3789
2024-04-26 23:00:00,Chandigarh,1592
2024-04-27 00:00:00,Allahabad,1973
2024-04-27 01:00:00,Mumbai,1325
2024-04-27 02:00:00,Kanpur,1491
2024-04-27 03:00:00,Coimbatore,1757
2024-04-27 04:00:00,Hubli,1726
2024-04-27 05:00:00,Dhanbad,1612
2024-04-27 06:00:00,Delhi,2168
2024-04-27 07:00:00,Navi Mumbai,1628
2024-04-27 08:00:00,Pune,1316
2024-04-27 09:00:00,Lucknow,2678
2024-04-27 10:00:00,Kalyan,2691
2024-04-27 11:00:00,Rajkot,2055
2024-04-27 12:00:00,Indore,3165
2024-04-27 13:00:00,Ghaziabad,2925
2024-04-27 14:00:00,Vadodara,2751
2024-04-27 15:00:00,Coimbatore,2414
2024-04-27 16:00:00,Nashik,2697
2024-04-27 17:00:00,Madurai,2680
2024-04-27 18:00:00,Pune,4240
2024-04-27 19:00:00,Vasai,4087
2024-04-27 20:00:00,Mumbai,3839
2024-04-27 21:00:00,Chennai,4158
2024-04-27 22:00:00,Raipur,4159
2024-04-27 23:00:00,Lucknow,2017
2024-04-28 00:00:00,Nagpur,2383
2024-04-28 01:00:00,Visakhapatnam,2029
2024-04-28 02:00:00,Visakhapatnam,1806
2024-04-28 03:00:00,Solapur,2168
2024-04-28 04:00:00,Jabalpur,2106
2024-04-28 05:00:00,Bhopal,2442
2024-04-28 06:00:00,Thane,2206
2024-04-28 07:00:00,Solapur,2164
2024-04-28 08:00:00,Nashik,2095
2024-04-28 09:00:00,Howrah,2517
2024-04-28 10:00:00,Indore,3068
2024-04-28 11:00:00,Kalyan,3228
2024-04-28 12:00:00,Ludhiana,3097
2024-04-28 13:00:00,Vadodara,2508
2024-04-28 14:00:00,Bangalore,3148
2024-04-28 15:00:00,Jabalpur,2780
2024-04-28 16:00:00,Bhopal,2049
2024-04-28 17:00:00,Vijayawada,3217
2024-04-28 18:00:00,Nagpur,4690
2024-04-28 19:00:00,Gwalior,3404
2024-04-28 20:00:00,Bhopal,4586
2024-04-28 21:00:00,Raipur,4493
2024-04-28 22:00:00,Guwahati,4929
2024-04-28 23:00:00,Rajkot,2141
2024-04-29 00:00:00,Chandigarh,1423
2024-04-29 01:00:00,Hyderabad,2024
2024-04-29 02:00:00,Patna,1714
2024-04-29 03:00:00,Delhi,1459
2024-04-29 04:00:00,Faridabad,1747
2024-04-29 05:00:00,Bhopal,1857
2024-04-29 06:00:00,Madurai,1482
2024-04-29 07:00:00,Gwalior,2510
2024-04-29 08:00:00,Coimbatore,1929
2024-04-29 09:00:00,Jaipur,3097
2024-04-29 10:00:00,Kolkata,2410
2024-04-29 11:00:00,Solapur,2993
2024-04-29 12:00:00,Jabalpur,2455
2024-04-29 13:00:00,Bhopal,2158
2024-04-29 14:00:00,Indore,2614
2024-04-29 15:00:00,Vadodara,3379
2024-04-29 16:00:00,Agra,2858
2024-04-29 17:00:00,Navi Mumbai,2515
2024-04-29 18:00:00,Madurai,4480
2024-04-29 19:00:00,Amritsar,2776
2024-04-29 20:00:00,Delhi,3481
2024-04-29 21:00:00,Thane,3596
2024-04-29 22:00:00,Faridabad,4043
2024-04-29 23:00:00,Mumbai,2356
2024-04-30 00:00:00,Gwalior,2447
2024-04-30 01:00:00,Nagpur,2002
2024-04-30 02:00:00,Ranchi,2239
2024-04-30 03:00:00,Delhi,2034
2024-04-30 04:00:00,Kalyan,1753
2024-04-30 05:00:00,Ahmedabad,1481
2024-04-30 06:00:00,Rajkot,1924
2024-04-30 07:00:00,Kota,1960
2024-04-30 08:00:00,Varanasi,1628
2024-04-30 09:00:00,Kanpur,2624
2024-04-30 10:00:00,Jabalpur,2893
2024-04-30 11:00:00,Hyderabad,2898
2024-04-30 12:00:00,Ahmedabad,3373
2024-04-30 13:00:00,Chandigarh,3367
2024-04-30 14:00:00,Madurai,2542
2024-04-30 15:00:00,Indore,3283
2024-04-30 16:00:00,Kalyan,2038
2024-04-30 17:00:00,Varanasi,2650
2024-04-30 18:00:00,Ranchi,3852
2024-04-30 19:00:00,Raipur,3734
2024-04-30 20:00:00,Thane,3712
2024-04-30 21:00:00,Coimbatore,3039
2024-04-30 22:00:00,Howrah,4347
2024-04-30 23:00:00,Kolkata,1346
2024-05-01 00:00:00,Navi Mumbai,1914
2024-05-01 01:00:00,Madurai,1916
2024-05-01 02:00:00,Faridabad,1526
2024-05-01 03:00:00,Varanasi,1708
2024-05-01 04:00:00,Jodhpur,1712
2024-05-01 05:00:00,Kolkata,2309
2024-05-01 06:00:00,Solapur,1741
2024-05-01 07:00:00,Bhopal,1794
2024-05-01 08:00:00,Vadodara,1938
2024-05-01 09:00:00,Patna,2208
2024-05-01 10:00:00,Meerut,2343
2024-05-01 11:00:00,Srinagar,2879
2024-05-01 12:00:00,Visakhapatnam,1904
2024-05-01 13:00:00,Pune,2719
2024-05-01 14:00:00,Raipur,3096
2024-05-01 15:00:00,Kalyan,2711
2024-05-01 16:00:00,Srinagar,2551
2024-05-01 17:00:00,Gwalior,2304
2024-05-01 18:00:00,Varanasi,3349
2024-05-01 19:00:00,Chandigarh,3830
2024-05-01 20:00:00,Ludhiana,3866
2024-05-01 21:00:00,Kolkata,3448
2024-05-01 22:00:00,Aurangabad,4401
2024-05-01 23:00:00,Dhanbad,2138
2024-05-02 00:00:00,Guwahati,1492
2024-05-02 01:00:00,Ranchi,1575
2024-05-02 02:00:00,Chennai,2254
2024-05-02 03:00:00,Meerut,2292
2024-05-02 04:00:00,Amritsar,1862
2024-05-02 05:00:00,Kalyan,1552
2024-05-02 06:00:00,Thane,2206
2024-05-02 07:00:00,Chennai,2361
2024-05-02 08:00:00,Jaipur,1721
2024-05-02 09:00:00,Coimbatore,2309
2024-05-02 10:00:00,Jabalpur,2338
2024-05-02 11:00:00,Visakhapatnam,2579
2024-05-02 12:00:00,Nagpur,2813
2024-05-02 13:00:00,Raipur,2524
2024-05-02 14:00:00,Raipur,2366
2024-05-02 15:00:00,Mumbai,2753
2024-05-02 16:00:00,Kalyan,3266
2024-05-02 17:00:00,Solapur,2821
2024-05-02 18:00:00,Gwalior,3590
2024-05-02 19:00:00,Bhopal,3601
2024-05-02 20:00:00,Rajkot,3352
2024-05-02 21:00:00,Hyderabad,3396
2024-05-02 22:00:00,Dhanbad,3390
2024-05-02 23:00:00,Mumbai,2441
2024-05-03 00:00:00,Hyderabad,1433
2024-05-03 01:00:00,Vasai,1543
2024-05-03 02:00:00,Patna,1917
2024-05-03 03:00:00,Jaipur,1786
2024-05-03 04:00:00,Aurangabad,1565
2024-05-03 05:00:00,Nashik,1528
2024-05-03 06:00:00,Thane,1430
2024-05-03 07:00:00,Delhi,2080
2024-05-03 08:00:00,Pune,2460
2024-05-03 09:00:00,Bhopal,1973
2024-05-03 10:00:00,Gwalior,2848
2024-05-03 11:00:00,Kolkata,3005
2024-05-03 12:00:00,Mumbai,2365
2024-05-03 13:00:00,Allahabad,2304
2024-05-03 14:00:00,Gwalior,2392
2024-05-03 15:00:00,Amritsar,2711
2024-05-03 16:00:00,Guwahati,2916
2024-05-03 17:00:00,Vasai,2761
2024-05-03 18:00:00,Amritsar,4020
2024-05-03 19:00:00,Chandigarh,3408
2024-05-03 20:00:00,Chennai,3907
2024-05-03 21:00:00,Coimbatore,4341
2024-05-03 22:00:00,Howrah,4421
2024-05-03 23:00:00,Dhanbad,2172
2024-05-04 00:00:00,Rajkot,2306
2024-05-04 01:00:00,Jaipur,2060
2024-05-04 02:00:00,Aurangabad,1889
2024-05-04 03:00:00,Aurangabad,2206
2024-05-04 04:00:00,Madurai,2267
2024-05-04 05:00:00,Jabalpur,1708
2024-05-04 06:00:00,Kanpur,2261
2024-05-04 07:00:00,Agra,2292
2024-05-04 08:00:00,Srinagar,1403
2024-05-04 09:00:00,Hubli,3180
2024-05-04 10:00:00,Srinagar,2812
2024-05-04 11:00:00,Jodhpur,2991
2024-05-04 12:00:00,Kolkata,2503
2024-05-04 13:00:00,Madurai,2805
2024-05-04 14:00:00,Solapur,2891
2024-05-04 15:00:00,Gwalior,2087
2024-05-04 16:00:00,Bhopal,3073
2024-05-04 17:00:00,Pune,2482
2024-05-04 18:00:00,Howrah,3719
2024-05-04 19:00:00,Navi Mumbai,4144
2024-05-04 20:00:00,Ludhiana,4862
2024-05-04 21:00:00,Allahabad,3548
2024-05-04 22:00:00,Allahabad,4433
2024-05-04 23:00:00,Ghaziabad,1388
2024-05-05 00:00:00,Vasai,1742
2024-05-05 01:00:00,Navi Mumbai,1455
2024-05-05 02:00:00,Ranchi,1573
2024-05-05 03:00:00,Allahabad,1396
2024-05-05 04:00:00,Varanasi,1957
2024-05-05 05:00:00,Raipur,1546
2024-05-05 06:00:00,Amritsar,2420
2024-05-05 07:00:00,Jodhpur,2029
2024-05-05 08:00:00,Hyderabad,1936
2024-05-05 09:00:00,Meerut,2717
2024-05-05 10:00:00,Visakhapatnam,2725
2024-05-05 11:00:00,Navi Mumbai,2603
2024-05-05 12:00:00,Mumbai,2471
2024-05-05 13:00:00,Thane,2854
2024-05-05 14:00:00,Patna,2493
2024-05-05 15:00:00,Howrah,2546
2024-05-05 16:00:00,Rajkot,3163
2024-05-05 17:00:00,Dhanbad,2710
2024-05-05 18:00:00,Hubli,4695
2024-05-05 19:00:00,Bhopal,4116
2024-05-05 20:00:00,Aurangabad,3204
2024-05-05 21:00:00,Guwahati,3355
2024-05-05 22:00:00,Rajkot,2981
2024-05-05 23:00:00,Jabalpur,1826
2024-05-06 00:00:00,Kota,2475
2024-05-06 01:00:00,Kalyan,1839
2024-05-06 02:00:00,Chennai,2348
2024-05-06 03:00:00,Thane,1879
2024-05-06 04:00:00,Jaipur,1536
2024-05-06 05:00:00,Jaipur,1534
2024-05-06 06:00:00,Guwahati,2214
2024-05-06 07:00:00,Chandigarh,1810
2024-05-06 08:00:00,Ranchi,2320
2024-05-06 09:00:00,Rajkot,3268
2024-05-06 10:00:00,Coimbatore,2482
2024-05-06 11:00:00,Rajkot,2932
2024-05-06 12:00:00,Dhanbad,3166
2024-05-06 13:00:00,Thane,2802
2024-05-06 14:00:00,Ranchi,2589
2024-05-06 15:00:00,Madurai,2545
2024-05-06 16:00:00,Delhi,3086
2024-05-06 17:00:00,Kota,2735
2024-05-06 18:00:00,Amritsar,4212
2024-05-06 19:00:00,Nashik,3261
2024-05-06 20:00:00,Vasai,3457
2024-05-06 21:00:00,Jaipur,3227
2024-05-06 22:00:00,Pune,3749
2024-05-06 23:00:00,Vasai,2057
2024-05-07 00:00:00,Nashik,2073
2024-05-07 01:00:00,Bangalore,1602
2024-05-07 02:00:00,Navi Mumbai,2239
2024-05-07 03:00:00,Bhopal,2082
2024-05-07 04:00:00,Allahabad,1377
2024-05-07 05:00:00,Dhanbad,1767
2024-05-07 06:00:00,Kota,1546
2024-05-07 07:00:00,Srinagar,1367
2024-05-07 08:00:00,Pune,1296
2024-05-07 09:00:00,Chandigarh,2688
2024-05-07 10:00:00,Allahabad,2576
2024-05-07 11:00:00,Solapur,2487
2024-05-07 12:00:00,Delhi,3038
2024-05-07 13:00:00,Vasai,2449
2024-05-07 14:00:00,Gwalior,3094
2024-05-07 15:00:00,Lucknow,2357
2024-05-07 16:00:00,Howrah,2939
2024-05-07 17:00:00,Kalyan,2741
2024-05-07 18:00:00,Jaipur,4295
2024-05-07 19:00:00,Agra,4470
2024-05-07 20:00:00,Navi Mumbai,3865
2024-05-07 21:00:00,Howrah,4435
2024-05-07 22:00:00,Varanasi,4041
2024-05-07 23:00:00,Bangalore,1900
2024-05-08 00:00:00,Ludhiana,2036
2024-05-08 01:00:00,Amritsar,2144
2024-05-08 02:00:00,Nagpur,1682
2024-05-08 03:00:00,Meerut,1653
2024-05-08 04:00:00,Varanasi,2475
2024-05-08 05:00:00,Varanasi,1942
2024-05-08 06:00:00,Ghaziabad,1534
2024-05-08 07:00:00,Jodhpur,1728
2024-05-08 08:00:00,Agra,2002
2024-05-08 09:00:00,Chandigarh,2735
2024-05-08 10:00:00,Dhanbad,2980
2024-05-08 11:00:00,Lucknow,3239
2024-05-08 12:00:00,Chennai,2865
2024-05-08 13:00:00,Kanpur,2835
2024-05-08 14:00:00,Patna,2849
2024-05-08 15:00:00,Jodhpur,3062
2024-05-08 16:00:00,Hubli,2795
2024-05-08 17:00:00,Ahmedabad,3119
2024-05-08 18:00:00,Faridabad,3057
2024-05-08 19:00:00,Delhi,3928
2024-05-08 20:00:00,Amritsar,3878
2024-05-08 21:00:00,Ludhiana,2976
2024-05-08 22:00:00,Bangalore,2802
2024-05-08 23:00:00,Bangalore,2318
2024-05-09 00:00:00,Pune,1425
2024-05-09 01:00:00,Kota,2117
2024-05-09 02:00:00,Kanpur,2016
2024-05-09 03:00:00,Srinagar,1560
2024-05-09 04:00:00,Bhopal,2314
2024-05-09 05:00:00,Indore,2153
2024-05-09 06:00:00,Thane,2520
2024-05-09 07:00:00,Ahmedabad,1806
2024-05-09 08:00:00,Kota,2306
2024-05-09 09:00:00,Srinagar,3284
2024-05-09 10:00:00,Hyderabad,2772
2024-05-09 11:00:00,Nagpur,2671
2024-05-09 12:00:00,Thane,3438
2024-05-09 13:00:00,Allahabad,2013
2024-05-09 14:00:00,Raipur,2461
2024-05-09 15:00:00,Agra,2328
2024-05-09 16:00:00,Rajkot,1929
2024-05-09 17:00:00,Jodhpur,3022
2024-05-09 18:00:00,Delhi,3547
2024-05-09 19:00:00,Amritsar,4117
2024-05-09 20:00:00,Ahmedabad,4625
2024-05-09 21:00:00,Hyderabad,2677
2024-05-09 22:00:00,Kota,4039
2024-05-09 23:00:00,Navi Mumbai,2380
2024-05-10 00:00:00,Allahabad,1282
2024-05-10 01:00:00,Howrah,1756
2024-05-10 02:00:00,Vadodara,1535
2024-05-10 03:00:00,Vasai,1613
2024-05-10 04:00:00,Jodhpur,1499
2024-05-10 05:00:00,Gwalior,2415
2024-05-10 06:00:00,Agra,1986
2024-05-10 07:00:00,Varanasi,1717
2024-05-10 08:00:00,Hyderabad,2057
2024-05-10 09:00:00,Allahabad,2815
2024-05-10 10:00:00,Kolkata,2763
2024-05-10 11:00:00,Madurai,2097
2024-05-10 12:00:00,Vijayawada,2251
2024-05-10 13:00:00,Madurai,2946
2024-05-10 14:00:00,Agra,3225
2024-05-10 15:00:00,Solapur,2671
2024-05-10 16:00:00,Gwalior,2490
2024-05-10 17:00:00,Meerut,2722
2024-05-10 18:00:00,Hyderabad,3328
2024-05-10 19:00:00,Amritsar,2828
2024-05-10 20:00:00,Agra,3580
2024-05-10 21:00:00,Gwalior,2939
2024-05-10 22:00:00,Kalyan,4054
2024-05-10 23:00:00,Varanasi,1771
2024-05-11 00:00:00,Kolkata,1989
2024-05-11 01:00:00,Kolkata,2366
2024-05-11 02:00:00,Kolkata,1819
2024-05-11 03:00:00,Delhi,2048
2024-05-11 04:00:00,Rajkot,1615
2024-05-11 05:00:00,Bhopal,1494
2024-05-11 06:00:00,Visakhapatnam,2078
2024-05-11 07:00:00,Gwalior,2035
2024-05-11 08:00:00,Jodhpur,2295
2024-05-11 09:00:00,Jaipur,2431
2024-05-11 10:00:00,Bhopal,3200
2024-05-11 11:00:00,Howrah,2821
2024-05-11 12:00:00,Nagpur,2529
2024-05-11 13:00:00,Gwalior,3045
2024-05-11 14:00:00,Ahmedabad,1993
2024-05-11 15:00:00,Ahmedabad,2753
2024-05-11 16:00:00,Chennai,2501
2024-05-11 17:00:00,Kota,2772
2024-05-11 18:00:00,Chandigarh,3337
2024-05-11 19:00:00,Chandigarh,4558
2024-05-11 20:00:00,Varanasi,3095
2024-05-11 21:00:00,Navi Mumbai,3746
2024-05-11 22:00:00,Chandigarh,4791
2024-05-11 23:00:00,Rajkot,2075
2024-05-12 00:00:00,Guwahati,1619
2024-05-12 01:00:00,Vijayawada,1580
2024-05-12 02:00:00,Hubli,2062
2024-05-12 03:00:00,Madurai,2110
2024-05-12 04:00:00,Kanpur,1611
2024-05-12 05:00:00,Srinagar,2350
2024-05-12 06:00:00,Aurangabad,1514
2024-05-12 07:00:00,Kota,1722
2024-05-12 08:00:00,Delhi,2376
2024-05-12 09:00:00,Solapur,2947
2024-05-12 10:00:00,Visakhapatnam,3089
2024-05-12 11:00:00,Solapur,3016
2024-05-12 12:00:00,Ludhiana,2587
2024-05-12 13:00:00,Pune,2912
2024-05-12 14:00:00,Meerut,2475
2024-05-12 15:00:00,Coimbatore,2762
2024-05-12 16:00:00,Coimbatore,3238
2024-05-12 17:00:00,Chennai,3037
2024-05-12 18:00:00,Amritsar,3149
2024-05-12 19:00:00,Ranchi,4092
2024-05-12 20:00:00,Ranchi,3770
2024-05-12 21:00:00,Kolkata,4328
2024-05-12 22:00:00,Chandigarh,4504
2024-05-12 23:00:00,Allahabad,1612
2024-05-13 00:00:00,Rajkot,2397
2024-05-13 01:00:00,Meerut,2093
2024-05-13 02:00:00,Jabalpur,2368
2024-05-13 03:00:00,Madurai,1972
2024-05-13 04:00:00,Thane,2312
2024-05-13 05:00:00,Madurai,2297
2024-05-13 06:00:00,Lucknow,1517
2024-05-13 07:00:00,Hubli,1974
2024-05-13 08:00:00,Kalyan,2157
2024-05-13 09:00:00,Howrah,2477
2024-05-13 10:00:00,Faridabad,3059
2024-05-13 11:00:00,Kanpur,2756
2024-05-13 12:00:00,Jodhpur,2488
2024-05-13 13:00:00,Kanpur,3037
2024-05-13 14:00:00,Ghaziabad,2332
2024-05-13 15:00:00,Jabalpur,2643
2024-05-13 16:00:00,Kanpur,2592
2024-05-13 17:00:00,Vasai,2591
2024-05-13 18:00:00,Vadodara,3875
2024-05-13 19:00:00,Kalyan,3166
2024-05-13 20:00:00,Vasai,4563
2024-05-13 21:00:00,Mumbai,4046
2024-05-13 22:00:00,Varanasi,3830
2024-05-13 23:00:00,Varanasi,1682
2024-05-14 00:00:00,Ghaziabad,1678
2024-05-14 01:00:00,Ludhiana,1697
2024-05-14 02:00:00,Nagpur,1681
2024-05-14 03:00:00,Bhopal,2107
2024-05-14 04:00:00,Agra,1833
2024-05-14 05:00:00,Vasai,1790
2024-05-14 06:00:00,Lucknow,2137
2024-05-14 07:00:00,Rajkot,1840
2024-05-14 08:00:00,Delhi,1574
2024-05-14 09:00:00,Ghaziabad,3245
2024-05-14 10:00:00,Aurangabad,2267
2024-05-14 11:00:00,Gwalior,2412
2024-05-14 12:00:00,Ranchi,2615
2024-05-14 13:00:00,Patna,2713
2024-05-14 14:00:00,Bhopal,2277
2024-05-14 15:00:00,Amritsar,2234
2024-05-14 16:00:00,Guwahati,2581
2024-05-14 17:00:00,Ghaziabad,2584
2024-05-14 18:00:00,Dhanbad,3589
2024-05-14 19:00:00,Ahmedabad,3581
2024-05-14 20:00:00,Jaipur,2950
2024-05-14 21:00:00,Agra,3552
2024-05-14 22:00:00,Nagpur,4862
2024-05-14 23:00:00,Pune,1784
2024-05-15 00:00:00,Ghaziabad,1363
2024-05-15 01:00:00,Navi Mumbai,1743
2024-05-15 02:00:00,Pune,2493
2024-05-15 03:00:00,Kota,1512
2024-05-15 04:00:00,Delhi,1630
2024-05-15 05:00:00,Kanpur,1933
2024-05-15 06:00:00,Gwalior,1664
2024-05-15 07:00:00,Indore,2015
2024-05-15 08:00:00,Patna,2158
2024-05-15 09:00:00,Raipur,2854
2024-05-15 10:00:00,Gwalior,3019
2024-05-15 11:00:00,Faridabad,2643
2024-05-15 12:00:00,Kota,2947
2024-05-15 13:00:00,Aurangabad,2640
2024-05-15 14:00:00,Howrah,3327
2024-05-15 15:00:00,Howrah,3006
2024-05-15 16:00:00,Vadodara,3212
2024-05-15 17:00:00,Kolkata,2367
2024-05-15 18:00:00,Kalyan,3447
2024-05-15 19:00:00,Vijayawada,3683
2024-05-15 20:00:00,Varanasi,4188
2024-05-15 21:00:00,Vadodara,3828
2024-05-15 22:00:00,Allahabad,3166
2024-05-15 23:00:00,Raipur,1955
2024-05-16 00:00:00,Vadodara,2524
2024-05-16 01:00:00,Faridabad,2532
2024-05-16 02:00:00,Vadodara,1473
2024-05-16 03:00:00,Faridabad,1500
2024-05-16 04:00:00,Agra,1293
2024-05-16 05:00:00,Pune,1811
2024-05-16 06:00:00,Rajkot,2025
2024-05-16 07:00:00,Kolkata,1873
2024-05-16 08:00:00,Ghaziabad,2267
2024-05-16 09:00:00,Thane,2040
2024-05-16 10:00:00,Indore,2163
2024-05-16 11:00:00,Chandigarh,3011
2024-05-16 12:00:00,Coimbatore,2452
2024-05-16 13:00:00,Chennai,2569
2024-05-16 14:00:00,Gwalior,2618
2024-05-16 15:00:00,Faridabad,3268
2024-05-16 16:00:00,Chandigarh,2937
2024-05-16 17:00:00,Madurai,2738
2024-05-16 18:00:00,Nashik,3721
2024-05-16 19:00:00,Nagpur,3361
2024-05-16 20:00:00,Gwalior,4725
2024-05-16 21:00:00,Chennai,3777
2024-05-16 22:00:00,Visakhapatnam,4572
2024-05-16 23:00:00,Jaipur,2272
2024-05-17 00:00:00,Lucknow,1964
2024-05-17 01:00:00,Kalyan,2215
2024-05-17 02:00:00,Bangalore,2169
2024-05-17 03:00:00,Lucknow,2013
2024-05-17 04:00:00,Kota,1978
2024-05-17 05:00:00,Howrah,1906
2024-05-17 06:00:00,Bangalore,1874
2024-05-17 07:00:00,Solapur,1779
2024-05-17 08:00:00,Dhanbad,1583
2024-05-17 09:00:00,Kolkata,2704
2024-05-17 10:00:00,Pune,2550
2024-05-17 11:00:00,Vadodara,2784
2024-05-17 12:00:00,Rajkot,2665
2024-05-17 13:00:00,Guwahati,2721
2024-05-17 14:00:00,Howrah,2550
2024-05-17 15:00:00,Hubli,3382
2024-05-17 16:00:00,Visakhapatnam,2813
2024-05-17 17:00:00,Vasai,2401
2024-05-17 18:00:00,Hubli,3170
2024-05-17 19:00:00,Bhopal,2859
2024-05-17 20:00:00,Ranchi,4121
2024-05-17 21:00:00,Rajkot,3755
2024-05-17 22:00:00,Srinagar,3590
2024-05-17 23:00:00,Agra,1364
2024-05-18 00:00:00,Vasai,1666
2024-05-18 01:00:00,Varanasi,1616
2024-05-18 02:00:00,Patna,2119
2024-05-18 03:00:00,Agra,2048
2024-05-18 04:00:00,Hubli,2467
2024-05-18 05:00:00,Jaipur,1440
2024-05-18 06:00:00,Vadodara,1500
2024-05-18 07:00:00,Thane,1503
2024-05-18 08:00:00,Jaipur,2287
2024-05-18 09:00:00,Visakhapatnam,2427
2024-05-18 10:00:00,Srinagar,2877
2024-05-18 11:00:00,Agra,2990
2024-05-18 12:00:00,Ludhiana,2692
2024-05-18 13:00:00,Aurangabad,2999
2024-05-18 14:00:00,Solapur,3268
2024-05-18 15:00:00,Mumbai,2802
2024-05-18 16:00:00,Bangalore,3233
2024-05-18 17:00:00,Chennai,2788
2024-05-18 18:00:00,Amritsar,3428
2024-05-18 19:00:00,Jaipur,3661
2024-05-18 20:00:00,Delhi,3316
2024-05-18 21:00:00,Coimbatore,4235
2024-05-18 22:00:00,Coimbatore,3707
2024-05-18 23:00:00,Kalyan,1691
2024-05-19 00:00:00,Aurangabad,1815
2024-05-19 01:00:00,Howrah,2147
2024-05-19 02:00:00,Ludhiana,2214
2024-05-19 03:00:00,Madurai,1433
2024-05-19 04:00:00,Madurai,2156
2024-05-19 05:00:00,Ghaziabad,1883
2024-05-19 06:00:00,Faridabad,1899
2024-05-19 07:00:00,Lucknow,2026
2024-05-19 08:00:00,Rajkot,2037
2024-05-19 09:00:00,Navi Mumbai,2554
2024-05-19 10:00:00,Kolkata,2561
2024-05-19 11:00:00,Jabalpur,2579
2024-05-19 12:00:00,Solapur,2480
2024-05-19 13:00:00,Guwahati,2942
2024-05-19 14:00:00,Vijayawada,2430
2024-05-19 15:00:00,Rajkot,3048
2024-05-19 16:00:00,Jodhpur,2312
2024-05-19 17:00:00,Vasai,3161
2024-05-19 18:00:00,Madurai,4135
2024-05-19 19:00:00,Hyderabad,4189
2024-05-19 20:00:00,Varanasi,4630
2024-05-19 21:00:00,Jaipur,4355
2024-05-19 22:00:00,Nashik,3235
2024-05-19 23:00:00,Mumbai,1929
2024-05-20 00:00:00,Lucknow,1765
2024-05-20 01:00:00,Kalyan,2158
2024-05-20 02:00:00,Amritsar,2163
2024-05-20 03:00:00,Chandigarh,1732
2024-05-20 04:00:00,Indore,1761
2024-05-20 05:00:00,Allahabad,2017
2024-05-20 06:00:00,Ludhiana,1639
2024-05-20 07:00:00,Chennai,1755
2024-05-20 08:00:00,Allahabad,2459
2024-05-20 09:00:00,Gwalior,2920
2024-05-20 10:00:00,Kanpur,2203
2024-05-20 11:00:00,Ahmedabad,2451
2024-05-20 12:00:00,Kanpur,2794
2024-05-20 13:00:00,Agra,2197
2024-05-20 14:00:00,Lucknow,2927
2024-05-20 15:00:00,Vijayawada,3022
2024-05-20 16:00:00,Mumbai,1896
2024-05-20 17:00:00,Nagpur,2677
2024-05-20 18:00:00,Guwahati,3586
2024-05-20 19:00:00,Ahmedabad,4012
2024-05-20 20:00:00,Dhanbad,3945
2024-05-20 21:00:00,Raipur,3001
2024-05-20 22:00:00,Chennai,3240
2024-05-20 23:00:00,Ahmedabad,1367
2024-05-21 00:00:00,Jaipur,2130
2024-05-21 01:00:00,Solapur,1629
2024-05-21 02:00:00,Rajkot,1404
2024-05-21 03:00:00,Howrah,1893
2024-05-21 04:00:00,Kolkata,2019
2024-05-21 05:00:00,Kanpur,1621
2024-05-21 06:00:00,Vijayawada,1725
2024-05-21 07:00:00,Bhopal,2343
2024-05-21 08:00:00,Guwahati,1536
2024-05-21 09:00:00,Visakhapatnam,2485
2024-05-21 10:00:00,Thane,2472
2024-05-21 11:00:00,Ranchi,3072
2024-05-21 12:00:00,Srinagar,2157
2024-05-21 13:00:00,Kolkata,3433
2024-05-21 14:00:00,Patna,2437
2024-05-21 15:00:00,Kalyan,2345
2024-05-21 16:00:00,Jodhpur,2283
2024-05-21 17:00:00,Amritsar,2256
2024-05-21 18:00:00,Guwahati,4062
2024-05-21 19:00:00,Faridabad,2681
2024-05-21 20:00:00,Jabalpur,3036
2024-05-21 21:00:00,Thane,4226
2024-05-21 22:00:00,Patna,3108
2024-05-21 23:00:00,Ghaziabad,1621
2024-05-22 00:00:00,Ahmedabad,2050
2024-05-22 01:00:00,Solapur,2344
2024-05-22 02:00:00,Aurangabad,2223
2024-05-22 03:00:00,Delhi,1531
2024-05-22 04:00:00,Nagpur,1467
2024-05-22 05:00:00,Jodhpur,1595
2024-05-22 06:00:00,Ludhiana,2197
2024-05-22 07:00:00,Patna,1817
2024-05-22 08:00:00,Navi Mumbai,1583
2024-05-22 09:00:00,Jabalpur,2751
2024-05-22 10:00:00,Pune,3156
2024-05-22 11:00:00,Guwahati,2530
2024-05-22 12:00:00,Jaipur,2559
2024-05-22 13:00:00,Faridabad,2131
2024-05-22 14:00:00,Mumbai,3291
2024-05-22 15:00:00,Kalyan,1919
2024-05-22 16:00:00,Indore,3224
2024-05-22 17:00:00,Raipur,2897
2024-05-22 18:00:00,Ghaziabad,3944
2024-05-22 19:00:00,Patna,4129
2024-05-22 20:00:00,Chennai,3025
2024-05-22 21:00:00,Vijayawada,3203
2024-05-22 22:00:00,Jodhpur,3741
2024-05-22 23:00:00,Dhanbad,2377
2024-05-23 00:00:00,Solapur,1601
2024-05-23 01:00:00,Rajkot,1978
2024-05-23 02:00:00,Faridabad,1851
2024-05-23 03:00:00,Nagpur,2085
2024-05-23 04:00:00,Visakhapatnam,1620
2024-05-23 05:00:00,Chandigarh,1834
2024-05-23 06:00:00,Howrah,1604
2024-05-23 07:00:00,Pune,2405
2024-05-23 08:00:00,Raipur,1814
2024-05-23 09:00:00,Hyderabad,2649
2024-05-23 10:00:00,Howrah,2683
2024-05-23 11:00:00,Rajkot,3036
2024-05-23 12:00:00,Lucknow,3146
2024-05-23 13:00:00,Kanpur,2506
2024-05-23 14:00:00,Coimbatore,2593
2024-05-23 15:00:00,Lucknow,2164
2024-05-23 16:00:00,Delhi,2246
2024-05-23 17:00:00,Rajkot,2874
2024-05-23 18:00:00,Raipur,4409
2024-05-23 19:00:00,Vadodara,3605
2024-05-23 20:00:00,Bhopal,3977
2024-05-23 21:00:00,Kalyan,2986
2024-05-23 22:00:00,Indore,3996
2024-05-23 23:00:00,Chandigarh,2337
2024-05-24 00:00:00,Hyderabad,1959
2024-05-24 01:00:00,Visakhapatnam,1419
2024-05-24 02:00:00,Agra,2135
2024-05-24 03:00:00,Kanpur,2411
2024-05-24 04:00:00,Jodhpur,2295
2024-05-24 05:00:00,Rajkot,1828
2024-05-24 06:00:00,Visakhapatnam,1924
2024-05-24 07:00:00,Kalyan,1978
2024-05-24 08:00:00,Kanpur,2056
2024-05-24 09:00:00,Vasai,2810
2024-05-24 10:00:00,Raipur,2317
2024-05-24 11:00:00,Faridabad,2930
2024-05-24 12:00:00,Thane,2834
2024-05-24 13:00:00,Allahabad,2482
2024-05-24 14:00:00,Bhopal,3258
2024-05-24 15:00:00,Hubli,2118
2024-05-24 16:00:00,Bangalore,2924
2024-05-24 17:00:00,Faridabad,2391
2024-05-24 18:00:00,Rajkot,3520
2024-05-24 19:00:00,Howrah,3814
2024-05-24 20:00:00,Vasai,3877
2024-05-24 21:00:00,Coimbatore,3433
2024-05-24 22:00:00,Guwahati,4366
2024-05-24 23:00:00,Meerut,2113
2024-05-25 00:00:00,Ludhiana,2270
2024-05-25 01:00:00,Hubli,1674
2024-05-25 02:00:00,Coimbatore,1668
2024-05-25 03:00:00,Mumbai,1928
2024-05-25 04:00:00,Faridabad,1655
2024-05-25 05:00:00,Delhi,1300
2024-05-25 06:00:00,Meerut,1981
2024-05-25 07:00:00,Pune,1621
2024-05-25 08:00:00,Mumbai,2099
2024-05-25 09:00:00,Solapur,2389
2024-05-25 10:00:00,Vijayawada,2190
2024-05-25 11:00:00,Visakhapatnam,2674
2024-05-25 12:00:00,Delhi,2930
2024-05-25 13:00:00,Vasai,2787
2024-05-25 14:00:00,Dhanbad,1836
2024-05-25 15:00:00,Srinagar,2600
2024-05-25 16:00:00,Mumbai,2237
2024-05-25 17:00:00,Agra,2510
2024-05-25 18:00:00,Vadodara,3353
2024-05-25 19:00:00,Meerut,3959
2024-05-25 20:00:00,Nagpur,4179
2024-05-25 21:00:00,Aurangabad,3915
2024-05-25 22:00:00,Kanpur,4809
2024-05-25 23:00:00,Chennai,2113
2024-05-26 00:00:00,Coimbatore,2288
2024-05-26 01:00:00,Chennai,2117
2024-05-26 02:00:00,Vijayawada,1552
2024-05-26 03:00:00,Hubli,1423
2024-05-26 04:00:00,Thane,1904
2024-05-26 05:00:00,Coimbatore,1654
2024-05-26 06:00:00,Hyderabad,1465
2024-05-26 07:00:00,Rajkot,2201
2024-05-26 08:00:00,Agra,1847
2024-05-26 09:00:00,Ludhiana,2690
2024-05-26 10:00:00,Hubli,2916
2024-05-26 11:00:00,Vadodara,3085
2024-05-26 12:00:00,Chandigarh,3190
2024-05-26 13:00:00,Kanpur,2466
2024-05-26 14:00:00,Lucknow,2975
2024-05-26 15:00:00,Kalyan,2464
2024-05-26 16:00:00,Allahabad,2175
2024-05-26 17:00:00,Solapur,2119
2024-05-26 18:00:00,Thane,3876
2024-05-26 19:00:00,Ranchi,4173
2024-05-26 20:00:00,Dhanbad,4177
2024-05-26 21:00:00,Kalyan,2662
2024-05-26 22:00:00,Bhopal,3865
2024-05-26 23:00:00,Nagpur,2360
2024-05-27 00:00:00,Vijayawada,2122
2024-05-27 01:00:00,Varanasi,1546
2024-05-27 02:00:00,Delhi,2253
2024-05-27 03:00:00,Vasai,1289
2024-05-27 04:00:00,Solapur,1956
2024-05-27 05:00:00,Hubli,1240
2024-05-27 06:00:00,Kolkata,1722
2024-05-27 07:00:00,Varanasi,2205
2024-05-27 08:00:00,Delhi,2250
2024-05-27 09:00:00,Jaipur,2381
2024-05-27 10:00:00,Chennai,2122
2024-05-27 11:00:00,Hyderabad,2932
2024-05-27 12:00:00,Thane,2238
2024-05-27 13:00:00,Ahmedabad,3022
2024-05-27 14:00:00,Ludhiana,2775
2024-05-27 15:00:00,Bangalore,2281
2024-05-27 16:00:00,Patna,2311
2024-05-27 17:00:00,Kanpur,2559
2024-05-27 18:00:00,Guwahati,3477
2024-05-27 19:00:00,Varanasi,3268
2024-05-27 20:00:00,Nagpur,3754
2024-05-27 21:00:00,Ghaziabad,4272
2024-05-27 22:00:00,Madurai,3673
2024-05-27 23:00:00,Bangalore,2153
2024-05-28 00:00:00,Ahmedabad,2087
2024-05-28 01:00:00,Nashik,2064
2024-05-28 02:00:00,Kolkata,1650
2024-05-28 03:00:00,Kalyan,1588
2024-05-28 04:00:00,Thane,2157
2024-05-28 05:00:00,Raipur,1488
2024-05-28 06:00:00,Ahmedabad,1538
2024-05-28 07:00:00,Jodhpur,1695
2024-05-28 08:00:00,Visakhapatnam,1512
2024-05-28 09:00:00,Meerut,2848
2024-05-28 10:00:00,Delhi,2412
2024-05-28 11:00:00,Delhi,2702
2024-05-28 12:00:00,Amritsar,2945
2024-05-28 13:00:00,Guwahati,3082
2024-05-28 14:00:00,Thane,2724
2024-05-28 15:00:00,Ludhiana,2209
2024-05-28 16:00:00,Patna,2583
2024-05-28 17:00:00,Raipur,3251
2024-05-28 18:00:00,Coimbatore,4191
2024-05-28 19:00:00,Howrah,2975
2024-05-28 20:00:00,Vadodara,4152
2024-05-28 21:00:00,Bangalore,3916
2024-05-28 22:00:00,Madurai,4071
2024-05-28 23:00:00,Chennai,2381
2024-05-29 00:00:00,Srinagar,1695
2024-05-29 01:00:00,Vadodara,1913
2024-05-29 02:00:00,Vadodara,2235
2024-05-29 03:00:00,Amritsar,2183
2024-05-29 04:00:00,Vasai,1450
2024-05-29 05:00:00,Ranchi,2013
2024-05-29 06:00:00,Srinagar,2024
2024-05-29 07:00:00,Patna,2105
2024-05-29 08:00:00,Raipur,1429
2024-05-29 09:00:00,Hyderabad,2038
2024-05-29 10:00:00,Bhopal,2541
2024-05-29 11:00:00,Bhopal,2296
2024-05-29 12:00:00,Agra,2430
2024-05-29 13:00:00,Mumbai,2338
2024-05-29 14:00:00,Ghaziabad,2536
2024-05-29 15:00:00,Jaipur,2085
2024-05-29 16:00:00,Hyderabad,3251
2024-05-29 17:00:00,Chandigarh,2333
2024-05-29 18:00:00,Navi Mumbai,3221
2024-05-29 19:00:00,Kolkata,3928
2024-05-29 20:00:00,Mumbai,3101
2024-05-29 21:00:00,Lucknow,4182
2024-05-29 22:00:00,Vadodara,2690
2024-05-29 23:00:00,Amritsar,1410
2024-05-30 00:00:00,Jodhpur,2142
2024-05-30 01:00:00,Srinagar,1964
2024-05-30 02:00:00,Kolkata,2010
2024-05-30 03:00:00,Dhanbad,2365
2024-05-30 04:00:00,Navi Mumbai,2470
2024-05-30 05:00:00,Kota,2023
2024-05-30 06:00:00,Guwahati,2341
2024-05-30 07:00:00,Solapur,1246
2024-05-30 08:00:00,Vijayawada,2134
2024-05-30 09:00:00,Ahmedabad,2736
2024-05-30 10:00:00,Ludhiana,3139
2024-05-30 11:00:00,Varanasi,2456
2024-05-30 12:00:00,Faridabad,3051
2024-05-30 13:00:00,Meerut,2017
2024-05-30 14:00:00,Thane,3115
2024-05-30 15:00:00,Jaipur,2287
2024-05-30 16:00:00,Kota,2333
2024-05-30 17:00:00,Bhopal,3320
2024-05-30 18:00:00,Delhi,4501
2024-05-30 19:00:00,Raipur,3217
2024-05-30 20:00:00,Howrah,3805
2024-05-30 21:00:00,Ranchi,3522
2024-05-30 22:00:00,Gwalior,4147
2024-05-30 23:00:00,Jaipur,1693
2024-05-31 00:00:00,Howrah,1577
2024-05-31 01:00:00,Agra,2009
2024-05-31 02:00:00,Solapur,2279
2024-05-31 03:00:00,Chennai,1545
2024-05-31 04:00:00,Delhi,1529
2024-05-31 05:00:00,Varanasi,1632
2024-05-31 06:00:00,Jaipur,1774
2024-05-31 07:00:00,Kota,1782
2024-05-31 08:00:00,Kolkata,1999
2024-05-31 09:00:00,Rajkot,1828
2024-05-31 10:00:00,Agra,2704
2024-05-31 11:00:00,Solapur,3460
2024-05-31 12:00:00,Kanpur,2580
2024-05-31 13:00:00,Kota,2629
2024-05-31 14:00:00,Kalyan,2943
2024-05-31 15:00:00,Ludhiana,2680
2024-05-31 16:00:00,Varanasi,2675
2024-05-31 17:00:00,Mumbai,2637
2024-05-31 18:00:00,Vasai,4212
2024-05-31 19:00:00,Gwalior,3703
2024-05-31 20:00:00,Navi Mumbai,3281
2024-05-31 21:00:00,Navi Mumbai,3939
2024-05-31 22:00:00,Bangalore,4482
2024-05-31 23:00:00,Meerut,2244
2024-06-01 00:00:00,Vijayawada,2196
2024-06-01 01:00:00,Hyderabad,1637
2024-06-01 02:00:00,Bhopal,1994
2024-06-01 03:00:00,Ahmedabad,1684
2024-06-01 04:00:00,Nagpur,2200
2024-06-01 05:00:00,Delhi,1889
2024-06-01 06:00:00,Patna,1912
2024-06-01 07:00:00,Ludhiana,1881
2024-06-01 08:00:00,Aurangabad,1769
2024-06-01 09:00:00,Nagpur,3258
2024-06-01 10:00:00,Allahabad,3060
2024-06-01 11:00:00,Meerut,2289
2024-06-01 12:00:00,Vasai,2801
2024-06-01 13:00:00,Ghaziabad,2114
2024-06-01 14:00:00,Madurai,2891
2024-06-01 15:00:00,Aurangabad,2597
2024-06-01 16:00:00,Thane,2755
2024-06-01 17:00:00,Indore,2558
2024-06-01 18:00:00,Jabalpur,3211
2024-06-01 19:00:00,Varanasi,4830
2024-06-01 20:00:00,Kanpur,2880
2024-06-01 21:00:00,Faridabad,4045
2024-06-01 22:00:00,Nagpur,3042
2024-06-01 23:00:00,Nashik,2386
2024-06-02 00:00:00,Jaipur,2069
2024-06-02 01:00:00,Kanpur,2092
2024-06-02 02:00:00,Navi Mumbai,2232
2024-06-02 03:00:00,Chennai,1706
2024-06-02 04:00:00,Ludhiana,1586
2024-06-02 05:00:00,Nagpur,1826
2024-06-02 06:00:00,Thane,1310
2024-06-02 07:00:00,Hyderabad,1625
2024-06-02 08:00:00,Vijayawada,1614
2024-06-02 09:00:00,Vijayawada,2296
2024-06-02 10:00:00,Varanasi,2607
2024-06-02 11:00:00,Chennai,2444
2024-06-02 12:00:00,Rajkot,2484
2024-06-02 13:00:00,Patna,2922
2024-06-02 14:00:00,Raipur,2349
2024-06-02 15:00:00,Ahmedabad,2158
2024-06-02 16:00:00,Dhanbad,2659
2024-06-02 17:00:00,Agra,2996
2024-06-02 18:00:00,Vadodara,3832
2024-06-02 19:00:00,Patna,3790
2024-06-02 20:00:00,Vijayawada,3380
2024-06-02 21:00:00,Amritsar,3079
2024-06-02 22:00:00,Ludhiana,4040
2024-06-02 23:00:00,Kota,1675
2024-06-03 00:00:00,Vijayawada,1688
2024-06-03 01:00:00,Agra,1364
2024-06-03 02:00:00,Jabalpur,1591
2024-06-03 03:00:00,Pune,1828
2024-06-03 04:00:00,Kanpur,2329
2024-06-03 05:00:00,Kota,1823
2024-06-03 06:00:00,Thane,2334
2024-06-03 07:00:00,Ghaziabad,1507
2024-06-03 08:00:00,Madurai,2269
2024-06-03 09:00:00,Hubli,3150
2024-06-03 10:00:00,Vadodara,3132
2024-06-03 11:00:00,Ludhiana,1933
2024-06-03 12:00:00,Bhopal,2621
2024-06-03 13:00:00,Ranchi,3082
2024-06-03 14:00:00,Agra,2690
2024-06-03 15:00:00,Gwalior,2499
2024-06-03 16:00:00,Pune,2395
2024-06-03 17:00:00,Navi Mumbai,3006
2024-06-03 18:00:00,Guwahati,3098
2024-06-03 19:00:00,Amritsar,3591
2024-06-03 20:00:00,Kanpur,2659
2024-06-03 21:00:00,Kota,3294
2024-06-03 22:00:00,Howrah,3761
2024-06-03 23:00:00,Rajkot,1753
2024-06-04 00:00:00,Kota,1488
2024-06-04 01:00:00,Howrah,1658
2024-06-04 02:00:00,Kolkata,1561
2024-06-04 03:00:00,Meerut,1937
2024-06-04 04:00:00,Howrah,1752
2024-06-04 05:00:00,Hyderabad,1766
2024-06-04 06:00:00,Vasai,1671
2024-06-04 07:00:00,Faridabad,1762
2024-06-04 08:00:00,Amritsar,1578
2024-06-04 09:00:00,Jaipur,2436
2024-06-04 10:00:00,Srinagar,2628
2024-06-04 11:00:00,Mumbai,2981
2024-06-04 12:00:00,Bhopal,2358
2024-06-04 13:00:00,Thane,2552
2024-06-04 14:00:00,Agra,2305
2024-06-04 15:00:00,Bhopal,2893
2024-06-04 16:00:00,Hubli,2817
2024-06-04 17:00:00,Howrah,2980
2024-06-04 18:00:00,Patna,3550
2024-06-04 19:00:00,Allahabad,4308
2024-06-04 20:00:00,Visakhapatnam,3756
2024-06-04 21:00:00,Ranchi,3600
2024-06-04 22:00:00,Thane,3803
2024-06-04 23:00:00,Meerut,1661
2024-06-05 00:00:00,Bangalore,2013
2024-06-05 01:00:00,Solapur,1728
2024-06-05 02:00:00,Navi Mumbai,1793
2024-06-05 03:00:00,Nagpur,1839
2024-06-05 04:00:00,Patna,1781
2024-06-05 05:00:00,Srinagar,1447
2024-06-05 06:00:00,Ahmedabad,1862
2024-06-05 07:00:00,Srinagar,1458
2024-06-05 08:00:00,Bangalore,1820
2024-06-05 09:00:00,Kota,2319
2024-06-05 10:00:00,Indore,2593
2024-06-05 11:00:00,Mumbai,2412
2024-06-05 12:00:00,Bhopal,2139
2024-06-05 13:00:00,Pune,3206
2024-06-05 14:00:00,Hubli,1943
2024-06-05 15:00:00,Jodhpur,3328
2024-06-05 16:00:00,Ranchi,2968
2024-06-05 17:00:00,Bhopal,3433
2024-06-05 18:00:00,Delhi,4651
2024-06-05 19:00:00,Varanasi,3821
2024-06-05 20:00:00,Pune,4665
2024-06-05 21:00:00,Rajkot,3465
2024-06-05 22:00:00,Delhi,3682
2024-06-05 23:00:00,Vadodara,1671
2024-06-06 00:00:00,Guwahati,1672
2024-06-06 01:00:00,Visakhapatnam,1795
2024-06-06 02:00:00,Vasai,2225
2024-06-06 03:00:00,Varanasi,1544
2024-06-06 04:00:00,Jabalpur,1317
2024-06-06 05:00:00,Ludhiana,1582
2024-06-06 06:00:00,Lucknow,1857
2024-06-06 07:00:00,Navi Mumbai,2196
2024-06-06 08:00:00,Lucknow,1959
2024-06-06 09:00:00,Hubli,2285
2024-06-06 10:00:00,Amritsar,2614
2024-06-06 11:00:00,Nashik,2450
2024-06-06 12:00:00,Chennai,2810
2024-06-06 13:00:00,Chandigarh,2951
2024-06-06 14:00:00,Hubli,2962
2024-06-06 15:00:00,Varanasi,2527
2024-06-06 16:00:00,Hubli,3048
2024-06-06 17:00:00,Nashik,2800
2024-06-06 18:00:00,Pune,3623
2024-06-06 19:00:00,Jabalpur,3116
2024-06-06 20:00:00,Agra,3178
2024-06-06 21:00:00,Madurai,2986
2024-06-06 22:00:00,Nashik,4146
2024-06-06 23:00:00,Nashik,1836
2024-06-07 00:00:00,Jodhpur,2400
2024-06-07 01:00:00,Kolkata,1558
2024-06-07 02:00:00,Ahmedabad,1624
2024-06-07 03:00:00,Coimbatore,1941
2024-06-07 04:00:00,Ahmedabad,2397
2024-06-07 05:00:00,Solapur,2366
2024-06-07 06:00:00,Kalyan,2079
2024-06-07 07:00:00,Amritsar,2152
2024-06-07 08:00:00,Jodhpur,1719
2024-06-07 09:00:00,Coimbatore,3075
2024-06-07 10:00:00,Kota,2745
2024-06-07 11:00:00,Nashik,2536
2024-06-07 12:00:00,Lucknow,2908
2024-06-07 13:00:00,Visakhapatnam,2721
2024-06-07 14:00:00,Bhopal,2820
2024-06-07 15:00:00,Chennai,2577
2024-06-07 16:00:00,Mumbai,3124
2024-06-07 17:00:00,Faridabad,2614
2024-06-07 18:00:00,Ghaziabad,2761
2024-06-07 19:00:00,Howrah,3220
2024-06-07 20:00:00,Nashik,3675
2024-06-07 21:00:00,Howrah,3298
2024-06-07 22:00:00,Pune,2936
2024-06-07 23:00:00,Varanasi,1813
2024-06-08 00:00:00,Jodhpur,1558
2024-06-08 01:00:00,Srinagar,1878
2024-06-08 02:00:00,Dhanbad,1450
2024-06-08 03:00:00,Pune,1925
2024-06-08 04:00:00,Hubli,1791
2024-06-08 05:00:00,Dhanbad,2258
2024-06-08 06:00:00,Ranchi,1449
2024-06-08 07:00:00,Ghaziabad,1998
2024-06-08 08:00:00,Bangalore,2142
2024-06-08 09:00:00,Mumbai,2032
2024-06-08 10:00:00,Bhopal,3177
2024-06-08 11:00:00,Delhi,2662
2024-06-08 12:00:00,Faridabad,2613
2024-06-08 13:00:00,Kalyan,2460
2024-06-08 14:00:00,Coimbatore,2850
2024-06-08 15:00:00,Meerut,2531
2024-06-08 16:00:00,Thane,2543
2024-06-08 17:00:00,Thane,3112
2024-06-08 18:00:00,Indore,2823
2024-06-08 19:00:00,Guwahati,3382
2024-06-08 20:00:00,Visakhapatnam,3121
2024-06-08 21:00:00,Solapur,4722
2024-06-08 22:00:00,Aurangabad,3228
2024-06-08 23:00:00,Solapur,2386
2024-06-09 00:00:00,Delhi,1458
2024-06-09 01:00:00,Ranchi,2293
2024-06-09 02:00:00,Howrah,2019
2024-06-09 03:00:00,Nashik,2310
2024-06-09 04:00:00,Delhi,1851
2024-06-09 05:00:00,Allahabad,1332
2024-06-09 06:00:00,Allahabad,1488
2024-06-09 07:00:00,Nagpur,2411
2024-06-09 08:00:00,Allahabad,2460
2024-06-09 09:00:00,Ranchi,2820
2024-06-09 10:00:00,Dhanbad,3241
2024-06-09 11:00:00,Solapur,2854
2024-06-09 12:00:00,Thane,2875
2024-06-09 13:00:00,Bhopal,2543
2024-06-09 14:00:00,Srinagar,1968
2024-06-09 15:00:00,Gwalior,2751
2024-06-09 16:00:00,Vijayawada,3446
2024-06-09 17:00:00,Lucknow,2748
2024-06-09 18:00:00,Allahabad,3622
2024-06-09 19:00:00,Bhopal,3935
2024-06-09 20:00:00,Mumbai,3399
2024-06-09 21:00:00,Srinagar,3256
2024-06-09 22:00:00,Nagpur,2889
2024-06-09 23:00:00,Bhopal,1793
2024-06-10 00:00:00,Visakhapatnam,1812
2024-06-10 01:00:00,Navi Mumbai,2300
2024-06-10 02:00:00,Ludhiana,1556
2024-06-10 03:00:00,Kota,2353
2024-06-10 04:00:00,Aurangabad,2149
2024-06-10 05:00:00,Vadodara,2419
2024-06-10 06:00:00,Vasai,2141
2024-06-10 07:00:00,Chennai,2148
2024-06-10 08:00:00,Nashik,1482
2024-06-10 09:00:00,Jaipur,2171
2024-06-10 10:00:00,Vadodara,2370
2024-06-10 11:00:00,Coimbatore,2462
2024-06-10 12:00:00,Agra,2456
2024-06-10 13:00:00,Chandigarh,2903
2024-06-10 14:00:00,Bhopal,2769
2024-06-10 15:00:00,Bhopal,2545
2024-06-10 16:00:00,Vasai,3279
2024-06-10 17:00:00,Rajkot,2840
2024-06-10 18:00:00,Bangalore,3872
2024-06-10 19:00:00,Gwalior,4075
2024-06-10 20:00:00,Rajkot,3034
2024-06-10 21:00:00,Navi Mumbai,4704
2024-06-10 22:00:00,Solapur,4129
2024-06-10 23:00:00,Coimbatore,1506
2024-06-11 00:00:00,Kalyan,1961
2024-06-11 01:00:00,Ahmedabad,1706
2024-06-11 02:00:00,Delhi,1860
2024-06-11 03:00:00,Gwalior,2024
2024-06-11 04:00:00,Kolkata,2192
2024-06-11 05:00:00,Madurai,1866
2024-06-11 06:00:00,Vasai,2283
2024-06-11 07:00:00,Nagpur,1835
2024-06-11 08:00:00,Vadodara,2097
2024-06-11 09:00:00,Nashik,2171
2024-06-11 10:00:00,Delhi,2474
2024-06-11 11:00:00,Allahabad,2079
2024-06-11 12:00:00,Vasai,2907
2024-06-11 13:00:00,Ranchi,3093
2024-06-11 14:00:00,Ahmedabad,1960
2024-06-11 15:00:00,Madurai,2736
2024-06-11 16:00:00,Vasai,2706
2024-06-11 17:00:00,Bhopal,3056
2024-06-11 18:00:00,Vasai,3939
2024-06-11 19:00:00,Srinagar,3528
2024-06-11 20:00:00,Ludhiana,3682
2024-06-11 21:00:00,Kalyan,3279
2024-06-11 22:00:00,Gwalior,4246
2024-06-11 23:00:00,Patna,2082
2024-06-12 00:00:00,Navi Mumbai,2459
2024-06-12 01:00:00,Dhanbad,1767
2024-06-12 02:00:00,Vasai,1867
2024-06-12 03:00:00,Varanasi,2088
2024-06-12 04:00:00,Aurangabad,2383
2024-06-12 05:00:00,Mumbai,1557
2024-06-12 06:00:00,Chandigarh,1502
2024-06-12 07:00:00,Coimbatore,1767
2024-06-12 08:00:00,Raipur,1852
2024-06-12 09:00:00,Vijayawada,2916
2024-06-12 10:00:00,Kanpur,2848
2024-06-12 11:00:00,Chandigarh,3125
2024-06-12 12:00:00,Delhi,2417
2024-06-12 13:00:00,Rajkot,2571
2024-06-12 14:00:00,Amritsar,2272
2024-06-12 15:00:00,Bhopal,2131
2024-06-12 16:00:00,Madurai,2309
2024-06-12 17:00:00,Varanasi,2406
2024-06-12 18:00:00,Chandigarh,4387
2024-06-12 19:00:00,Ghaziabad,3260
2024-06-12 20:00:00,Meerut,3251
2024-06-12 21:00:00,Agra,3550
2024-06-12 22:00:00,Faridabad,3882
2024-06-12 23:00:00,Meerut,1793
2024-06-13 00:00:00,Thane,2323
2024-06-13 01:00:00,Amritsar,1354
2024-06-13 02:00:00,Indore,2272
2024-06-13 03:00:00,Vadodara,2552
2024-06-13 04:00:00,Amritsar,1670
2024-06-13 05:00:00,Allahabad,1784
2024-06-13 06:00:00,Ghaziabad,1494
2024-06-13 07:00:00,Meerut,1428
2024-06-13 08:00:00,Chennai,1404
2024-06-13 09:00:00,Gwalior,2794
2024-06-13 10:00:00,Mumbai,2766
2024-06-13 11:00:00,Howrah,2479
2024-06-13 12:00:00,Srinagar,2786
2024-06-13 13:00:00,Rajkot,3168
2024-06-13 14:00:00,Patna,3183
2024-06-13 15:00:00,Hubli,2954
2024-06-13 16:00:00,Ranchi,2138
2024-06-13 17:00:00,Jabalpur,2556
2024-06-13 18:00:00,Gwalior,3873
2024-06-13 19:00:00,Ghaziabad,2929
2024-06-13 20:00:00,Jaipur,4963
2024-06-13 21:00:00,Lucknow,3242
2024-06-13 22:00:00,Ranchi,3545
2024-06-13 23:00:00,Pune,1716
2024-06-14 00:00:00,Navi Mumbai,1891
2024-06-14 01:00:00,Pune,2382
2024-06-14 02:00:00,Amritsar,1763
2024-06-14 03:00:00,Bangalore,1300
2024-06-14 04:00:00,Gwalior,2111
2024-06-14 05:00:00,Varanasi,1893
2024-06-14 06:00:00,Varanasi,1903
2024-06-14 07:00:00,Kolkata,2291
2024-06-14 08:00:00,Visakhapatnam,1905
2024-06-14 09:00:00,Allahabad,2595
2024-06-14 10:00:00,Kanpur,3122
2024-06-14 11:00:00,Raipur,2973
2024-06-14 12:00:00,Hubli,2548
2024-06-14 13:00:00,Madurai,2340
2024-06-14 14:00:00,Indore,2361
2024-06-14 15:00:00,Jodhpur,2145
2024-06-14 16:00:00,Madurai,2632
2024-06-14 17:00:00,Thane,3244
2024-06-14 18:00:00,Jabalpur,3421
2024-06-14 19:00:00,Gwalior,4043
2024-06-14 20:00:00,Hyderabad,4483
2024-06-14 21:00:00,Hyderabad,4200
2024-06-14 22:00:00,Gwalior,3609
2024-06-14 23:00:00,Dhanbad,2004
2024-06-15 00:00:00,Pune,1607
2024-06-15 01:00:00,Dhanbad,1708
2024-06-15 02:00:00,Chennai,1772
2024-06-15 03:00:00,Hyderabad,1664
2024-06-15 04:00:00,Kota,1670
2024-06-15 05:00:00,Chennai,1546
2024-06-15 06:00:00,Madurai,2330
2024-06-15 07:00:00,Lucknow,1235
2024-06-15 08:00:00,Pune,2366
2024-06-15 09:00:00,Dhanbad,3242
2024-06-15 10:00:00,Vijayawada,2291
2024-06-15 11:00:00,Madurai,2425
2024-06-15 12:00:00,Vijayawada,2116
2024-06-15 13:00:00,Madurai,2633
2024-06-15 14:00:00,Varanasi,1928
2024-06-15 15:00:00,Jaipur,3237
2024-06-15 16:00:00,Kalyan,2087
2024-06-15 17:00:00,Ludhiana,2415
2024-06-15 18:00:00,Meerut,3224
2024-06-15 19:00:00,Vadodara,3247
2024-06-15 20:00:00,Jaipur,3863
2024-06-15 21:00:00,Kota,3053
2024-06-15 22:00:00,Vijayawada,3983
2024-06-15 23:00:00,Vadodara,1888
2024-06-16 00:00:00,Agra,1964
2024-06-16 01:00:00,Kota,2120
2024-06-16 02:00:00,Ahmedabad,2043
2024-06-16 03:00:00,Raipur,2468
2024-06-16 04:00:00,Meerut,1581
2024-06-16 05:00:00,Rajkot,1710
2024-06-16 06:00:00,Ghaziabad,1984
2024-06-16 07:00:00,Chandigarh,1728
2024-06-16 08:00:00,Solapur,1939
2024-06-16 09:00:00,Raipur,2924
2024-06-16 10:00:00,Vijayawada,2577
2024-06-16 11:00:00,Aurangabad,2037
2024-06-16 12:00:00,Kota,2346
2024-06-16 13:00:00,Aurangabad,2245
2024-06-16 14:00:00,Ranchi,2032
2024-06-16 15:00:00,Varanasi,2529
2024-06-16 16:00:00,Mumbai,2854
2024-06-16 17:00:00,Hubli,2029
2024-06-16 18:00:00,Kolkata,3904
2024-06-16 19:00:00,Bangalore,4054
2024-06-16 20:00:00,Kolkata,3585
2024-06-16 21:00:00,Kanpur,4302
2024-06-16 22:00:00,Kanpur,3064
2024-06-16 23:00:00,Ghaziabad,1867
2024-06-17 00:00:00,Jaipur,1509
2024-06-17 01:00:00,Nashik,1863
2024-06-17 02:00:00,Kota,2430
2024-06-17 03:00:00,Nashik,1726
2024-06-17 04:00:00,Faridabad,1461
2024-06-17 05:00:00,Patna,2408
2024-06-17 06:00:00,Jaipur,1518
2024-06-17 07:00:00,Guwahati,1674
2024-06-17 08:00:00,Amritsar,1875
2024-06-17 09:00:00,Ranchi,2825
2024-06-17 10:00:00,Thane,2397
2024-06-17 11:00:00,Chennai,3218
2024-06-17 12:00:00,Vasai,2600
2024-06-17 13:00:00,Rajkot,2571
2024-06-17 14:00:00,Raipur,2524
2024-06-17 15:00:00,Aurangabad,3227
2024-06-17 16:00:00,Dhanbad,2413
2024-06-17 17:00:00,Hubli,2802
2024-06-17 18:00:00,Hyderabad,3889
2024-06-17 19:00:00,Nagpur,2962
2024-06-17 20:00:00,Delhi,3119
2024-06-17 21:00:00,Varanasi,3437
2024-06-17 22:00:00,Chandigarh,3065
2024-06-17 23:00:00,Jabalpur,1375
2024-06-18 00:00:00,Hubli,2341
2024-06-18 01:00:00,Ranchi,1967
2024-06-18 02:00:00,Thane,1903
2024-06-18 03:00:00,Faridabad,2496
2024-06-18 04:00:00,Bangalore,2055
2024-06-18 05:00:00,Ghaziabad,1858
2024-06-18 06:00:00,Chandigarh,2285
2024-06-18 07:00:00,Srinagar,1691
2024-06-18 08:00:00,Ghaziabad,2086
2024-06-18 09:00:00,Delhi,3031
2024-06-18 10:00:00,Howrah,2838
2024-06-18 11:00:00,Ghaziabad,2792
2024-06-18 12:00:00,Navi Mumbai,2742
2024-06-18 13:00:00,Kota,2492
2024-06-18 14:00:00,Madurai,2512
2024-06-18 15:00:00,Coimbatore,3394
2024-06-18 16:00:00,Amritsar,2240
2024-06-18 17:00:00,Meerut,2768
2024-06-18 18:00:00,Jabalpur,3756
2024-06-18 19:00:00,Bhopal,4328
2024-06-18 20:00:00,Rajkot,3063
2024-06-18 21:00:00,Bhopal,4478
2024-06-18 22:00:00,Allahabad,4179
2024-06-18 23:00:00,Aurangabad,1798
2024-06-19 00:00:00,Kanpur,1970
2024-06-19 01:00:00,Aurangabad,1958
2024-06-19 02:00:00,Solapur,2399
2024-06-19 03:00:00,Amritsar,2150
2024-06-19 04:00:00,Delhi,1656
2024-06-19 05:00:00,Allahabad,2244
2024-06-19 06:00:00,Srinagar,2213
2024-06-19 07:00:00,Madurai,2105
2024-06-19 08:00:00,Delhi,2090
2024-06-19 09:00:00,Kolkata,2209
2024-06-19 10:00:00,Mumbai,2435
2024-06-19 11:00:00,Chennai,2491
2024-06-19 12:00:00,Kota,2865
2024-06-19 13:00:00,Madurai,2539
2024-06-19 14:00:00,Solapur,2835
2024-06-19 15:00:00,Coimbatore,2680
2024-06-19 16:00:00,Howrah,2384
2024-06-19 17:00:00,Ahmedabad,2384
2024-06-19 18:00:00,Rajkot,4535
2024-06-19 19:00:00,Madurai,3580
2024-06-19 20:00:00,Chandigarh,4263
2024-06-19 21:00:00,Chandigarh,3758
2024-06-19 22:00:00,Kalyan,3520
2024-06-19 23:00:00,Howrah,1529
2024-06-20 00:00:00,Kota,1575
2024-06-20 01:00:00,Agra,1570
2024-06-20 02:00:00,Chennai,2215
2024-06-20 03:00:00,Howrah,2125
2024-06-20 04:00:00,Vadodara,1910
2024-06-20 05:00:00,Hubli,1461
2024-06-20 06:00:00,Jaipur,2500
2024-06-20 07:00:00,Delhi,1872
2024-06-20 08:00:00,Amritsar,2031
2024-06-20 09:00:00,Hubli,2869
2024-06-20 10:00:00,Thane,2645
2024-06-20 11:00:00,Indore,2468
2024-06-20 12:00:00,Madurai,2687
2024-06-20 13:00:00,Ludhiana,2791
2024-06-20 14:00:00,Hyderabad,2163
2024-06-20 15:00:00,Chennai,2654
2024-06-20 16:00:00,Hubli,2626
2024-06-20 17:00:00,Chennai,2312
2024-06-20 18:00:00,Aurangabad,3483
2024-06-20 19:00:00,Delhi,3940
2024-06-20 20:00:00,Raipur,4608
2024-06-20 21:00:00,Vijayawada,3858
2024-06-20 22:00:00,Indore,3775
2024-06-20 23:00:00,Rajkot,1836
2024-06-21 00:00:00,Coimbatore,1949
2024-06-21 01:00:00,Nagpur,1971
2024-06-21 02:00:00,Thane,1716
2024-06-21 03:00:00,Vijayawada,1758
2024-06-21 04:00:00,Kalyan,1525
2024-06-21 05:00:00,Nashik,2127
2024-06-21 06:00:00,Agra,2253
2024-06-21 07:00:00,Srinagar,1822
2024-06-21 08:00:00,Allahabad,2094
2024-06-21 09:00:00,Raipur,3201
2024-06-21 10:00:00,Aurangabad,3422
2024-06-21 11:00:00,Mumbai,2818
2024-06-21 12:00:00,Meerut,2168
2024-06-21 13:00:00,Ludhiana,2842
2024-06-21 14:00:00,Guwahati,3118
2024-06-21 15:00:00,Hyderabad,3406
2024-06-21 16:00:00,Varanasi,2472
2024-06-21 17:00:00,Kalyan,2288
2024-06-21 18:00:00,Ghaziabad,3882
2024-06-21 19:00:00,Hubli,3422
2024-06-21 20:00:00,Kolkata,3287
2024-06-21 21:00:00,Kalyan,3118
2024-06-21 22:00:00,Navi Mumbai,3142
2024-06-21 23:00:00,Jabalpur,1632
2024-06-22 00:00:00,Kanpur,1548
2024-06-22 01:00:00,Chandigarh,2197
2024-06-22 02:00:00,Meerut,1757
2024-06-22 03:00:00,Ludhiana,2000
2024-06-22 04:00:00,Jabalpur,1564
2024-06-22 05:00:00,Vasai,2093
2024-06-22 06:00:00,Kolkata,1432
2024-06-22 07:00:00,Varanasi,1989
2024-06-22 08:00:00,Ranchi,1836
2024-06-22 09:00:00,Indore,2987
2024-06-22 10:00:00,Ludhiana,2084
2024-06-22 11:00:00,Srinagar,2004
2024-06-22 12:00:00,Jabalpur,2858
2024-06-22 13:00:00,Patna,2431
2024-06-22 14:00:00,Vadodara,2880
2024-06-22 15:00:00,Hubli,2581
2024-06-22 16:00:00,Ghaziabad,2478
2024-06-22 17:00:00,Jaipur,2228
2024-06-22 18:00:00,Rajkot,3042
2024-06-22 19:00:00,Kalyan,3869
2024-06-22 20:00:00,Thane,3357
2024-06-22 21:00:00,Chennai,3654
2024-06-22 22:00:00,Ludhiana,4352
2024-06-22 23:00:00,Thane,1783
2024-06-23 00:00:00,Chennai,2238
2024-06-23 01:00:00,Jodhpur,2112
2024-06-23 02:00:00,Kalyan,1847
2024-06-23 03:00:00,Ludhiana,1641
2024-06-23 04:00:00,Visakhapatnam,2141
2024-06-23 05:00:00,Indore,1248
2024-06-23 06:00:00,Meerut,2514
2024-06-23 07:00:00,Vasai,1905
2024-06-23 08:00:00,Madurai,2205
2024-06-23 09:00:00,Faridabad,2954
2024-06-23 10:00:00,Faridabad,2486
2024-06-23 11:00:00,Agra,3048
2024-06-23 12:00:00,Meerut,1905
2024-06-23 13:00:00,Solapur,2647
2024-06-23 14:00:00,Agra,2915
2024-06-23 15:00:00,Bangalore,2823
2024-06-23 16:00:00,Nagpur,2443
2024-06-23 17:00:00,Solapur,2122
2024-06-23 18:00:00,Faridabad,3714
2024-06-23 19:00:00,Vadodara,4040
2024-06-23 20:00:00,Dhanbad,3138
2024-06-23 21:00:00,Chennai,4048
2024-06-23 22:00:00,Hyderabad,4161
2024-06-23 23:00:00,Navi Mumbai,2411
2024-06-24 00:00:00,Howrah,2132
2024-06-24 01:00:00,Visakhapatnam,1935
2024-06-24 02:00:00,Bhopal,1347
2024-06-24 03:00:00,Patna,2080
2024-06-24 04:00:00,Ranchi,2154
2024-06-24 05:00:00,Raipur,2270
2024-06-24 06:00:00,Indore,2281
2024-06-24 07:00:00,Mumbai,1568
2024-06-24 08:00:00,Meerut,2375
2024-06-24 09:00:00,Delhi,3293
2024-06-24 10:00:00,Madurai,2105
2024-06-24 11:00:00,Solapur,2144
2024-06-24 12:00:00,Kanpur,3136
2024-06-24 13:00:00,Ludhiana,3189
2024-06-24 14:00:00,Srinagar,3000
2024-06-24 15:00:00,Lucknow,3121
2024-06-24 16:00:00,Delhi,2630
2024-06-24 17:00:00,Nashik,3010
2024-06-24 18:00:00,Hyderabad,4034
2024-06-24 19:00:00,Varanasi,2828
2024-06-24 20:00:00,Dhanbad,4146
2024-06-24 21:00:00,Chandigarh,4549
2024-06-24 22:00:00,Hubli,3746
2024-06-24 23:00:00,Ghaziabad,1636
2024-06-25 00:00:00,Ranchi,1289
2024-06-25 01:00:00,Faridabad,1644
2024-06-25 02:00:00,Thane,2169
2024-06-25 03:00:00,Nashik,1508
2024-06-25 04:00:00,Raipur,1719
2024-06-25 05:00:00,Bhopal,1859
2024-06-25 06:00:00,Gwalior,2087
2024-06-25 07:00:00,Mumbai,1603
2024-06-25 08:00:00,Madurai,2288
2024-06-25 09:00:00,Howrah,2633
2024-06-25 10:00:00,Kalyan,2750
2024-06-25 11:00:00,Allahabad,3019
2024-06-25 12:00:00,Ghaziabad,2391
2024-06-25 13:00:00,Dhanbad,3000
2024-06-25 14:00:00,Coimbatore,2511
2024-06-25 15:00:00,Visakhapatnam,2423
2024-06-25 16:00:00,Faridabad,2769
2024-06-25 17:00:00,Ranchi,3086
2024-06-25 18:00:00,Aurangabad,2625
2024-06-25 19:00:00,Hubli,3614
2024-06-25 20:00:00,Ahmedabad,3220
2024-06-25 21:00:00,Meerut,4783
2024-06-25 22:00:00,Visakhapatnam,4281
2024-06-25 23:00:00,Madurai,2234
2024-06-26 00:00:00,Jabalpur,1676
2024-06-26 01:00:00,Navi Mumbai,2315
2024-06-26 02:00:00,Chandigarh,2224
2024-06-26 03:00:00,Varanasi,2019
2024-06-26 04:00:00,Ghaziabad,2251
2024-06-26 05:00:00,Dhanbad,1909
2024-06-26 06:00:00,Kolkata,1380
2024-06-26 07:00:00,Aurangabad,1707
2024-06-26 08:00:00,Madurai,2187
2024-06-26 09:00:00,Ghaziabad,2535
2024-06-26 10:00:00,Chandigarh,2154
2024-06-26 11:00:00,Amritsar,2459
2024-06-26 12:00:00,Kalyan,2410
2024-06-26 13:00:00,Vadodara,3042
2024-06-26 14:00:00,Kolkata,2888
2024-06-26 15:00:00,Raipur,1986
2024-06-26 16:00:00,Ahmedabad,2548
2024-06-26 17:00:00,Guwahati,3209
2024-06-26 18:00:00,Ghaziabad,4614
2024-06-26 19:00:00,Madurai,3899
2024-06-26 20:00:00,Hyderabad,3708
2024-06-26 21:00:00,Ranchi,4029
2024-06-26 22:00:00,Meerut,4538
2024-06-26 23:00:00,Kanpur,1505
2024-06-27 00:00:00,Thane,1443
2024-06-27 01:00:00,Lucknow,2138
2024-06-27 02:00:00,Raipur,2261
2024-06-27 03:00:00,Jaipur,2323
2024-06-27 04:00:00,Navi Mumbai,1433
2024-06-27 05:00:00,Visakhapatnam,2347
2024-06-27 06:00:00,Kota,1896
2024-06-27 07:00:00,Allahabad,2170
2024-06-27 08:00:00,Gwalior,1845
2024-06-27 09:00:00,Indore,2919
2024-06-27 10:00:00,Madurai,2793
2024-06-27 11:00:00,Howrah,2744
2024-06-27 12:00:00,Kanpur,2708
2024-06-27 13:00:00,Bhopal,2793
2024-06-27 14:00:00,Thane,3299
2024-06-27 15:00:00,Kota,2640
2024-06-27 16:00:00,Vijayawada,3031
2024-06-27 17:00:00,Jabalpur,2609
2024-06-27 18:00:00,Visakhapatnam,3631
2024-06-27 19:00:00,Vadodara,3783
2024-06-27 20:00:00,Agra,3783
2024-06-27 21:00:00,Ghaziabad,4158
2024-06-27 22:00:00,Pune,3761
2024-06-27 23:00:00,Mumbai,2330
2024-06-28 00:00:00,Varanasi,1515
2024-06-28 01:00:00,Madurai,2413
2024-06-28 02:00:00,Indore,2361
2024-06-28 03:00:00,Coimbatore,2262
2024-06-28 04:00:00,Kota,1339
2024-06-28 05:00:00,Amritsar,1929
2024-06-28 06:00:00,Srinagar,1584
2024-06-28 07:00:00,Thane,1741
2024-06-28 08:00:00,Vasai,2323
2024-06-28 09:00:00,Kolkata,2236
2024-06-28 10:00:00,Coimbatore,3253
2024-06-28 11:00:00,Howrah,2371
2024-06-28 12:00:00,Vadodara,2435
2024-06-28 13:00:00,Chandigarh,2401
2024-06-28 14:00:00,Bangalore,2436
2024-06-28 15:00:00,Madurai,2514
2024-06-28 16:00:00,Nashik,2945
2024-06-28 17:00:00,Jodhpur,2498
2024-06-28 18:00:00,Gwalior,3928
2024-06-28 19:00:00,Chennai,3764
2024-06-28 20:00:00,Hubli,4284
2024-06-28 21:00:00,Indore,3632
2024-06-28 22:00:00,Faridabad,4032
2024-06-28 23:00:00,Amritsar,1466
2024-06-29 00:00:00,Varanasi,1970
2024-06-29 01:00:00,Pune,1435
2024-06-29 02:00:00,Ahmedabad,2049
2024-06-29 03:00:00,Bangalore,1608
2024-06-29 04:00:00,Vijayawada,1606
2024-06-29 05:00:00,Meerut,2018
2024-06-29 06:00:00,Meerut,1964
2024-06-29 07:00:00,Vijayawada,2194
2024-06-29 08:00:00,Chennai,1686
2024-06-29 09:00:00,Vasai,2892
2024-06-29 10:00:00,Jabalpur,3376
2024-06-29 11:00:00,Raipur,2731
2024-06-29 12:00:00,Srinagar,3145
2024-06-29 13:00:00,Vasai,2849
2024-06-29 14:00:00,Rajkot,2071
2024-06-29 15:00:00,Kolkata,2659
2024-06-29 16:00:00,Patna,2564
2024-06-29 17:00:00,Allahabad,2310
2024-06-29 18:00:00,Chennai,3490
2024-06-29 19:00:00,Bhopal,3387
2024-06-29 20:00:00,Ahmedabad,3247
2024-06-29 21:00:00,Kolkata,3451
2024-06-29 22:00:00,Ghaziabad,4113
2024-06-29 23:00:00,Vasai,1931
2024-06-30 00:00:00,Solapur,1711
2024-06-30 01:00:00,Amritsar,1749
2024-06-30 02:00:00,Navi Mumbai,1529
2024-06-30 03:00:00,Kota,2299
2024-06-30 04:00:00,Chandigarh,2035
2024-06-30 05:00:00,Raipur,1914
2024-06-30 06:00:00,Varanasi,1565
2024-06-30 07:00:00,Vijayawada,2124
2024-06-30 08:00:00,Patna,1876
2024-06-30 09:00:00,Amritsar,2505
2024-06-30 10:00:00,Jabalpur,2605
2024-06-30 11:00:00,Vasai,2431
2024-06-30 12:00:00,Rajkot,3010
2024-06-30 13:00:00,Indore,2934
2024-06-30 14:00:00,Howrah,2781
2024-06-30 15:00:00,Lucknow,2599
2024-06-30 16:00:00,Solapur,2958
2024-06-30 17:00:00,Rajkot,2832
2024-06-30 18:00:00,Rajkot,3319
2024-06-30 19:00:00,Ranchi,3920
2024-06-30 20:00:00,Rajkot,3760
2024-06-30 21:00:00,Allahabad,3963
2024-06-30 22:00:00,Aurangabad,3494
2024-06-30 23:00:00,Bangalore,2429
2024-07-01 00:00:00,Vijayawada,2234
2024-07-01 01:00:00,Jodhpur,2202
2024-07-01 02:00:00,Nashik,1333
2024-07-01 03:00:00,Chennai,2172
2024-07-01 04:00:00,Gwalior,1773
2024-07-01 05:00:00,Jabalpur,1970
2024-07-01 06:00:00,Chandigarh,1540
2024-07-01 07:00:00,Madurai,2010
2024-07-01 08:00:00,Pune,1984
2024-07-01 09:00:00,Nashik,2984
2024-07-01 10:00:00,Solapur,3146
2024-07-01 11:00:00,Kanpur,2893
2024-07-01 12:00:00,Jodhpur,3169
2024-07-01 13:00:00,Thane,2685
2024-07-01 14:00:00,Chandigarh,3103
2024-07-01 15:00:00,Allahabad,2325
2024-07-01 16:00:00,Aurangabad,2868
2024-07-01 17:00:00,Pune,2397
2024-07-01 18:00:00,Visakhapatnam,3959
2024-07-01 19:00:00,Meerut,3449
2024-07-01 20:00:00,Rajkot,3562
2024-07-01 21:00:00,Faridabad,3874
2024-07-01 22:00:00,Howrah,4089
2024-07-01 23:00:00,Aurangabad,2172
2024-07-02 00:00:00,Bhopal,1828
2024-07-02 01:00:00,Agra,1513
2024-07-02 02:00:00,Gwalior,2033
2024-07-02 03:00:00,Patna,2149
2024-07-02 04:00:00,Kanpur,1536
2024-07-02 05:00:00,Hubli,2281
2024-07-02 06:00:00,Dhanbad,2222
2024-07-02 07:00:00,Chennai,1781
2024-07-02 08:00:00,Ghaziabad,1670
2024-07-02 09:00:00,Jodhpur,2500
2024-07-02 10:00:00,Ghaziabad,2085
2024-07-02 11:00:00,Jabalpur,2474
2024-07-02 12:00:00,Patna,2684
2024-07-02 13:00:00,Indore,2393
2024-07-02 14:00:00,Jaipur,2580
2024-07-02 15:00:00,Agra,2275
2024-07-02 16:00:00,Patna,2372
2024-07-02 17:00:00,Rajkot,2896
2024-07-02 18:00:00,Bhopal,3866
2024-07-02 19:00:00,Bangalore,3822
2024-07-02 20:00:00,Faridabad,3191
2024-07-02 21:00:00,Patna,3810
2024-07-02 22:00:00,Vadodara,3685
2024-07-02 23:00:00,Delhi,1550
2024-07-03 00:00:00,Indore,1281
2024-07-03 01:00:00,Coimbatore,2302
2024-07-03 02:00:00,Nagpur,1665
2024-07-03 03:00:00,Kanpur,2536
2024-07-03 04:00:00,Pune,2155
2024-07-03 05:00:00,Kolkata,1278
2024-07-03 06:00:00,Vadodara,1632
2024-07-03 07:00:00,Nagpur,2053
2024-07-03 08:00:00,Kolkata,2213
2024-07-03 09:00:00,Ludhiana,2537
2024-07-03 10:00:00,Ludhiana,2882
2024-07-03 11:00:00,Indore,2259
2024-07-03 12:00:00,Visakhapatnam,2554
2024-07-03 13:00:00,Madurai,2444
2024-07-03 14:00:00,Kanpur,2210
2024-07-03 15:00:00,Visakhapatnam,2439
2024-07-03 16:00:00,Indore,2547
2024-07-03 17:00:00,Kalyan,2485
2024-07-03 18:00:00,Agra,3280
2024-07-03 19:00:00,Raipur,2985
2024-07-03 20:00:00,Hubli,4154
2024-07-03 21:00:00,Ghaziabad,3856
2024-07-03 22:00:00,Madurai,4504
2024-07-03 23:00:00,Chennai,1321
2024-07-04 00:00:00,Nashik,2092
2024-07-04 01:00:00,Vijayawada,1774
2024-07-04 02:00:00,Raipur,1791
2024-07-04 03:00:00,Nashik,1560
2024-07-04 04:00:00,Coimbatore,1328
2024-07-04 05:00:00,Solapur,1589
2024-07-04 06:00:00,Howrah,1581
2024-07-04 07:00:00,Delhi,1567
2024-07-04 08:00:00,Bangalore,1671
2024-07-04 09:00:00,Madurai,2563
2024-07-04 10:00:00,Mumbai,3125
2024-07-04 11:00:00,Allahabad,2352
2024-07-04 12:00:00,Solapur,2638
2024-07-04 13:00:00,Patna,2997
2024-07-04 14:00:00,Lucknow,3318
2024-07-04 15:00:00,Madurai,2200
2024-07-04 16:00:00,Bangalore,2642
2024-07-04 17:00:00,Coimbatore,2489
2024-07-04 18:00:00,Nagpur,3796
2024-07-04 19:00:00,Vasai,3076
2024-07-04 20:00:00,Srinagar,4660
2024-07-04 21:00:00,Ghaziabad,3282
2024-07-04 22:00:00,Jaipur,4158
2024-07-04 23:00:00,Rajkot,1495
2024-07-05 00:00:00,Navi Mumbai,1661
2024-07-05 01:00:00,Visakhapatnam,1730
2024-07-05 02:00:00,Kanpur,1821
2024-07-05 03:00:00,Bangalore,1906
2024-07-05 04:00:00,Rajkot,2227
2024-07-05 05:00:00,Pune,1591
2024-07-05 06:00:00,Mumbai,2191
2024-07-05 07:00:00,Solapur,1984
2024-07-05 08:00:00,Dhanbad,2332
2024-07-05 09:00:00,Allahabad,2260
2024-07-05 10:00:00,Srinagar,2986
2024-07-05 11:00:00,Nagpur,2042
2024-07-05 12:00:00,Allahabad,2361
2024-07-05 13:00:00,Kota,2353
2024-07-05 14:00:00,Solapur,2427
2024-07-05 15:00:00,Visakhapatnam,2341
2024-07-05 16:00:00,Meerut,2264
2024-07-05 17:00:00,Jodhpur,2220
2024-07-05 18:00:00,Agra,3436
2024-07-05 19:00:00,Srinagar,3361
2024-07-05 20:00:00,Guwahati,2931
2024-07-05 21:00:00,Aurangabad,4451
2024-07-05 22:00:00,Madurai,4772
2024-07-05 23:00:00,Ranchi,1810
2024-07-06 00:00:00,Hubli,2090
2024-07-06 01:00:00,Navi Mumbai,1930
2024-07-06 02:00:00,Jodhpur,1911
2024-07-06 03:00:00,Hubli,1549
2024-07-06 04:00:00,Ghaziabad,2409
2024-07-06 05:00:00,Howrah,1869
2024-07-06 06:00:00,Jaipur,1588
2024-07-06 07:00:00,Delhi,1904
2024-07-06 08:00:00,Gwalior,1954
2024-07-06 09:00:00,Ghaziabad,2578
2024-07-06 10:00:00,Varanasi,2826
2024-07-06 11:00:00,Coimbatore,2712
2024-07-06 12:00:00,Indore,2791
2024-07-06 13:00:00,Vasai,2745
2024-07-06 14:00:00,Rajkot,3475
2024-07-06 15:00:00,Ghaziabad,2446
2024-07-06 16:00:00,Solapur,2838
2024-07-06 17:00:00,Vadodara,3132
2024-07-06 18:00:00,Ranchi,3679
2024-07-06 19:00:00,Hubli,4233
2024-07-06 20:00:00,Gwalior,4724
2024-07-06 21:00:00,Jaipur,4684
2024-07-06 22:00:00,Ludhiana,3681
2024-07-06 23:00:00,Guwahati,2188
2024-07-07 00:00:00,Nagpur,2072
2024-07-07 01:00:00,Kota,2164
2024-07-07 02:00:00,Pune,1709
2024-07-07 03:00:00,Nagpur,2201
2024-07-07 04:00:00,Allahabad,1336
2024-07-07 05:00:00,Ranchi,1946
2024-07-07 06:00:00,Vasai,1260
2024-07-07 07:00:00,Aurangabad,1675
2024-07-07 08:00:00,Varanasi,1323
2024-07-07 09:00:00,Jabalpur,2918
2024-07-07 10:00:00,Ranchi,2818
2024-07-07 11:00:00,Coimbatore,2380
2024-07-07 12:00:00,Gwalior,1939
2024-07-07 13:00:00,Patna,2449
2024-07-07 14:00:00,Meerut,2393
2024-07-07 15:00:00,Indore,2350
2024-07-07 16:00:00,Ahmedabad,2642
2024-07-07 17:00:00,Kolkata,2781
2024-07-07 18:00:00,Nagpur,3658
2024-07-07 19:00:00,Ludhiana,3942
2024-07-07 20:00:00,Visakhapatnam,3334
2024-07-07 21:00:00,Howrah,2934
2024-07-07 22:00:00,Lucknow,3491
2024-07-07 23:00:00,Vadodara,1611
2024-07-08 00:00:00,Ranchi,1935
2024-07-08 01:00:00,Patna,2306
2024-07-08 02:00:00,Hyderabad,1992
2024-07-08 03:00:00,Thane,2142
2024-07-08 04:00:00,Vijayawada,1506
2024-07-08 05:00:00,Allahabad,2197
2024-07-08 06:00:00,Nashik,2467
2024-07-08 07:00:00,Gwalior,2168
2024-07-08 08:00:00,Hubli,2240
2024-07-08 09:00:00,Howrah,2570
2024-07-08 10:00:00,Patna,2678
2024-07-08 11:00:00,Coimbatore,2235
2024-07-08 12:00:00,Dhanbad,3035
2024-07-08 13:00:00,Indore,2276
2024-07-08 14:00:00,Srinagar,2211
2024-07-08 15:00:00,Kota,2877
2024-07-08 16:00:00,Kolkata,2695
2024-07-08 17:00:00,Solapur,1894
2024-07-08 18:00:00,Vadodara,3944
2024-07-08 19:00:00,Ahmedabad,3914
2024-07-08 20:00:00,Bangalore,4234
2024-07-08 21:00:00,Allahabad,4171
2024-07-08 22:00:00,Ghaziabad,4425
2024-07-08 23:00:00,Vijayawada,2494
2024-07-09 00:00:00,Indore,1720
2024-07-09 01:00:00,Lucknow,1964
2024-07-09 02:00:00,Ranchi,2425
2024-07-09 03:00:00,Bangalore,1421
2024-07-09 04:00:00,Patna,1771
2024-07-09 05:00:00,Hubli,1865
2024-07-09 06:00:00,Vasai,2063
2024-07-09 07:00:00,Chennai,2129
2024-07-09 08:00:00,Madurai,2170
2024-07-09 09:00:00,Coimbatore,2344
2024-07-09 10:00:00,Varanasi,2317
2024-07-09 11:00:00,Ghaziabad,2748
2024-07-09 12:00:00,Mumbai,3039
2024-07-09 13:00:00,Ranchi,1905
2024-07-09 14:00:00,Visakhapatnam,2396
2024-07-09 15:00:00,Mumbai,2869
2024-07-09 16:00:00,Srinagar,2729
2024-07-09 17:00:00,Lucknow,3395
2024-07-09 18:00:00,Kolkata,3341
2024-07-09 19:00:00,Dhanbad,3837
2024-07-09 20:00:00,Lucknow,3269
2024-07-09 21:00:00,Ranchi,4305
2024-07-09 22:00:00,Ghaziabad,3484
2024-07-09 23:00:00,Vasai,2168
2024-07-10 00:00:00,Vasai,1680
2024-07-10 01:00:00,Jabalpur,1657
2024-07-10 02:00:00,Kolkata,2421
2024-07-10 03:00:00,Hubli,1461
2024-07-10 04:00:00,Lucknow,1401
2024-07-10 05:00:00,Guwahati,1540
2024-07-10 06:00:00,Vijayawada,1534
2024-07-10 07:00:00,Ludhiana,1573
2024-07-10 08:00:00,Ahmedabad,1748
2024-07-10 09:00:00,Srinagar,2978
2024-07-10 10:00:00,Bangalore,2210
2024-07-10 11:00:00,Gwalior,2768
2024-07-10 12:00:00,Vasai,2608
2024-07-10 13:00:00,Srinagar,2558
2024-07-10 14:00:00,Nashik,2495
2024-07-10 15:00:00,Nagpur,2856
2024-07-10 16:00:00,Delhi,3259
2024-07-10 17:00:00,Vadodara,2425
2024-07-10 18:00:00,Kolkata,3240
2024-07-10 19:00:00,Raipur,3768
2024-07-10 20:00:00,Navi Mumbai,3245
2024-07-10 21:00:00,Varanasi,3292
2024-07-10 22:00:00,Thane,3842
2024-07-10 23:00:00,Rajkot,2289
2024-07-11 00:00:00,Jaipur,1739
2024-07-11 01:00:00,Faridabad,1774
2024-07-11 02:00:00,Madurai,1311
2024-07-11 03:00:00,Lucknow,2289
2024-07-11 04:00:00,Ludhiana,1346
2024-07-11 05:00:00,Navi Mumbai,1472
2024-07-11 06:00:00,Solapur,1552
2024-07-11 07:00:00,Coimbatore,2069
2024-07-11 08:00:00,Varanasi,1562
2024-07-11 09:00:00,Nashik,2771
2024-07-11 10:00:00,Chandigarh,2358
2024-07-11 11:00:00,Chandigarh,2913
2024-07-11 12:00:00,Aurangabad,2093
2024-07-11 13:00:00,Bhopal,2853
2024-07-11 14:00:00,Raipur,2943
2024-07-11 15:00:00,Chandigarh,2491
2024-07-11 16:00:00,Lucknow,2553
2024-07-11 17:00:00,Indore,3001
2024-07-11 18:00:00,Vasai,3472
2024-07-11 19:00:00,Patna,3491
2024-07-11 20:00:00,Pune,4523
2024-07-11 21:00:00,Lucknow,3258
2024-07-11 22:00:00,Bhopal,3468
2024-07-11 23:00:00,Vadodara,1294
2024-07-12 00:00:00,Indore,1714
2024-07-12 01:00:00,Ludhiana,1878
2024-07-12 02:00:00,Bangalore,1259
2024-07-12 03:00:00,Vadodara,1558
2024-07-12 04:00:00,Ghaziabad,1678
2024-07-12 05:00:00,Delhi,1535
2024-07-12 06:00:00,Lucknow,1851
2024-07-12 07:00:00,Ahmedabad,1895
2024-07-12 08:00:00,Allahabad,2249
2024-07-12 09:00:00,Mumbai,3468
2024-07-12 10:00:00,Mumbai,3081
2024-07-12 11:00:00,Jaipur,2993
2024-07-12 12:00:00,Ghaziabad,2443
2024-07-12 13:00:00,Navi Mumbai,2921
2024-07-12 14:00:00,Ludhiana,2305
2024-07-12 15:00:00,Howrah,2548
2024-07-12 16:00:00,Nagpur,2927
2024-07-12 17:00:00,Agra,2765
2024-07-12 18:00:00,Visakhapatnam,4491
2024-07-12 19:00:00,Nashik,3054
2024-07-12 20:00:00,Jabalpur,3378
2024-07-12 21:00:00,Hyderabad,3864
2024-07-12 22:00:00,Mumbai,4328
2024-07-12 23:00:00,Indore,1835
2024-07-13 00:00:00,Ludhiana,2114
2024-07-13 01:00:00,Pune,1530
2024-07-13 02:00:00,Ghaziabad,2036
2024-07-13 03:00:00,Ludhiana,1411
2024-07-13 04:00:00,Howrah,2388
2024-07-13 05:00:00,Ahmedabad,1783
2024-07-13 06:00:00,Agra,2002
2024-07-13 07:00:00,Indore,1761
2024-07-13 08:00:00,Ludhiana,1444
2024-07-13 09:00:00,Hubli,2768
2024-07-13 10:00:00,Meerut,3320
2024-07-13 11:00:00,Agra,3264
2024-07-13 12:00:00,Guwahati,2313
2024-07-13 13:00:00,Solapur,2912
2024-07-13 14:00:00,Allahabad,2729
2024-07-13 15:00:00,Chennai,2752
2024-07-13 16:00:00,Vasai,2641
2024-07-13 17:00:00,Howrah,2686
2024-07-13 18:00:00,Hyderabad,3069
2024-07-13 19:00:00,Meerut,3917
2024-07-13 20:00:00,Hyderabad,3260
2024-07-13 21:00:00,Aurangabad,2971
2024-07-13 22:00:00,Jabalpur,4415
2024-07-13 23:00:00,Ludhiana,1689
2024-07-14 00:00:00,Allahabad,2366
2024-07-14 01:00:00,Kolkata,1682
2024-07-14 02:00:00,Pune,2215
2024-07-14 03:00:00,Jaipur,2004
2024-07-14 04:00:00,Allahabad,1394
2024-07-14 05:00:00,Agra,2343
2024-07-14 06:00:00,Bhopal,1704
2024-07-14 07:00:00,Hyderabad,1993
2024-07-14 08:00:00,Raipur,1567
2024-07-14 09:00:00,Bangalore,2512
2024-07-14 10:00:00,Mumbai,2800
2024-07-14 11:00:00,Dhanbad,2905
2024-07-14 12:00:00,Rajkot,2496
2024-07-14 13:00:00,Nashik,3088
2024-07-14 14:00:00,Amritsar,2151
2024-07-14 15:00:00,Kota,2412
2024-07-14 16:00:00,Meerut,3325
2024-07-14 17:00:00,Vasai,2103
2024-07-14 18:00:00,Rajkot,4485
2024-07-14 19:00:00,Delhi,3474
2024-07-14 20:00:00,Kanpur,4051
2024-07-14 21:00:00,Ludhiana,4142
2024-07-14 22:00:00,Thane,3534
2024-07-14 23:00:00,Chennai,1651
2024-07-15 00:00:00,Faridabad,2001
2024-07-15 01:00:00,Chandigarh,2205
2024-07-15 02:00:00,Ghaziabad,1820
2024-07-15 03:00:00,Vasai,1824
2024-07-15 04:00:00,Ranchi,1642
2024-07-15 05:00:00,Jaipur,2341
2024-07-15 06:00:00,Rajkot,1649
2024-07-15 07:00:00,Delhi,1427
2024-07-15 08:00:00,Delhi,1673
2024-07-15 09:00:00,Faridabad,2998
2024-07-15 10:00:00,Kolkata,2250
2024-07-15 11:00:00,Ludhiana,2542
2024-07-15 12:00:00,Nashik,2453
2024-07-15 13:00:00,Ludhiana,2467
2024-07-15 14:00:00,Srinagar,2936
2024-07-15 15:00:00,Ranchi,2896
2024-07-15 16:00:00,Allahabad,3043
2024-07-15 17:00:00,Rajkot,2484
2024-07-15 18:00:00,Hyderabad,2714
2024-07-15 19:00:00,Varanasi,3993
2024-07-15 20:00:00,Srinagar,3192
2024-07-15 21:00:00,Howrah,3425
2024-07-15 22:00:00,Aurangabad,4813
2024-07-15 23:00:00,Meerut,2568
2024-07-16 00:00:00,Gwalior,1550
2024-07-16 01:00:00,Navi Mumbai,2201
2024-07-16 02:00:00,Vadodara,1916
2024-07-16 03:00:00,Madurai,2117
2024-07-16 04:00:00,Meerut,2364
2024-07-16 05:00:00,Jodhpur,1849
2024-07-16 06:00:00,Nagpur,2136
2024-07-16 07:00:00,Howrah,1379
2024-07-16 08:00:00,Jodhpur,1289
2024-07-16 09:00:00,Vijayawada,2496
2024-07-16 10:00:00,Hubli,2519
2024-07-16 11:00:00,Srinagar,2621
2024-07-16 12:00:00,Solapur,2791
2024-07-16 13:00:00,Ghaziabad,2814
2024-07-16 14:00:00,Ranchi,2649
2024-07-16 15:00:00,Hubli,1920
2024-07-16 16:00:00,Lucknow,2599
2024-07-16 17:00:00,Kota,3278
2024-07-16 18:00:00,Varanasi,2933
2024-07-16 19:00:00,Mumbai,3476
2024-07-16 20:00:00,Agra,3269
2024-07-16 21:00:00,Rajkot,4069
2024-07-16 22:00:00,Srinagar,4092
2024-07-16 23:00:00,Ahmedabad,1448
2024-07-17 00:00:00,Kota,2062
2024-07-17 01:00:00,Jodhpur,1979
2024-07-17 02:00:00,Nashik,2226
2024-07-17 03:00:00,Srinagar,1873
2024-07-17 04:00:00,Ranchi,1262
2024-07-17 05:00:00,Solapur,1711
2024-07-17 06:00:00,Gwalior,1765
2024-07-17 07:00:00,Thane,1969
2024-07-17 08:00:00,Chandigarh,2173
2024-07-17 09:00:00,Mumbai,2883
2024-07-17 10:00:00,Ahmedabad,3114
2024-07-17 11:00:00,Nashik,2806
2024-07-17 12:00:00,Chandigarh,2042
2024-07-17 13:00:00,Chennai,3253
2024-07-17 14:00:00,Indore,2707
2024-07-17 15:00:00,Meerut,2613
2024-07-17 16:00:00,Pune,2055
2024-07-17 17:00:00,Chandigarh,2361
2024-07-17 18:00:00,Pune,3736
2024-07-17 19:00:00,Ahmedabad,3862
2024-07-17 20:00:00,Lucknow,3979
2024-07-17 21:00:00,Bangalore,4402
2024-07-17 22:00:00,Srinagar,4169
2024-07-17 23:00:00,Indore,1630
2024-07-18 00:00:00,Hubli,1491
2024-07-18 01:00:00,Amritsar,2194
2024-07-18 02:00:00,Meerut,2286
2024-07-18 03:00:00,Nagpur,1679
2024-07-18 04:00:00,Jodhpur,1367
2024-07-18 05:00:00,Gwalior,1809
2024-07-18 06:00:00,Coimbatore,2345
2024-07-18 07:00:00,Agra,2203
2024-07-18 08:00:00,Ludhiana,1849
2024-07-18 09:00:00,Mumbai,2319
2024-07-18 10:00:00,Kanpur,2488
2024-07-18 11:00:00,Thane,2606
2024-07-18 12:00:00,Chennai,2951
2024-07-18 13:00:00,Kalyan,2567
2024-07-18 14:00:00,Kolkata,1886
2024-07-18 15:00:00,Ludhiana,2679
2024-07-18 16:00:00,Ghaziabad,2817
2024-07-18 17:00:00,Gwalior,2892
2024-07-18 18:00:00,Kota,4294
2024-07-18 19:00:00,Agra,4425
2024-07-18 20:00:00,Meerut,4189
2024-07-18 21:00:00,Chennai,4217
2024-07-18 22:00:00,Varanasi,3932
2024-07-18 23:00:00,Indore,1538
2024-07-19 00:00:00,Ghaziabad,1633
2024-07-19 01:00:00,Kanpur,1973
2024-07-19 02:00:00,Varanasi,1772
2024-07-19 03:00:00,Ludhiana,2305
2024-07-19 04:00:00,Kolkata,1669
2024-07-19 05:00:00,Visakhapatnam,2045
2024-07-19 06:00:00,Chennai,2087
2024-07-19 07:00:00,Visakhapatnam,2420
2024-07-19 08:00:00,Dhanbad,1738
2024-07-19 09:00:00,Srinagar,2546
2024-07-19 10:00:00,Nashik,2543
2024-07-19 11:00:00,Mumbai,2995
2024-07-19 12:00:00,Patna,3009
2024-07-19 13:00:00,Faridabad,2168
2024-07-19 14:00:00,Chandigarh,3031
2024-07-19 15:00:00,Agra,2900
2024-07-19 16:00:00,Lucknow,2489
2024-07-19 17:00:00,Pune,3292
2024-07-19 18:00:00,Ranchi,3096
2024-07-19 19:00:00,Hubli,3099
2024-07-19 20:00:00,Visakhapatnam,3461
2024-07-19 21:00:00,Kalyan,3039
2024-07-19 22:00:00,Kota,3301
2024-07-19 23:00:00,Bhopal,1456
2024-07-20 00:00:00,Thane,2241
2024-07-20 01:00:00,Lucknow,1395
2024-07-20 02:00:00,Nashik,1486
2024-07-20 03:00:00,Allahabad,1836
2024-07-20 04:00:00,Navi Mumbai,1622
2024-07-20 05:00:00,Indore,1559
2024-07-20 06:00:00,Delhi,1714
2024-07-20 07:00:00,Solapur,1593
2024-07-20 08:00:00,Lucknow,1572
2024-07-20 09:00:00,Solapur,2279
2024-07-20 10:00:00,Aurangabad,2824
2024-07-20 11:00:00,Patna,2799
2024-07-20 12:00:00,Bhopal,2575
2024-07-20 13:00:00,Ahmedabad,2630
2024-07-20 14:00:00,Visakhapatnam,3018
2024-07-20 15:00:00,Madurai,2411
2024-07-20 16:00:00,Nashik,3254
2024-07-20 17:00:00,Meerut,2404
2024-07-20 18:00:00,Kanpur,4637
2024-07-20 19:00:00,Vadodara,3700
2024-07-20 20:00:00,Kota,3212
2024-07-20 21:00:00,Pune,4287
2024-07-20 22:00:00,Bangalore,3533
2024-07-20 23:00:00,Delhi,1695
2024-07-21 00:00:00,Aurangabad,2241
2024-07-21 01:00:00,Ghaziabad,2185
2024-07-21 02:00:00,Bangalore,1904
2024-07-21 03:00:00,Jabalpur,1408
2024-07-21 04:00:00,Hyderabad,1802
2024-07-21 05:00:00,Gwalior,1857
2024-07-21 06:00:00,Madurai,2101
2024-07-21 07:00:00,Vijayawada,1543
2024-07-21 08:00:00,Srinagar,1627
2024-07-21 09:00:00,Dhanbad,2824
2024-07-21 10:00:00,Vijayawada,2195
2024-07-21 11:00:00,Solapur,2358
2024-07-21 12:00:00,Faridabad,2673
2024-07-21 13:00:00,Guwahati,2856
2024-07-21 14:00:00,Faridabad,2442
2024-07-21 15:00:00,Agra,2053
2024-07-21 16:00:00,Vasai,2332
2024-07-21 17:00:00,Gwalior,2873
2024-07-21 18:00:00,Faridabad,3838
2024-07-21 19:00:00,Ludhiana,2863
2024-07-21 20:00:00,Rajkot,4007
2024-07-21 21:00:00,Solapur,3230
2024-07-21 22:00:00,Hubli,4021
2024-07-21 23:00:00,Madurai,2255
2024-07-22 00:00:00,Guwahati,1827
2024-07-22 01:00:00,Rajkot,1866
2024-07-22 02:00:00,Rajkot,1802
2024-07-22 03:00:00,Jaipur,1706
2024-07-22 04:00:00,Indore,1622
2024-07-22 05:00:00,Kota,1269
2024-07-22 06:00:00,Vijayawada,2087
2024-07-22 07:00:00,Gwalior,1665
2024-07-22 08:00:00,Delhi,1868
2024-07-22 09:00:00,Vijayawada,2928
2024-07-22 10:00:00,Kalyan,3180
2024-07-22 11:00:00,Solapur,3403
2024-07-22 12:00:00,Guwahati,2244
2024-07-22 13:00:00,Vasai,3162
2024-07-22 14:00:00,Jabalpur,2798
2024-07-22 15:00:00,Hyderabad,2772
2024-07-22 16:00:00,Vadodara,2759
2024-07-22 17:00:00,Thane,2845
2024-07-22 18:00:00,Chennai,3855
2024-07-22 19:00:00,Amritsar,3353
2024-07-22 20:00:00,Ranchi,3160
2024-07-22 21:00:00,Kanpur,4411
2024-07-22 22:00:00,Chennai,4426
2024-07-22 23:00:00,Coimbatore,2173
2024-07-23 00:00:00,Ludhiana,2131
2024-07-23 01:00:00,Rajkot,1915
2024-07-23 02:00:00,Indore,1956
2024-07-23 03:00:00,Jabalpur,2395
2024-07-23 04:00:00,Bangalore,1432
2024-07-23 05:00:00,Rajkot,1634
2024-07-23 06:00:00,Navi Mumbai,2457
2024-07-23 07:00:00,Howrah,2157
2024-07-23 08:00:00,Dhanbad,1573
2024-07-23 09:00:00,Ranchi,2004
2024-07-23 10:00:00,Vasai,2851
2024-07-23 11:00:00,Chennai,1963
2024-07-23 12:00:00,Jodhpur,2626
2024-07-23 13:00:00,Solapur,2751
2024-07-23 14:00:00,Howrah,3076
2024-07-23 15:00:00,Meerut,2500
2024-07-23 16:00:00,Varanasi,3309
2024-07-23 17:00:00,Lucknow,3059
2024-07-23 18:00:00,Gwalior,3885
2024-07-23 19:00:00,Bhopal,3593
2024-07-23 20:00:00,Delhi,2936
2024-07-23 21:00:00,Vasai,4744
2024-07-23 22:00:00,Madurai,4006
2024-07-23 23:00:00,Kanpur,1875
2024-07-24 00:00:00,Navi Mumbai,1858
2024-07-24 01:00:00,Dhanbad,2043
2024-07-24 02:00:00,Srinagar,1446
2024-07-24 03:00:00,Varanasi,1738
2024-07-24 04:00:00,Hubli,1960
2024-07-24 05:00:00,Hyderabad,2257
2024-07-24 06:00:00,Howrah,1954
2024-07-24 07:00:00,Howrah,1520
2024-07-24 08:00:00,Jodhpur,1621
2024-07-24 09:00:00,Madurai,2840
2024-07-24 10:00:00,Nagpur,3102
2024-07-24 11:00:00,Bangalore,2655
2024-07-24 12:00:00,Chennai,2569
2024-07-24 13:00:00,Delhi,2296
2024-07-24 14:00:00,Kalyan,2062
2024-07-24 15:00:00,Coimbatore,2496
2024-07-24 16:00:00,Vadodara,3235
2024-07-24 17:00:00,Nagpur,3001
2024-07-24 18:00:00,Solapur,3736
2024-07-24 19:00:00,Hubli,3997
2024-07-24 20:00:00,Bangalore,3833
2024-07-24 21:00:00,Jabalpur,3163
2024-07-24 22:00:00,Kota,3228
2024-07-24 23:00:00,Ranchi,1456
2024-07-25 00:00:00,Kota,2005
2024-07-25 01:00:00,Allahabad,1918
2024-07-25 02:00:00,Jabalpur,1422
2024-07-25 03:00:00,Coimbatore,1849
2024-07-25 04:00:00,Raipur,1857
2024-07-25 05:00:00,Visakhapatnam,1772
2024-07-25 06:00:00,Kalyan,1521
2024-07-25 07:00:00,Allahabad,2054
2024-07-25 08:00:00,Navi Mumbai,1959
2024-07-25 09:00:00,Chandigarh,2328
2024-07-25 10:00:00,Mumbai,2806
2024-07-25 11:00:00,Navi Mumbai,2516
2024-07-25 12:00:00,Rajkot,3117
2024-07-25 13:00:00,Pune,2651
2024-07-25 14:00:00,Patna,2732
2024-07-25 15:00:00,Howrah,2612
2024-07-25 16:00:00,Hubli,1995
2024-07-25 17:00:00,Mumbai,2142
2024-07-25 18:00:00,Thane,4070
2024-07-25 19:00:00,Ahmedabad,3657
2024-07-25 20:00:00,Ghaziabad,4139
2024-07-25 21:00:00,Bangalore,3121
2024-07-25 22:00:00,Indore,4017
2024-07-25 23:00:00,Thane,1620
2024-07-26 00:00:00,Chennai,2149
2024-07-26 01:00:00,Jabalpur,1826
2024-07-26 02:00:00,Aurangabad,2237
2024-07-26 03:00:00,Agra,2166
2024-07-26 04:00:00,Navi Mumbai,1837
2024-07-26 05:00:00,Nagpur,2267
2024-07-26 06:00:00,Chandigarh,2278
2024-07-26 07:00:00,Jabalpur,1713
2024-07-26 08:00:00,Agra,1745
2024-07-26 09:00:00,Guwahati,2896
2024-07-26 10:00:00,Jabalpur,2647
2024-07-26 11:00:00,Patna,2917
2024-07-26 12:00:00,Kota,3227
2024-07-26 13:00:00,Aurangabad,2358
2024-07-26 14:00:00,Gwalior,2723
2024-07-26 15:00:00,Lucknow,2795
2024-07-26 16:00:00,Agra,2468
2024-07-26 17:00:00,Dhanbad,2977
2024-07-26 18:00:00,Kanpur,4146
2024-07-26 19:00:00,Vasai,3510
2024-07-26 20:00:00,Coimbatore,3283
2024-07-26 21:00:00,Mumbai,3822
2024-07-26 22:00:00,Delhi,4243
2024-07-26 23:00:00,Thane,1725
2024-07-27 00:00:00,Mumbai,1539
2024-07-27 01:00:00,Faridabad,1970
2024-07-27 02:00:00,Hubli,1469
2024-07-27 03:00:00,Vasai,1949
2024-07-27 04:00:00,Faridabad,1625
2024-07-27 05:00:00,Jaipur,1556
2024-07-27 06:00:00,Kolkata,2181
2024-07-27 07:00:00,Allahabad,1761
2024-07-27 08:00:00,Vadodara,2538
2024-07-27 09:00:00,Jaipur,2847
2024-07-27 10:00:00,Kota,2422
2024-07-27 11:00:00,Kota,2316
2024-07-27 12:00:00,Coimbatore,2953
2024-07-27 13:00:00,Nagpur,2396
2024-07-27 14:00:00,Chandigarh,3303
2024-07-27 15:00:00,Kolkata,2316
2024-07-27 16:00:00,Agra,2586
2024-07-27 17:00:00,Navi Mumbai,2558
2024-07-27 18:00:00,Thane,4758
2024-07-27 19:00:00,Kolkata,4207
2024-07-27 20:00:00,Patna,4017
2024-07-27 21:00:00,Coimbatore,4107
2024-07-27 22:00:00,Howrah,4731
2024-07-27 23:00:00,Ranchi,1754
2024-07-28 00:00:00,Jaipur,1538
2024-07-28 01:00:00,Ludhiana,2458
2024-07-28 02:00:00,Kanpur,1634
2024-07-28 03:00:00,Dhanbad,1334
2024-07-28 04:00:00,Ghaziabad,2213
2024-07-28 05:00:00,Kolkata,2435
2024-07-28 06:00:00,Vijayawada,2241
2024-07-28 07:00:00,Kalyan,1416
2024-07-28 08:00:00,Bangalore,1686
2024-07-28 09:00:00,Hubli,2520
2024-07-28 10:00:00,Jaipur,3176
2024-07-28 11:00:00,Patna,2600
2024-07-28 12:00:00,Jaipur,2956
2024-07-28 13:00:00,Meerut,2325
2024-07-28 14:00:00,Mumbai,3282
2024-07-28 15:00:00,Faridabad,3047
2024-07-28 16:00:00,Ranchi,2792
2024-07-28 17:00:00,Indore,2220
2024-07-28 18:00:00,Hubli,3455
2024-07-28 19:00:00,Thane,3700
2024-07-28 20:00:00,Allahabad,4598
2024-07-28 21:00:00,Vadodara,2977
2024-07-28 22:00:00,Ghaziabad,4173
2024-07-28 23:00:00,Raipur,1985
2024-07-29 00:00:00,Chennai,2342
2024-07-29 01:00:00,Jaipur,2499
2024-07-29 02:00:00,Ranchi,2025
2024-07-29 03:00:00,Delhi,2040
2024-07-29 04:00:00,Kanpur,2088
2024-07-29 05:00:00,Howrah,2255
2024-07-29 06:00:00,Amritsar,2062
2024-07-29 07:00:00,Gwalior,2332
2024-07-29 08:00:00,Kalyan,1880
2024-07-29 09:00:00,Delhi,3114
2024-07-29 10:00:00,Navi Mumbai,3283
2024-07-29 11:00:00,Coimbatore,2696
2024-07-29 12:00:00,Srinagar,2180
2024-07-29 13:00:00,Mumbai,2549
2024-07-29 14:00:00,Jaipur,1865
2024-07-29 15:00:00,Thane,2327
2024-07-29 16:00:00,Gwalior,3001
2024-07-29 17:00:00,Coimbatore,2347
2024-07-29 18:00:00,Kanpur,3949
2024-07-29 19:00:00,Lucknow,4309
2024-07-29 20:00:00,Bangalore,3321
2024-07-29 21:00:00,Howrah,3531
2024-07-29 22:00:00,Visakhapatnam,4221
2024-07-29 23:00:00,Allahabad,1520
2024-07-30 00:00:00,Hyderabad,1505
2024-07-30 01:00:00,Jodhpur,1940
2024-07-30 02:00:00,Pune,1405
2024-07-30 03:00:00,Ahmedabad,1914
2024-07-30 04:00:00,Patna,1910
2024-07-30 05:00:00,Kalyan,1641
2024-07-30 06:00:00,Ranchi,2014
2024-07-30 07:00:00,Jaipur,2001
2024-07-30 08:00:00,Mumbai,1848
2024-07-30 09:00:00,Vadodara,3365
2024-07-30 10:00:00,Agra,2484
2024-07-30 11:00:00,Srinagar,2261
2024-07-30 12:00:00,Dhanbad,2943
2024-07-30 13:00:00,Vijayawada,2364
2024-07-30 14:00:00,Chandigarh,2706
2024-07-30 15:00:00,Ludhiana,2521
2024-07-30 16:00:00,Rajkot,1996
2024-07-30 17:00:00,Mumbai,2566
2024-07-30 18:00:00,Ludhiana,4798
2024-07-30 19:00:00,Varanasi,3320
2024-07-30 20:00:00,Ranchi,4429
2024-07-30 21:00:00,Meerut,3297
2024-07-30 22:00:00,Ranchi,3498
2024-07-30 23:00:00,Patna,2315
2024-07-31 00:00:00,Amritsar,2083
2024-07-31 01:00:00,Agra,1836
2024-07-31 02:00:00,Gwalior,1586
2024-07-31 03:00:00,Vasai,1760
2024-07-31 04:00:00,Dhanbad,1779
2024-07-31 05:00:00,Agra,1821
2024-07-31 06:00:00,Vijayawada,2095
2024-07-31 07:00:00,Guwahati,1596
2024-07-31 08:00:00,Jabalpur,2102
2024-07-31 09:00:00,Hubli,3397
2024-07-31 10:00:00,Howrah,2549
2024-07-31 11:00:00,Bhopal,2556
2024-07-31 12:00:00,Hyderabad,2750
2024-07-31 13:00:00,Rajkot,2372
2024-07-31 14:00:00,Vijayawada,2632
2024-07-31 15:00:00,Hubli,2648
2024-07-31 16:00:00,Raipur,2680
2024-07-31 17:00:00,Agra,2147
2024-07-31 18:00:00,Hyderabad,3321
2024-07-31 19:00:00,Jodhpur,3504
2024-07-31 20:00:00,Navi Mumbai,3635
2024-07-31 21:00:00,Jaipur,3412
2024-07-31 22:00:00,Lucknow,4157
2024-07-31 23:00:00,Patna,2230
2024-08-01 00:00:00,Mumbai,2180
2024-08-01 01:00:00,Madurai,1755
2024-08-01 02:00:00,Hubli,2075
2024-08-01 03:00:00,Hubli,1946
2024-08-01 04:00:00,Agra,1538
2024-08-01 05:00:00,Visakhapatnam,2427
2024-08-01 06:00:00,Pune,1682
2024-08-01 07:00:00,Ghaziabad,1710
2024-08-01 08:00:00,Nagpur,1951
2024-08-01 09:00:00,Nashik,3372
2024-08-01 10:00:00,Hyderabad,2337
2024-08-01 11:00:00,Hubli,2726
2024-08-01 12:00:00,Ghaziabad,3064
2024-08-01 13:00:00,Mumbai,3202
2024-08-01 14:00:00,Amritsar,2210
2024-08-01 15:00:00,Hubli,2353
2024-08-01 16:00:00,Coimbatore,2657
2024-08-01 17:00:00,Madurai,2323
2024-08-01 18:00:00,Kalyan,4613
2024-08-01 19:00:00,Chandigarh,3528
2024-08-01 20:00:00,Nashik,3325
2024-08-01 21:00:00,Kolkata,4408
2024-08-01 22:00:00,Bangalore,4081
2024-08-01 23:00:00,Chennai,1664
2024-08-02 00:00:00,Kolkata,2080
2024-08-02 01:00:00,Gwalior,1502
2024-08-02 02:00:00,Visakhapatnam,1993
2024-08-02 03:00:00,Chennai,1979
2024-08-02 04:00:00,Amritsar,2173
2024-08-02 05:00:00,Ahmedabad,1594
2024-08-02 06:00:00,Ahmedabad,2188
2024-08-02 07:00:00,Ahmedabad,1786
2024-08-02 08:00:00,Vijayawada,2207
2024-08-02 09:00:00,Vadodara,2500
2024-08-02 10:00:00,Srinagar,2656
2024-08-02 11:00:00,Jaipur,2476
2024-08-02 12:00:00,Kalyan,2868
2024-08-02 13:00:00,Indore,2846
2024-08-02 14:00:00,Bhopal,2990
2024-08-02 15:00:00,Thane,2598
2024-08-02 16:00:00,Visakhapatnam,3378
2024-08-02 17:00:00,Lucknow,3320
2024-08-02 18:00:00,Faridabad,3137
2024-08-02 19:00:00,Ludhiana,3070
2024-08-02 20:00:00,Vijayawada,3891
2024-08-02 21:00:00,Coimbatore,4191
2024-08-02 22:00:00,Bhopal,3961
2024-08-02 23:00:00,Pune,2282
2024-08-03 00:00:00,Mumbai,2367
2024-08-03 01:00:00,Vasai,1749
2024-08-03 02:00:00,Ahmedabad,1857
2024-08-03 03:00:00,Agra,1268
2024-08-03 04:00:00,Bhopal,1539
2024-08-03 05:00:00,Vasai,1543
2024-08-03 06:00:00,Meerut,1312
2024-08-03 07:00:00,Pune,1454
2024-08-03 08:00:00,Ahmedabad,2207
2024-08-03 09:00:00,Indore,2323
2024-08-03 10:00:00,Meerut,2898
2024-08-03 11:00:00,Coimbatore,2825
2024-08-03 12:00:00,Jodhpur,3067
2024-08-03 13:00:00,Ranchi,2222
2024-08-03 14:00:00,Ahmedabad,2290
2024-08-03 15:00:00,Aurangabad,2519
2024-08-03 16:00:00,Indore,2194
2024-08-03 17:00:00,Allahabad,2710
2024-08-03 18:00:00,Ranchi,4114
2024-08-03 19:00:00,Vadodara,3255
2024-08-03 20:00:00,Jodhpur,3401
2024-08-03 21:00:00,Jodhpur,2847
2024-08-03 22:00:00,Dhanbad,2578
2024-08-03 23:00:00,Aurangabad,2126
2024-08-04 00:00:00,Allahabad,1760
2024-08-04 01:00:00,Kota,1678
2024-08-04 02:00:00,Nagpur,1587
2024-08-04 03:00:00,Indore,1841
2024-08-04 04:00:00,Hyderabad,1805
2024-08-04 05:00:00,Howrah,1854
2024-08-04 06:00:00,Bangalore,1845
2024-08-04 07:00:00,Hyderabad,2289
2024-08-04 08:00:00,Chennai,1688
2024-08-04 09:00:00,Kalyan,2648
2024-08-04 10:00:00,Bangalore,2130
2024-08-04 11:00:00,Rajkot,2667
2024-08-04 12:00:00,Ahmedabad,2285
2024-08-04 13:00:00,Madurai,2714
2024-08-04 14:00:00,Varanasi,3227
2024-08-04 15:00:00,Meerut,2450
2024-08-04 16:00:00,Howrah,2963
2024-08-04 17:00:00,Bangalore,2050
2024-08-04 18:00:00,Thane,3405
2024-08-04 19:00:00,Kota,3425
2024-08-04 20:00:00,Patna,4352
2024-08-04 21:00:00,Meerut,3385
2024-08-04 22:00:00,Coimbatore,4020
2024-08-04 23:00:00,Jodhpur,2290
2024-08-05 00:00:00,Mumbai,1494
2024-08-05 01:00:00,Aurangabad,1766
2024-08-05 02:00:00,Dhanbad,2085
2024-08-05 03:00:00,Allahabad,1920
2024-08-05 04:00:00,Dhanbad,2334
2024-08-05 05:00:00,Nashik,1237
2024-08-05 06:00:00,Coimbatore,2276
2024-08-05 07:00:00,Thane,1773
2024-08-05 08:00:00,Guwahati,1340
2024-08-05 09:00:00,Kanpur,2615
2024-08-05 10:00:00,Srinagar,2578
2024-08-05 11:00:00,Amritsar,2414
2024-08-05 12:00:00,Srinagar,2574
2024-08-05 13:00:00,Solapur,2666
2024-08-05 14:00:00,Delhi,2162
2024-08-05 15:00:00,Jodhpur,2214
2024-08-05 16:00:00,Nashik,2704
2024-08-05 17:00:00,Vijayawada,2318
2024-08-05 18:00:00,Madurai,4422
2024-08-05 19:00:00,Ludhiana,4420
2024-08-05 20:00:00,Mumbai,3402
2024-08-05 21:00:00,Visakhapatnam,4469
2024-08-05 22:00:00,Howrah,3655
2024-08-05 23:00:00,Varanasi,1527
2024-08-06 00:00:00,Jaipur,1894
2024-08-06 01:00:00,Thane,1792
2024-08-06 02:00:00,Pune,1930
2024-08-06 03:00:00,Allahabad,1764
2024-08-06 04:00:00,Hyderabad,1906
2024-08-06 05:00:00,Vasai,1879
2024-08-06 06:00:00,Howrah,1328
2024-08-06 07:00:00,Solapur,1636
2024-08-06 08:00:00,Dhanbad,1908
2024-08-06 09:00:00,Faridabad,2433
2024-08-06 10:00:00,Raipur,2937
2024-08-06 11:00:00,Agra,2872
2024-08-06 12:00:00,Hubli,2568
2024-08-06 13:00:00,Faridabad,3066
2024-08-06 14:00:00,Ludhiana,3170
2024-08-06 15:00:00,Rajkot,2969
2024-08-06 16:00:00,Allahabad,2306
2024-08-06 17:00:00,Faridabad,2217
2024-08-06 18:00:00,Kanpur,3286
2024-08-06 19:00:00,Varanasi,4392
2024-08-06 20:00:00,Jabalpur,3599
2024-08-06 21:00:00,Vijayawada,4838
2024-08-06 22:00:00,Dhanbad,3183
2024-08-06 23:00:00,Nashik,2056
2024-08-07 00:00:00,Pune,1688
2024-08-07 01:00:00,Vasai,1736
2024-08-07 02:00:00,Howrah,2040
2024-08-07 03:00:00,Jabalpur,1676
2024-08-07 04:00:00,Thane,2151
2024-08-07 05:00:00,Meerut,2053
2024-08-07 06:00:00,Agra,1925
2024-08-07 07:00:00,Srinagar,2007
2024-08-07 08:00:00,Ranchi,1590
2024-08-07 09:00:00,Thane,2514
2024-08-07 10:00:00,Ludhiana,2015
2024-08-07 11:00:00,Guwahati,2122
2024-08-07 12:00:00,Vijayawada,2171
2024-08-07 13:00:00,Indore,2957
2024-08-07 14:00:00,Kolkata,2771
2024-08-07 15:00:00,Jaipur,2632
2024-08-07 16:00:00,Bhopal,2267
2024-08-07 17:00:00,Thane,2531
2024-08-07 18:00:00,Thane,3195
2024-08-07 19:00:00,Faridabad,2887
2024-08-07 20:00:00,Vasai,4266
2024-08-07 21:00:00,Chandigarh,3360
2024-08-07 22:00:00,Dhanbad,3669
2024-08-07 23:00:00,Nashik,2051
2024-08-08 00:00:00,Srinagar,1511
2024-08-08 01:00:00,Howrah,2390
2024-08-08 02:00:00,Rajkot,2269
2024-08-08 03:00:00,Indore,1903
2024-08-08 04:00:00,Visakhapatnam,2112
2024-08-08 05:00:00,Nagpur,1681
2024-08-08 06:00:00,Ahmedabad,1873
2024-08-08 07:00:00,Dhanbad,1909
2024-08-08 08:00:00,Amritsar,1700
2024-08-08 09:00:00,Jaipur,3085
2024-08-08 10:00:00,Agra,2745
2024-08-08 11:00:00,Nashik,2103
2024-08-08 12:00:00,Coimbatore,2596
2024-08-08 13:00:00,Howrah,2122
2024-08-08 14:00:00,Patna,2210
2024-08-08 15:00:00,Delhi,2031
2024-08-08 16:00:00,Kalyan,2511
2024-08-08 17:00:00,Visakhapatnam,2526
2024-08-08 18:00:00,Allahabad,4268
2024-08-08 19:00:00,Chandigarh,4212
2024-08-08 20:00:00,Howrah,2909
2024-08-08 21:00:00,Hyderabad,3277
2024-08-08 22:00:00,Dhanbad,4012
2024-08-08 23:00:00,Nagpur,2184
2024-08-09 00:00:00,Madurai,1724
2024-08-09 01:00:00,Patna,2077
2024-08-09 02:00:00,Raipur,2285
2024-08-09 03:00:00,Vijayawada,2196
2024-08-09 04:00:00,Patna,2016
2024-08-09 05:00:00,Bangalore,1934
2024-08-09 06:00:00,Kota,1472
2024-08-09 07:00:00,Solapur,1821
2024-08-09 08:00:00,Ghaziabad,2101
2024-08-09 09:00:00,Kolkata,2340
2024-08-09 10:00:00,Visakhapatnam,2810
2024-08-09 11:00:00,Gwalior,2918
2024-08-09 12:00:00,Rajkot,2014
2024-08-09 13:00:00,Varanasi,2898
2024-08-09 14:00:00,Kota,2580
2024-08-09 15:00:00,Raipur,2419
2024-08-09 16:00:00,Varanasi,2819
2024-08-09 17:00:00,Ludhiana,2286
2024-08-09 18:00:00,Vijayawada,3267
2024-08-09 19:00:00,Navi Mumbai,4430
2024-08-09 20:00:00,Chandigarh,3090
2024-08-09 21:00:00,Ahmedabad,4238
2024-08-09 22:00:00,Jodhpur,4167
2024-08-09 23:00:00,Lucknow,2233
2024-08-10 00:00:00,Solapur,2066
2024-08-10 01:00:00,Vadodara,2551
2024-08-10 02:00:00,Rajkot,1465
2024-08-10 03:00:00,Nashik,2091
2024-08-10 04:00:00,Delhi,1890
2024-08-10 05:00:00,Vadodara,2245
2024-08-10 06:00:00,Pune,1990
2024-08-10 07:00:00,Jabalpur,2365
2024-08-10 08:00:00,Allahabad,1983
2024-08-10 09:00:00,Vadodara,2930
2024-08-10 10:00:00,Agra,3183
2024-08-10 11:00:00,Jodhpur,2337
2024-08-10 12:00:00,Jabalpur,2937
2024-08-10 13:00:00,Varanasi,2983
2024-08-10 14:00:00,Varanasi,2708
2024-08-10 15:00:00,Jaipur,3201
2024-08-10 16:00:00,Thane,2735
2024-08-10 17:00:00,Nashik,3213
2024-08-10 18:00:00,Agra,3639
2024-08-10 19:00:00,Ghaziabad,4356
2024-08-10 20:00:00,Bhopal,3181
2024-08-10 21:00:00,Thane,4137
2024-08-10 22:00:00,Dhanbad,4047
2024-08-10 23:00:00,Indore,2382
2024-08-11 00:00:00,Jaipur,1597
2024-08-11 01:00:00,Aurangabad,1392
2024-08-11 02:00:00,Allahabad,1329
2024-08-11 03:00:00,Varanasi,1518
2024-08-11 04:00:00,Lucknow,1659
2024-08-11 05:00:00,Gwalior,1785
2024-08-11 06:00:00,Hyderabad,2169
2024-08-11 07:00:00,Dhanbad,1495
2024-08-11 08:00:00,Nagpur,1250
2024-08-11 09:00:00,Jabalpur,2569
2024-08-11 10:00:00,Kolkata,2681
2024-08-11 11:00:00,Thane,2449
2024-08-11 12:00:00,Agra,2689
2024-08-11 13:00:00,Navi Mumbai,2883
2024-08-11 14:00:00,Kota,2792
2024-08-11 15:00:00,Kolkata,3260
2024-08-11 16:00:00,Bhopal,1886
2024-08-11 17:00:00,Navi Mumbai,2119
2024-08-11 18:00:00,Coimbatore,3607
2024-08-11 19:00:00,Lucknow,3050
2024-08-11 20:00:00,Visakhapatnam,2750
2024-08-11 21:00:00,Navi Mumbai,4565
2024-08-11 22:00:00,Allahabad,4350
2024-08-11 23:00:00,Navi Mumbai,1508
2024-08-12 00:00:00,Patna,1753
2024-08-12 01:00:00,Ahmedabad,1818
2024-08-12 02:00:00,Ranchi,2315
2024-08-12 03:00:00,Solapur,2222
2024-08-12 04:00:00,Amritsar,1963
2024-08-12 05:00:00,Kanpur,2217
2024-08-12 06:00:00,Nagpur,1321
2024-08-12 07:00:00,Chennai,2433
2024-08-12 08:00:00,Kota,2099
2024-08-12 09:00:00,Thane,1912
2024-08-12 10:00:00,Varanasi,3070
2024-08-12 11:00:00,Kolkata,2217
2024-08-12 12:00:00,Indore,2433
2024-08-12 13:00:00,Kota,2783
2024-08-12 14:00:00,Ahmedabad,2460
2024-08-12 15:00:00,Vijayawada,2796
2024-08-12 16:00:00,Rajkot,2076
2024-08-12 17:00:00,Bangalore,2586
2024-08-12 18:00:00,Coimbatore,3758
2024-08-12 19:00:00,Meerut,3237
2024-08-12 20:00:00,Vijayawada,4338
2024-08-12 21:00:00,Pune,3921
2024-08-12 22:00:00,Raipur,2959
2024-08-12 23:00:00,Meerut,2231
2024-08-13 00:00:00,Ludhiana,1392
2024-08-13 01:00:00,Kolkata,2446
2024-08-13 02:00:00,Kanpur,2084
2024-08-13 03:00:00,Mumbai,2020
2024-08-13 04:00:00,Jaipur,1914
2024-08-13 05:00:00,Rajkot,2056
2024-08-13 06:00:00,Bhopal,1350
2024-08-13 07:00:00,Patna,1657
2024-08-13 08:00:00,Amritsar,1988
2024-08-13 09:00:00,Bangalore,2537
2024-08-13 10:00:00,Bangalore,2575
2024-08-13 11:00:00,Delhi,3007
2024-08-13 12:00:00,Howrah,2265
2024-08-13 13:00:00,Raipur,3277
2024-08-13 14:00:00,Ludhiana,2797
2024-08-13 15:00:00,Bhopal,2493
2024-08-13 16:00:00,Ghaziabad,2898
2024-08-13 17:00:00,Gwalior,2870
2024-08-13 18:00:00,Jodhpur,3471
2024-08-13 19:00:00,Kota,4054
2024-08-13 20:00:00,Hyderabad,4487
2024-08-13 21:00:00,Ahmedabad,3684
2024-08-13 22:00:00,Hyderabad,4430
2024-08-13 23:00:00,Bhopal,1822
2024-08-14 00:00:00,Dhanbad,1822
2024-08-14 01:00:00,Guwahati,1639
2024-08-14 02:00:00,Jabalpur,2325
2024-08-14 03:00:00,Bhopal,1756
2024-08-14 04:00:00,Madurai,1332
2024-08-14 05:00:00,Visakhapatnam,1469
2024-08-14 06:00:00,Vadodara,2446
2024-08-14 07:00:00,Hyderabad,1540
2024-08-14 08:00:00,Raipur,1281
2024-08-14 09:00:00,Kolkata,2768
2024-08-14 10:00:00,Hubli,2538
2024-08-14 11:00:00,Allahabad,2884
2024-08-14 12:00:00,Raipur,2745
2024-08-14 13:00:00,Meerut,2258
2024-08-14 14:00:00,Nagpur,2718
2024-08-14 15:00:00,Varanasi,2370
2024-08-14 16:00:00,Chandigarh,2222
2024-08-14 17:00:00,Kolkata,2569
2024-08-14 18:00:00,Mumbai,4761
2024-08-14 19:00:00,Vasai,4460
2024-08-14 20:00:00,Rajkot,3035
2024-08-14 21:00:00,Kota,3716
2024-08-14 22:00:00,Chennai,3271
2024-08-14 23:00:00,Chennai,1821
2024-08-15 00:00:00,Patna,2138
2024-08-15 01:00:00,Meerut,2214
2024-08-15 02:00:00,Chennai,1327
2024-08-15 03:00:00,Ludhiana,2163
2024-08-15 04:00:00,Howrah,1674
2024-08-15 05:00:00,Bangalore,1606
2024-08-15 06:00:00,Varanasi,2024
2024-08-15 07:00:00,Jaipur,1944
2024-08-15 08:00:00,Meerut,1664
2024-08-15 09:00:00,Mumbai,3230
2024-08-15 10:00:00,Kanpur,2784
2024-08-15 11:00:00,Ahmedabad,2191
2024-08-15 12:00:00,Aurangabad,1857
2024-08-15 13:00:00,Lucknow,3160
2024-08-15 14:00:00,Meerut,2157
2024-08-15 15:00:00,Aurangabad,2680
2024-08-15 16:00:00,Mumbai,2424
2024-08-15 17:00:00,Jabalpur,2094
2024-08-15 18:00:00,Ahmedabad,3685
2024-08-15 19:00:00,Agra,3671
2024-08-15 20:00:00,Vasai,3415
2024-08-15 21:00:00,Vijayawada,4016
2024-08-15 22:00:00,Mumbai,3082
2024-08-15 23:00:00,Visakhapatnam,2029
2024-08-16 00:00:00,Delhi,2270
2024-08-16 01:00:00,Navi Mumbai,1599
2024-08-16 02:00:00,Agra,1720
2024-08-16 03:00:00,Hubli,1781
2024-08-16 04:00:00,Vasai,1934
2024-08-16 05:00:00,Ludhiana,2101
2024-08-16 06:00:00,Vasai,2179
2024-08-16 07:00:00,Visakhapatnam,2051
2024-08-16 08:00:00,Patna,1617
2024-08-16 09:00:00,Kanpur,2745
2024-08-16 10:00:00,Delhi,2946
2024-08-16 11:00:00,Rajkot,2267
2024-08-16 12:00:00,Jaipur,2806
2024-08-16 13:00:00,Ludhiana,2533
2024-08-16 14:00:00,Navi Mumbai,2219
2024-08-16 15:00:00,Ludhiana,2382
2024-08-16 16:00:00,Agra,2366
2024-08-16 17:00:00,Hubli,2440
2024-08-16 18:00:00,Aurangabad,3612
2024-08-16 19:00:00,Kota,4250
2024-08-16 20:00:00,Jodhpur,3443
2024-08-16 21:00:00,Kalyan,3358
2024-08-16 22:00:00,Agra,4249
2024-08-16 23:00:00,Rajkot,2130
2024-08-17 00:00:00,Jabalpur,1983
2024-08-17 01:00:00,Visakhapatnam,1875
2024-08-17 02:00:00,Navi Mumbai,1670
2024-08-17 03:00:00,Kolkata,1994
2024-08-17 04:00:00,Vasai,1821
2024-08-17 05:00:00,Meerut,1638
2024-08-17 06:00:00,Lucknow,1922
2024-08-17 07:00:00,Kanpur,1817
2024-08-17 08:00:00,Rajkot,1378
2024-08-17 09:00:00,Lucknow,2544
2024-08-17 10:00:00,Thane,2582
2024-08-17 11:00:00,Bangalore,2942
2024-08-17 12:00:00,Ludhiana,2098
2024-08-17 13:00:00,Nashik,2242
2024-08-17 14:00:00,Rajkot,2276
2024-08-17 15:00:00,Lucknow,2656
2024-08-17 16:00:00,Hubli,2857
2024-08-17 17:00:00,Faridabad,1938
2024-08-17 18:00:00,Bhopal,3660
2024-08-17 19:00:00,Meerut,3963
2024-08-17 20:00:00,Ranchi,2707
2024-08-17 21:00:00,Kolkata,3957
2024-08-17 22:00:00,Aurangabad,4239
2024-08-17 23:00:00,Patna,2044
2024-08-18 00:00:00,Vijayawada,1328
2024-08-18 01:00:00,Visakhapatnam,1864
2024-08-18 02:00:00,Navi Mumbai,2374
2024-08-18 03:00:00,Navi Mumbai,2172
2024-08-18 04:00:00,Pune,1740
2024-08-18 05:00:00,Aurangabad,2081
2024-08-18 06:00:00,Coimbatore,1731
2024-08-18 07:00:00,Faridabad,1833
2024-08-18 08:00:00,Ranchi,2200
2024-08-18 09:00:00,Vasai,2999
2024-08-18 10:00:00,Visakhapatnam,3205
2024-08-18 11:00:00,Raipur,2491
2024-08-18 12:00:00,Guwahati,2959
2024-08-18 13:00:00,Meerut,2185
2024-08-18 14:00:00,Lucknow,2908
2024-08-18 15:00:00,Coimbatore,2806
2024-08-18 16:00:00,Kota,2655
2024-08-18 17:00:00,Jaipur,2280
2024-08-18 18:00:00,Indore,4044
2024-08-18 19:00:00,Vadodara,4250
2024-08-18 20:00:00,Visakhapatnam,2734
2024-08-18 21:00:00,Guwahati,2761
2024-08-18 22:00:00,Bhopal,4366
2024-08-18 23:00:00,Chandigarh,2188
2024-08-19 00:00:00,Coimbatore,1818
2024-08-19 01:00:00,Ranchi,2330
2024-08-19 02:00:00,Guwahati,2057
2024-08-19 03:00:00,Bhopal,1827
2024-08-19 04:00:00,Gwalior,1845
2024-08-19 05:00:00,Delhi,1974
2024-08-19 06:00:00,Vasai,2189
2024-08-19 07:00:00,Bangalore,1955
2024-08-19 08:00:00,Vadodara,1946
2024-08-19 09:00:00,Ludhiana,2959
2024-08-19 10:00:00,Coimbatore,2867
2024-08-19 11:00:00,Thane,3177
2024-08-19 12:00:00,Nashik,2451
2024-08-19 13:00:00,Nashik,2266
2024-08-19 14:00:00,Ghaziabad,2476
2024-08-19 15:00:00,Kanpur,2980
2024-08-19 16:00:00,Madurai,2812
2024-08-19 17:00:00,Amritsar,2258
2024-08-19 18:00:00,Aurangabad,3198
2024-08-19 19:00:00,Lucknow,3003
2024-08-19 20:00:00,Rajkot,3825
2024-08-19 21:00:00,Hyderabad,3864
2024-08-19 22:00:00,Ghaziabad,3712
2024-08-19 23:00:00,Chandigarh,1662
2024-08-20 00:00:00,Varanasi,1788
2024-08-20 01:00:00,Indore,1388
2024-08-20 02:00:00,Faridabad,1887
2024-08-20 03:00:00,Jabalpur,1811
2024-08-20 04:00:00,Meerut,1831
2024-08-20 05:00:00,Kanpur,1531
2024-08-20 06:00:00,Raipur,1571
2024-08-20 07:00:00,Delhi,1924
2024-08-20 08:00:00,Aurangabad,1878
2024-08-20 09:00:00,Bhopal,2738
2024-08-20 10:00:00,Delhi,3111
2024-08-20 11:00:00,Delhi,2413
2024-08-20 12:00:00,Indore,2853
2024-08-20 13:00:00,Vasai,2703
2024-08-20 14:00:00,Guwahati,2306
2024-08-20 15:00:00,Ludhiana,2531
2024-08-20 16:00:00,Amritsar,2909
2024-08-20 17:00:00,Varanasi,1942
2024-08-20 18:00:00,Mumbai,3156
2024-08-20 19:00:00,Meerut,4138
2024-08-20 20:00:00,Chandigarh,2850
2024-08-20 21:00:00,Dhanbad,3261
2024-08-20 22:00:00,Rajkot,4273
2024-08-20 23:00:00,Faridabad,1931
2024-08-21 00:00:00,Jabalpur,1632
2024-08-21 01:00:00,Hyderabad,2435
2024-08-21 02:00:00,Raipur,2002
2024-08-21 03:00:00,Vasai,2012
2024-08-21 04:00:00,Ranchi,1593
2024-08-21 05:00:00,Vijayawada,2447
2024-08-21 06:00:00,Aurangabad,1545
2024-08-21 07:00:00,Visakhapatnam,2341
2024-08-21 08:00:00,Gwalior,1832
2024-08-21 09:00:00,Ranchi,2455
2024-08-21 10:00:00,Kalyan,2389
2024-08-21 11:00:00,Agra,2768
2024-08-21 12:00:00,Ranchi,2359
2024-08-21 13:00:00,Patna,3183
2024-08-21 14:00:00,Vijayawada,2438
2024-08-21 15:00:00,Dhanbad,2795
2024-08-21 16:00:00,Bhopal,2531
2024-08-21 17:00:00,Jabalpur,3377
2024-08-21 18:00:00,Ahmedabad,3904
2024-08-21 19:00:00,Nashik,4449
2024-08-21 20:00:00,Jodhpur,3452
2024-08-21 21:00:00,Howrah,2631
2024-08-21 22:00:00,Agra,3657
2024-08-21 23:00:00,Visakhapatnam,1856
2024-08-22 00:00:00,Hyderabad,2295
2024-08-22 01:00:00,Vasai,1779
2024-08-22 02:00:00,Hyderabad,1706
2024-08-22 03:00:00,Madurai,1819
2024-08-22 04:00:00,Rajkot,2167
2024-08-22 05:00:00,Bhopal,1758
2024-08-22 06:00:00,Pune,1890
2024-08-22 07:00:00,Srinagar,1822
2024-08-22 08:00:00,Kolkata,2108
2024-08-22 09:00:00,Ludhiana,2389
2024-08-22 10:00:00,Raipur,1873
2024-08-22 11:00:00,Amritsar,1982
2024-08-22 12:00:00,Vasai,3101
2024-08-22 13:00:00,Jaipur,2849
2024-08-22 14:00:00,Visakhapatnam,3266
2024-08-22 15:00:00,Pune,2621
2024-08-22 16:00:00,Visakhapatnam,2992
2024-08-22 17:00:00,Meerut,3004
2024-08-22 18:00:00,Kolkata,2908
2024-08-22 19:00:00,Patna,3978
2024-08-22 20:00:00,Mumbai,4556
2024-08-22 21:00:00,Ludhiana,3650
2024-08-22 22:00:00,Hyderabad,4521
2024-08-22 23:00:00,Raipur,2245
2024-08-23 00:00:00,Delhi,2286
2024-08-23 01:00:00,Navi Mumbai,1651
2024-08-23 02:00:00,Guwahati,1665
2024-08-23 03:00:00,Kalyan,1695
2024-08-23 04:00:00,Vijayawada,2414
2024-08-23 05:00:00,Navi Mumbai,1738
2024-08-23 06:00:00,Chennai,1445
2024-08-23 07:00:00,Bangalore,1795
2024-08-23 08:00:00,Raipur,1856
2024-08-23 09:00:00,Lucknow,3185
2024-08-23 10:00:00,Vijayawada,1926
2024-08-23 11:00:00,Jodhpur,2244
2024-08-23 12:00:00,Delhi,2695
2024-08-23 13:00:00,Lucknow,2880
2024-08-23 14:00:00,Kota,2486
2024-08-23 15:00:00,Lucknow,3021
2024-08-23 16:00:00,Srinagar,2727
2024-08-23 17:00:00,Raipur,2641
2024-08-23 18:00:00,Bangalore,2816
2024-08-23 19:00:00,Ghaziabad,3699
2024-08-23 20:00:00,Madurai,2669
2024-08-23 21:00:00,Guwahati,3239
2024-08-23 22:00:00,Kanpur,3372
2024-08-23 23:00:00,Madurai,1615
2024-08-24 00:00:00,Bangalore,1607
2024-08-24 01:00:00,Howrah,1447
2024-08-24 02:00:00,Nagpur,2256
2024-08-24 03:00:00,Jaipur,2073
2024-08-24 04:00:00,Nagpur,2032
2024-08-24 05:00:00,Solapur,2257
2024-08-24 06:00:00,Madurai,2495
2024-08-24 07:00:00,Vadodara,1506
2024-08-24 08:00:00,Vijayawada,1530
2024-08-24 09:00:00,Ahmedabad,3015
2024-08-24 10:00:00,Jodhpur,2387
2024-08-24 11:00:00,Rajkot,2661
2024-08-24 12:00:00,Meerut,2655
2024-08-24 13:00:00,Varanasi,2802
2024-08-24 14:00:00,Chandigarh,2547
2024-08-24 15:00:00,Visakhapatnam,2666
2024-08-24 16:00:00,Aurangabad,2179
2024-08-24 17:00:00,Ludhiana,2592
2024-08-24 18:00:00,Mumbai,4070
2024-08-24 19:00:00,Hyderabad,2949
2024-08-24 20:00:00,Chandigarh,3751
2024-08-24 21:00:00,Delhi,3731
2024-08-24 22:00:00,Visakhapatnam,3693
2024-08-24 23:00:00,Kota,2408
2024-08-25 00:00:00,Patna,2261
2024-08-25 01:00:00,Hubli,2229
2024-08-25 02:00:00,Navi Mumbai,2339
2024-08-25 03:00:00,Raipur,2131
2024-08-25 04:00:00,Lucknow,2189
2024-08-25 05:00:00,Ludhiana,1561
2024-08-25 06:00:00,Indore,1823
2024-08-25 07:00:00,Howrah,1586
2024-08-25 08:00:00,Jabalpur,1804
2024-08-25 09:00:00,Faridabad,3195
2024-08-25 10:00:00,Kolkata,1941
2024-08-25 11:00:00,Bhopal,2697
2024-08-25 12:00:00,Ghaziabad,2470
2024-08-25 13:00:00,Dhanbad,2941
2024-08-25 14:00:00,Solapur,2783
2024-08-25 15:00:00,Madurai,2082
2024-08-25 16:00:00,Jodhpur,2558
2024-08-25 17:00:00,Faridabad,2457
2024-08-25 18:00:00,Visakhapatnam,4237
2024-08-25 19:00:00,Pune,4278
2024-08-25 20:00:00,Thane,3634
2024-08-25 21:00:00,Lucknow,3313
2024-08-25 22:00:00,Jodhpur,4099
2024-08-25 23:00:00,Aurangabad,1548
2024-08-26 00:00:00,Jodhpur,1436
2024-08-26 01:00:00,Mumbai,1880
2024-08-26 02:00:00,Agra,1663
2024-08-26 03:00:00,Allahabad,1990
2024-08-26 04:00:00,Jodhpur,1907
2024-08-26 05:00:00,Guwahati,1741
2024-08-26 06:00:00,Delhi,1658
2024-08-26 07:00:00,Agra,1676
2024-08-26 08:00:00,Nagpur,2342
2024-08-26 09:00:00,Hubli,2290
2024-08-26 10:00:00,Madurai,2859
2024-08-26 11:00:00,Kalyan,3073
2024-08-26 12:00:00,Coimbatore,3111
2024-08-26 13:00:00,Bhopal,2361
2024-08-26 14:00:00,Coimbatore,3001
2024-08-26 15:00:00,Nagpur,2594
2024-08-26 16:00:00,Vijayawada,1985
2024-08-26 17:00:00,Coimbatore,2601
2024-08-26 18:00:00,Pune,3757
2024-08-26 19:00:00,Kalyan,3509
2024-08-26 20:00:00,Guwahati,3439
2024-08-26 21:00:00,Bhopal,4406
2024-08-26 22:00:00,Chennai,3815
2024-08-26 23:00:00,Vijayawada,2019
2024-08-27 00:00:00,Nagpur,2345
2024-08-27 01:00:00,Howrah,1479
2024-08-27 02:00:00,Visakhapatnam,2087
2024-08-27 03:00:00,Lucknow,2469
2024-08-27 04:00:00,Raipur,1748
2024-08-27 05:00:00,Aurangabad,2184
2024-08-27 06:00:00,Jodhpur,2290
2024-08-27 07:00:00,Meerut,1609
2024-08-27 08:00:00,Ghaziabad,1947
2024-08-27 09:00:00,Aurangabad,2827
2024-08-27 10:00:00,Varanasi,2749
2024-08-27 11:00:00,Coimbatore,2575
2024-08-27 12:00:00,Gwalior,2575
2024-08-27 13:00:00,Ghaziabad,2211
2024-08-27 14:00:00,Varanasi,2897
2024-08-27 15:00:00,Kalyan,2535
2024-08-27 16:00:00,Coimbatore,2179
2024-08-27 17:00:00,Jaipur,3234
2024-08-27 18:00:00,Vadodara,3730
2024-08-27 19:00:00,Howrah,3598
2024-08-27 20:00:00,Patna,3209
2024-08-27 21:00:00,Faridabad,4495
2024-08-27 22:00:00,Agra,4305
2024-08-27 23:00:00,Pune,2334
2024-08-28 00:00:00,Hubli,1828
2024-08-28 01:00:00,Mumbai,2032
2024-08-28 02:00:00,Gwalior,2075
2024-08-28 03:00:00,Vijayawada,2210
2024-08-28 04:00:00,Raipur,1830
2024-08-28 05:00:00,Indore,1325
2024-08-28 06:00:00,Guwahati,1601
2024-08-28 07:00:00,Solapur,2035
2024-08-28 08:00:00,Madurai,1593
2024-08-28 09:00:00,Indore,2409
2024-08-28 10:00:00,Madurai,2447
2024-08-28 11:00:00,Ludhiana,2431
2024-08-28 12:00:00,Bangalore,3047
2024-08-28 13:00:00,Rajkot,2891
2024-08-28 14:00:00,Ghaziabad,3236
2024-08-28 15:00:00,Ghaziabad,3067
2024-08-28 16:00:00,Guwahati,2747
2024-08-28 17:00:00,Hubli,2528
2024-08-28 18:00:00,Ranchi,3643
2024-08-28 19:00:00,Agra,3953
2024-08-28 20:00:00,Indore,4800
2024-08-28 21:00:00,Dhanbad,3468
2024-08-28 22:00:00,Ranchi,2870
2024-08-28 23:00:00,Thane,1416
2024-08-29 00:00:00,Delhi,1903
2024-08-29 01:00:00,Vijayawada,2281
2024-08-29 02:00:00,Hubli,2478
2024-08-29 03:00:00,Jaipur,2473
2024-08-29 04:00:00,Kanpur,1991
2024-08-29 05:00:00,Varanasi,1576
2024-08-29 06:00:00,Kolkata,1699
2024-08-29 07:00:00,Jodhpur,1319
2024-08-29 08:00:00,Chennai,2247
2024-08-29 09:00:00,Allahabad,3248
2024-08-29 10:00:00,Bhopal,3227
2024-08-29 11:00:00,Gwalior,2159
2024-08-29 12:00:00,Dhanbad,3268
2024-08-29 13:00:00,Coimbatore,2656
2024-08-29 14:00:00,Chennai,2804
2024-08-29 15:00:00,Gwalior,2855
2024-08-29 16:00:00,Howrah,2272
2024-08-29 17:00:00,Aurangabad,2654
2024-08-29 18:00:00,Jaipur,3028
2024-08-29 19:00:00,Ranchi,3615
2024-08-29 20:00:00,Varanasi,4289
2024-08-29 21:00:00,Dhanbad,3776
2024-08-29 22:00:00,Agra,3303
2024-08-29 23:00:00,Kota,1647
2024-08-30 00:00:00,Rajkot,1631
2024-08-30 01:00:00,Thane,2226
2024-08-30 02:00:00,Amritsar,1719
2024-08-30 03:00:00,Jabalpur,1734
2024-08-30 04:00:00,Chennai,1322
2024-08-30 05:00:00,Patna,2155
2024-08-30 06:00:00,Srinagar,1356
2024-08-30 07:00:00,Ranchi,2195
2024-08-30 08:00:00,Patna,1373
2024-08-30 09:00:00,Indore,2838
2024-08-30 10:00:00,Raipur,2750
2024-08-30 11:00:00,Solapur,2819
2024-08-30 12:00:00,Kanpur,2880
2024-08-30 13:00:00,Vijayawada,3002
2024-08-30 14:00:00,Visakhapatnam,2519
2024-08-30 15:00:00,Raipur,2472
2024-08-30 16:00:00,Dhanbad,2883
2024-08-30 17:00:00,Chandigarh,3095
2024-08-30 18:00:00,Vijayawada,3759
2024-08-30 19:00:00,Kota,3011
2024-08-30 20:00:00,Allahabad,3268
2024-08-30 21:00:00,Chandigarh,2998
2024-08-30 22:00:00,Chandigarh,2971
2024-08-30 23:00:00,Howrah,2403
2024-08-31 00:00:00,Navi Mumbai,2153
2024-08-31 01:00:00,Ranchi,1399
2024-08-31 02:00:00,Kota,2055
2024-08-31 03:00:00,Raipur,2084
2024-08-31 04:00:00,Varanasi,1672
2024-08-31 05:00:00,Ghaziabad,1427
2024-08-31 06:00:00,Mumbai,2440
2024-08-31 07:00:00,Solapur,2164
2024-08-31 08:00:00,Howrah,2322
2024-08-31 09:00:00,Hubli,2451
2024-08-31 10:00:00,Rajkot,3124
2024-08-31 11:00:00,Amritsar,2258
2024-08-31 12:00:00,Guwahati,2123
2024-08-31 13:00:00,Raipur,2119
2024-08-31 14:00:00,Faridabad,2484
2024-08-31 15:00:00,Rajkot,2082
2024-08-31 16:00:00,Delhi,2984
2024-08-31 17:00:00,Aurangabad,2416
2024-08-31 18:00:00,Bangalore,3930
2024-08-31 19:00:00,Kanpur,3404
2024-08-31 20:00:00,Patna,3431
2024-08-31 21:00:00,Raipur,3542
2024-08-31 22:00:00,Nagpur,4459
2024-08-31 23:00:00,Bhopal,1658
2024-09-01 00:00:00,Pune,1802
2024-09-01 01:00:00,Aurangabad,1635
2024-09-01 02:00:00,Raipur,2103
2024-09-01 03:00:00,Kanpur,1775
2024-09-01 04:00:00,Allahabad,1919
2024-09-01 05:00:00,Madurai,2457
2024-09-01 06:00:00,Bangalore,1475
2024-09-01 07:00:00,Mumbai,2328
2024-09-01 08:00:00,Jabalpur,2128
2024-09-01 09:00:00,Ghaziabad,2445
2024-09-01 10:00:00,Kalyan,2404
2024-09-01 11:00:00,Jabalpur,2636
2024-09-01 12:00:00,Vasai,2971
2024-09-01 13:00:00,Mumbai,2136
2024-09-01 14:00:00,Dhanbad,2918
2024-09-01 15:00:00,Visakhapatnam,3073
2024-09-01 16:00:00,Srinagar,3067
2024-09-01 17:00:00,Gwalior,2161
2024-09-01 18:00:00,Dhanbad,4342
2024-09-01 19:00:00,Nashik,3781
2024-09-01 20:00:00,Agra,2807
2024-09-01 21:00:00,Visakhapatnam,3909
2024-09-01 22:00:00,Vasai,3896
2024-09-01 23:00:00,Ghaziabad,1906
2024-09-02 00:00:00,Chandigarh,1505
2024-09-02 01:00:00,Hubli,2309
2024-09-02 02:00:00,Vijayawada,1580
2024-09-02 03:00:00,Guwahati,1572
2024-09-02 04:00:00,Delhi,1857
2024-09-02 05:00:00,Nagpur,2132
2024-09-02 06:00:00,Coimbatore,2559
2024-09-02 07:00:00,Visakhapatnam,1735
2024-09-02 08:00:00,Visakhapatnam,1473
2024-09-02 09:00:00,Gwalior,2471
2024-09-02 10:00:00,Thane,3100
2024-09-02 11:00:00,Agra,2606
2024-09-02 12:00:00,Bhopal,3411
2024-09-02 13:00:00,Agra,1992
2024-09-02 14:00:00,Indore,2804
2024-09-02 15:00:00,Madurai,2699
2024-09-02 16:00:00,Kota,2648
2024-09-02 17:00:00,Ludhiana,2132
2024-09-02 18:00:00,Lucknow,4235
2024-09-02 19:00:00,Allahabad,4200
2024-09-02 20:00:00,Aurangabad,3439
2024-09-02 21:00:00,Kota,3586
2024-09-02 22:00:00,Hyderabad,3791
2024-09-02 23:00:00,Bhopal,1279
2024-09-03 00:00:00,Jodhpur,2042
2024-09-03 01:00:00,Coimbatore,1847
2024-09-03 02:00:00,Howrah,1678
2024-09-03 03:00:00,Hubli,1551
2024-09-03 04:00:00,Ranchi,1932
2024-09-03 05:00:00,Varanasi,2144
2024-09-03 06:00:00,Jodhpur,1698
2024-09-03 07:00:00,Raipur,2345
2024-09-03 08:00:00,Patna,1784
2024-09-03 09:00:00,Indore,2457
2024-09-03 10:00:00,Aurangabad,2744
2024-09-03 11:00:00,Vadodara,2440
2024-09-03 12:00:00,Guwahati,2315
2024-09-03 13:00:00,Ahmedabad,2992
2024-09-03 14:00:00,Raipur,2530
2024-09-03 15:00:00,Pune,2711
2024-09-03 16:00:00,Indore,2276
2024-09-03 17:00:00,Bhopal,2454
2024-09-03 18:00:00,Jodhpur,4424
2024-09-03 19:00:00,Nagpur,3463
2024-09-03 20:00:00,Jodhpur,4360
2024-09-03 21:00:00,Allahabad,3321
2024-09-03 22:00:00,Dhanbad,3383
2024-09-03 23:00:00,Kalyan,1712
2024-09-04 00:00:00,Allahabad,1925
2024-09-04 01:00:00,Jabalpur,1827
2024-09-04 02:00:00,Amritsar,2116
2024-09-04 03:00:00,Jodhpur,2086
2024-09-04 04:00:00,Patna,1883
2024-09-04 05:00:00,Ghaziabad,2111
2024-09-04 06:00:00,Chennai,2030
2024-09-04 07:00:00,Meerut,1301
2024-09-04 08:00:00,Raipur,1841
2024-09-04 09:00:00,Nagpur,3081
2024-09-04 10:00:00,Coimbatore,2281
2024-09-04 11:00:00,Jaipur,2194
2024-09-04 12:00:00,Nagpur,3200
2024-09-04 13:00:00,Kanpur,3279
2024-09-04 14:00:00,Madurai,2808
2024-09-04 15:00:00,Vijayawada,2607
2024-09-04 16:00:00,Pune,2616
2024-09-04 17:00:00,Visakhapatnam,2930
2024-09-04 18:00:00,Agra,3990
2024-09-04 19:00:00,Faridabad,2888
2024-09-04 20:00:00,Ludhiana,2654
2024-09-04 21:00:00,Hyderabad,3303
2024-09-04 22:00:00,Patna,3134
2024-09-04 23:00:00,Faridabad,2022
2024-09-05 00:00:00,Jodhpur,2184
2024-09-05 01:00:00,Solapur,2422
2024-09-05 02:00:00,Kalyan,1557
2024-09-05 03:00:00,Nashik,2256
2024-09-05 04:00:00,Delhi,1870
2024-09-05 05:00:00,Lucknow,1468
2024-09-05 06:00:00,Howrah,2569
2024-09-05 07:00:00,Kolkata,1484
2024-09-05 08:00:00,Vadodara,1905
2024-09-05 09:00:00,Hyderabad,2930
2024-09-05 10:00:00,Ahmedabad,2716
2024-09-05 11:00:00,Ahmedabad,3197
2024-09-05 12:00:00,Raipur,2369
2024-09-05 13:00:00,Lucknow,2727
2024-09-05 14:00:00,Kanpur,2541
2024-09-05 15:00:00,Hyderabad,2926
2024-09-05 16:00:00,Madurai,2467
2024-09-05 17:00:00,Visakhapatnam,2232
2024-09-05 18:00:00,Ghaziabad,2745
2024-09-05 19:00:00,Visakhapatnam,4438
2024-09-05 20:00:00,Bangalore,3481
2024-09-05 21:00:00,Kolkata,3835
2024-09-05 22:00:00,Dhanbad,4842
2024-09-05 23:00:00,Amritsar,1758
2024-09-06 00:00:00,Vadodara,1997
2024-09-06 01:00:00,Dhanbad,2427
2024-09-06 02:00:00,Kanpur,1948
2024-09-06 03:00:00,Chennai,1753
2024-09-06 04:00:00,Ghaziabad,2272
2024-09-06 05:00:00,Navi Mumbai,1852
2024-09-06 06:00:00,Nagpur,1679
2024-09-06 07:00:00,Pune,1579
2024-09-06 08:00:00,Nagpur,1709
2024-09-06 09:00:00,Hyderabad,3004
2024-09-06 10:00:00,Faridabad,3026
2024-09-06 11:00:00,Chandigarh,2369
2024-09-06 12:00:00,Madurai,2828
2024-09-06 13:00:00,Kolkata,2800
2024-09-06 14:00:00,Indore,2513
2024-09-06 15:00:00,Srinagar,3068
2024-09-06 16:00:00,Raipur,2324
2024-09-06 17:00:00,Agra,3042
2024-09-06 18:00:00,Madurai,4145
2024-09-06 19:00:00,Jaipur,4226
2024-09-06 20:00:00,Jabalpur,3682
2024-09-06 21:00:00,Howrah,3029
2024-09-06 22:00:00,Chandigarh,3533
2024-09-06 23:00:00,Jabalpur,1997
2024-09-07 00:00:00,Mumbai,2170
2024-09-07 01:00:00,Nagpur,1393
2024-09-07 02:00:00,Solapur,2508
2024-09-07 03:00:00,Kolkata,2140
2024-09-07 04:00:00,Ludhiana,1517
2024-09-07 05:00:00,Nashik,1846
2024-09-07 06:00:00,Ludhiana,2244
2024-09-07 07:00:00,Vasai,1646
2024-09-07 08:00:00,Patna,2014
2024-09-07 09:00:00,Chennai,3391
2024-09-07 10:00:00,Kanpur,2608
2024-09-07 11:00:00,Navi Mumbai,2400
2024-09-07 12:00:00,Lucknow,2265
2024-09-07 13:00:00,Ahmedabad,2236
2024-09-07 14:00:00,Coimbatore,2835
2024-09-07 15:00:00,Patna,2462
2024-09-07 16:00:00,Navi Mumbai,2155
2024-09-07 17:00:00,Indore,3120
2024-09-07 18:00:00,Meerut,3674
2024-09-07 19:00:00,Gwalior,3559
2024-09-07 20:00:00,Hyderabad,4198
2024-09-07 21:00:00,Hubli,3185
2024-09-07 22:00:00,Vadodara,4013
2024-09-07 23:00:00,Lucknow,1551
2024-09-08 00:00:00,Navi Mumbai,1754
2024-09-08 01:00:00,Lucknow,2098
2024-09-08 02:00:00,Bangalore,1711
2024-09-08 03:00:00,Coimbatore,2251
2024-09-08 04:00:00,Faridabad,1932
2024-09-08 05:00:00,Indore,1882
2024-09-08 06:00:00,Jabalpur,1970
2024-09-08 07:00:00,Ahmedabad,1958
2024-09-08 08:00:00,Coimbatore,1941
2024-09-08 09:00:00,Bhopal,1904
2024-09-08 10:00:00,Vasai,2806
2024-09-08 11:00:00,Allahabad,2650
2024-09-08 12:00:00,Coimbatore,2861
2024-09-08 13:00:00,Kalyan,2167
2024-09-08 14:00:00,Agra,3060
2024-09-08 15:00:00,Coimbatore,2979
2024-09-08 16:00:00,Amritsar,2492
2024-09-08 17:00:00,Ranchi,2801
2024-09-08 18:00:00,Meerut,4424
2024-09-08 19:00:00,Madurai,3686
2024-09-08 20:00:00,Visakhapatnam,4019
2024-09-08 21:00:00,Meerut,3673
2024-09-08 22:00:00,Dhanbad,2871
2024-09-08 23:00:00,Jodhpur,2055
2024-09-09 00:00:00,Kanpur,1555
2024-09-09 01:00:00,Nagpur,1590
2024-09-09 02:00:00,Chennai,1407
2024-09-09 03:00:00,Meerut,2064
2024-09-09 04:00:00,Agra,1856
2024-09-09 05:00:00,Patna,2076
2024-09-09 06:00:00,Ranchi,1499
2024-09-09 07:00:00,Pune,1914
2024-09-09 08:00:00,Allahabad,1689
2024-09-09 09:00:00,Howrah,2972
2024-09-09 10:00:00,Srinagar,2112
2024-09-09 11:00:00,Rajkot,2459
2024-09-09 12:00:00,Bangalore,2374
2024-09-09 13:00:00,Pune,2613
2024-09-09 14:00:00,Vijayawada,2111
2024-09-09 15:00:00,Ghaziabad,2747
2024-09-09 16:00:00,Kanpur,2942
2024-09-09 17:00:00,Hyderabad,2451
2024-09-09 18:00:00,Jodhpur,3333
2024-09-09 19:00:00,Patna,4669
2024-09-09 20:00:00,Chandigarh,4364
2024-09-09 21:00:00,Lucknow,3809
2024-09-09 22:00:00,Hyderabad,4692
2024-09-09 23:00:00,Bhopal,2466
2024-09-10 00:00:00,Kalyan,2075
2024-09-10 01:00:00,Vasai,1682
2024-09-10 02:00:00,Aurangabad,1380
2024-09-10 03:00:00,Vasai,1983
2024-09-10 04:00:00,Pune,1800
2024-09-10 05:00:00,Kolkata,2359
2024-09-10 06:00:00,Jabalpur,1451
2024-09-10 07:00:00,Mumbai,1563
2024-09-10 08:00:00,Srinagar,2456
2024-09-10 09:00:00,Jodhpur,2411
2024-09-10 10:00:00,Ahmedabad,2970
2024-09-10 11:00:00,Patna,2340
2024-09-10 12:00:00,Hyderabad,2795
2024-09-10 13:00:00,Jodhpur,2738
2024-09-10 14:00:00,Patna,2989
2024-09-10 15:00:00,Hyderabad,2852
2024-09-10 16:00:00,Kota,2917
2024-09-10 17:00:00,Gwalior,2365
2024-09-10 18:00:00,Ghaziabad,3639
2024-09-10 19:00:00,Jabalpur,3379
2024-09-10 20:00:00,Raipur,3910
2024-09-10 21:00:00,Nashik,3142
2024-09-10 22:00:00,Howrah,3092
2024-09-10 23:00:00,Howrah,1704
2024-09-11 00:00:00,Pune,2390
2024-09-11 01:00:00,Bhopal,1469
2024-09-11 02:00:00,Kota,1851
2024-09-11 03:00:00,Madurai,2152
2024-09-11 04:00:00,Vijayawada,2094
2024-09-11 05:00:00,Allahabad,1582
2024-09-11 06:00:00,Rajkot,1296
2024-09-11 07:00:00,Aurangabad,2112
2024-09-11 08:00:00,Visakhapatnam,1666
2024-09-11 09:00:00,Howrah,2355
2024-09-11 10:00:00,Vijayawada,2507
2024-09-11 11:00:00,Guwahati,2577
2024-09-11 12:00:00,Jabalpur,2790
2024-09-11 13:00:00,Visakhapatnam,2323
2024-09-11 14:00:00,Vasai,3273
2024-09-11 15:00:00,Lucknow,2767
2024-09-11 16:00:00,Ranchi,2886
2024-09-11 17:00:00,Jaipur,2013
2024-09-11 18:00:00,Madurai,4279
2024-09-11 19:00:00,Delhi,3376
2024-09-11 20:00:00,Jaipur,3496
2024-09-11 21:00:00,Kolkata,3586
2024-09-11 22:00:00,Ahmedabad,4337
2024-09-11 23:00:00,Visakhapatnam,2377
2024-09-12 00:00:00,Mumbai,1552
2024-09-12 01:00:00,Allahabad,1704
2024-09-12 02:00:00,Coimbatore,2296
2024-09-12 03:00:00,Vijayawada,1875
2024-09-12 04:00:00,Navi Mumbai,1571
2024-09-12 05:00:00,Chennai,1680
2024-09-12 06:00:00,Howrah,1967
2024-09-12 07:00:00,Kota,1483
2024-09-12 08:00:00,Visakhapatnam,2041
2024-09-12 09:00:00,Vijayawada,2464
2024-09-12 10:00:00,Hyderabad,2383
2024-09-12 11:00:00,Gwalior,2441
2024-09-12 12:00:00,Dhanbad,2860
2024-09-12 13:00:00,Thane,2112
2024-09-12 14:00:00,Kanpur,2805
2024-09-12 15:00:00,Madurai,3157
2024-09-12 16:00:00,Ahmedabad,2102
2024-09-12 17:00:00,Amritsar,2307
2024-09-12 18:00:00,Srinagar,3470
2024-09-12 19:00:00,Navi Mumbai,4283
2024-09-12 20:00:00,Allahabad,4192
2024-09-12 21:00:00,Mumbai,4289
2024-09-12 22:00:00,Howrah,3139
2024-09-12 23:00:00,Indore,1870
2024-09-13 00:00:00,Rajkot,1764
2024-09-13 01:00:00,Vijayawada,2179
2024-09-13 02:00:00,Bhopal,2213
2024-09-13 03:00:00,Aurangabad,1790
2024-09-13 04:00:00,Nagpur,1477
2024-09-13 05:00:00,Guwahati,2137
2024-09-13 06:00:00,Gwalior,2179
2024-09-13 07:00:00,Mumbai,2278
2024-09-13 08:00:00,Agra,2304
2024-09-13 09:00:00,Kolkata,2084
2024-09-13 10:00:00,Gwalior,2159
2024-09-13 11:00:00,Madurai,2198
2024-09-13 12:00:00,Bhopal,3358
2024-09-13 13:00:00,Madurai,2773
2024-09-13 14:00:00,Visakhapatnam,2855
2024-09-13 15:00:00,Allahabad,2792
2024-09-13 16:00:00,Kanpur,3052
2024-09-13 17:00:00,Vijayawada,2670
2024-09-13 18:00:00,Ludhiana,3835
2024-09-13 19:00:00,Vadodara,4295
2024-09-13 20:00:00,Jabalpur,3742
2024-09-13 21:00:00,Kalyan,4124
2024-09-13 22:00:00,Indore,3448
2024-09-13 23:00:00,Vadodara,1684
2024-09-14 00:00:00,Visakhapatnam,1523
2024-09-14 01:00:00,Dhanbad,1579
2024-09-14 02:00:00,Ludhiana,2342
2024-09-14 03:00:00,Agra,2233
2024-09-14 04:00:00,Mumbai,1618
2024-09-14 05:00:00,Raipur,1513
2024-09-14 06:00:00,Chennai,2102
2024-09-14 07:00:00,Dhanbad,2400
2024-09-14 08:00:00,Varanasi,2090
2024-09-14 09:00:00,Kalyan,3282
2024-09-14 10:00:00,Raipur,2640
2024-09-14 11:00:00,Solapur,2603
2024-09-14 12:00:00,Howrah,2529
2024-09-14 13:00:00,Nashik,2394
2024-09-14 14:00:00,Delhi,2231
2024-09-14 15:00:00,Pune,2564
2024-09-14 16:00:00,Meerut,2648
2024-09-14 17:00:00,Coimbatore,2305
2024-09-14 18:00:00,Hubli,3953
2024-09-14 19:00:00,Solapur,3571
2024-09-14 20:00:00,Kanpur,3546
2024-09-14 21:00:00,Guwahati,4686
2024-09-14 22:00:00,Srinagar,2737
2024-09-14 23:00:00,Bhopal,1708
2024-09-15 00:00:00,Coimbatore,1843
2024-09-15 01:00:00,Kalyan,1831
2024-09-15 02:00:00,Mumbai,1750
2024-09-15 03:00:00,Hubli,2048
2024-09-15 04:00:00,Chennai,1427
2024-09-15 05:00:00,Mumbai,2399
2024-09-15 06:00:00,Jodhpur,2220
2024-09-15 07:00:00,Patna,1316
2024-09-15 08:00:00,Kota,2148
2024-09-15 09:00:00,Lucknow,2334
2024-09-15 10:00:00,Vasai,3288
2024-09-15 11:00:00,Gwalior,2832
2024-09-15 12:00:00,Ahmedabad,2829
2024-09-15 13:00:00,Vadodara,3169
2024-09-15 14:00:00,Kanpur,2616
2024-09-15 15:00:00,Allahabad,2310
2024-09-15 16:00:00,Indore,2968
2024-09-15 17:00:00,Amritsar,2622
2024-09-15 18:00:00,Ludhiana,3446
2024-09-15 19:00:00,Bhopal,4038
2024-09-15 20:00:00,Kalyan,3806
2024-09-15 21:00:00,Mumbai,3581
2024-09-15 22:00:00,Bangalore,2855
2024-09-15 23:00:00,Bangalore,1506
2024-09-16 00:00:00,Guwahati,2157
2024-09-16 01:00:00,Visakhapatnam,1629
2024-09-16 02:00:00,Allahabad,2409
2024-09-16 03:00:00,Faridabad,1930
2024-09-16 04:00:00,Nagpur,1501
2024-09-16 05:00:00,Vasai,1392
2024-09-16 06:00:00,Navi Mumbai,1873
2024-09-16 07:00:00,Gwalior,1921
2024-09-16 08:00:00,Solapur,2113
2024-09-16 09:00:00,Vijayawada,2805
2024-09-16 10:00:00,Kolkata,3011
2024-09-16 11:00:00,Jaipur,3241
2024-09-16 12:00:00,Jodhpur,3299
2024-09-16 13:00:00,Thane,2600
2024-09-16 14:00:00,Ranchi,2501
2024-09-16 15:00:00,Patna,2576
2024-09-16 16:00:00,Raipur,2899
2024-09-16 17:00:00,Kolkata,2151
2024-09-16 18:00:00,Vijayawada,2983
2024-09-16 19:00:00,Guwahati,3396
2024-09-16 20:00:00,Srinagar,3214
2024-09-16 21:00:00,Visakhapatnam,3871
2024-09-16 22:00:00,Raipur,3094
2024-09-16 23:00:00,Mumbai,1946
2024-09-17 00:00:00,Agra,1728
2024-09-17 01:00:00,Bhopal,2437
2024-09-17 02:00:00,Jabalpur,1574
2024-09-17 03:00:00,Varanasi,1336
2024-09-17 04:00:00,Vadodara,1731
2024-09-17 05:00:00,Raipur,1281
2024-09-17 06:00:00,Aurangabad,1793
2024-09-17 07:00:00,Meerut,2057
2024-09-17 08:00:00,Bhopal,1970
2024-09-17 09:00:00,Kota,2188
2024-09-17 10:00:00,Raipur,2225
2024-09-17 11:00:00,Ghaziabad,2235
2024-09-17 12:00:00,Jaipur,2361
2024-09-17 13:00:00,Indore,2840
2024-09-17 14:00:00,Vijayawada,2603
2024-09-17 15:00:00,Lucknow,2365
2024-09-17 16:00:00,Ahmedabad,2804
2024-09-17 17:00:00,Kota,2621
2024-09-17 18:00:00,Kota,4341
2024-09-17 19:00:00,Kota,4903
2024-09-17 20:00:00,Ranchi,2993
2024-09-17 21:00:00,Gwalior,3363
2024-09-17 22:00:00,Chennai,3438
2024-09-17 23:00:00,Ahmedabad,2277
2024-09-18 00:00:00,Rajkot,1554
2024-09-18 01:00:00,Rajkot,1692
2024-09-18 02:00:00,Nashik,1699
2024-09-18 03:00:00,Mumbai,2070
2024-09-18 04:00:00,Mumbai,2243
2024-09-18 05:00:00,Faridabad,2191
2024-09-18 06:00:00,Gwalior,1450
2024-09-18 07:00:00,Agra,2021
2024-09-18 08:00:00,Hubli,1880
2024-09-18 09:00:00,Hyderabad,2819
2024-09-18 10:00:00,Lucknow,3059
2024-09-18 11:00:00,Aurangabad,2340
2024-09-18 12:00:00,Dhanbad,2338
2024-09-18 13:00:00,Rajkot,2330
2024-09-18 14:00:00,Vijayawada,2665
2024-09-18 15:00:00,Gwalior,2769
2024-09-18 16:00:00,Chandigarh,2706
2024-09-18 17:00:00,Navi Mumbai,3036
2024-09-18 18:00:00,Ahmedabad,3422
2024-09-18 19:00:00,Hubli,4154
2024-09-18 20:00:00,Vadodara,3978
2024-09-18 21:00:00,Vijayawada,3082
2024-09-18 22:00:00,Ludhiana,3774
2024-09-18 23:00:00,Aurangabad,1993
2024-09-19 00:00:00,Bhopal,2098
2024-09-19 01:00:00,Kanpur,1552
2024-09-19 02:00:00,Amritsar,2368
2024-09-19 03:00:00,Kota,2214
2024-09-19 04:00:00,Patna,1965
2024-09-19 05:00:00,Chennai,2041
2024-09-19 06:00:00,Coimbatore,1724
2024-09-19 07:00:00,Guwahati,2067
2024-09-19 08:00:00,Dhanbad,2025
2024-09-19 09:00:00,Ranchi,2458
2024-09-19 10:00:00,Bangalore,3233
2024-09-19 11:00:00,Aurangabad,3329
2024-09-19 12:00:00,Vadodara,2705
2024-09-19 13:00:00,Kota,2552
2024-09-19 14:00:00,Patna,3128
2024-09-19 15:00:00,Kanpur,3111
2024-09-19 16:00:00,Bhopal,2687
2024-09-19 17:00:00,Visakhapatnam,3194
2024-09-19 18:00:00,Allahabad,3243
2024-09-19 19:00:00,Hubli,3101
2024-09-19 20:00:00,Allahabad,4369
2024-09-19 21:00:00,Guwahati,3519
2024-09-19 22:00:00,Indore,3507
2024-09-19 23:00:00,Visakhapatnam,2211
2024-09-20 00:00:00,Varanasi,1785
2024-09-20 01:00:00,Srinagar,2260
2024-09-20 02:00:00,Gwalior,1538
2024-09-20 03:00:00,Varanasi,2167
2024-09-20 04:00:00,Ranchi,2175
2024-09-20 05:00:00,Solapur,1569
2024-09-20 06:00:00,Kanpur,2200
2024-09-20 07:00:00,Faridabad,1846
2024-09-20 08:00:00,Kolkata,2304
2024-09-20 09:00:00,Thane,2588
2024-09-20 10:00:00,Meerut,2497
2024-09-20 11:00:00,Ghaziabad,3212
2024-09-20 12:00:00,Bangalore,2968
2024-09-20 13:00:00,Faridabad,2206
2024-09-20 14:00:00,Jodhpur,2435
2024-09-20 15:00:00,Indore,2195
2024-09-20 16:00:00,Solapur,2788
2024-09-20 17:00:00,Srinagar,2842
2024-09-20 18:00:00,Varanasi,4644
2024-09-20 19:00:00,Visakhapatnam,3455
2024-09-20 20:00:00,Chandigarh,3235
2024-09-20 21:00:00,Dhanbad,3244
2024-09-20 22:00:00,Vasai,3627
2024-09-20 23:00:00,Visakhapatnam,2151
2024-09-21 00:00:00,Kota,2263
2024-09-21 01:00:00,Allahabad,1635
2024-09-21 02:00:00,Solapur,1796
2024-09-21 03:00:00,Madurai,2557
2024-09-21 04:00:00,Chennai,2142
2024-09-21 05:00:00,Varanasi,2011
2024-09-21 06:00:00,Indore,2229
2024-09-21 07:00:00,Lucknow,2388
2024-09-21 08:00:00,Vadodara,1948
2024-09-21 09:00:00,Varanasi,2372
2024-09-21 10:00:00,Nashik,2536
2024-09-21 11:00:00,Visakhapatnam,3163
2024-09-21 12:00:00,Bhopal,2912
2024-09-21 13:00:00,Coimbatore,2422
2024-09-21 14:00:00,Srinagar,3165
2024-09-21 15:00:00,Jodhpur,2733
2024-09-21 16:00:00,Faridabad,2385
2024-09-21 17:00:00,Srinagar,2790
2024-09-21 18:00:00,Vadodara,3896
2024-09-21 19:00:00,Faridabad,3491
2024-09-21 20:00:00,Ranchi,4726
2024-09-21 21:00:00,Kota,3892
2024-09-21 22:00:00,Srinagar,4037
2024-09-21 23:00:00,Kanpur,2360
2024-09-22 00:00:00,Kolkata,2435
2024-09-22 01:00:00,Jodhpur,1890
2024-09-22 02:00:00,Ghaziabad,1749
2024-09-22 03:00:00,Meerut,2072
2024-09-22 04:00:00,Navi Mumbai,1743
2024-09-22 05:00:00,Kolkata,1765
2024-09-22 06:00:00,Raipur,1682
2024-09-22 07:00:00,Chennai,2291
2024-09-22 08:00:00,Howrah,2199
2024-09-22 09:00:00,Aurangabad,2370
2024-09-22 10:00:00,Faridabad,2566
2024-09-22 11:00:00,Patna,2423
2024-09-22 12:00:00,Dhanbad,2123
2024-09-22 13:00:00,Kalyan,2626
2024-09-22 14:00:00,Raipur,2579
2024-09-22 15:00:00,Kota,3061
2024-09-22 16:00:00,Chandigarh,2561
2024-09-22 17:00:00,Jabalpur,2374
2024-09-22 18:00:00,Vasai,3060
2024-09-22 19:00:00,Gwalior,3891
2024-09-22 20:00:00,Solapur,4247
2024-09-22 21:00:00,Lucknow,2954
2024-09-22 22:00:00,Nagpur,3815
2024-09-22 23:00:00,Rajkot,1873
2024-09-23 00:00:00,Srinagar,2382
2024-09-23 01:00:00,Delhi,2251
2024-09-23 02:00:00,Gwalior,2363
2024-09-23 03:00:00,Visakhapatnam,1886
2024-09-23 04:00:00,Thane,1656
2024-09-23 05:00:00,Pune,2522
2024-09-23 06:00:00,Chennai,1827
2024-09-23 07:00:00,Indore,2397
2024-09-23 08:00:00,Solapur,1689
2024-09-23 09:00:00,Ranchi,2722
2024-09-23 10:00:00,Madurai,3104
2024-09-23 11:00:00,Jaipur,3109
2024-09-23 12:00:00,Coimbatore,2639
2024-09-23 13:00:00,Bangalore,3061
2024-09-23 14:00:00,Ghaziabad,2340
2024-09-23 15:00:00,Rajkot,2723
2024-09-23 16:00:00,Madurai,2884
2024-09-23 17:00:00,Patna,2689
2024-09-23 18:00:00,Vadodara,3789
2024-09-23 19:00:00,Chennai,3561
2024-09-23 20:00:00,Nagpur,4211
2024-09-23 21:00:00,Kanpur,3146
2024-09-23 22:00:00,Meerut,3544
2024-09-23 23:00:00,Bangalore,1487
2024-09-24 00:00:00,Jaipur,1653
2024-09-24 01:00:00,Amritsar,2220
2024-09-24 02:00:00,Hyderabad,1874
2024-09-24 03:00:00,Kalyan,2184
2024-09-24 04:00:00,Rajkot,1928
2024-09-24 05:00:00,Hyderabad,2190
2024-09-24 06:00:00,Faridabad,1507
2024-09-24 07:00:00,Amritsar,2163
2024-09-24 08:00:00,Lucknow,2216
2024-09-24 09:00:00,Coimbatore,3163
2024-09-24 10:00:00,Bhopal,3058
2024-09-24 11:00:00,Howrah,1944
2024-09-24 12:00:00,Gwalior,2660
2024-09-24 13:00:00,Coimbatore,1853
2024-09-24 14:00:00,Solapur,2859
2024-09-24 15:00:00,Solapur,2231
2024-09-24 16:00:00,Kota,2755
2024-09-24 17:00:00,Vadodara,2651
2024-09-24 18:00:00,Delhi,3853
2024-09-24 19:00:00,Hubli,3093
2024-09-24 20:00:00,Nashik,4434
2024-09-24 21:00:00,Kolkata,2986
2024-09-24 22:00:00,Meerut,3881
2024-09-24 23:00:00,Guwahati,1887
2024-09-25 00:00:00,Srinagar,2099
2024-09-25 01:00:00,Jabalpur,1969
2024-09-25 02:00:00,Meerut,1512
2024-09-25 03:00:00,Dhanbad,1426
2024-09-25 04:00:00,Vasai,1663
2024-09-25 05:00:00,Vadodara,1536
2024-09-25 06:00:00,Ghaziabad,1539
2024-09-25 07:00:00,Coimbatore,1400
2024-09-25 08:00:00,Chennai,1874
2024-09-25 09:00:00,Bhopal,2269
2024-09-25 10:00:00,Kanpur,3064
2024-09-25 11:00:00,Hyderabad,2809
2024-09-25 12:00:00,Chennai,2688
2024-09-25 13:00:00,Jabalpur,2859
2024-09-25 14:00:00,Visakhapatnam,2730
2024-09-25 15:00:00,Thane,2118
2024-09-25 16:00:00,Delhi,2698
2024-09-25 17:00:00,Jaipur,3102
2024-09-25 18:00:00,Mumbai,3642
2024-09-25 19:00:00,Jaipur,3056
2024-09-25 20:00:00,Kolkata,4172
2024-09-25 21:00:00,Jodhpur,4486
2024-09-25 22:00:00,Meerut,3922
2024-09-25 23:00:00,Varanasi,1545
2024-09-26 00:00:00,Solapur,1709
2024-09-26 01:00:00,Faridabad,2211
2024-09-26 02:00:00,Jabalpur,2008
2024-09-26 03:00:00,Kolkata,1434
2024-09-26 04:00:00,Rajkot,1582
2024-09-26 05:00:00,Ranchi,2435
2024-09-26 06:00:00,Nagpur,1958
2024-09-26 07:00:00,Solapur,1543
2024-09-26 08:00:00,Lucknow,2297
2024-09-26 09:00:00,Pune,2618
2024-09-26 10:00:00,Nagpur,3342
2024-09-26 11:00:00,Mumbai,2668
2024-09-26 12:00:00,Patna,2913
2024-09-26 13:00:00,Guwahati,3048
2024-09-26 14:00:00,Pune,2416
2024-09-26 15:00:00,Pune,2154
2024-09-26 16:00:00,Chennai,2570
2024-09-26 17:00:00,Howrah,3025
2024-09-26 18:00:00,Kota,4795
2024-09-26 19:00:00,Madurai,2835
2024-09-26 20:00:00,Jaipur,2995
2024-09-26 21:00:00,Navi Mumbai,3317
2024-09-26 22:00:00,Jabalpur,3236
2024-09-26 23:00:00,Lucknow,2269
2024-09-27 00:00:00,Kanpur,2143
2024-09-27 01:00:00,Vijayawada,1518
2024-09-27 02:00:00,Kolkata,2458
2024-09-27 03:00:00,Mumbai,1547
2024-09-27 04:00:00,Patna,2214
2024-09-27 05:00:00,Howrah,2381
2024-09-27 06:00:00,Rajkot,2516
2024-09-27 07:00:00,Thane,2154
2024-09-27 08:00:00,Solapur,2038
2024-09-27 09:00:00,Nashik,2592
2024-09-27 10:00:00,Kalyan,2446
2024-09-27 11:00:00,Delhi,3089
2024-09-27 12:00:00,Ludhiana,3112
2024-09-27 13:00:00,Solapur,3306
2024-09-27 14:00:00,Visakhapatnam,2605
2024-09-27 15:00:00,Indore,2325
2024-09-27 16:00:00,Coimbatore,2499
2024-09-27 17:00:00,Hubli,2590
2024-09-27 18:00:00,Kolkata,4196
2024-09-27 19:00:00,Chandigarh,3643
2024-09-27 20:00:00,Meerut,4379
2024-09-27 21:00:00,Howrah,4558
2024-09-27 22:00:00,Patna,3536
2024-09-27 23:00:00,Srinagar,2089
2024-09-28 00:00:00,Rajkot,1790
2024-09-28 01:00:00,Meerut,1962
2024-09-28 02:00:00,Bhopal,1779
2024-09-28 03:00:00,Kota,1902
2024-09-28 04:00:00,Solapur,2377
2024-09-28 05:00:00,Chandigarh,2202
2024-09-28 06:00:00,Varanasi,1348
2024-09-28 07:00:00,Guwahati,1720
2024-09-28 08:00:00,Visakhapatnam,1858
2024-09-28 09:00:00,Gwalior,2176
2024-09-28 10:00:00,Delhi,1958
2024-09-28 11:00:00,Nagpur,2275
2024-09-28 12:00:00,Lucknow,2367
2024-09-28 13:00:00,Ranchi,2520
2024-09-28 14:00:00,Thane,2508
2024-09-28 15:00:00,Hyderabad,2737
2024-09-28 16:00:00,Indore,2419
2024-09-28 17:00:00,Chandigarh,2581
2024-09-28 18:00:00,Delhi,3871
2024-09-28 19:00:00,Bhopal,3783
2024-09-28 20:00:00,Jaipur,4093
2024-09-28 21:00:00,Chennai,4710
2024-09-28 22:00:00,Rajkot,4561
2024-09-28 23:00:00,Nashik,2299
2024-09-29 00:00:00,Indore,1578
2024-09-29 01:00:00,Raipur,2170
2024-09-29 02:00:00,Hubli,1994
2024-09-29 03:00:00,Bangalore,2357
2024-09-29 04:00:00,Navi Mumbai,1893
2024-09-29 05:00:00,Srinagar,1830
2024-09-29 06:00:00,Hubli,2006
2024-09-29 07:00:00,Dhanbad,1402
2024-09-29 08:00:00,Jabalpur,1583
2024-09-29 09:00:00,Pune,2937
2024-09-29 10:00:00,Nashik,3377
2024-09-29 11:00:00,Chandigarh,2532
2024-09-29 12:00:00,Vadodara,2663
2024-09-29 13:00:00,Chennai,2619
2024-09-29 14:00:00,Amritsar,2510
2024-09-29 15:00:00,Pune,2346
2024-09-29 16:00:00,Pune,1884
2024-09-29 17:00:00,Patna,2811
2024-09-29 18:00:00,Varanasi,4601
2024-09-29 19:00:00,Vadodara,3175
2024-09-29 20:00:00,Hubli,3883
2024-09-29 21:00:00,Visakhapatnam,3613
2024-09-29 22:00:00,Navi Mumbai,4117
2024-09-29 23:00:00,Allahabad,1950
2024-09-30 00:00:00,Madurai,1327
2024-09-30 01:00:00,Kota,1814
2024-09-30 02:00:00,Lucknow,2120
2024-09-30 03:00:00,Hubli,1803
2024-09-30 04:00:00,Ludhiana,1596
2024-09-30 05:00:00,Delhi,1483
2024-09-30 06:00:00,Agra,2060
2024-09-30 07:00:00,Agra,1698
2024-09-30 08:00:00,Ghaziabad,1933
2024-09-30 09:00:00,Solapur,1989
2024-09-30 10:00:00,Bangalore,2667
2024-09-30 11:00:00,Jodhpur,3308
2024-09-30 12:00:00,Ranchi,2641
2024-09-30 13:00:00,Jodhpur,2592
2024-09-30 14:00:00,Jabalpur,3082
2024-09-30 15:00:00,Madurai,2972
2024-09-30 16:00:00,Thane,2556
2024-09-30 17:00:00,Jabalpur,2870
2024-09-30 18:00:00,Kolkata,3799
2024-09-30 19:00:00,Chandigarh,3321
2024-09-30 20:00:00,Solapur,3958
2024-09-30 21:00:00,Mumbai,3764
2024-09-30 22:00:00,Agra,4514
2024-09-30 23:00:00,Thane,1681
2024-10-01 00:00:00,Chandigarh,1330
2024-10-01 01:00:00,Meerut,1534
2024-10-01 02:00:00,Mumbai,2228
2024-10-01 03:00:00,Kanpur,1738
2024-10-01 04:00:00,Thane,1955
2024-10-01 05:00:00,Chennai,1907
2024-10-01 06:00:00,Rajkot,2397
2024-10-01 07:00:00,Kanpur,2176
2024-10-01 08:00:00,Vijayawada,1532
2024-10-01 09:00:00,Coimbatore,2040
2024-10-01 10:00:00,Agra,2824
2024-10-01 11:00:00,Vasai,2546
2024-10-01 12:00:00,Patna,2006
2024-10-01 13:00:00,Raipur,2799
2024-10-01 14:00:00,Vasai,2290
2024-10-01 15:00:00,Srinagar,2850
2024-10-01 16:00:00,Jodhpur,2148
2024-10-01 17:00:00,Rajkot,2087
2024-10-01 18:00:00,Ahmedabad,4161
2024-10-01 19:00:00,Amritsar,3616
2024-10-01 20:00:00,Guwahati,3782
2024-10-01 21:00:00,Kota,3291
2024-10-01 22:00:00,Guwahati,3188
2024-10-01 23:00:00,Coimbatore,1282
2024-10-02 00:00:00,Navi Mumbai,1548
2024-10-02 01:00:00,Srinagar,2507
2024-10-02 02:00:00,Varanasi,1694
2024-10-02 03:00:00,Nagpur,1333
2024-10-02 04:00:00,Kalyan,2132
2024-10-02 05:00:00,Nagpur,2306
2024-10-02 06:00:00,Gwalior,2147
2024-10-02 07:00:00,Jabalpur,1952
2024-10-02 08:00:00,Chandigarh,1986
2024-10-02 09:00:00,Vijayawada,2808
2024-10-02 10:00:00,Allahabad,2949
2024-10-02 11:00:00,Delhi,2553
2024-10-02 12:00:00,Ranchi,2530
2024-10-02 13:00:00,Allahabad,2403
2024-10-02 14:00:00,Jaipur,2349
2024-10-02 15:00:00,Chennai,2643
2024-10-02 16:00:00,Visakhapatnam,2977
2024-10-02 17:00:00,Chandigarh,2569
2024-10-02 18:00:00,Aurangabad,3908
2024-10-02 19:00:00,Vadodara,3543
2024-10-02 20:00:00,Hyderabad,4272
2024-10-02 21:00:00,Vijayawada,3050
2024-10-02 22:00:00,Solapur,3863
2024-10-02 23:00:00,Nashik,2111
2024-10-03 00:00:00,Faridabad,2250
2024-10-03 01:00:00,Ranchi,1773
2024-10-03 02:00:00,Mumbai,2324
2024-10-03 03:00:00,Delhi,1673
2024-10-03 04:00:00,Agra,1950
2024-10-03 05:00:00,Ghaziabad,1711
2024-10-03 06:00:00,Aurangabad,2334
2024-10-03 07:00:00,Chandigarh,1877
2024-10-03 08:00:00,Howrah,2138
2024-10-03 09:00:00,Vadodara,2194
2024-10-03 10:00:00,Bangalore,2914
2024-10-03 11:00:00,Vasai,2524
2024-10-03 12:00:00,Faridabad,2608
2024-10-03 13:00:00,Varanasi,3255
2024-10-03 14:00:00,Varanasi,2693
2024-10-03 15:00:00,Thane,2436
2024-10-03 16:00:00,Guwahati,2394
2024-10-03 17:00:00,Vadodara,2579
2024-10-03 18:00:00,Hubli,3732
2024-10-03 19:00:00,Hubli,4488
2024-10-03 20:00:00,Kota,3963
2024-10-03 21:00:00,Raipur,4587
2024-10-03 22:00:00,Guwahati,3298
2024-10-03 23:00:00,Hyderabad,2053
2024-10-04 00:00:00,Vadodara,2129
2024-10-04 01:00:00,Allahabad,2445
2024-10-04 02:00:00,Visakhapatnam,1372
2024-10-04 03:00:00,Thane,1622
2024-10-04 04:00:00,Chennai,1904
2024-10-04 05:00:00,Ghaziabad,1336
2024-10-04 06:00:00,Visakhapatnam,1616
2024-10-04 07:00:00,Guwahati,1460
2024-10-04 08:00:00,Agra,2189
2024-10-04 09:00:00,Vadodara,2649
2024-10-04 10:00:00,Rajkot,1968
2024-10-04 11:00:00,Jodhpur,2974
2024-10-04 12:00:00,Nagpur,2703
2024-10-04 13:00:00,Jaipur,3280
2024-10-04 14:00:00,Vadodara,2684
2024-10-04 15:00:00,Jaipur,2251
2024-10-04 16:00:00,Allahabad,2871
2024-10-04 17:00:00,Madurai,2860
2024-10-04 18:00:00,Indore,4822
2024-10-04 19:00:00,Allahabad,3051
2024-10-04 20:00:00,Gwalior,3279
2024-10-04 21:00:00,Guwahati,3441
2024-10-04 22:00:00,Srinagar,3412
2024-10-04 23:00:00,Srinagar,1574
2024-10-05 00:00:00,Indore,2199
2024-10-05 01:00:00,Aurangabad,1553
2024-10-05 02:00:00,Hubli,1974
2024-10-05 03:00:00,Srinagar,1644
2024-10-05 04:00:00,Lucknow,1584
2024-10-05 05:00:00,Jabalpur,2223
2024-10-05 06:00:00,Ludhiana,1977
2024-10-05 07:00:00,Mumbai,1698
2024-10-05 08:00:00,Varanasi,1371
2024-10-05 09:00:00,Guwahati,2599
2024-10-05 10:00:00,Visakhapatnam,2343
2024-10-05 11:00:00,Raipur,2547
2024-10-05 12:00:00,Dhanbad,2528
2024-10-05 13:00:00,Ludhiana,2091
2024-10-05 14:00:00,Faridabad,2967
2024-10-05 15:00:00,Madurai,2134
2024-10-05 16:00:00,Ludhiana,2981
2024-10-05 17:00:00,Dhanbad,3099
2024-10-05 18:00:00,Meerut,2885
2024-10-05 19:00:00,Kolkata,3495
2024-10-05 20:00:00,Kota,4671
2024-10-05 21:00:00,Hyderabad,3570
2024-10-05 22:00:00,Ghaziabad,4568
2024-10-05 23:00:00,Hubli,1832
2024-10-06 00:00:00,Madurai,2035
2024-10-06 01:00:00,Madurai,2443
2024-10-06 02:00:00,Agra,2259
2024-10-06 03:00:00,Ranchi,1902
2024-10-06 04:00:00,Solapur,1625
2024-10-06 05:00:00,Hubli,1655
2024-10-06 06:00:00,Aurangabad,2036
2024-10-06 07:00:00,Kolkata,1651
2024-10-06 08:00:00,Bangalore,2024
2024-10-06 09:00:00,Amritsar,2471
2024-10-06 10:00:00,Dhanbad,1935
2024-10-06 11:00:00,Jodhpur,2380
2024-10-06 12:00:00,Meerut,2879
2024-10-06 13:00:00,Faridabad,2571
2024-10-06 14:00:00,Vadodara,2917
2024-10-06 15:00:00,Raipur,2457
2024-10-06 16:00:00,Raipur,2513
2024-10-06 17:00:00,Chandigarh,2797
2024-10-06 18:00:00,Bangalore,4209
2024-10-06 19:00:00,Delhi,3733
2024-10-06 20:00:00,Coimbatore,4409
2024-10-06 21:00:00,Raipur,4378
2024-10-06 22:00:00,Jodhpur,3289
2024-10-06 23:00:00,Kanpur,2385
2024-10-07 00:00:00,Raipur,2216
2024-10-07 01:00:00,Kota,1664
2024-10-07 02:00:00,Gwalior,1440
2024-10-07 03:00:00,Vasai,1493
2024-10-07 04:00:00,Kalyan,1610
2024-10-07 05:00:00,Vasai,2427
2024-10-07 06:00:00,Thane,1295
2024-10-07 07:00:00,Ahmedabad,1403
2024-10-07 08:00:00,Raipur,2159
2024-10-07 09:00:00,Meerut,2385
2024-10-07 10:00:00,Srinagar,2877
2024-10-07 11:00:00,Bangalore,2568
2024-10-07 12:00:00,Jabalpur,2467
2024-10-07 13:00:00,Vijayawada,2422
2024-10-07 14:00:00,Varanasi,2555
2024-10-07 15:00:00,Jabalpur,2058
2024-10-07 16:00:00,Kota,2659
2024-10-07 17:00:00,Rajkot,2434
2024-10-07 18:00:00,Coimbatore,4098
2024-10-07 19:00:00,Gwalior,3023
2024-10-07 20:00:00,Gwalior,3791
2024-10-07 21:00:00,Gwalior,3725
2024-10-07 22:00:00,Kalyan,2804
2024-10-07 23:00:00,Nashik,1825
2024-10-08 00:00:00,Chennai,2085
2024-10-08 01:00:00,Ranchi,2426
2024-10-08 02:00:00,Thane,1882
2024-10-08 03:00:00,Nagpur,2017
2024-10-08 04:00:00,Ahmedabad,1835
2024-10-08 05:00:00,Kota,2089
2024-10-08 06:00:00,Chandigarh,1641
2024-10-08 07:00:00,Kolkata,2189
2024-10-08 08:00:00,Navi Mumbai,1693
2024-10-08 09:00:00,Patna,2287
2024-10-08 10:00:00,Guwahati,3296
2024-10-08 11:00:00,Lucknow,2444
2024-10-08 12:00:00,Visakhapatnam,2496
2024-10-08 13:00:00,Indore,2503
2024-10-08 14:00:00,Delhi,2359
2024-10-08 15:00:00,Jaipur,2721
2024-10-08 16:00:00,Delhi,2409
2024-10-08 17:00:00,Allahabad,3083
2024-10-08 18:00:00,Nagpur,4195
2024-10-08 19:00:00,Kanpur,4599
2024-10-08 20:00:00,Solapur,4362
2024-10-08 21:00:00,Thane,3563
2024-10-08 22:00:00,Ludhiana,2701
2024-10-08 23:00:00,Pune,1548
2024-10-09 00:00:00,Aurangabad,1706
2024-10-09 01:00:00,Meerut,2007
2024-10-09 02:00:00,Vasai,2185
2024-10-09 03:00:00,Kota,1417
2024-10-09 04:00:00,Guwahati,1746
2024-10-09 05:00:00,Nashik,2151
2024-10-09 06:00:00,Srinagar,1405
2024-10-09 07:00:00,Meerut,1849
2024-10-09 08:00:00,Delhi,1304
2024-10-09 09:00:00,Allahabad,3084
2024-10-09 10:00:00,Thane,2975
2024-10-09 11:00:00,Kolkata,2017
2024-10-09 12:00:00,Amritsar,3095
2024-10-09 13:00:00,Aurangabad,2481
2024-10-09 14:00:00,Jabalpur,2304
2024-10-09 15:00:00,Varanasi,2089
2024-10-09 16:00:00,Aurangabad,2780
2024-10-09 17:00:00,Nagpur,3118
2024-10-09 18:00:00,Bangalore,3316
2024-10-09 19:00:00,Raipur,4014
2024-10-09 20:00:00,Kalyan,4665
2024-10-09 21:00:00,Chandigarh,2851
2024-10-09 22:00:00,Ludhiana,3042
2024-10-09 23:00:00,Lucknow,2207
2024-10-10 00:00:00,Guwahati,1626
2024-10-10 01:00:00,Rajkot,2159
2024-10-10 02:00:00,Visakhapatnam,1531
2024-10-10 03:00:00,Vasai,2362
2024-10-10 04:00:00,Ludhiana,2312
2024-10-10 05:00:00,Bhopal,1682
2024-10-10 06:00:00,Visakhapatnam,2111
2024-10-10 07:00:00,Coimbatore,2322
2024-10-10 08:00:00,Jaipur,2119
2024-10-10 09:00:00,Bhopal,3125
2024-10-10 10:00:00,Navi Mumbai,3046
2024-10-10 11:00:00,Amritsar,2275
2024-10-10 12:00:00,Ranchi,2236
2024-10-10 13:00:00,Vijayawada,3104
2024-10-10 14:00:00,Jodhpur,3193
2024-10-10 15:00:00,Amritsar,2612
2024-10-10 16:00:00,Amritsar,2584
2024-10-10 17:00:00,Agra,2140
2024-10-10 18:00:00,Hyderabad,4647
2024-10-10 19:00:00,Rajkot,3543
2024-10-10 20:00:00,Varanasi,3448
2024-10-10 21:00:00,Visakhapatnam,3629
2024-10-10 22:00:00,Rajkot,3710
2024-10-10 23:00:00,Agra,2186
2024-10-11 00:00:00,Nashik,2035
2024-10-11 01:00:00,Hyderabad,1702
2024-10-11 02:00:00,Ludhiana,1790
2024-10-11 03:00:00,Bhopal,1931
2024-10-11 04:00:00,Allahabad,2269
2024-10-11 05:00:00,Rajkot,2031
2024-10-11 06:00:00,Howrah,2422
2024-10-11 07:00:00,Hyderabad,1587
2024-10-11 08:00:00,Bhopal,1369
2024-10-11 09:00:00,Kalyan,2812
2024-10-11 10:00:00,Ghaziabad,2676
2024-10-11 11:00:00,Visakhapatnam,3265
2024-10-11 12:00:00,Guwahati,2566
2024-10-11 13:00:00,Hubli,1871
2024-10-11 14:00:00,Coimbatore,2519
2024-10-11 15:00:00,Aurangabad,2829
2024-10-11 16:00:00,Solapur,2540
2024-10-11 17:00:00,Nashik,2819
2024-10-11 18:00:00,Lucknow,4079
2024-10-11 19:00:00,Vasai,3368
2024-10-11 20:00:00,Jaipur,3036
2024-10-11 21:00:00,Jaipur,3242
2024-10-11 22:00:00,Visakhapatnam,3561
2024-10-11 23:00:00,Thane,1650
2024-10-12 00:00:00,Pune,1226
2024-10-12 01:00:00,Kanpur,2421
2024-10-12 02:00:00,Chandigarh,1722
2024-10-12 03:00:00,Vijayawada,2097
2024-10-12 04:00:00,Kolkata,1885
2024-10-12 05:00:00,Hubli,1604
2024-10-12 06:00:00,Lucknow,2030
2024-10-12 07:00:00,Chandigarh,1827
2024-10-12 08:00:00,Gwalior,1905
2024-10-12 09:00:00,Amritsar,3332
2024-10-12 10:00:00,Agra,2342
2024-10-12 11:00:00,Bangalore,2380
2024-10-12 12:00:00,Rajkot,3008
2024-10-12 13:00:00,Jaipur,2358
2024-10-12 14:00:00,Amritsar,2858
2024-10-12 15:00:00,Nagpur,2710
2024-10-12 16:00:00,Ghaziabad,2207
2024-10-12 17:00:00,Mumbai,2530
2024-10-12 18:00:00,Dhanbad,3641
2024-10-12 19:00:00,Kanpur,3879
2024-10-12 20:00:00,Jabalpur,3240
2024-10-12 21:00:00,Kalyan,3626
2024-10-12 22:00:00,Chennai,4173
2024-10-12 23:00:00,Agra,2113
2024-10-13 00:00:00,Faridabad,1461
2024-10-13 01:00:00,Thane,1598
2024-10-13 02:00:00,Ranchi,1955
2024-10-13 03:00:00,Ghaziabad,2050
2024-10-13 04:00:00,Ahmedabad,1822
2024-10-13 05:00:00,Bangalore,1540
2024-10-13 06:00:00,Jabalpur,1489
2024-10-13 07:00:00,Solapur,2438
2024-10-13 08:00:00,Mumbai,1699
2024-10-13 09:00:00,Ludhiana,2556
2024-10-13 10:00:00,Vadodara,2582
2024-10-13 11:00:00,Aurangabad,2739
2024-10-13 12:00:00,Ahmedabad,3132
2024-10-13 13:00:00,Hyderabad,1972
2024-10-13 14:00:00,Hyderabad,3001
2024-10-13 15:00:00,Bangalore,3251
2024-10-13 16:00:00,Faridabad,2505
2024-10-13 17:00:00,Patna,2494
2024-10-13 18:00:00,Aurangabad,4071
2024-10-13 19:00:00,Lucknow,4102
2024-10-13 20:00:00,Vadodara,4166
2024-10-13 21:00:00,Vadodara,3357
2024-10-13 22:00:00,Solapur,3492
2024-10-13 23:00:00,Coimbatore,1241
2024-10-14 00:00:00,Nagpur,2104
2024-10-14 01:00:00,Ghaziabad,1773
2024-10-14 02:00:00,Bhopal,2358
2024-10-14 03:00:00,Aurangabad,2295
2024-10-14 04:00:00,Meerut,1695
2024-10-14 05:00:00,Jaipur,1978
2024-10-14 06:00:00,Vijayawada,2154
2024-10-14 07:00:00,Dhanbad,1430
2024-10-14 08:00:00,Bangalore,2092
2024-10-14 09:00:00,Jaipur,2587
2024-10-14 10:00:00,Chandigarh,2872
2024-10-14 11:00:00,Navi Mumbai,2657
2024-10-14 12:00:00,Madurai,2483
2024-10-14 13:00:00,Guwahati,2314
2024-10-14 14:00:00,Rajkot,2153
2024-10-14 15:00:00,Nashik,2336
2024-10-14 16:00:00,Vadodara,3255
2024-10-14 17:00:00,Raipur,2129
2024-10-14 18:00:00,Hyderabad,3219
2024-10-14 19:00:00,Kanpur,4053
2024-10-14 20:00:00,Rajkot,3552
2024-10-14 21:00:00,Bangalore,3689
2024-10-14 22:00:00,Amritsar,3306
2024-10-14 23:00:00,Nagpur,2083
2024-10-15 00:00:00,Amritsar,1844
2024-10-15 01:00:00,Vasai,2331
2024-10-15 02:00:00,Agra,2439
2024-10-15 03:00:00,Howrah,1322
2024-10-15 04:00:00,Kanpur,1794
2024-10-15 05:00:00,Howrah,2511
2024-10-15 06:00:00,Patna,1264
2024-10-15 07:00:00,Ranchi,2165
2024-10-15 08:00:00,Rajkot,2559
2024-10-15 09:00:00,Vasai,2446
2024-10-15 10:00:00,Agra,3000
2024-10-15 11:00:00,Ranchi,2071
2024-10-15 12:00:00,Gwalior,2783
2024-10-15 13:00:00,Solapur,2431
2024-10-15 14:00:00,Chandigarh,2033
2024-10-15 15:00:00,Nagpur,2707
2024-10-15 16:00:00,Gwalior,2148
2024-10-15 17:00:00,Kolkata,2383
2024-10-15 18:00:00,Hubli,3569
2024-10-15 19:00:00,Aurangabad,3300
2024-10-15 20:00:00,Chennai,4298
2024-10-15 21:00:00,Ghaziabad,3413
2024-10-15 22:00:00,Thane,4238
2024-10-15 23:00:00,Jaipur,1877
2024-10-16 00:00:00,Jaipur,2229
2024-10-16 01:00:00,Jabalpur,1875
2024-10-16 02:00:00,Vadodara,1365
2024-10-16 03:00:00,Raipur,1853
2024-10-16 04:00:00,Ludhiana,2007
2024-10-16 05:00:00,Vadodara,1969
2024-10-16 06:00:00,Raipur,1982
2024-10-16 07:00:00,Raipur,1496
2024-10-16 08:00:00,Kalyan,2339
2024-10-16 09:00:00,Bangalore,2700
2024-10-16 10:00:00,Hubli,2439
2024-10-16 11:00:00,Kolkata,2352
2024-10-16 12:00:00,Kota,2632
2024-10-16 13:00:00,Kanpur,2890
2024-10-16 14:00:00,Bhopal,2402
2024-10-16 15:00:00,Kota,2681
2024-10-16 16:00:00,Chandigarh,2829
2024-10-16 17:00:00,Ghaziabad,2425
2024-10-16 18:00:00,Solapur,4646
2024-10-16 19:00:00,Coimbatore,3238
2024-10-16 20:00:00,Patna,3650
2024-10-16 21:00:00,Ranchi,4308
2024-10-16 22:00:00,Indore,3644
2024-10-16 23:00:00,Howrah,1771
2024-10-17 00:00:00,Amritsar,1470
2024-10-17 01:00:00,Ludhiana,1762
2024-10-17 02:00:00,Jabalpur,1511
2024-10-17 03:00:00,Pune,1949
2024-10-17 04:00:00,Bangalore,2356
2024-10-17 05:00:00,Coimbatore,1971
2024-10-17 06:00:00,Srinagar,1344
2024-10-17 07:00:00,Nagpur,1937
2024-10-17 08:00:00,Jodhpur,1578
2024-10-17 09:00:00,Vadodara,2674
2024-10-17 10:00:00,Jaipur,2869
2024-10-17 11:00:00,Ghaziabad,2381
2024-10-17 12:00:00,Chandigarh,3062
2024-10-17 13:00:00,Dhanbad,2850
2024-10-17 14:00:00,Lucknow,2820
2024-10-17 15:00:00,Kolkata,2226
2024-10-17 16:00:00,Amritsar,2370
2024-10-17 17:00:00,Visakhapatnam,2263
2024-10-17 18:00:00,Ghaziabad,2692
2024-10-17 19:00:00,Solapur,3536
2024-10-17 20:00:00,Dhanbad,4294
2024-10-17 21:00:00,Rajkot,3952
2024-10-17 22:00:00,Jaipur,3381
2024-10-17 23:00:00,Vijayawada,1705
2024-10-18 00:00:00,Jodhpur,1420
2024-10-18 01:00:00,Madurai,1836
2024-10-18 02:00:00,Srinagar,1665
2024-10-18 03:00:00,Jaipur,1641
2024-10-18 04:00:00,Pune,2187
2024-10-18 05:00:00,Varanasi,2385
2024-10-18 06:00:00,Srinagar,1433
2024-10-18 07:00:00,Kalyan,1600
2024-10-18 08:00:00,Ghaziabad,1634
2024-10-18 09:00:00,Bangalore,1983
2024-10-18 10:00:00,Ghaziabad,2518
2024-10-18 11:00:00,Chennai,3429
2024-10-18 12:00:00,Kanpur,2226
2024-10-18 13:00:00,Jabalpur,2415
2024-10-18 14:00:00,Guwahati,2542
2024-10-18 15:00:00,Delhi,3186
2024-10-18 16:00:00,Guwahati,2666
2024-10-18 17:00:00,Nashik,2201
2024-10-18 18:00:00,Howrah,3565
2024-10-18 19:00:00,Thane,3299
2024-10-18 20:00:00,Mumbai,4340
2024-10-18 21:00:00,Delhi,3768
2024-10-18 22:00:00,Gwalior,3492
2024-10-18 23:00:00,Ghaziabad,1732
2024-10-19 00:00:00,Indore,2081
2024-10-19 01:00:00,Allahabad,1794
2024-10-19 02:00:00,Rajkot,1818
2024-10-19 03:00:00,Lucknow,1433
2024-10-19 04:00:00,Ahmedabad,1950
2024-10-19 05:00:00,Pune,2359
2024-10-19 06:00:00,Patna,2258
2024-10-19 07:00:00,Jabalpur,1947
2024-10-19 08:00:00,Navi Mumbai,1538
2024-10-19 09:00:00,Varanasi,2470
2024-10-19 10:00:00,Jabalpur,2546
2024-10-19 11:00:00,Madurai,2991
2024-10-19 12:00:00,Rajkot,1991
2024-10-19 13:00:00,Amritsar,2705
2024-10-19 14:00:00,Kota,2881
2024-10-19 15:00:00,Kota,2638
2024-10-19 16:00:00,Nashik,2574
2024-10-19 17:00:00,Ranchi,2262
2024-10-19 18:00:00,Chennai,3329
2024-10-19 19:00:00,Kota,4574
2024-10-19 20:00:00,Hyderabad,3069
2024-10-19 21:00:00,Jabalpur,4321
2024-10-19 22:00:00,Vasai,4046
2024-10-19 23:00:00,Kolkata,1538
2024-10-20 00:00:00,Rajkot,2217
2024-10-20 01:00:00,Nashik,1750
2024-10-20 02:00:00,Ranchi,1394
2024-10-20 03:00:00,Nashik,1938
2024-10-20 04:00:00,Lucknow,1961
2024-10-20 05:00:00,Allahabad,1624
2024-10-20 06:00:00,Thane,1378
2024-10-20 07:00:00,Gwalior,2315
2024-10-20 08:00:00,Guwahati,1997
2024-10-20 09:00:00,Kanpur,2810
2024-10-20 10:00:00,Coimbatore,2762
2024-10-20 11:00:00,Allahabad,2489
2024-10-20 12:00:00,Jaipur,3014
2024-10-20 13:00:00,Srinagar,3317
2024-10-20 14:00:00,Jabalpur,3295
2024-10-20 15:00:00,Chennai,2220
2024-10-20 16:00:00,Hyderabad,2673
2024-10-20 17:00:00,Indore,2556
2024-10-20 18:00:00,Mumbai,4186
2024-10-20 19:00:00,Delhi,3844
2024-10-20 20:00:00,Bhopal,3509
2024-10-20 21:00:00,Kolkata,4531
2024-10-20 22:00:00,Dhanbad,3838
2024-10-20 23:00:00,Indore,2377
2024-10-21 00:00:00,Jaipur,2058
2024-10-21 01:00:00,Jaipur,2065
2024-10-21 02:00:00,Delhi,1471
2024-10-21 03:00:00,Dhanbad,1373
2024-10-21 04:00:00,Kalyan,1699
2024-10-21 05:00:00,Jodhpur,1373
2024-10-21 06:00:00,Aurangabad,1881
2024-10-21 07:00:00,Guwahati,2183
2024-10-21 08:00:00,Rajkot,2106
2024-10-21 09:00:00,Kota,2452
2024-10-21 10:00:00,Gwalior,2891
2024-10-21 11:00:00,Patna,2428
2024-10-21 12:00:00,Lucknow,2836
2024-10-21 13:00:00,Nagpur,2662
2024-10-21 14:00:00,Kolkata,3240
2024-10-21 15:00:00,Ghaziabad,3208
2024-10-21 16:00:00,Hubli,2893
2024-10-21 17:00:00,Rajkot,2786
2024-10-21 18:00:00,Allahabad,3684
2024-10-21 19:00:00,Bhopal,3462
2024-10-21 20:00:00,Ludhiana,3597
2024-10-21 21:00:00,Ghaziabad,3336
2024-10-21 22:00:00,Guwahati,3907
2024-10-21 23:00:00,Madurai,1671
2024-10-22 00:00:00,Srinagar,2153
2024-10-22 01:00:00,Hubli,2237
2024-10-22 02:00:00,Amritsar,2182
2024-10-22 03:00:00,Coimbatore,1565
2024-10-22 04:00:00,Allahabad,2214
2024-10-22 05:00:00,Chandigarh,1504
2024-10-22 06:00:00,Delhi,1555
2024-10-22 07:00:00,Nagpur,2478
2024-10-22 08:00:00,Nashik,2155
2024-10-22 09:00:00,Meerut,2925
2024-10-22 10:00:00,Lucknow,2672
2024-10-22 11:00:00,Vijayawada,3006
2024-10-22 12:00:00,Indore,2289
2024-10-22 13:00:00,Agra,3153
2024-10-22 14:00:00,Nashik,2060
2024-10-22 15:00:00,Amritsar,2698
2024-10-22 16:00:00,Vasai,2359
2024-10-22 17:00:00,Patna,2836
2024-10-22 18:00:00,Ranchi,3274
2024-10-22 19:00:00,Vijayawada,3457
2024-10-22 20:00:00,Faridabad,4547
2024-10-22 21:00:00,Nashik,3191
2024-10-22 22:00:00,Aurangabad,3000
2024-10-22 23:00:00,Amritsar,1911
2024-10-23 00:00:00,Thane,2000
2024-10-23 01:00:00,Vadodara,2121
2024-10-23 02:00:00,Thane,1374
2024-10-23 03:00:00,Mumbai,1699
2024-10-23 04:00:00,Delhi,1506
2024-10-23 05:00:00,Coimbatore,2254
2024-10-23 06:00:00,Faridabad,1703
2024-10-23 07:00:00,Guwahati,2297
2024-10-23 08:00:00,Jabalpur,1527
2024-10-23 09:00:00,Guwahati,2871
2024-10-23 10:00:00,Delhi,3316
2024-10-23 11:00:00,Srinagar,3104
2024-10-23 12:00:00,Dhanbad,2784
2024-10-23 13:00:00,Chennai,3298
2024-10-23 14:00:00,Jabalpur,2550
2024-10-23 15:00:00,Chennai,2255
2024-10-23 16:00:00,Raipur,2910
2024-10-23 17:00:00,Meerut,2561
2024-10-23 18:00:00,Indore,3711
2024-10-23 19:00:00,Solapur,3093
2024-10-23 20:00:00,Mumbai,3646
2024-10-23 21:00:00,Coimbatore,3413
2024-10-23 22:00:00,Madurai,3857
2024-10-23 23:00:00,Kanpur,1934
2024-10-24 00:00:00,Vijayawada,2406
2024-10-24 01:00:00,Kanpur,1429
2024-10-24 02:00:00,Coimbatore,1713
2024-10-24 03:00:00,Gwalior,1420
2024-10-24 04:00:00,Navi Mumbai,1772
2024-10-24 05:00:00,Patna,1580
2024-10-24 06:00:00,Patna,1728
2024-10-24 07:00:00,Varanasi,1544
2024-10-24 08:00:00,Vadodara,2176
2024-10-24 09:00:00,Kota,2322
2024-10-24 10:00:00,Aurangabad,2512
2024-10-24 11:00:00,Meerut,2935
2024-10-24 12:00:00,Indore,2817
2024-10-24 13:00:00,Chennai,3278
2024-10-24 14:00:00,Kalyan,2512
2024-10-24 15:00:00,Navi Mumbai,3095
2024-10-24 16:00:00,Delhi,2615
2024-10-24 17:00:00,Kanpur,2477
2024-10-24 18:00:00,Varanasi,3140
2024-10-24 19:00:00,Gwalior,2994
2024-10-24 20:00:00,Raipur,3328
2024-10-24 21:00:00,Coimbatore,3943
2024-10-24 22:00:00,Kota,4385
2024-10-24 23:00:00,Ghaziabad,1729
2024-10-25 00:00:00,Mumbai,1863
2024-10-25 01:00:00,Ludhiana,1358
2024-10-25 02:00:00,Hubli,2366
2024-10-25 03:00:00,Kolkata,1436
2024-10-25 04:00:00,Howrah,2144
2024-10-25 05:00:00,Allahabad,1581
2024-10-25 06:00:00,Ludhiana,2076
2024-10-25 07:00:00,Bhopal,2057
2024-10-25 08:00:00,Rajkot,2322
2024-10-25 09:00:00,Visakhapatnam,2823
2024-10-25 10:00:00,Hubli,2671
2024-10-25 11:00:00,Howrah,2188
2024-10-25 12:00:00,Chennai,2425
2024-10-25 13:00:00,Meerut,3127
2024-10-25 14:00:00,Howrah,3216
2024-10-25 15:00:00,Raipur,2772
2024-10-25 16:00:00,Ghaziabad,2976
2024-10-25 17:00:00,Rajkot,2374
2024-10-25 18:00:00,Visakhapatnam,4031
2024-10-25 19:00:00,Jabalpur,3852
2024-10-25 20:00:00,Coimbatore,3151
2024-10-25 21:00:00,Bhopal,3537
2024-10-25 22:00:00,Vijayawada,2736
2024-10-25 23:00:00,Nashik,2469
2024-10-26 00:00:00,Gwalior,2069
2024-10-26 01:00:00,Meerut,2486
2024-10-26 02:00:00,Allahabad,2091
2024-10-26 03:00:00,Ludhiana,1749
2024-10-26 04:00:00,Nagpur,1641
2024-10-26 05:00:00,Kalyan,1715
2024-10-26 06:00:00,Gwalior,2140
2024-10-26 07:00:00,Hyderabad,1395
2024-10-26 08:00:00,Dhanbad,1557
2024-10-26 09:00:00,Meerut,2662
2024-10-26 10:00:00,Chennai,2807
2024-10-26 11:00:00,Kota,2916
2024-10-26 12:00:00,Hyderabad,2147
2024-10-26 13:00:00,Visakhapatnam,3014
2024-10-26 14:00:00,Mumbai,2961
2024-10-26 15:00:00,Faridabad,3122
2024-10-26 16:00:00,Jabalpur,2878
2024-10-26 17:00:00,Jodhpur,3170
2024-10-26 18:00:00,Jaipur,3318
2024-10-26 19:00:00,Dhanbad,4063
2024-10-26 20:00:00,Lucknow,3411
2024-10-26 21:00:00,Bangalore,3155
2024-10-26 22:00:00,Bhopal,3466
2024-10-26 23:00:00,Agra,1475
2024-10-27 00:00:00,Vasai,1730
2024-10-27 01:00:00,Jaipur,1679
2024-10-27 02:00:00,Amritsar,1558
2024-10-27 03:00:00,Kanpur,1957
2024-10-27 04:00:00,Thane,1695
2024-10-27 05:00:00,Srinagar,1804
2024-10-27 06:00:00,Visakhapatnam,2041
2024-10-27 07:00:00,Vadodara,2048
2024-10-27 08:00:00,Allahabad,2166
2024-10-27 09:00:00,Ahmedabad,2315
2024-10-27 10:00:00,Chennai,2931
2024-10-27 11:00:00,Aurangabad,2371
2024-10-27 12:00:00,Hubli,3136
2024-10-27 13:00:00,Kolkata,2212
2024-10-27 14:00:00,Ahmedabad,2831
2024-10-27 15:00:00,Agra,2857
2024-10-27 16:00:00,Jodhpur,3058
2024-10-27 17:00:00,Vijayawada,2599
2024-10-27 18:00:00,Amritsar,4543
2024-10-27 19:00:00,Visakhapatnam,4159
2024-10-27 20:00:00,Srinagar,3335
2024-10-27 21:00:00,Vadodara,3927
2024-10-27 22:00:00,Patna,3351
2024-10-27 23:00:00,Srinagar,2454
2024-10-28 00:00:00,Patna,1725
2024-10-28 01:00:00,Vadodara,2137
2024-10-28 02:00:00,Chandigarh,1952
2024-10-28 03:00:00,Kanpur,1774
2024-10-28 04:00:00,Howrah,1825
2024-10-28 05:00:00,Delhi,2154
2024-10-28 06:00:00,Varanasi,2164
2024-10-28 07:00:00,Amritsar,1448
2024-10-28 08:00:00,Patna,1473
2024-10-28 09:00:00,Amritsar,2580
2024-10-28 10:00:00,Amritsar,3066
2024-10-28 11:00:00,Ghaziabad,3001
2024-10-28 12:00:00,Bangalore,2500
2024-10-28 13:00:00,Coimbatore,2733
2024-10-28 14:00:00,Agra,2552
2024-10-28 15:00:00,Jodhpur,2867
2024-10-28 16:00:00,Ludhiana,2960
2024-10-28 17:00:00,Kalyan,2051
2024-10-28 18:00:00,Kota,2641
2024-10-28 19:00:00,Chandigarh,2780
2024-10-28 20:00:00,Dhanbad,3568
2024-10-28 21:00:00,Kalyan,4395
2024-10-28 22:00:00,Jaipur,4142
2024-10-28 23:00:00,Nashik,1976
2024-10-29 00:00:00,Agra,1738
2024-10-29 01:00:00,Navi Mumbai,1615
2024-10-29 02:00:00,Patna,1663
2024-10-29 03:00:00,Ranchi,2177
2024-10-29 04:00:00,Jodhpur,1285
2024-10-29 05:00:00,Jaipur,2136
2024-10-29 06:00:00,Ahmedabad,1550
2024-10-29 07:00:00,Mumbai,1636
2024-10-29 08:00:00,Dhanbad,1383
2024-10-29 09:00:00,Ghaziabad,2420
2024-10-29 10:00:00,Lucknow,3297
2024-10-29 11:00:00,Thane,2080
2024-10-29 12:00:00,Indore,2373
2024-10-29 13:00:00,Indore,2578
2024-10-29 14:00:00,Hubli,3086
2024-10-29 15:00:00,Bhopal,2743
2024-10-29 16:00:00,Nashik,2564
2024-10-29 17:00:00,Chennai,2018
2024-10-29 18:00:00,Kota,3890
2024-10-29 19:00:00,Solapur,4347
2024-10-29 20:00:00,Ranchi,3123
2024-10-29 21:00:00,Hubli,4286
2024-10-29 22:00:00,Patna,4156
2024-10-29 23:00:00,Howrah,1748
2024-10-30 00:00:00,Vijayawada,2293
2024-10-30 01:00:00,Delhi,2013
2024-10-30 02:00:00,Ranchi,1816
2024-10-30 03:00:00,Kalyan,2127
2024-10-30 04:00:00,Rajkot,1519
2024-10-30 05:00:00,Jodhpur,1400
2024-10-30 06:00:00,Rajkot,1564
2024-10-30 07:00:00,Varanasi,1680
2024-10-30 08:00:00,Ghaziabad,1699
2024-10-30 09:00:00,Jodhpur,2982
2024-10-30 10:00:00,Hyderabad,2198
2024-10-30 11:00:00,Kalyan,3269
2024-10-30 12:00:00,Gwalior,2491
2024-10-30 13:00:00,Varanasi,2033
2024-10-30 14:00:00,Patna,2700
2024-10-30 15:00:00,Guwahati,3389
2024-10-30 16:00:00,Indore,2745
2024-10-30 17:00:00,Faridabad,2979
2024-10-30 18:00:00,Dhanbad,4428
2024-10-30 19:00:00,Hyderabad,3665
2024-10-30 20:00:00,Vasai,4143
2024-10-30 21:00:00,Jaipur,3201
2024-10-30 22:00:00,Chennai,4029
2024-10-30 23:00:00,Faridabad,1857
2024-10-31 00:00:00,Kota,2588
2024-10-31 01:00:00,Delhi,1548
2024-10-31 02:00:00,Rajkot,1469
2024-10-31 03:00:00,Aurangabad,1501
2024-10-31 04:00:00,Guwahati,1608
2024-10-31 05:00:00,Bangalore,1555
2024-10-31 06:00:00,Raipur,2407
2024-10-31 07:00:00,Ranchi,1267
2024-10-31 08:00:00,Patna,1397
2024-10-31 09:00:00,Chandigarh,2485
2024-10-31 10:00:00,Vasai,2181
2024-10-31 11:00:00,Dhanbad,2724
2024-10-31 12:00:00,Kota,2810
2024-10-31 13:00:00,Bangalore,3117
2024-10-31 14:00:00,Madurai,2950
2024-10-31 15:00:00,Ranchi,3135
2024-10-31 16:00:00,Kota,2396
2024-10-31 17:00:00,Varanasi,2387
2024-10-31 18:00:00,Hubli,4079
2024-10-31 19:00:00,Kolkata,2838
2024-10-31 20:00:00,Guwahati,3472
2024-10-31 21:00:00,Coimbatore,4075
2024-10-31 22:00:00,Kalyan,3375
2024-10-31 23:00:00,Chennai,2368
2024-11-01 00:00:00,Agra,1717
2024-11-01 01:00:00,Aurangabad,2318
2024-11-01 02:00:00,Ghaziabad,2300
2024-11-01 03:00:00,Meerut,1581
2024-11-01 04:00:00,Meerut,1836
2024-11-01 05:00:00,Solapur,1724
2024-11-01 06:00:00,Faridabad,1655
2024-11-01 07:00:00,Chandigarh,1901
2024-11-01 08:00:00,Madurai,1686
2024-11-01 09:00:00,Ghaziabad,2840
2024-11-01 10:00:00,Nagpur,2456
2024-11-01 11:00:00,Agra,2271
2024-11-01 12:00:00,Agra,2369
2024-11-01 13:00:00,Vijayawada,2129
2024-11-01 14:00:00,Howrah,1969
2024-11-01 15:00:00,Coimbatore,2662
2024-11-01 16:00:00,Vadodara,3010
2024-11-01 17:00:00,Mumbai,2521
2024-11-01 18:00:00,Hyderabad,4938
2024-11-01 19:00:00,Kalyan,3950
2024-11-01 20:00:00,Nagpur,3071
2024-11-01 21:00:00,Hyderabad,2986
2024-11-01 22:00:00,Bangalore,2538
2024-11-01 23:00:00,Allahabad,1915
2024-11-02 00:00:00,Delhi,1438
2024-11-02 01:00:00,Lucknow,2489
2024-11-02 02:00:00,Vijayawada,1753
2024-11-02 03:00:00,Kolkata,1813
2024-11-02 04:00:00,Amritsar,2012
2024-11-02 05:00:00,Bhopal,1650
2024-11-02 06:00:00,Jabalpur,1964
2024-11-02 07:00:00,Rajkot,2366
2024-11-02 08:00:00,Allahabad,1424
2024-11-02 09:00:00,Kalyan,2101
2024-11-02 10:00:00,Ludhiana,3084
2024-11-02 11:00:00,Jabalpur,2303
2024-11-02 12:00:00,Chandigarh,2788
2024-11-02 13:00:00,Delhi,2818
2024-11-02 14:00:00,Solapur,2187
2024-11-02 15:00:00,Howrah,2325
2024-11-02 16:00:00,Srinagar,2812
2024-11-02 17:00:00,Allahabad,3131
2024-11-02 18:00:00,Madurai,2889
2024-11-02 19:00:00,Vadodara,3463
2024-11-02 20:00:00,Lucknow,3483
2024-11-02 21:00:00,Hyderabad,3152
2024-11-02 22:00:00,Indore,3288
2024-11-02 23:00:00,Nashik,1455
2024-11-03 00:00:00,Bhopal,1710
2024-11-03 01:00:00,Raipur,2031
2024-11-03 02:00:00,Jaipur,2063
2024-11-03 03:00:00,Jodhpur,2319
2024-11-03 04:00:00,Delhi,1896
2024-11-03 05:00:00,Solapur,2152
2024-11-03 06:00:00,Dhanbad,1584
2024-11-03 07:00:00,Hyderabad,2174
2024-11-03 08:00:00,Pune,1885
2024-11-03 09:00:00,Thane,2703
2024-11-03 10:00:00,Jabalpur,2551
2024-11-03 11:00:00,Meerut,2581
2024-11-03 12:00:00,Jabalpur,2356
2024-11-03 13:00:00,Amritsar,2942
2024-11-03 14:00:00,Nashik,3043
2024-11-03 15:00:00,Nagpur,2480
2024-11-03 16:00:00,Allahabad,2780
2024-11-03 17:00:00,Kolkata,3152
2024-11-03 18:00:00,Coimbatore,3737
2024-11-03 19:00:00,Vadodara,3169
2024-11-03 20:00:00,Navi Mumbai,4392
2024-11-03 21:00:00,Hubli,3142
2024-11-03 22:00:00,Jodhpur,4336
2024-11-03 23:00:00,Hyderabad,1828
2024-11-04 00:00:00,Rajkot,1476
2024-11-04 01:00:00,Chennai,1484
2024-11-04 02:00:00,Amritsar,1985
2024-11-04 03:00:00,Allahabad,2184
2024-11-04 04:00:00,Hubli,1791
2024-11-04 05:00:00,Nashik,2034
2024-11-04 06:00:00,Kolkata,1520
2024-11-04 07:00:00,Raipur,1579
2024-11-04 08:00:00,Varanasi,2291
2024-11-04 09:00:00,Srinagar,2669
2024-11-04 10:00:00,Hyderabad,2364
2024-11-04 11:00:00,Raipur,2852
2024-11-04 12:00:00,Meerut,2975
2024-11-04 13:00:00,Ludhiana,2198
2024-11-04 14:00:00,Jabalpur,2191
2024-11-04 15:00:00,Mumbai,2342
2024-11-04 16:00:00,Nashik,2458
2024-11-04 17:00:00,Hyderabad,2487
2024-11-04 18:00:00,Hyderabad,4145
2024-11-04 19:00:00,Nagpur,3704
2024-11-04 20:00:00,Ranchi,3191
2024-11-04 21:00:00,Kalyan,3690
2024-11-04 22:00:00,Coimbatore,3325
2024-11-04 23:00:00,Chandigarh,2110
2024-11-05 00:00:00,Rajkot,1644
2024-11-05 01:00:00,Vijayawada,2473
2024-11-05 02:00:00,Allahabad,2176
2024-11-05 03:00:00,Howrah,2248
2024-11-05 04:00:00,Vadodara,1442
2024-11-05 05:00:00,Visakhapatnam,2058
2024-11-05 06:00:00,Meerut,1773
2024-11-05 07:00:00,Nagpur,1375
2024-11-05 08:00:00,Hubli,1725
2024-11-05 09:00:00,Solapur,2563
2024-11-05 10:00:00,Jaipur,2336
2024-11-05 11:00:00,Visakhapatnam,2092
2024-11-05 12:00:00,Kota,2807
2024-11-05 13:00:00,Howrah,2628
2024-11-05 14:00:00,Ahmedabad,2898
2024-11-05 15:00:00,Jodhpur,3025
2024-11-05 16:00:00,Dhanbad,2784
2024-11-05 17:00:00,Srinagar,2795
2024-11-05 18:00:00,Delhi,3157
2024-11-05 19:00:00,Allahabad,3277
2024-11-05 20:00:00,Guwahati,3759
2024-11-05 21:00:00,Kalyan,4436
2024-11-05 22:00:00,Kolkata,3962
2024-11-05 23:00:00,Jodhpur,1692
2024-11-06 00:00:00,Kota,1586
2024-11-06 01:00:00,Solapur,2020
2024-11-06 02:00:00,Navi Mumbai,1828
2024-11-06 03:00:00,Guwahati,1458
2024-11-06 04:00:00,Faridabad,2339
2024-11-06 05:00:00,Srinagar,2072
2024-11-06 06:00:00,Vadodara,1768
2024-11-06 07:00:00,Madurai,2478
2024-11-06 08:00:00,Mumbai,1618
2024-11-06 09:00:00,Jabalpur,2807
2024-11-06 10:00:00,Bangalore,2568
2024-11-06 11:00:00,Nagpur,3201
2024-11-06 12:00:00,Navi Mumbai,2662
2024-11-06 13:00:00,Patna,3015
2024-11-06 14:00:00,Raipur,1875
2024-11-06 15:00:00,Solapur,2122
2024-11-06 16:00:00,Patna,1989
2024-11-06 17:00:00,Kanpur,2813
2024-11-06 18:00:00,Amritsar,3867
2024-11-06 19:00:00,Vijayawada,4145
2024-11-06 20:00:00,Allahabad,2789
2024-11-06 21:00:00,Ahmedabad,3653
2024-11-06 22:00:00,Jodhpur,3318
2024-11-06 23:00:00,Kanpur,1788
2024-11-07 00:00:00,Indore,1889
2024-11-07 01:00:00,Kota,2077
2024-11-07 02:00:00,Aurangabad,2221
2024-11-07 03:00:00,Guwahati,1702
2024-11-07 04:00:00,Coimbatore,1828
2024-11-07 05:00:00,Hubli,1530
2024-11-07 06:00:00,Kanpur,2424
2024-11-07 07:00:00,Amritsar,2021
2024-11-07 08:00:00,Guwahati,1499
2024-11-07 09:00:00,Delhi,1831
2024-11-07 10:00:00,Srinagar,2447
2024-11-07 11:00:00,Ludhiana,2426
2024-11-07 12:00:00,Hubli,2859
2024-11-07 13:00:00,Patna,3148
2024-11-07 14:00:00,Chandigarh,2786
2024-11-07 15:00:00,Kalyan,2070
2024-11-07 16:00:00,Ludhiana,2638
2024-11-07 17:00:00,Patna,2844
2024-11-07 18:00:00,Bangalore,3193
2024-11-07 19:00:00,Amritsar,3078
2024-11-07 20:00:00,Jabalpur,4228
2024-11-07 21:00:00,Delhi,4395
2024-11-07 22:00:00,Agra,3208
2024-11-07 23:00:00,Patna,1401
2024-11-08 00:00:00,Indore,2075
2024-11-08 01:00:00,Allahabad,2435
2024-11-08 02:00:00,Chennai,1979
2024-11-08 03:00:00,Hubli,1396
2024-11-08 04:00:00,Vasai,1308
2024-11-08 05:00:00,Faridabad,1742
2024-11-08 06:00:00,Chandigarh,1695
2024-11-08 07:00:00,Patna,1783
2024-11-08 08:00:00,Dhanbad,2171
2024-11-08 09:00:00,Varanasi,2903
2024-11-08 10:00:00,Delhi,2892
2024-11-08 11:00:00,Jodhpur,2646
2024-11-08 12:00:00,Agra,2585
2024-11-08 13:00:00,Ludhiana,2775
2024-11-08 14:00:00,Vadodara,2452
2024-11-08 15:00:00,Allahabad,2726
2024-11-08 16:00:00,Vadodara,3202
2024-11-08 17:00:00,Howrah,2829
2024-11-08 18:00:00,Nagpur,3361
2024-11-08 19:00:00,Visakhapatnam,4225
2024-11-08 20:00:00,Jodhpur,4350
2024-11-08 21:00:00,Visakhapatnam,3490
2024-11-08 22:00:00,Howrah,3199
2024-11-08 23:00:00,Howrah,2120
2024-11-09 00:00:00,Pune,1686
2024-11-09 01:00:00,Mumbai,2246
2024-11-09 02:00:00,Allahabad,1584
2024-11-09 03:00:00,Navi Mumbai,1817
2024-11-09 04:00:00,Nagpur,1432
2024-11-09 05:00:00,Chennai,1372
2024-11-09 06:00:00,Rajkot,1802
2024-11-09 07:00:00,Thane,1730
2024-11-09 08:00:00,Ranchi,1596
2024-11-09 09:00:00,Bhopal,2728
2024-11-09 10:00:00,Bangalore,2680
2024-11-09 11:00:00,Thane,3164
2024-11-09 12:00:00,Chandigarh,3266
2024-11-09 13:00:00,Allahabad,2531
2024-11-09 14:00:00,Solapur,2532
2024-11-09 15:00:00,Vadodara,2209
2024-11-09 16:00:00,Ranchi,3163
2024-11-09 17:00:00,Madurai,2653
2024-11-09 18:00:00,Rajkot,4266
2024-11-09 19:00:00,Hyderabad,3610
2024-11-09 20:00:00,Rajkot,4017
2024-11-09 21:00:00,Kalyan,3511
2024-11-09 22:00:00,Coimbatore,3667
2024-11-09 23:00:00,Rajkot,2266
2024-11-10 00:00:00,Guwahati,1602
2024-11-10 01:00:00,Jaipur,1728
2024-11-10 02:00:00,Meerut,1573
2024-11-10 03:00:00,Navi Mumbai,2056
2024-11-10 04:00:00,Faridabad,2396
2024-11-10 05:00:00,Gwalior,1999
2024-11-10 06:00:00,Nagpur,1623
2024-11-10 07:00:00,Bangalore,1935
2024-11-10 08:00:00,Raipur,1714
2024-11-10 09:00:00,Ahmedabad,2649
2024-11-10 10:00:00,Coimbatore,2260
2024-11-10 11:00:00,Patna,2621
2024-11-10 12:00:00,Dhanbad,2930
2024-11-10 13:00:00,Jaipur,2657
2024-11-10 14:00:00,Thane,2433
2024-11-10 15:00:00,Lucknow,2356
2024-11-10 16:00:00,Raipur,2945
2024-11-10 17:00:00,Kalyan,2930
2024-11-10 18:00:00,Visakhapatnam,3547
2024-11-10 19:00:00,Pune,3090
2024-11-10 20:00:00,Vijayawada,3628
2024-11-10 21:00:00,Hubli,3246
2024-11-10 22:00:00,Coimbatore,3770
2024-11-10 23:00:00,Kota,2403
2024-11-11 00:00:00,Navi Mumbai,1576
2024-11-11 01:00:00,Srinagar,1957
2024-11-11 02:00:00,Allahabad,1804
2024-11-11 03:00:00,Bhopal,2457
2024-11-11 04:00:00,Delhi,1511
2024-11-11 05:00:00,Gwalior,1509
2024-11-11 06:00:00,Thane,1965
2024-11-11 07:00:00,Raipur,1773
2024-11-11 08:00:00,Chennai,1565
2024-11-11 09:00:00,Allahabad,3137
2024-11-11 10:00:00,Navi Mumbai,2227
2024-11-11 11:00:00,Meerut,2687
2024-11-11 12:00:00,Bhopal,3035
2024-11-11 13:00:00,Thane,2363
2024-11-11 14:00:00,Patna,3061
2024-11-11 15:00:00,Visakhapatnam,2563
2024-11-11 16:00:00,Chennai,2525
2024-11-11 17:00:00,Allahabad,2619
2024-11-11 18:00:00,Rajkot,4674
2024-11-11 19:00:00,Kalyan,3486
2024-11-11 20:00:00,Gwalior,4645
2024-11-11 21:00:00,Patna,4013
2024-11-11 22:00:00,Faridabad,3901
2024-11-11 23:00:00,Patna,1642
2024-11-12 00:00:00,Hubli,1733
2024-11-12 01:00:00,Chennai,1966
2024-11-12 02:00:00,Agra,1991
2024-11-12 03:00:00,Aurangabad,2514
2024-11-12 04:00:00,Ghaziabad,2208
2024-11-12 05:00:00,Ludhiana,1941
2024-11-12 06:00:00,Amritsar,1418
2024-11-12 07:00:00,Ahmedabad,2239
2024-11-12 08:00:00,Ghaziabad,1453
2024-11-12 09:00:00,Srinagar,2421
2024-11-12 10:00:00,Hubli,2819
2024-11-12 11:00:00,Vadodara,2477
2024-11-12 12:00:00,Jabalpur,2952
2024-11-12 13:00:00,Kanpur,3031
2024-11-12 14:00:00,Allahabad,2713
2024-11-12 15:00:00,Rajkot,2963
2024-11-12 16:00:00,Aurangabad,2752
2024-11-12 17:00:00,Kanpur,2323
2024-11-12 18:00:00,Aurangabad,3824
2024-11-12 19:00:00,Ahmedabad,4096
2024-11-12 20:00:00,Jaipur,4765
2024-11-12 21:00:00,Nagpur,3394
2024-11-12 22:00:00,Pune,2803
2024-11-12 23:00:00,Srinagar,1733
2024-11-13 00:00:00,Aurangabad,1747
2024-11-13 01:00:00,Howrah,1925
2024-11-13 02:00:00,Indore,2520
2024-11-13 03:00:00,Thane,2081
2024-11-13 04:00:00,Agra,1770
2024-11-13 05:00:00,Jaipur,2248
2024-11-13 06:00:00,Kota,2109
2024-11-13 07:00:00,Vasai,2081
2024-11-13 08:00:00,Faridabad,2045
2024-11-13 09:00:00,Kolkata,2163
2024-11-13 10:00:00,Kolkata,2676
2024-11-13 11:00:00,Navi Mumbai,3352
2024-11-13 12:00:00,Ranchi,2184
2024-11-13 13:00:00,Agra,2824
2024-11-13 14:00:00,Madurai,2875
2024-11-13 15:00:00,Nashik,2140
2024-11-13 16:00:00,Jodhpur,2969
2024-11-13 17:00:00,Srinagar,2774
2024-11-13 18:00:00,Dhanbad,2900
2024-11-13 19:00:00,Patna,4318
2024-11-13 20:00:00,Chandigarh,4375
2024-11-13 21:00:00,Hubli,4181
2024-11-13 22:00:00,Vijayawada,3034
2024-11-13 23:00:00,Visakhapatnam,1253
2024-11-14 00:00:00,Nashik,1404
2024-11-14 01:00:00,Raipur,1809
2024-11-14 02:00:00,Navi Mumbai,1714
2024-11-14 03:00:00,Jodhpur,2034
2024-11-14 04:00:00,Bhopal,1450
2024-11-14 05:00:00,Hubli,1455
2024-11-14 06:00:00,Guwahati,1760
2024-11-14 07:00:00,Navi Mumbai,1432
2024-11-14 08:00:00,Kota,1788
2024-11-14 09:00:00,Navi Mumbai,1864
2024-11-14 10:00:00,Hyderabad,2236
2024-11-14 11:00:00,Mumbai,2771
2024-11-14 12:00:00,Meerut,2417
2024-11-14 13:00:00,Varanasi,3204
2024-11-14 14:00:00,Chandigarh,2367
2024-11-14 15:00:00,Meerut,2694
2024-11-14 16:00:00,Jabalpur,2195
2024-11-14 17:00:00,Patna,3312
2024-11-14 18:00:00,Mumbai,2682
2024-11-14 19:00:00,Dhanbad,4102
2024-11-14 20:00:00,Faridabad,3369
2024-11-14 21:00:00,Nashik,3812
2024-11-14 22:00:00,Amritsar,4077
2024-11-14 23:00:00,Kanpur,1653
2024-11-15 00:00:00,Kanpur,2471
2024-11-15 01:00:00,Chandigarh,1981
2024-11-15 02:00:00,Nagpur,2170
2024-11-15 03:00:00,Coimbatore,1435
2024-11-15 04:00:00,Hubli,2057
2024-11-15 05:00:00,Varanasi,2036
2024-11-15 06:00:00,Dhanbad,1441
2024-11-15 07:00:00,Faridabad,1651
2024-11-15 08:00:00,Patna,1778
2024-11-15 09:00:00,Gwalior,2339
2024-11-15 10:00:00,Chennai,2643
2024-11-15 11:00:00,Kanpur,2424
2024-11-15 12:00:00,Jabalpur,2017
2024-11-15 13:00:00,Gwalior,1918
2024-11-15 14:00:00,Srinagar,3138
2024-11-15 15:00:00,Kalyan,2310
2024-11-15 16:00:00,Patna,2069
2024-11-15 17:00:00,Dhanbad,2842
2024-11-15 18:00:00,Chennai,3625
2024-11-15 19:00:00,Kolkata,4142
2024-11-15 20:00:00,Kanpur,4408
2024-11-15 21:00:00,Solapur,4525
2024-11-15 22:00:00,Chennai,4734
2024-11-15 23:00:00,Varanasi,2142
2024-11-16 00:00:00,Hubli,1938
2024-11-16 01:00:00,Ludhiana,1686
2024-11-16 02:00:00,Pune,2335
2024-11-16 03:00:00,Nashik,1825
2024-11-16 04:00:00,Varanasi,1609
2024-11-16 05:00:00,Varanasi,1685
2024-11-16 06:00:00,Jabalpur,1731
2024-11-16 07:00:00,Nagpur,1434
2024-11-16 08:00:00,Delhi,2291
2024-11-16 09:00:00,Jodhpur,2518
2024-11-16 10:00:00,Lucknow,2444
2024-11-16 11:00:00,Rajkot,2996
2024-11-16 12:00:00,Amritsar,2302
2024-11-16 13:00:00,Kanpur,2897
2024-11-16 14:00:00,Amritsar,2768
2024-11-16 15:00:00,Mumbai,2747
2024-11-16 16:00:00,Bangalore,2784
2024-11-16 17:00:00,Meerut,2778
2024-11-16 18:00:00,Hyderabad,3088
2024-11-16 19:00:00,Ludhiana,3946
2024-11-16 20:00:00,Raipur,2752
2024-11-16 21:00:00,Jaipur,4172
2024-11-16 22:00:00,Kolkata,3528
2024-11-16 23:00:00,Navi Mumbai,2412
2024-11-17 00:00:00,Faridabad,1525
2024-11-17 01:00:00,Solapur,1728
2024-11-17 02:00:00,Ranchi,1641
2024-11-17 03:00:00,Chandigarh,1579
2024-11-17 04:00:00,Kota,1435
2024-11-17 05:00:00,Gwalior,1527
2024-11-17 06:00:00,Bhopal,1598
2024-11-17 07:00:00,Guwahati,1597
2024-11-17 08:00:00,Faridabad,1798
2024-11-17 09:00:00,Bhopal,3294
2024-11-17 10:00:00,Aurangabad,3263
2024-11-17 11:00:00,Madurai,2775
2024-11-17 12:00:00,Delhi,2445
2024-11-17 13:00:00,Raipur,2714
2024-11-17 14:00:00,Visakhapatnam,2065
2024-11-17 15:00:00,Amritsar,2502
2024-11-17 16:00:00,Solapur,3042
2024-11-17 17:00:00,Pune,3238
2024-11-17 18:00:00,Ludhiana,3691
2024-11-17 19:00:00,Aurangabad,3441
2024-11-17 20:00:00,Bangalore,3477
2024-11-17 21:00:00,Ludhiana,3800
2024-11-17 22:00:00,Vijayawada,3112
2024-11-17 23:00:00,Ranchi,2102
2024-11-18 00:00:00,Ghaziabad,2157
2024-11-18 01:00:00,Delhi,2411
2024-11-18 02:00:00,Mumbai,2091
2024-11-18 03:00:00,Amritsar,1309
2024-11-18 04:00:00,Delhi,1388
2024-11-18 05:00:00,Indore,1863
2024-11-18 06:00:00,Kolkata,2306
2024-11-18 07:00:00,Hubli,1902
2024-11-18 08:00:00,Delhi,1695
2024-11-18 09:00:00,Bhopal,2959
2024-11-18 10:00:00,Ranchi,2646
2024-11-18 11:00:00,Madurai,2699
2024-11-18 12:00:00,Mumbai,2968
2024-11-18 13:00:00,Vadodara,2813
2024-11-18 14:00:00,Ranchi,2536
2024-11-18 15:00:00,Varanasi,2745
2024-11-18 16:00:00,Mumbai,2141
2024-11-18 17:00:00,Hubli,2247
2024-11-18 18:00:00,Jaipur,3708
2024-11-18 19:00:00,Jodhpur,4104
2024-11-18 20:00:00,Ranchi,3309
2024-11-18 21:00:00,Ahmedabad,2800
2024-11-18 22:00:00,Raipur,3582
2024-11-18 23:00:00,Nagpur,1744
2024-11-19 00:00:00,Ghaziabad,1658
2024-11-19 01:00:00,Vijayawada,1456
2024-11-19 02:00:00,Aurangabad,1482
2024-11-19 03:00:00,Lucknow,1756
2024-11-19 04:00:00,Aurangabad,1360
2024-11-19 05:00:00,Faridabad,2255
2024-11-19 06:00:00,Bangalore,1673
2024-11-19 07:00:00,Kolkata,1971
2024-11-19 08:00:00,Agra,2328
2024-11-19 09:00:00,Navi Mumbai,2606
2024-11-19 10:00:00,Ranchi,3103
2024-11-19 11:00:00,Indore,2965
2024-11-19 12:00:00,Aurangabad,2536
2024-11-19 13:00:00,Ahmedabad,1956
2024-11-19 14:00:00,Allahabad,2206
2024-11-19 15:00:00,Nashik,2805
2024-11-19 16:00:00,Meerut,2548
2024-11-19 17:00:00,Ludhiana,3413
2024-11-19 18:00:00,Navi Mumbai,4056
2024-11-19 19:00:00,Varanasi,3977
2024-11-19 20:00:00,Howrah,4770
2024-11-19 21:00:00,Hubli,3067
2024-11-19 22:00:00,Patna,3174
2024-11-19 23:00:00,Solapur,2366
2024-11-20 00:00:00,Navi Mumbai,2107
2024-11-20 01:00:00,Thane,1564
2024-11-20 02:00:00,Coimbatore,1812
2024-11-20 03:00:00,Chennai,1894
2024-11-20 04:00:00,Hubli,2000
2024-11-20 05:00:00,Varanasi,2357
2024-11-20 06:00:00,Dhanbad,2081
2024-11-20 07:00:00,Jaipur,1647
2024-11-20 08:00:00,Chennai,2161
2024-11-20 09:00:00,Gwalior,2646
2024-11-20 10:00:00,Allahabad,2704
2024-11-20 11:00:00,Hubli,2499
2024-11-20 12:00:00,Aurangabad,2768
2024-11-20 13:00:00,Dhanbad,3078
2024-11-20 14:00:00,Hubli,3108
2024-11-20 15:00:00,Delhi,2570
2024-11-20 16:00:00,Delhi,2960
2024-11-20 17:00:00,Bhopal,2862
2024-11-20 18:00:00,Nashik,4455
2024-11-20 19:00:00,Coimbatore,4180
2024-11-20 20:00:00,Meerut,4073
2024-11-20 21:00:00,Varanasi,3423
2024-11-20 22:00:00,Solapur,4109
2024-11-20 23:00:00,Ranchi,1866
2024-11-21 00:00:00,Varanasi,2388
2024-11-21 01:00:00,Gwalior,1922
2024-11-21 02:00:00,Ranchi,2515
2024-11-21 03:00:00,Kanpur,2352
2024-11-21 04:00:00,Vijayawada,2118
2024-11-21 05:00:00,Amritsar,1459
2024-11-21 06:00:00,Kalyan,1617
2024-11-21 07:00:00,Srinagar,2548
2024-11-21 08:00:00,Dhanbad,1954
2024-11-21 09:00:00,Mumbai,2447
2024-11-21 10:00:00,Lucknow,2455
2024-11-21 11:00:00,Visakhapatnam,2388
2024-11-21 12:00:00,Chennai,3159
2024-11-21 13:00:00,Rajkot,2146
2024-11-21 14:00:00,Ghaziabad,2326
2024-11-21 15:00:00,Guwahati,2183
2024-11-21 16:00:00,Nashik,2530
2024-11-21 17:00:00,Ludhiana,2755
2024-11-21 18:00:00,Kanpur,4534
2024-11-21 19:00:00,Varanasi,4174
2024-11-21 20:00:00,Patna,4119
2024-11-21 21:00:00,Bangalore,3773
2024-11-21 22:00:00,Kanpur,3875
2024-11-21 23:00:00,Gwalior,2524
2024-11-22 00:00:00,Nagpur,1889
2024-11-22 01:00:00,Chennai,1585
2024-11-22 02:00:00,Ahmedabad,1953
2024-11-22 03:00:00,Meerut,1375
2024-11-22 04:00:00,Indore,1657
2024-11-22 05:00:00,Lucknow,1714
2024-11-22 06:00:00,Vijayawada,1561
2024-11-22 07:00:00,Agra,1641
2024-11-22 08:00:00,Rajkot,1475
2024-11-22 09:00:00,Ahmedabad,2972
2024-11-22 10:00:00,Agra,2263
2024-11-22 11:00:00,Meerut,2064
2024-11-22 12:00:00,Ahmedabad,2361
2024-11-22 13:00:00,Nashik,3055
2024-11-22 14:00:00,Dhanbad,2775
2024-11-22 15:00:00,Gwalior,3027
2024-11-22 16:00:00,Delhi,2667
2024-11-22 17:00:00,Bangalore,3075
2024-11-22 18:00:00,Nagpur,3543
2024-11-22 19:00:00,Hubli,3302
2024-11-22 20:00:00,Aurangabad,3744
2024-11-22 21:00:00,Chennai,4548
2024-11-22 22:00:00,Guwahati,2837
2024-11-22 23:00:00,Ahmedabad,2030
2024-11-23 00:00:00,Vijayawada,2080
2024-11-23 01:00:00,Thane,1334
2024-11-23 02:00:00,Rajkot,1288
2024-11-23 03:00:00,Aurangabad,2223
2024-11-23 04:00:00,Rajkot,1470
2024-11-23 05:00:00,Bhopal,1472
2024-11-23 06:00:00,Kota,1516
2024-11-23 07:00:00,Bhopal,2453
2024-11-23 08:00:00,Dhanbad,1566
2024-11-23 09:00:00,Ahmedabad,3156
2024-11-23 10:00:00,Rajkot,2616
2024-11-23 11:00:00,Bangalore,2426
2024-11-23 12:00:00,Kolkata,2987
2024-11-23 13:00:00,Varanasi,2480
2024-11-23 14:00:00,Bangalore,2427
2024-11-23 15:00:00,Jodhpur,2930
2024-11-23 16:00:00,Vasai,2327
2024-11-23 17:00:00,Jodhpur,2744
2024-11-23 18:00:00,Srinagar,4517
2024-11-23 19:00:00,Chennai,2875
2024-11-23 20:00:00,Meerut,2912
2024-11-23 21:00:00,Ahmedabad,3879
2024-11-23 22:00:00,Kanpur,4327
2024-11-23 23:00:00,Nagpur,2009
2024-11-24 00:00:00,Coimbatore,1774
2024-11-24 01:00:00,Guwahati,1453
2024-11-24 02:00:00,Patna,1952
2024-11-24 03:00:00,Chandigarh,1592
2024-11-24 04:00:00,Gwalior,1654
2024-11-24 05:00:00,Guwahati,2433
2024-11-24 06:00:00,Ahmedabad,1630
2024-11-24 07:00:00,Kota,1404
2024-11-24 08:00:00,Amritsar,2389
2024-11-24 09:00:00,Ranchi,2472
2024-11-24 10:00:00,Howrah,2763
2024-11-24 11:00:00,Jaipur,3075
2024-11-24 12:00:00,Agra,3023
2024-11-24 13:00:00,Jodhpur,2600
2024-11-24 14:00:00,Allahabad,2150
2024-11-24 15:00:00,Guwahati,2932
2024-11-24 16:00:00,Gwalior,2506
2024-11-24 17:00:00,Dhanbad,2434
2024-11-24 18:00:00,Kolkata,3938
2024-11-24 19:00:00,Nagpur,4260
2024-11-24 20:00:00,Hubli,2645
2024-11-24 21:00:00,Madurai,3067
2024-11-24 22:00:00,Pune,3731
2024-11-24 23:00:00,Bangalore,1975
2024-11-25 00:00:00,Amritsar,1471
2024-11-25 01:00:00,Kalyan,1702
2024-11-25 02:00:00,Vadodara,1766
2024-11-25 03:00:00,Bhopal,2037
2024-11-25 04:00:00,Howrah,1714
2024-11-25 05:00:00,Jodhpur,2020
2024-11-25 06:00:00,Delhi,1680
2024-11-25 07:00:00,Kolkata,2125
2024-11-25 08:00:00,Kolkata,1660
2024-11-25 09:00:00,Chandigarh,2806
2024-11-25 10:00:00,Vadodara,2478
2024-11-25 11:00:00,Navi Mumbai,2697
2024-11-25 12:00:00,Nashik,2721
2024-11-25 13:00:00,Faridabad,2274
2024-11-25 14:00:00,Hubli,2134
2024-11-25 15:00:00,Thane,2990
2024-11-25 16:00:00,Pune,3025
2024-11-25 17:00:00,Gwalior,2503
2024-11-25 18:00:00,Kolkata,3182
2024-11-25 19:00:00,Kota,3972
2024-11-25 20:00:00,Hubli,3353
2024-11-25 21:00:00,Kolkata,3279
2024-11-25 22:00:00,Chennai,3785
2024-11-25 23:00:00,Kota,1378
2024-11-26 00:00:00,Ludhiana,2347
2024-11-26 01:00:00,Bhopal,1363
2024-11-26 02:00:00,Navi Mumbai,1432
2024-11-26 03:00:00,Ahmedabad,1951
2024-11-26 04:00:00,Delhi,2186
2024-11-26 05:00:00,Rajkot,2000
2024-11-26 06:00:00,Dhanbad,1548
2024-11-26 07:00:00,Vadodara,2270
2024-11-26 08:00:00,Hubli,1795
2024-11-26 09:00:00,Raipur,2419
2024-11-26 10:00:00,Kolkata,2617
2024-11-26 11:00:00,Kolkata,3221
2024-11-26 12:00:00,Ludhiana,2422
2024-11-26 13:00:00,Bhopal,2709
2024-11-26 14:00:00,Meerut,2062
2024-11-26 15:00:00,Amritsar,3076
2024-11-26 16:00:00,Nashik,2672
2024-11-26 17:00:00,Vadodara,2250
2024-11-26 18:00:00,Visakhapatnam,3529
2024-11-26 19:00:00,Solapur,4096
2024-11-26 20:00:00,Howrah,2717
2024-11-26 21:00:00,Meerut,3101
2024-11-26 22:00:00,Meerut,3368
2024-11-26 23:00:00,Jaipur,1797
2024-11-27 00:00:00,Srinagar,1507
2024-11-27 01:00:00,Bhopal,2016
2024-11-27 02:00:00,Kota,2106
2024-11-27 03:00:00,Allahabad,1750
2024-11-27 04:00:00,Vijayawada,2202
2024-11-27 05:00:00,Patna,2007
2024-11-27 06:00:00,Jaipur,2147
2024-11-27 07:00:00,Ranchi,1678
2024-11-27 08:00:00,Vasai,2014
2024-11-27 09:00:00,Ludhiana,2857
2024-11-27 10:00:00,Coimbatore,2341
2024-11-27 11:00:00,Chennai,2353
2024-11-27 12:00:00,Lucknow,2072
2024-11-27 13:00:00,Hubli,2468
2024-11-27 14:00:00,Lucknow,2352
2024-11-27 15:00:00,Allahabad,2478
2024-11-27 16:00:00,Hubli,3140
2024-11-27 17:00:00,Meerut,2279
2024-11-27 18:00:00,Vasai,3431
2024-11-27 19:00:00,Amritsar,3313
2024-11-27 20:00:00,Srinagar,3023
2024-11-27 21:00:00,Visakhapatnam,3737
2024-11-27 22:00:00,Nagpur,2839
2024-11-27 23:00:00,Vadodara,1576
2024-11-28 00:00:00,Ranchi,1414
2024-11-28 01:00:00,Navi Mumbai,1906
2024-11-28 02:00:00,Kolkata,1917
2024-11-28 03:00:00,Aurangabad,2306
2024-11-28 04:00:00,Guwahati,1841
2024-11-28 05:00:00,Thane,1855
2024-11-28 06:00:00,Meerut,1660
2024-11-28 07:00:00,Allahabad,1804
2024-11-28 08:00:00,Indore,1883
2024-11-28 09:00:00,Pune,2757
2024-11-28 10:00:00,Delhi,2971
2024-11-28 11:00:00,Lucknow,2590
2024-11-28 12:00:00,Raipur,3240
2024-11-28 13:00:00,Visakhapatnam,2211
2024-11-28 14:00:00,Amritsar,2405
2024-11-28 15:00:00,Navi Mumbai,2751
2024-11-28 16:00:00,Kota,1986
2024-11-28 17:00:00,Kanpur,2972
2024-11-28 18:00:00,Kanpur,4153
2024-11-28 19:00:00,Hubli,3598
2024-11-28 20:00:00,Pune,3198
2024-11-28 21:00:00,Allahabad,4478
2024-11-28 22:00:00,Varanasi,3669
2024-11-28 23:00:00,Gwalior,1548
2024-11-29 00:00:00,Gwalior,1742
2024-11-29 01:00:00,Jaipur,2089
2024-11-29 02:00:00,Srinagar,2368
2024-11-29 03:00:00,Chandigarh,1865
2024-11-29 04:00:00,Faridabad,2075
2024-11-29 05:00:00,Hyderabad,2509
2024-11-29 06:00:00,Jabalpur,2228
2024-11-29 07:00:00,Delhi,1957
2024-11-29 08:00:00,Indore,1472
2024-11-29 09:00:00,Vijayawada,3012
2024-11-29 10:00:00,Bhopal,2824
2024-11-29 11:00:00,Ghaziabad,2485
2024-11-29 12:00:00,Solapur,2813
2024-11-29 13:00:00,Ahmedabad,2321
2024-11-29 14:00:00,Kanpur,3237
2024-11-29 15:00:00,Thane,3243
2024-11-29 16:00:00,Mumbai,3454
2024-11-29 17:00:00,Raipur,2433
2024-11-29 18:00:00,Bangalore,2907
2024-11-29 19:00:00,Vasai,4335
2024-11-29 20:00:00,Kanpur,3974
2024-11-29 21:00:00,Jodhpur,3325
2024-11-29 22:00:00,Hyderabad,3635
2024-11-29 23:00:00,Pune,1423
2024-11-30 00:00:00,Navi Mumbai,2059
2024-11-30 01:00:00,Delhi,2132
2024-11-30 02:00:00,Mumbai,1647
2024-11-30 03:00:00,Amritsar,1937
2024-11-30 04:00:00,Bhopal,2377
2024-11-30 05:00:00,Thane,2282
2024-11-30 06:00:00,Kalyan,1419
2024-11-30 07:00:00,Lucknow,1872
2024-11-30 08:00:00,Faridabad,2028
2024-11-30 09:00:00,Howrah,2647
2024-11-30 10:00:00,Bangalore,2645
2024-11-30 11:00:00,Indore,2499
2024-11-30 12:00:00,Kalyan,2567
2024-11-30 13:00:00,Solapur,3208
2024-11-30 14:00:00,Delhi,3289
2024-11-30 15:00:00,Kolkata,2561
2024-11-30 16:00:00,Delhi,2547
2024-11-30 17:00:00,Kota,2893
2024-11-30 18:00:00,Ahmedabad,3623
2024-11-30 19:00:00,Vasai,2973
2024-11-30 20:00:00,Madurai,4456
2024-11-30 21:00:00,Ranchi,4086
2024-11-30 22:00:00,Bangalore,4337
2024-11-30 23:00:00,Aurangabad,2187
2024-12-01 00:00:00,Jodhpur,1467
2024-12-01 01:00:00,Agra,2073
2024-12-01 02:00:00,Ranchi,1942
2024-12-01 03:00:00,Ranchi,2029
2024-12-01 04:00:00,Agra,2016
2024-12-01 05:00:00,Thane,2128
2024-12-01 06:00:00,Ghaziabad,2316
2024-12-01 07:00:00,Kolkata,2139
2024-12-01 08:00:00,Varanasi,1890
2024-12-01 09:00:00,Hubli,2561
2024-12-01 10:00:00,Kalyan,2461
2024-12-01 11:00:00,Pune,3360
2024-12-01 12:00:00,Thane,2681
2024-12-01 13:00:00,Chandigarh,1911
2024-12-01 14:00:00,Jabalpur,2902
2024-12-01 15:00:00,Nashik,2560
2024-12-01 16:00:00,Vijayawada,3256
2024-12-01 17:00:00,Madurai,2038
2024-12-01 18:00:00,Nagpur,3446
2024-12-01 19:00:00,Kota,3168
2024-12-01 20:00:00,Mumbai,4621
2024-12-01 21:00:00,Nagpur,3986
2024-12-01 22:00:00,Ghaziabad,4536
2024-12-01 23:00:00,Jabalpur,1772
2024-12-02 00:00:00,Kalyan,2317
2024-12-02 01:00:00,Bangalore,1505
2024-12-02 02:00:00,Meerut,1836
2024-12-02 03:00:00,Vijayawada,1588
2024-12-02 04:00:00,Bangalore,1522
2024-12-02 05:00:00,Amritsar,1973
2024-12-02 06:00:00,Mumbai,2249
2024-12-02 07:00:00,Lucknow,2297
2024-12-02 08:00:00,Hubli,1932
2024-12-02 09:00:00,Vadodara,2811
2024-12-02 10:00:00,Gwalior,3105
2024-12-02 11:00:00,Guwahati,2755
2024-12-02 12:00:00,Varanasi,2654
2024-12-02 13:00:00,Agra,2071
2024-12-02 14:00:00,Ranchi,2946
2024-12-02 15:00:00,Ahmedabad,3192
2024-12-02 16:00:00,Guwahati,2915
2024-12-02 17:00:00,Thane,2570
2024-12-02 18:00:00,Kota,4231
2024-12-02 19:00:00,Aurangabad,4042
2024-12-02 20:00:00,Patna,3513
2024-12-02 21:00:00,Howrah,4867
2024-12-02 22:00:00,Vijayawada,3867
2024-12-02 23:00:00,Thane,1319
2024-12-03 00:00:00,Hubli,1383
2024-12-03 01:00:00,Aurangabad,1867
2024-12-03 02:00:00,Visakhapatnam,2058
2024-12-03 03:00:00,Srinagar,2412
2024-12-03 04:00:00,Visakhapatnam,2247
2024-12-03 05:00:00,Kota,1615
2024-12-03 06:00:00,Kota,1702
2024-12-03 07:00:00,Rajkot,1769
2024-12-03 08:00:00,Ahmedabad,2421
2024-12-03 09:00:00,Ranchi,2989
2024-12-03 10:00:00,Dhanbad,2379
2024-12-03 11:00:00,Chandigarh,2457
2024-12-03 12:00:00,Kota,2650
2024-12-03 13:00:00,Dhanbad,2485
2024-12-03 14:00:00,Visakhapatnam,2709
2024-12-03 15:00:00,Bangalore,3210
2024-12-03 16:00:00,Aurangabad,3061
2024-12-03 17:00:00,Navi Mumbai,2876
2024-12-03 18:00:00,Ludhiana,3953
2024-12-03 19:00:00,Nagpur,3328
2024-12-03 20:00:00,Vijayawada,4212
2024-12-03 21:00:00,Agra,4136
2024-12-03 22:00:00,Bhopal,2646
2024-12-03 23:00:00,Varanasi,1546
2024-12-04 00:00:00,Gwalior,2519
2024-12-04 01:00:00,Srinagar,1816
2024-12-04 02:00:00,Chandigarh,1774
2024-12-04 03:00:00,Bangalore,2372
2024-12-04 04:00:00,Kota,2528
2024-12-04 05:00:00,Nagpur,1477
2024-12-04 06:00:00,Meerut,2089
2024-12-04 07:00:00,Chennai,1257
2024-12-04 08:00:00,Thane,1714
2024-12-04 09:00:00,Delhi,3198
2024-12-04 10:00:00,Agra,2271
2024-12-04 11:00:00,Kanpur,2498
2024-12-04 12:00:00,Aurangabad,2571
2024-12-04 13:00:00,Ghaziabad,2237
2024-12-04 14:00:00,Bangalore,3092
2024-12-04 15:00:00,Pune,2035
2024-12-04 16:00:00,Allahabad,2556
2024-12-04 17:00:00,Faridabad,3353
2024-12-04 18:00:00,Coimbatore,3136
2024-12-04 19:00:00,Allahabad,3815
2024-12-04 20:00:00,Navi Mumbai,4136
2024-12-04 21:00:00,Chandigarh,3418
2024-12-04 22:00:00,Kota,3806
2024-12-04 23:00:00,Allahabad,1643
2024-12-05 00:00:00,Allahabad,2174
2024-12-05 01:00:00,Agra,1923
2024-12-05 02:00:00,Varanasi,1893
2024-12-05 03:00:00,Guwahati,1771
2024-12-05 04:00:00,Allahabad,1480
2024-12-05 05:00:00,Kalyan,2184
2024-12-05 06:00:00,Solapur,1428
2024-12-05 07:00:00,Nagpur,2276
2024-12-05 08:00:00,Hubli,1985
2024-12-05 09:00:00,Bangalore,2240
2024-12-05 10:00:00,Bhopal,2746
2024-12-05 11:00:00,Raipur,2303
2024-12-05 12:00:00,Meerut,2462
2024-12-05 13:00:00,Srinagar,1969
2024-12-05 14:00:00,Chennai,3060
2024-12-05 15:00:00,Coimbatore,3311
2024-12-05 16:00:00,Vijayawada,2393
2024-12-05 17:00:00,Kolkata,2498
2024-12-05 18:00:00,Chennai,3077
2024-12-05 19:00:00,Lucknow,4755
2024-12-05 20:00:00,Kalyan,4779
2024-12-05 21:00:00,Kanpur,3521
2024-12-05 22:00:00,Guwahati,3377
2024-12-05 23:00:00,Delhi,1967
2024-12-06 00:00:00,Madurai,1688
2024-12-06 01:00:00,Vadodara,1757
2024-12-06 02:00:00,Navi Mumbai,2275
2024-12-06 03:00:00,Vasai,2441
2024-12-06 04:00:00,Indore,1879
2024-12-06 05:00:00,Agra,1441
2024-12-06 06:00:00,Chandigarh,2126
2024-12-06 07:00:00,Coimbatore,2004
2024-12-06 08:00:00,Vijayawada,1850
2024-12-06 09:00:00,Vasai,2384
2024-12-06 10:00:00,Vasai,2677
2024-12-06 11:00:00,Bangalore,3177
2024-12-06 12:00:00,Mumbai,2312
2024-12-06 13:00:00,Navi Mumbai,3042
2024-12-06 14:00:00,Aurangabad,2561
2024-12-06 15:00:00,Thane,2598
2024-12-06 16:00:00,Varanasi,2030
2024-12-06 17:00:00,Bhopal,3046
2024-12-06 18:00:00,Meerut,3633
2024-12-06 19:00:00,Mumbai,3461
2024-12-06 20:00:00,Guwahati,3923
2024-12-06 21:00:00,Rajkot,3804
2024-12-06 22:00:00,Thane,3329
2024-12-06 23:00:00,Raipur,2141
2024-12-07 00:00:00,Mumbai,1965
2024-12-07 01:00:00,Ghaziabad,1958
2024-12-07 02:00:00,Kota,1602
2024-12-07 03:00:00,Pune,2121
2024-12-07 04:00:00,Vasai,1893
2024-12-07 05:00:00,Dhanbad,2160
2024-12-07 06:00:00,Srinagar,1695
2024-12-07 07:00:00,Howrah,2129
2024-12-07 08:00:00,Kanpur,2349
2024-12-07 09:00:00,Kanpur,2515
2024-12-07 10:00:00,Bhopal,2297
2024-12-07 11:00:00,Dhanbad,2834
2024-12-07 12:00:00,Jodhpur,1931
2024-12-07 13:00:00,Allahabad,2442
2024-12-07 14:00:00,Kota,2988
2024-12-07 15:00:00,Ghaziabad,3177
2024-12-07 16:00:00,Madurai,2304
2024-12-07 17:00:00,Visakhapatnam,2247
2024-12-07 18:00:00,Agra,4644
2024-12-07 19:00:00,Bhopal,2859
2024-12-07 20:00:00,Thane,3398
2024-12-07 21:00:00,Vasai,3003
2024-12-07 22:00:00,Ghaziabad,3335
2024-12-07 23:00:00,Ghaziabad,2036
2024-12-08 00:00:00,Meerut,1985
2024-12-08 01:00:00,Madurai,1827
2024-12-08 02:00:00,Amritsar,1899
2024-12-08 03:00:00,Aurangabad,1542
2024-12-08 04:00:00,Chandigarh,2217
2024-12-08 05:00:00,Ghaziabad,2130
2024-12-08 06:00:00,Chennai,1744
2024-12-08 07:00:00,Ludhiana,2133
2024-12-08 08:00:00,Ranchi,1820
2024-12-08 09:00:00,Kota,2607
2024-12-08 10:00:00,Vadodara,2616
2024-12-08 11:00:00,Chandigarh,2335
2024-12-08 12:00:00,Mumbai,2715
2024-12-08 13:00:00,Pune,2532
2024-12-08 14:00:00,Gwalior,2851
2024-12-08 15:00:00,Jabalpur,2984
2024-12-08 16:00:00,Madurai,2550
2024-12-08 17:00:00,Faridabad,2345
2024-12-08 18:00:00,Aurangabad,4061
2024-12-08 19:00:00,Kolkata,3512
2024-12-08 20:00:00,Chennai,3363
2024-12-08 21:00:00,Chandigarh,3355
2024-12-08 22:00:00,Ranchi,3840
2024-12-08 23:00:00,Bangalore,1816
2024-12-09 00:00:00,Varanasi,2067
2024-12-09 01:00:00,Thane,2140
2024-12-09 02:00:00,Meerut,2306
2024-12-09 03:00:00,Hubli,1944
2024-12-09 04:00:00,Guwahati,1855
2024-12-09 05:00:00,Srinagar,1437
2024-12-09 06:00:00,Coimbatore,1780
2024-12-09 07:00:00,Solapur,2162
2024-12-09 08:00:00,Nagpur,1985
2024-12-09 09:00:00,Pune,3034
2024-12-09 10:00:00,Jabalpur,2744
2024-12-09 11:00:00,Patna,3026
2024-12-09 12:00:00,Delhi,2636
2024-12-09 13:00:00,Gwalior,3275
2024-12-09 14:00:00,Hubli,2396
2024-12-09 15:00:00,Delhi,2591
2024-12-09 16:00:00,Pune,2342
2024-12-09 17:00:00,Gwalior,2769
2024-12-09 18:00:00,Patna,3634
2024-12-09 19:00:00,Kota,2834
2024-12-09 20:00:00,Ahmedabad,3768
2024-12-09 21:00:00,Hyderabad,4594
2024-12-09 22:00:00,Delhi,3763
2024-12-09 23:00:00,Varanasi,1321
2024-12-10 00:00:00,Howrah,1830
2024-12-10 01:00:00,Amritsar,2351
2024-12-10 02:00:00,Kota,1329
2024-12-10 03:00:00,Hyderabad,1541
2024-12-10 04:00:00,Chandigarh,1873
2024-12-10 05:00:00,Ghaziabad,1649
2024-12-10 06:00:00,Vadodara,1668
2024-12-10 07:00:00,Kalyan,1895
2024-12-10 08:00:00,Vadodara,2319
2024-12-10 09:00:00,Aurangabad,3079
2024-12-10 10:00:00,Chennai,3256
2024-12-10 11:00:00,Guwahati,2734
2024-12-10 12:00:00,Aurangabad,3053
2024-12-10 13:00:00,Pune,2614
2024-12-10 14:00:00,Lucknow,2288
2024-12-10 15:00:00,Raipur,2969
2024-12-10 16:00:00,Varanasi,2510
2024-12-10 17:00:00,Ranchi,1932
2024-12-10 18:00:00,Patna,3251
2024-12-10 19:00:00,Srinagar,3773
2024-12-10 20:00:00,Bangalore,3563
2024-12-10 21:00:00,Jabalpur,3406
2024-12-10 22:00:00,Visakhapatnam,3894
2024-12-10 23:00:00,Jodhpur,1914
2024-12-11 00:00:00,Jaipur,2192
2024-12-11 01:00:00,Gwalior,1490
2024-12-11 02:00:00,Kolkata,2427
2024-12-11 03:00:00,Hubli,2284
2024-12-11 04:00:00,Varanasi,1637
2024-12-11 05:00:00,Solapur,1754
2024-12-11 06:00:00,Kanpur,1819
2024-12-11 07:00:00,Jabalpur,1675
2024-12-11 08:00:00,Indore,2375
2024-12-11 09:00:00,Vijayawada,2879
2024-12-11 10:00:00,Jaipur,2366
2024-12-11 11:00:00,Patna,2637
2024-12-11 12:00:00,Jodhpur,2720
2024-12-11 13:00:00,Vasai,2814
2024-12-11 14:00:00,Allahabad,2878
2024-12-11 15:00:00,Mumbai,2553
2024-12-11 16:00:00,Meerut,1999
2024-12-11 17:00:00,Gwalior,2473
2024-12-11 18:00:00,Ghaziabad,4334
2024-12-11 19:00:00,Ranchi,3984
2024-12-11 20:00:00,Dhanbad,3441
2024-12-11 21:00:00,Vijayawada,3634
2024-12-11 22:00:00,Navi Mumbai,4594
2024-12-11 23:00:00,Delhi,1785
2024-12-12 00:00:00,Indore,1638
2024-12-12 01:00:00,Mumbai,1930
2024-12-12 02:00:00,Agra,1929
2024-12-12 03:00:00,Vasai,1362
2024-12-12 04:00:00,Thane,1894
2024-12-12 05:00:00,Visakhapatnam,1334
2024-12-12 06:00:00,Chennai,1562
2024-12-12 07:00:00,Pune,1605
2024-12-12 08:00:00,Ranchi,2265
2024-12-12 09:00:00,Mumbai,2867
2024-12-12 10:00:00,Dhanbad,1839
2024-12-12 11:00:00,Kanpur,2952
2024-12-12 12:00:00,Kanpur,3135
2024-12-12 13:00:00,Navi Mumbai,3099
2024-12-12 14:00:00,Kanpur,2391
2024-12-12 15:00:00,Howrah,2385
2024-12-12 16:00:00,Kalyan,2832
2024-12-12 17:00:00,Bangalore,2430
2024-12-12 18:00:00,Vadodara,3540
2024-12-12 19:00:00,Mumbai,3946
2024-12-12 20:00:00,Indore,4302
2024-12-12 21:00:00,Kanpur,3021
2024-12-12 22:00:00,Nashik,3451
2024-12-12 23:00:00,Vadodara,2090
2024-12-13 00:00:00,Agra,2159
2024-12-13 01:00:00,Allahabad,1542
2024-12-13 02:00:00,Kalyan,1510
2024-12-13 03:00:00,Meerut,2187
2024-12-13 04:00:00,Thane,2292
2024-12-13 05:00:00,Jodhpur,1912
2024-12-13 06:00:00,Amritsar,2117
2024-12-13 07:00:00,Navi Mumbai,1681
2024-12-13 08:00:00,Bhopal,2285
2024-12-13 09:00:00,Kota,3294
2024-12-13 10:00:00,Chandigarh,1994
2024-12-13 11:00:00,Guwahati,2556
2024-12-13 12:00:00,Madurai,3438
2024-12-13 13:00:00,Amritsar,2732
2024-12-13 14:00:00,Aurangabad,2962
2024-12-13 15:00:00,Chennai,2533
2024-12-13 16:00:00,Solapur,2732
2024-12-13 17:00:00,Srinagar,2169
2024-12-13 18:00:00,Hubli,4229
2024-12-13 19:00:00,Chennai,3412
2024-12-13 20:00:00,Kalyan,3713
2024-12-13 21:00:00,Bangalore,3742
2024-12-13 22:00:00,Visakhapatnam,3975
2024-12-13 23:00:00,Kota,1477
2024-12-14 00:00:00,Gwalior,1484
2024-12-14 01:00:00,Kalyan,2027
2024-12-14 02:00:00,Varanasi,1999
2024-12-14 03:00:00,Ludhiana,1385
2024-12-14 04:00:00,Jabalpur,2103
2024-12-14 05:00:00,Bangalore,2104
2024-12-14 06:00:00,Lucknow,1808
2024-12-14 07:00:00,Howrah,1729
2024-12-14 08:00:00,Varanasi,1422
2024-12-14 09:00:00,Rajkot,2581
2024-12-14 10:00:00,Nagpur,3120
2024-12-14 11:00:00,Mumbai,3255
2024-12-14 12:00:00,Meerut,2552
2024-12-14 13:00:00,Navi Mumbai,2906
2024-12-14 14:00:00,Ranchi,2648
2024-12-14 15:00:00,Hubli,3108
2024-12-14 16:00:00,Nagpur,2948
2024-12-14 17:00:00,Meerut,1940
2024-12-14 18:00:00,Ranchi,4009
2024-12-14 19:00:00,Jodhpur,4414
2024-12-14 20:00:00,Dhanbad,3324
2024-12-14 21:00:00,Nashik,3371
2024-12-14 22:00:00,Jodhpur,3611
2024-12-14 23:00:00,Navi Mumbai,1868
2024-12-15 00:00:00,Ghaziabad,1418
2024-12-15 01:00:00,Nashik,1908
2024-12-15 02:00:00,Navi Mumbai,1337
2024-12-15 03:00:00,Ranchi,1755
2024-12-15 04:00:00,Navi Mumbai,1337
2024-12-15 05:00:00,Pune,1632
2024-12-15 06:00:00,Allahabad,1803
2024-12-15 07:00:00,Aurangabad,1648
2024-12-15 08:00:00,Raipur,2359
2024-12-15 09:00:00,Howrah,2793
2024-12-15 10:00:00,Kolkata,2753
2024-12-15 11:00:00,Kanpur,2461
2024-12-15 12:00:00,Meerut,2254
2024-12-15 13:00:00,Meerut,2345
2024-12-15 14:00:00,Bangalore,2892
2024-12-15 15:00:00,Raipur,2604
2024-12-15 16:00:00,Bangalore,3138
2024-12-15 17:00:00,Raipur,2744
2024-12-15 18:00:00,Srinagar,4762
2024-12-15 19:00:00,Madurai,2824
2024-12-15 20:00:00,Solapur,3729
2024-12-15 21:00:00,Vijayawada,3449
2024-12-15 22:00:00,Varanasi,2947
2024-12-15 23:00:00,Kolkata,1718
2024-12-16 00:00:00,Bangalore,1749
2024-12-16 01:00:00,Solapur,2033
2024-12-16 02:00:00,Nashik,1300
2024-12-16 03:00:00,Aurangabad,1992
2024-12-16 04:00:00,Vadodara,1966
2024-12-16 05:00:00,Solapur,1934
2024-12-16 06:00:00,Ranchi,1384
2024-12-16 07:00:00,Varanasi,2087
2024-12-16 08:00:00,Lucknow,2280
2024-12-16 09:00:00,Aurangabad,2839
2024-12-16 10:00:00,Nagpur,2498
2024-12-16 11:00:00,Varanasi,2146
2024-12-16 12:00:00,Chandigarh,2495
2024-12-16 13:00:00,Faridabad,2198
2024-12-16 14:00:00,Indore,2351
2024-12-16 15:00:00,Kalyan,2015
2024-12-16 16:00:00,Delhi,2703
2024-12-16 17:00:00,Patna,2481
2024-12-16 18:00:00,Allahabad,4509
2024-12-16 19:00:00,Agra,4149
2024-12-16 20:00:00,Vasai,3291
2024-12-16 21:00:00,Navi Mumbai,4047
2024-12-16 22:00:00,Allahabad,4101
2024-12-16 23:00:00,Faridabad,2138
2024-12-17 00:00:00,Chandigarh,2115
2024-12-17 01:00:00,Thane,1329
2024-12-17 02:00:00,Patna,1937
2024-12-17 03:00:00,Howrah,2272
2024-12-17 04:00:00,Howrah,1905
2024-12-17 05:00:00,Meerut,1842
2024-12-17 06:00:00,Nagpur,2118
2024-12-17 07:00:00,Aurangabad,2486
2024-12-17 08:00:00,Jodhpur,2190
2024-12-17 09:00:00,Aurangabad,2475
2024-12-17 10:00:00,Gwalior,2375
2024-12-17 11:00:00,Rajkot,2439
2024-12-17 12:00:00,Visakhapatnam,2920
2024-12-17 13:00:00,Visakhapatnam,2298
2024-12-17 14:00:00,Kolkata,2224
2024-12-17 15:00:00,Hyderabad,3108
2024-12-17 16:00:00,Nagpur,2722
2024-12-17 17:00:00,Nashik,2149
2024-12-17 18:00:00,Solapur,3297
2024-12-17 19:00:00,Vijayawada,3932
2024-12-17 20:00:00,Jodhpur,4012
2024-12-17 21:00:00,Jabalpur,3861
2024-12-17 22:00:00,Agra,4634
2024-12-17 23:00:00,Guwahati,1861
2024-12-18 00:00:00,Faridabad,1642
2024-12-18 01:00:00,Mumbai,1443
2024-12-18 02:00:00,Vijayawada,1802
2024-12-18 03:00:00,Mumbai,2259
2024-12-18 04:00:00,Raipur,2088
2024-12-18 05:00:00,Guwahati,1627
2024-12-18 06:00:00,Hubli,2280
2024-12-18 07:00:00,Kolkata,1634
2024-12-18 08:00:00,Patna,2105
2024-12-18 09:00:00,Srinagar,2340
2024-12-18 10:00:00,Kota,2701
2024-12-18 11:00:00,Pune,1950
2024-12-18 12:00:00,Aurangabad,3006
2024-12-18 13:00:00,Chandigarh,2931
2024-12-18 14:00:00,Meerut,2647
2024-12-18 15:00:00,Hyderabad,2130
2024-12-18 16:00:00,Nashik,2135
2024-12-18 17:00:00,Lucknow,2020
2024-12-18 18:00:00,Nashik,3114
2024-12-18 19:00:00,Chandigarh,4639
2024-12-18 20:00:00,Navi Mumbai,3585
2024-12-18 21:00:00,Hyderabad,4112
2024-12-18 22:00:00,Raipur,3195
2024-12-18 23:00:00,Gwalior,1559
2024-12-19 00:00:00,Coimbatore,1932
2024-12-19 01:00:00,Kanpur,1470
2024-12-19 02:00:00,Ranchi,2186
2024-12-19 03:00:00,Meerut,2309
2024-12-19 04:00:00,Pune,1609
2024-12-19 05:00:00,Ranchi,1377
2024-12-19 06:00:00,Srinagar,1953
2024-12-19 07:00:00,Chennai,1846
2024-12-19 08:00:00,Delhi,2106
2024-12-19 09:00:00,Bangalore,2850
2024-12-19 10:00:00,Kanpur,3061
2024-12-19 11:00:00,Patna,2664
2024-12-19 12:00:00,Guwahati,2509
2024-12-19 13:00:00,Lucknow,3310
2024-12-19 14:00:00,Hubli,3278
2024-12-19 15:00:00,Ranchi,2721
2024-12-19 16:00:00,Dhanbad,2098
2024-12-19 17:00:00,Ludhiana,2401
2024-12-19 18:00:00,Chandigarh,2912
2024-12-19 19:00:00,Aurangabad,3977
2024-12-19 20:00:00,Jodhpur,4511
2024-12-19 21:00:00,Delhi,4027
2024-12-19 22:00:00,Amritsar,3626
2024-12-19 23:00:00,Rajkot,2255
2024-12-20 00:00:00,Coimbatore,1624
2024-12-20 01:00:00,Meerut,2314
2024-12-20 02:00:00,Visakhapatnam,2208
2024-12-20 03:00:00,Jabalpur,2352
2024-12-20 04:00:00,Kanpur,2335
2024-12-20 05:00:00,Faridabad,2030
2024-12-20 06:00:00,Rajkot,2162
2024-12-20 07:00:00,Kanpur,2161
2024-12-20 08:00:00,Jodhpur,2228
2024-12-20 09:00:00,Gwalior,2179
2024-12-20 10:00:00,Amritsar,2390
2024-12-20 11:00:00,Raipur,2563
2024-12-20 12:00:00,Rajkot,2757
2024-12-20 13:00:00,Allahabad,2296
2024-12-20 14:00:00,Coimbatore,2011
2024-12-20 15:00:00,Ahmedabad,3255
2024-12-20 16:00:00,Pune,3108
2024-12-20 17:00:00,Agra,2427
2024-12-20 18:00:00,Aurangabad,3988
2024-12-20 19:00:00,Bangalore,4105
2024-12-20 20:00:00,Jodhpur,3559
2024-12-20 21:00:00,Chennai,4376
2024-12-20 22:00:00,Mumbai,3747
2024-12-20 23:00:00,Bhopal,1492
2024-12-21 00:00:00,Dhanbad,1823
2024-12-21 01:00:00,Ludhiana,1509
2024-12-21 02:00:00,Vadodara,1974
2024-12-21 03:00:00,Allahabad,1909
2024-12-21 04:00:00,Kanpur,1931
2024-12-21 05:00:00,Nashik,2303
2024-12-21 06:00:00,Faridabad,1707
2024-12-21 07:00:00,Lucknow,2465
2024-12-21 08:00:00,Ghaziabad,2137
2024-12-21 09:00:00,Aurangabad,2518
2024-12-21 10:00:00,Jabalpur,2319
2024-12-21 11:00:00,Solapur,2892
2024-12-21 12:00:00,Ghaziabad,2555
2024-12-21 13:00:00,Navi Mumbai,3104
2024-12-21 14:00:00,Faridabad,3059
2024-12-21 15:00:00,Navi Mumbai,2918
2024-12-21 16:00:00,Coimbatore,2772
2024-12-21 17:00:00,Ghaziabad,2839
2024-12-21 18:00:00,Visakhapatnam,4602
2024-12-21 19:00:00,Amritsar,3213
2024-12-21 20:00:00,Kolkata,4015
2024-12-21 21:00:00,Kalyan,4146
2024-12-21 22:00:00,Vasai,4049
2024-12-21 23:00:00,Navi Mumbai,1751
2024-12-22 00:00:00,Chandigarh,1401
2024-12-22 01:00:00,Kalyan,2190
2024-12-22 02:00:00,Rajkot,2191
2024-12-22 03:00:00,Kolkata,1512
2024-12-22 04:00:00,Visakhapatnam,1643
2024-12-22 05:00:00,Jabalpur,2288
2024-12-22 06:00:00,Ahmedabad,1554
2024-12-22 07:00:00,Madurai,1555
2024-12-22 08:00:00,Hyderabad,1377
2024-12-22 09:00:00,Howrah,2712
2024-12-22 10:00:00,Jodhpur,2988
2024-12-22 11:00:00,Bangalore,2336
2024-12-22 12:00:00,Gwalior,2034
2024-12-22 13:00:00,Gwalior,3047
2024-12-22 14:00:00,Guwahati,2033
2024-12-22 15:00:00,Guwahati,3004
2024-12-22 16:00:00,Kota,2677
2024-12-22 17:00:00,Visakhapatnam,2524
2024-12-22 18:00:00,Ahmedabad,4275
2024-12-22 19:00:00,Amritsar,3358
2024-12-22 20:00:00,Bhopal,2718
2024-12-22 21:00:00,Chennai,3854
2024-12-22 22:00:00,Ahmedabad,3867
2024-12-22 23:00:00,Kolkata,1341
2024-12-23 00:00:00,Kanpur,2368
2024-12-23 01:00:00,Agra,2022
2024-12-23 02:00:00,Chennai,2017
2024-12-23 03:00:00,Allahabad,1652
2024-12-23 04:00:00,Raipur,1663
2024-12-23 05:00:00,Kanpur,1987
2024-12-23 06:00:00,Srinagar,1916
2024-12-23 07:00:00,Coimbatore,2018
2024-12-23 08:00:00,Guwahati,2212
2024-12-23 09:00:00,Hyderabad,2772
2024-12-23 10:00:00,Aurangabad,2683
2024-12-23 11:00:00,Faridabad,3070
2024-12-23 12:00:00,Nagpur,2478
2024-12-23 13:00:00,Amritsar,2053
2024-12-23 14:00:00,Vadodara,2517
2024-12-23 15:00:00,Rajkot,2486
2024-12-23 16:00:00,Thane,2848
2024-12-23 17:00:00,Srinagar,2489
2024-12-23 18:00:00,Delhi,3155
2024-12-23 19:00:00,Ludhiana,3371
2024-12-23 20:00:00,Raipur,3086
2024-12-23 21:00:00,Varanasi,3349
2024-12-23 22:00:00,Ludhiana,3804
2024-12-23 23:00:00,Jodhpur,2165
2024-12-24 00:00:00,Meerut,1862
2024-12-24 01:00:00,Ghaziabad,2362
2024-12-24 02:00:00,Guwahati,2190
2024-12-24 03:00:00,Agra,1764
2024-12-24 04:00:00,Hubli,1566
2024-12-24 05:00:00,Nashik,1833
2024-12-24 06:00:00,Ahmedabad,1914
2024-12-24 07:00:00,Hubli,1909
2024-12-24 08:00:00,Kolkata,1769
2024-12-24 09:00:00,Solapur,3281
2024-12-24 10:00:00,Dhanbad,3232
2024-12-24 11:00:00,Bangalore,1947
2024-12-24 12:00:00,Nagpur,2514
2024-12-24 13:00:00,Lucknow,2809
2024-12-24 14:00:00,Chandigarh,2642
2024-12-24 15:00:00,Allahabad,3378
2024-12-24 16:00:00,Hubli,2331
2024-12-24 17:00:00,Howrah,2412
2024-12-24 18:00:00,Delhi,4078
2024-12-24 19:00:00,Jaipur,4270
2024-12-24 20:00:00,Bhopal,3605
2024-12-24 21:00:00,Kalyan,4170
2024-12-24 22:00:00,Thane,3877
2024-12-24 23:00:00,Jodhpur,2062
2024-12-25 00:00:00,Mumbai,2330
2024-12-25 01:00:00,Indore,2041
2024-12-25 02:00:00,Nashik,2413
2024-12-25 03:00:00,Jaipur,1696
2024-12-25 04:00:00,Dhanbad,1366
2024-12-25 05:00:00,Aurangabad,2008
2024-12-25 06:00:00,Ludhiana,2331
2024-12-25 07:00:00,Lucknow,2114
2024-12-25 08:00:00,Jabalpur,1949
2024-12-25 09:00:00,Nagpur,2918
2024-12-25 10:00:00,Faridabad,3318
2024-12-25 11:00:00,Rajkot,2534
2024-12-25 12:00:00,Rajkot,3165
2024-12-25 13:00:00,Jaipur,3145
2024-12-25 14:00:00,Indore,2135
2024-12-25 15:00:00,Thane,3223
2024-12-25 16:00:00,Kota,2567
2024-12-25 17:00:00,Thane,2379
2024-12-25 18:00:00,Coimbatore,3411
2024-12-25 19:00:00,Ahmedabad,3351
2024-12-25 20:00:00,Srinagar,4514
2024-12-25 21:00:00,Lucknow,4308
2024-12-25 22:00:00,Madurai,2750
2024-12-25 23:00:00,Kota,2076
2024-12-26 00:00:00,Vadodara,2019
2024-12-26 01:00:00,Ranchi,2277
2024-12-26 02:00:00,Vijayawada,1895
2024-12-26 03:00:00,Bangalore,1795
2024-12-26 04:00:00,Jodhpur,2184
2024-12-26 05:00:00,Ludhiana,1222
2024-12-26 06:00:00,Bhopal,2198
2024-12-26 07:00:00,Bhopal,1425
2024-12-26 08:00:00,Jabalpur,1904
2024-12-26 09:00:00,Bhopal,2269
2024-12-26 10:00:00,Howrah,2656
2024-12-26 11:00:00,Jaipur,2794
2024-12-26 12:00:00,Vadodara,2094
2024-12-26 13:00:00,Ahmedabad,2104
2024-12-26 14:00:00,Howrah,2341
2024-12-26 15:00:00,Guwahati,3046
2024-12-26 16:00:00,Indore,2239
2024-12-26 17:00:00,Ludhiana,2342
2024-12-26 18:00:00,Jodhpur,4364
2024-12-26 19:00:00,Varanasi,2753
2024-12-26 20:00:00,Amritsar,3474
2024-12-26 21:00:00,Ludhiana,3208
2024-12-26 22:00:00,Aurangabad,3317
2024-12-26 23:00:00,Thane,1946
2024-12-27 00:00:00,Raipur,2382
2024-12-27 01:00:00,Ranchi,2227
2024-12-27 02:00:00,Patna,2194
2024-12-27 03:00:00,Patna,2290
2024-12-27 04:00:00,Vadodara,1502
2024-12-27 05:00:00,Chennai,1443
2024-12-27 06:00:00,Lucknow,1673
2024-12-27 07:00:00,Raipur,1574
2024-12-27 08:00:00,Bhopal,2244
2024-12-27 09:00:00,Guwahati,2694
2024-12-27 10:00:00,Solapur,1913
2024-12-27 11:00:00,Kolkata,2422
2024-12-27 12:00:00,Bangalore,3196
2024-12-27 13:00:00,Ghaziabad,2977
2024-12-27 14:00:00,Aurangabad,2066
2024-12-27 15:00:00,Kalyan,2270
2024-12-27 16:00:00,Ranchi,3159
2024-12-27 17:00:00,Aurangabad,2664
2024-12-27 18:00:00,Jodhpur,4426
2024-12-27 19:00:00,Bangalore,4013
2024-12-27 20:00:00,Navi Mumbai,4547
2024-12-27 21:00:00,Bangalore,3889
2024-12-27 22:00:00,Chandigarh,3463
2024-12-27 23:00:00,Guwahati,2132
2024-12-28 00:00:00,Jodhpur,1676
2024-12-28 01:00:00,Coimbatore,2025
2024-12-28 02:00:00,Nashik,1987
2024-12-28 03:00:00,Solapur,2224
2024-12-28 04:00:00,Ludhiana,1887
2024-12-28 05:00:00,Chandigarh,2066
2024-12-28 06:00:00,Indore,2067
2024-12-28 07:00:00,Kolkata,2307
2024-12-28 08:00:00,Mumbai,1677
2024-12-28 09:00:00,Rajkot,3415
2024-12-28 10:00:00,Madurai,2801
2024-12-28 11:00:00,Bangalore,2602
2024-12-28 12:00:00,Patna,2329
2024-12-28 13:00:00,Kota,2668
2024-12-28 14:00:00,Bangalore,2516
2024-12-28 15:00:00,Indore,3067
2024-12-28 16:00:00,Bangalore,2856
2024-12-28 17:00:00,Allahabad,2363
2024-12-28 18:00:00,Pune,4144
2024-12-28 19:00:00,Ghaziabad,4596
2024-12-28 20:00:00,Indore,2812
2024-12-28 21:00:00,Faridabad,3009
2024-12-28 22:00:00,Kolkata,3708
2024-12-28 23:00:00,Raipur,2033
2024-12-29 00:00:00,Solapur,1683
2024-12-29 01:00:00,Vadodara,1907
2024-12-29 02:00:00,Meerut,1813
2024-12-29 03:00:00,Vadodara,2188
2024-12-29 04:00:00,Delhi,1719
2024-12-29 05:00:00,Delhi,1628
2024-12-29 06:00:00,Varanasi,2272
2024-12-29 07:00:00,Nashik,1711
2024-12-29 08:00:00,Coimbatore,1799
2024-12-29 09:00:00,Indore,2396
2024-12-29 10:00:00,Hyderabad,2753
2024-12-29 11:00:00,Ranchi,3077
2024-12-29 12:00:00,Kolkata,2127
2024-12-29 13:00:00,Bangalore,3138
2024-12-29 14:00:00,Allahabad,2285
2024-12-29 15:00:00,Delhi,2552
2024-12-29 16:00:00,Nagpur,3158
2024-12-29 17:00:00,Delhi,2972
2024-12-29 18:00:00,Jaipur,4133
2024-12-29 19:00:00,Gwalior,4226
2024-12-29 20:00:00,Howrah,4538
2024-12-29 21:00:00,Kalyan,3473
2024-12-29 22:00:00,Dhanbad,3887
2024-12-29 23:00:00,Vadodara,1332
2024-12-30 00:00:00,Nashik,1556
2024-12-30 01:00:00,Bangalore,2217
2024-12-30 02:00:00,Jaipur,1583
2024-12-30 03:00:00,Jodhpur,2233
2024-12-30 04:00:00,Guwahati,1681
2024-12-30 05:00:00,Hubli,2139
2024-12-30 06:00:00,Kalyan,2002
2024-12-30 07:00:00,Srinagar,1914
2024-12-30 08:00:00,Ludhiana,1650
2024-12-30 09:00:00,Raipur,2435
2024-12-30 10:00:00,Coimbatore,2645
2024-12-30 11:00:00,Faridabad,2477
2024-12-30 12:00:00,Kota,3204
2024-12-30 13:00:00,Chennai,3258
2024-12-30 14:00:00,Nagpur,2164
2024-12-30 15:00:00,Vijayawada,2483
2024-12-30 16:00:00,Ranchi,2902
2024-12-30 17:00:00,Madurai,2210
2024-12-30 18:00:00,Navi Mumbai,4005
2024-12-30 19:00:00,Aurangabad,4067
2024-12-30 20:00:00,Indore,3122
2024-12-30 21:00:00,Navi Mumbai,4103
2024-12-30 22:00:00,Vadodara,3455
2024-12-30 23:00:00,Indore,1445
2024-12-31 00:00:00,Bhopal,1653
2024-12-31 01:00:00,Patna,2197
2024-12-31 02:00:00,Howrah,1952
2024-12-31 03:00:00,Chandigarh,2285
2024-12-31 04:00:00,Lucknow,1731
2024-12-31 05:00:00,Kota,1851
2024-12-31 06:00:00,Jabalpur,2364
2024-12-31 07:00:00,Nagpur,1400
2024-12-31 08:00:00,Kanpur,1798
2024-12-31 09:00:00,Hubli,2848
2024-12-31 10:00:00,Patna,2220
2024-12-31 11:00:00,Chennai,2679
2024-12-31 12:00:00,Amritsar,2555
2024-12-31 13:00:00,Meerut,3079
2024-12-31 14:00:00,Ranchi,1919
2024-12-31 15:00:00,Faridabad,2695
2024-12-31 16:00:00,Jodhpur,3028
2024-12-31 17:00:00,Ghaziabad,2597
2024-12-31 18:00:00,Jaipur,3551
2024-12-31 19:00:00,Jodhpur,3313
2024-12-31 20:00:00,Delhi,4231
2024-12-31 21:00:00,Ludhiana,3861
2024-12-31 22:00:00,Vasai,3715
2024-12-31 23:00:00,Ghaziabad,2080
2025-01-01 00:00:00,Dhanbad,1668
2025-01-01 01:00:00,Coimbatore,2381
2025-01-01 02:00:00,Srinagar,2042
2025-01-01 03:00:00,Amritsar,2129
2025-01-01 04:00:00,Kota,1993
2025-01-01 05:00:00,Agra,1335
2025-01-01 06:00:00,Amritsar,1917
2025-01-01 07:00:00,Bangalore,2250
2025-01-01 08:00:00,Jaipur,1317
2025-01-01 09:00:00,Howrah,2375
2025-01-01 10:00:00,Mumbai,2477
2025-01-01 11:00:00,Patna,2558
2025-01-01 12:00:00,Amritsar,2253
2025-01-01 13:00:00,Aurangabad,2268
2025-01-01 14:00:00,Indore,2808
2025-01-01 15:00:00,Nagpur,3100
2025-01-01 16:00:00,Vasai,1953
2025-01-01 17:00:00,Ranchi,3000
2025-01-01 18:00:00,Varanasi,3435
2025-01-01 19:00:00,Ghaziabad,4136
2025-01-01 20:00:00,Raipur,3036
2025-01-01 21:00:00,Mumbai,2871
2025-01-01 22:00:00,Rajkot,3995
2025-01-01 23:00:00,Ghaziabad,1630
2025-01-02 00:00:00,Bhopal,1828
2025-01-02 01:00:00,Guwahati,2034
2025-01-02 02:00:00,Delhi,1853
2025-01-02 03:00:00,Chennai,1752
2025-01-02 04:00:00,Madurai,1884
2025-01-02 05:00:00,Chennai,2229
2025-01-02 06:00:00,Ahmedabad,1880
2025-01-02 07:00:00,Raipur,1395
2025-01-02 08:00:00,Kalyan,2102
2025-01-02 09:00:00,Thane,2927
2025-01-02 10:00:00,Raipur,2883
2025-01-02 11:00:00,Kolkata,2641
2025-01-02 12:00:00,Meerut,3046
2025-01-02 13:00:00,Rajkot,2411
2025-01-02 14:00:00,Thane,2696
2025-01-02 15:00:00,Hyderabad,3291
2025-01-02 16:00:00,Kota,2727
2025-01-02 17:00:00,Vadodara,2518
2025-01-02 18:00:00,Chennai,4003
2025-01-02 19:00:00,Visakhapatnam,4682
2025-01-02 20:00:00,Ranchi,3463
2025-01-02 21:00:00,Indore,3724
2025-01-02 22:00:00,Ghaziabad,2647
2025-01-02 23:00:00,Kolkata,1719
2025-01-03 00:00:00,Rajkot,1554
2025-01-03 01:00:00,Srinagar,2143
2025-01-03 02:00:00,Kanpur,2088
2025-01-03 03:00:00,Indore,2237
2025-01-03 04:00:00,Patna,2129
2025-01-03 05:00:00,Dhanbad,1638
2025-01-03 06:00:00,Mumbai,1609
2025-01-03 07:00:00,Delhi,1948
2025-01-03 08:00:00,Ranchi,1801
2025-01-03 09:00:00,Kalyan,2297
2025-01-03 10:00:00,Vadodara,2869
2025-01-03 11:00:00,Chennai,2818
2025-01-03 12:00:00,Patna,2443
2025-01-03 13:00:00,Madurai,1965
2025-01-03 14:00:00,Hubli,2933
2025-01-03 15:00:00,Coimbatore,2653
2025-01-03 16:00:00,Indore,2229
2025-01-03 17:00:00,Thane,2488
2025-01-03 18:00:00,Solapur,3488
2025-01-03 19:00:00,Solapur,4291
2025-01-03 20:00:00,Vijayawada,3717
2025-01-03 21:00:00,Dhanbad,2546
2025-01-03 22:00:00,Visakhapatnam,3561
2025-01-03 23:00:00,Ghaziabad,1594
2025-01-04 00:00:00,Bhopal,1575
2025-01-04 01:00:00,Vadodara,1685
2025-01-04 02:00:00,Jodhpur,2322
2025-01-04 03:00:00,Indore,1776
2025-01-04 04:00:00,Madurai,1967
2025-01-04 05:00:00,Kanpur,2182
2025-01-04 06:00:00,Ludhiana,1749
2025-01-04 07:00:00,Varanasi,1525
2025-01-04 08:00:00,Hubli,2185
2025-01-04 09:00:00,Ludhiana,3131
2025-01-04 10:00:00,Rajkot,2529
2025-01-04 11:00:00,Bhopal,2573
2025-01-04 12:00:00,Howrah,3031
2025-01-04 13:00:00,Nagpur,2599
2025-01-04 14:00:00,Vijayawada,2403
2025-01-04 15:00:00,Dhanbad,2572
2025-01-04 16:00:00,Varanasi,2890
2025-01-04 17:00:00,Coimbatore,2303
2025-01-04 18:00:00,Delhi,4243
2025-01-04 19:00:00,Jabalpur,3966
2025-01-04 20:00:00,Gwalior,3365
2025-01-04 21:00:00,Kota,4065
2025-01-04 22:00:00,Kolkata,4834
2025-01-04 23:00:00,Dhanbad,1871
2025-01-05 00:00:00,Patna,2185
2025-01-05 01:00:00,Chandigarh,1303
2025-01-05 02:00:00,Navi Mumbai,2079
2025-01-05 03:00:00,Bangalore,1879
2025-01-05 04:00:00,Visakhapatnam,1944
2025-01-05 05:00:00,Pune,2005
2025-01-05 06:00:00,Coimbatore,1980
2025-01-05 07:00:00,Jodhpur,1773
2025-01-05 08:00:00,Kota,1713
2025-01-05 09:00:00,Faridabad,2388
2025-01-05 10:00:00,Vadodara,3033
2025-01-05 11:00:00,Delhi,2659
2025-01-05 12:00:00,Bangalore,2011
2025-01-05 13:00:00,Bhopal,2888
2025-01-05 14:00:00,Kanpur,2437
2025-01-05 15:00:00,Bangalore,2436
2025-01-05 16:00:00,Jabalpur,2366
2025-01-05 17:00:00,Madurai,2504
2025-01-05 18:00:00,Hubli,3751
2025-01-05 19:00:00,Varanasi,3346
2025-01-05 20:00:00,Jabalpur,3858
2025-01-05 21:00:00,Patna,3781
2025-01-05 22:00:00,Solapur,4563
2025-01-05 23:00:00,Lucknow,1658
2025-01-06 00:00:00,Meerut,1556
2025-01-06 01:00:00,Meerut,2378
2025-01-06 02:00:00,Hyderabad,1594
2025-01-06 03:00:00,Navi Mumbai,2460
2025-01-06 04:00:00,Madurai,2237
2025-01-06 05:00:00,Agra,1594
2025-01-06 06:00:00,Jodhpur,2002
2025-01-06 07:00:00,Jabalpur,1580
2025-01-06 08:00:00,Ranchi,1787
2025-01-06 09:00:00,Allahabad,3137
2025-01-06 10:00:00,Chennai,3167
2025-01-06 11:00:00,Lucknow,2589
2025-01-06 12:00:00,Chandigarh,2054
2025-01-06 13:00:00,Howrah,2251
2025-01-06 14:00:00,Kota,2816
2025-01-06 15:00:00,Nagpur,2910
2025-01-06 16:00:00,Lucknow,3130
2025-01-06 17:00:00,Lucknow,3386
2025-01-06 18:00:00,Nagpur,3570
2025-01-06 19:00:00,Vijayawada,3515
2025-01-06 20:00:00,Dhanbad,3153
2025-01-06 21:00:00,Jaipur,4052
2025-01-06 22:00:00,Kalyan,4126
2025-01-06 23:00:00,Allahabad,2280
2025-01-07 00:00:00,Vadodara,1759
2025-01-07 01:00:00,Indore,1393
2025-01-07 02:00:00,Agra,2269
2025-01-07 03:00:00,Kolkata,1477
2025-01-07 04:00:00,Srinagar,1607
2025-01-07 05:00:00,Hubli,2351
2025-01-07 06:00:00,Ranchi,1534
2025-01-07 07:00:00,Raipur,1902
2025-01-07 08:00:00,Bangalore,2285
2025-01-07 09:00:00,Ahmedabad,2224
2025-01-07 10:00:00,Amritsar,2546
2025-01-07 11:00:00,Aurangabad,2482
2025-01-07 12:00:00,Ahmedabad,3161
2025-01-07 13:00:00,Kota,2450
2025-01-07 14:00:00,Jaipur,2680
2025-01-07 15:00:00,Jaipur,2014
2025-01-07 16:00:00,Srinagar,2159
2025-01-07 17:00:00,Solapur,2540
2025-01-07 18:00:00,Srinagar,2761
2025-01-07 19:00:00,Delhi,4893
2025-01-07 20:00:00,Patna,3082
2025-01-07 21:00:00,Ludhiana,3390
2025-01-07 22:00:00,Jodhpur,3345
2025-01-07 23:00:00,Ranchi,1961
2025-01-08 00:00:00,Allahabad,1301
2025-01-08 01:00:00,Kalyan,1789
2025-01-08 02:00:00,Raipur,2009
2025-01-08 03:00:00,Ahmedabad,1410
2025-01-08 04:00:00,Indore,2014
2025-01-08 05:00:00,Nashik,1789
2025-01-08 06:00:00,Pune,1712
2025-01-08 07:00:00,Meerut,2218
2025-01-08 08:00:00,Jodhpur,1457
2025-01-08 09:00:00,Ranchi,2740
2025-01-08 10:00:00,Kanpur,2671
2025-01-08 11:00:00,Rajkot,2150
2025-01-08 12:00:00,Agra,3047
2025-01-08 13:00:00,Navi Mumbai,2905
2025-01-08 14:00:00,Dhanbad,2432
2025-01-08 15:00:00,Ranchi,2072
2025-01-08 16:00:00,Aurangabad,2508
2025-01-08 17:00:00,Thane,2136
2025-01-08 18:00:00,Jaipur,3531
2025-01-08 19:00:00,Kalyan,4482
2025-01-08 20:00:00,Nagpur,3719
2025-01-08 21:00:00,Nagpur,3930
2025-01-08 22:00:00,Varanasi,3488
2025-01-08 23:00:00,Thane,1881
2025-01-09 00:00:00,Chennai,1419
2025-01-09 01:00:00,Aurangabad,1933
2025-01-09 02:00:00,Kalyan,1463
2025-01-09 03:00:00,Bangalore,1768
2025-01-09 04:00:00,Gwalior,2238
2025-01-09 05:00:00,Jabalpur,1694
2025-01-09 06:00:00,Nashik,2045
2025-01-09 07:00:00,Mumbai,2154
2025-01-09 08:00:00,Ludhiana,2290
2025-01-09 09:00:00,Ludhiana,2027
2025-01-09 10:00:00,Allahabad,2662
2025-01-09 11:00:00,Vijayawada,3024
2025-01-09 12:00:00,Hubli,2506
2025-01-09 13:00:00,Aurangabad,2729
2025-01-09 14:00:00,Delhi,3308
2025-01-09 15:00:00,Vijayawada,2685
2025-01-09 16:00:00,Mumbai,2780
2025-01-09 17:00:00,Kalyan,2196
2025-01-09 18:00:00,Kalyan,3582
2025-01-09 19:00:00,Faridabad,3608
2025-01-09 20:00:00,Kolkata,3355
2025-01-09 21:00:00,Lucknow,4726
2025-01-09 22:00:00,Nagpur,3998
2025-01-09 23:00:00,Solapur,2547
2025-01-10 00:00:00,Agra,1610
2025-01-10 01:00:00,Ludhiana,2312
2025-01-10 02:00:00,Lucknow,1692
2025-01-10 03:00:00,Coimbatore,2046
2025-01-10 04:00:00,Delhi,1768
2025-01-10 05:00:00,Lucknow,1859
2025-01-10 06:00:00,Hubli,2276
2025-01-10 07:00:00,Vadodara,1914
2025-01-10 08:00:00,Raipur,2119
2025-01-10 09:00:00,Srinagar,3329
2025-01-10 10:00:00,Nashik,2663
2025-01-10 11:00:00,Dhanbad,2588
2025-01-10 12:00:00,Bhopal,2923
2025-01-10 13:00:00,Ranchi,2513
2025-01-10 14:00:00,Madurai,2927
2025-01-10 15:00:00,Chennai,3296
2025-01-10 16:00:00,Aurangabad,2572
2025-01-10 17:00:00,Meerut,2958
2025-01-10 18:00:00,Kalyan,3484
2025-01-10 19:00:00,Vijayawada,3872
2025-01-10 20:00:00,Kota,2832
2025-01-10 21:00:00,Ahmedabad,4082
2025-01-10 22:00:00,Ghaziabad,3363
2025-01-10 23:00:00,Bangalore,1838
2025-01-11 00:00:00,Hyderabad,2237
2025-01-11 01:00:00,Howrah,2403
2025-01-11 02:00:00,Bhopal,1948
2025-01-11 03:00:00,Jodhpur,1355
2025-01-11 04:00:00,Jabalpur,1763
2025-01-11 05:00:00,Kota,1791
2025-01-11 06:00:00,Jodhpur,1800
2025-01-11 07:00:00,Pune,1958
2025-01-11 08:00:00,Coimbatore,2296
2025-01-11 09:00:00,Nashik,2070
2025-01-11 10:00:00,Coimbatore,2412
2025-01-11 11:00:00,Ranchi,2910
2025-01-11 12:00:00,Madurai,2362
2025-01-11 13:00:00,Srinagar,2763
2025-01-11 14:00:00,Indore,2940
2025-01-11 15:00:00,Kolkata,2479
2025-01-11 16:00:00,Jaipur,2373
2025-01-11 17:00:00,Jodhpur,2691
2025-01-11 18:00:00,Jabalpur,4082
2025-01-11 19:00:00,Thane,3246
2025-01-11 20:00:00,Bhopal,4263
2025-01-11 21:00:00,Vasai,3611
2025-01-11 22:00:00,Ludhiana,3527
2025-01-11 23:00:00,Coimbatore,1552
2025-01-12 00:00:00,Hyderabad,1883
2025-01-12 01:00:00,Jabalpur,2003
2025-01-12 02:00:00,Jaipur,1961
2025-01-12 03:00:00,Visakhapatnam,1730
2025-01-12 04:00:00,Agra,1845
2025-01-12 05:00:00,Agra,2199
2025-01-12 06:00:00,Gwalior,1641
2025-01-12 07:00:00,Amritsar,2170
2025-01-12 08:00:00,Ludhiana,1756
2025-01-12 09:00:00,Kanpur,2008
2025-01-12 10:00:00,Mumbai,2792
2025-01-12 11:00:00,Srinagar,2858
2025-01-12 12:00:00,Raipur,2255
2025-01-12 13:00:00,Aurangabad,2286
2025-01-12 14:00:00,Chennai,2860
2025-01-12 15:00:00,Aurangabad,2585
2025-01-12 16:00:00,Chennai,1932
2025-01-12 17:00:00,Vijayawada,2136
2025-01-12 18:00:00,Ludhiana,3878
2025-01-12 19:00:00,Amritsar,3030
2025-01-12 20:00:00,Chennai,3422
2025-01-12 21:00:00,Thane,3912
2025-01-12 22:00:00,Bhopal,3354
2025-01-12 23:00:00,Chandigarh,1793
2025-01-13 00:00:00,Indore,2150
2025-01-13 01:00:00,Delhi,1869
2025-01-13 02:00:00,Ghaziabad,1714
2025-01-13 03:00:00,Coimbatore,2107
2025-01-13 04:00:00,Mumbai,1698
2025-01-13 05:00:00,Meerut,1724
2025-01-13 06:00:00,Mumbai,1655
2025-01-13 07:00:00,Howrah,2165
2025-01-13 08:00:00,Bangalore,2095
2025-01-13 09:00:00,Nashik,2834
2025-01-13 10:00:00,Kolkata,1838
2025-01-13 11:00:00,Ahmedabad,2621
2025-01-13 12:00:00,Navi Mumbai,2437
2025-01-13 13:00:00,Madurai,2227
2025-01-13 14:00:00,Gwalior,2749
2025-01-13 15:00:00,Visakhapatnam,2792
2025-01-13 16:00:00,Navi Mumbai,3023
2025-01-13 17:00:00,Kanpur,2964
2025-01-13 18:00:00,Chennai,3403
2025-01-13 19:00:00,Bangalore,3034
2025-01-13 20:00:00,Allahabad,3629
2025-01-13 21:00:00,Jaipur,3759
2025-01-13 22:00:00,Jodhpur,3230
2025-01-13 23:00:00,Nashik,1783
2025-01-14 00:00:00,Kolkata,1329
2025-01-14 01:00:00,Kanpur,1451
2025-01-14 02:00:00,Varanasi,1561
2025-01-14 03:00:00,Srinagar,1782
2025-01-14 04:00:00,Ahmedabad,1686
2025-01-14 05:00:00,Chennai,1550
2025-01-14 06:00:00,Vadodara,1431
2025-01-14 07:00:00,Allahabad,2117
2025-01-14 08:00:00,Thane,1808
2025-01-14 09:00:00,Solapur,2387
2025-01-14 10:00:00,Hyderabad,3024
2025-01-14 11:00:00,Ranchi,3080
2025-01-14 12:00:00,Bhopal,2362
2025-01-14 13:00:00,Ludhiana,3198
2025-01-14 14:00:00,Nashik,2387
2025-01-14 15:00:00,Gwalior,2119
2025-01-14 16:00:00,Delhi,2787
2025-01-14 17:00:00,Bhopal,2267
2025-01-14 18:00:00,Patna,3348
2025-01-14 19:00:00,Ahmedabad,3484
2025-01-14 20:00:00,Solapur,3340
2025-01-14 21:00:00,Kota,4630
2025-01-14 22:00:00,Gwalior,4183
2025-01-14 23:00:00,Hyderabad,1791
2025-01-15 00:00:00,Meerut,1541
2025-01-15 01:00:00,Raipur,1756
2025-01-15 02:00:00,Lucknow,2231
2025-01-15 03:00:00,Indore,1987
2025-01-15 04:00:00,Thane,2470
2025-01-15 05:00:00,Nashik,2360
2025-01-15 06:00:00,Bhopal,1757
2025-01-15 07:00:00,Kota,1964
2025-01-15 08:00:00,Hubli,1671
2025-01-15 09:00:00,Nagpur,2718
2025-01-15 10:00:00,Faridabad,2690
2025-01-15 11:00:00,Faridabad,2647
2025-01-15 12:00:00,Ludhiana,3196
2025-01-15 13:00:00,Navi Mumbai,3342
2025-01-15 14:00:00,Pune,2992
2025-01-15 15:00:00,Mumbai,3001
2025-01-15 16:00:00,Jabalpur,2000
2025-01-15 17:00:00,Kanpur,2877
2025-01-15 18:00:00,Thane,3881
2025-01-15 19:00:00,Agra,4485
2025-01-15 20:00:00,Visakhapatnam,4606
2025-01-15 21:00:00,Vasai,3332
2025-01-15 22:00:00,Vadodara,3404
2025-01-15 23:00:00,Patna,1635
2025-01-16 00:00:00,Vadodara,1805
2025-01-16 01:00:00,Srinagar,2199
2025-01-16 02:00:00,Varanasi,1494
2025-01-16 03:00:00,Navi Mumbai,1551
2025-01-16 04:00:00,Amritsar,2149
2025-01-16 05:00:00,Guwahati,1641
2025-01-16 06:00:00,Kolkata,1822
2025-01-16 07:00:00,Navi Mumbai,1564
2025-01-16 08:00:00,Delhi,2276
2025-01-16 09:00:00,Ghaziabad,2064
2025-01-16 10:00:00,Delhi,2830
2025-01-16 11:00:00,Solapur,2685
2025-01-16 12:00:00,Guwahati,2031
2025-01-16 13:00:00,Kalyan,2521
2025-01-16 14:00:00,Allahabad,2670
2025-01-16 15:00:00,Chandigarh,2153
2025-01-16 16:00:00,Allahabad,2904
2025-01-16 17:00:00,Delhi,2849
2025-01-16 18:00:00,Howrah,4383
2025-01-16 19:00:00,Meerut,3585
2025-01-16 20:00:00,Madurai,2779
2025-01-16 21:00:00,Indore,3243
2025-01-16 22:00:00,Indore,3219
2025-01-16 23:00:00,Hyderabad,1434
2025-01-17 00:00:00,Meerut,2202
2025-01-17 01:00:00,Jabalpur,1713
2025-01-17 02:00:00,Vasai,1627
2025-01-17 03:00:00,Indore,1471
2025-01-17 04:00:00,Howrah,1749
2025-01-17 05:00:00,Vijayawada,2261
2025-01-17 06:00:00,Ranchi,2116
2025-01-17 07:00:00,Kalyan,1923
2025-01-17 08:00:00,Kanpur,1482
2025-01-17 09:00:00,Navi Mumbai,2914
2025-01-17 10:00:00,Varanasi,2208
2025-01-17 11:00:00,Madurai,2658
2025-01-17 12:00:00,Vijayawada,2897
2025-01-17 13:00:00,Vasai,2742
2025-01-17 14:00:00,Thane,2724
2025-01-17 15:00:00,Delhi,3178
2025-01-17 16:00:00,Coimbatore,2720
2025-01-17 17:00:00,Vijayawada,2756
2025-01-17 18:00:00,Hyderabad,2861
2025-01-17 19:00:00,Lucknow,3880
2025-01-17 20:00:00,Srinagar,3621
2025-01-17 21:00:00,Ahmedabad,4092
2025-01-17 22:00:00,Chennai,2879
2025-01-17 23:00:00,Visakhapatnam,1515
2025-01-18 00:00:00,Howrah,1977
2025-01-18 01:00:00,Vadodara,2197
2025-01-18 02:00:00,Coimbatore,1631
2025-01-18 03:00:00,Vasai,1926
2025-01-18 04:00:00,Pune,2134
2025-01-18 05:00:00,Kota,1732
2025-01-18 06:00:00,Kota,2068
2025-01-18 07:00:00,Madurai,2480
2025-01-18 08:00:00,Srinagar,2251
2025-01-18 09:00:00,Varanasi,2534
2025-01-18 10:00:00,Madurai,3351
2025-01-18 11:00:00,Lucknow,2268
2025-01-18 12:00:00,Ludhiana,2477
2025-01-18 13:00:00,Varanasi,2694
2025-01-18 14:00:00,Nagpur,3363
2025-01-18 15:00:00,Aurangabad,2211
2025-01-18 16:00:00,Faridabad,3014
2025-01-18 17:00:00,Ludhiana,2885
2025-01-18 18:00:00,Jaipur,3570
2025-01-18 19:00:00,Varanasi,4546
2025-01-18 20:00:00,Kalyan,3631
2025-01-18 21:00:00,Jaipur,3250
2025-01-18 22:00:00,Vijayawada,2865
2025-01-18 23:00:00,Vasai,1949
2025-01-19 00:00:00,Pune,2146
2025-01-19 01:00:00,Jaipur,1996
2025-01-19 02:00:00,Nashik,1981
2025-01-19 03:00:00,Pune,1534
2025-01-19 04:00:00,Varanasi,1916
2025-01-19 05:00:00,Lucknow,1833
2025-01-19 06:00:00,Gwalior,2053
2025-01-19 07:00:00,Faridabad,2276
2025-01-19 08:00:00,Hyderabad,1824
2025-01-19 09:00:00,Coimbatore,2735
2025-01-19 10:00:00,Dhanbad,2864
2025-01-19 11:00:00,Lucknow,2656
2025-01-19 12:00:00,Pune,3187
2025-01-19 13:00:00,Kanpur,2872
2025-01-19 14:00:00,Kota,3408
2025-01-19 15:00:00,Mumbai,3067
2025-01-19 16:00:00,Srinagar,2648
2025-01-19 17:00:00,Hyderabad,2628
2025-01-19 18:00:00,Rajkot,3890
2025-01-19 19:00:00,Hyderabad,3322
2025-01-19 20:00:00,Ahmedabad,4520
2025-01-19 21:00:00,Allahabad,3291
2025-01-19 22:00:00,Nagpur,3389
2025-01-19 23:00:00,Vijayawada,1954
2025-01-20 00:00:00,Ghaziabad,1801
2025-01-20 01:00:00,Lucknow,2185
2025-01-20 02:00:00,Gwalior,2307
2025-01-20 03:00:00,Rajkot,1821
2025-01-20 04:00:00,Kanpur,1584
2025-01-20 05:00:00,Lucknow,2075
2025-01-20 06:00:00,Pune,2000
2025-01-20 07:00:00,Indore,1654
2025-01-20 08:00:00,Faridabad,2149
2025-01-20 09:00:00,Kalyan,1987
2025-01-20 10:00:00,Visakhapatnam,2286
2025-01-20 11:00:00,Kanpur,2799
2025-01-20 12:00:00,Hyderabad,2241
2025-01-20 13:00:00,Mumbai,3209
2025-01-20 14:00:00,Indore,2639
2025-01-20 15:00:00,Aurangabad,2340
2025-01-20 16:00:00,Navi Mumbai,3038
2025-01-20 17:00:00,Guwahati,2678
2025-01-20 18:00:00,Guwahati,3619
2025-01-20 19:00:00,Hyderabad,3799
2025-01-20 20:00:00,Srinagar,4004
2025-01-20 21:00:00,Faridabad,4046
2025-01-20 22:00:00,Ghaziabad,3964
2025-01-20 23:00:00,Ghaziabad,2142
2025-01-21 00:00:00,Kota,1617
2025-01-21 01:00:00,Nashik,2340
2025-01-21 02:00:00,Delhi,2450
2025-01-21 03:00:00,Amritsar,1587
2025-01-21 04:00:00,Raipur,2126
2025-01-21 05:00:00,Jodhpur,1939
2025-01-21 06:00:00,Allahabad,1742
2025-01-21 07:00:00,Jaipur,2459
2025-01-21 08:00:00,Navi Mumbai,1873
2025-01-21 09:00:00,Bangalore,2548
2025-01-21 10:00:00,Madurai,2779
2025-01-21 11:00:00,Visakhapatnam,2048
2025-01-21 12:00:00,Madurai,2509
2025-01-21 13:00:00,Agra,3145
2025-01-21 14:00:00,Ranchi,2840
2025-01-21 15:00:00,Rajkot,2274
2025-01-21 16:00:00,Visakhapatnam,2250
2025-01-21 17:00:00,Hyderabad,2084
2025-01-21 18:00:00,Vasai,3936
2025-01-21 19:00:00,Navi Mumbai,3653
2025-01-21 20:00:00,Kota,4310
2025-01-21 21:00:00,Delhi,3723
2025-01-21 22:00:00,Meerut,3785
2025-01-21 23:00:00,Delhi,1788
2025-01-22 00:00:00,Visakhapatnam,1450
2025-01-22 01:00:00,Pune,1770
2025-01-22 02:00:00,Dhanbad,2235
2025-01-22 03:00:00,Srinagar,2146
2025-01-22 04:00:00,Nagpur,1643
2025-01-22 05:00:00,Faridabad,1892
2025-01-22 06:00:00,Agra,2485
2025-01-22 07:00:00,Srinagar,1877
2025-01-22 08:00:00,Jabalpur,1845
2025-01-22 09:00:00,Nashik,2221
2025-01-22 10:00:00,Patna,2211
2025-01-22 11:00:00,Mumbai,2323
2025-01-22 12:00:00,Coimbatore,2037
2025-01-22 13:00:00,Navi Mumbai,2428
2025-01-22 14:00:00,Patna,1899
2025-01-22 15:00:00,Faridabad,2124
2025-01-22 16:00:00,Raipur,2731
2025-01-22 17:00:00,Guwahati,2439
2025-01-22 18:00:00,Nagpur,2739
2025-01-22 19:00:00,Nashik,3479
2025-01-22 20:00:00,Delhi,3606
2025-01-22 21:00:00,Faridabad,4556
2025-01-22 22:00:00,Meerut,3195
2025-01-22 23:00:00,Lucknow,2557
2025-01-23 00:00:00,Gwalior,1924
2025-01-23 01:00:00,Coimbatore,2165
2025-01-23 02:00:00,Jodhpur,2027
2025-01-23 03:00:00,Ghaziabad,1430
2025-01-23 04:00:00,Thane,1761
2025-01-23 05:00:00,Vijayawada,1371
2025-01-23 06:00:00,Raipur,2382
2025-01-23 07:00:00,Rajkot,1632
2025-01-23 08:00:00,Jaipur,2032
2025-01-23 09:00:00,Meerut,2229
2025-01-23 10:00:00,Ahmedabad,2496
2025-01-23 11:00:00,Ranchi,2756
2025-01-23 12:00:00,Vasai,2452
2025-01-23 13:00:00,Agra,3045
2025-01-23 14:00:00,Ludhiana,2452
2025-01-23 15:00:00,Faridabad,1940
2025-01-23 16:00:00,Kota,2711
2025-01-23 17:00:00,Jabalpur,2640
2025-01-23 18:00:00,Amritsar,4244
2025-01-23 19:00:00,Chennai,3571
2025-01-23 20:00:00,Faridabad,3962
2025-01-23 21:00:00,Guwahati,4405
2025-01-23 22:00:00,Vijayawada,2826
2025-01-23 23:00:00,Madurai,2064
2025-01-24 00:00:00,Patna,2352
2025-01-24 01:00:00,Jaipur,1603
2025-01-24 02:00:00,Patna,1709
2025-01-24 03:00:00,Pune,2176
2025-01-24 04:00:00,Allahabad,2208
2025-01-24 05:00:00,Ranchi,2108
2025-01-24 06:00:00,Vadodara,1528
2025-01-24 07:00:00,Bhopal,1708
2025-01-24 08:00:00,Ghaziabad,2245
2025-01-24 09:00:00,Ranchi,2761
2025-01-24 10:00:00,Pune,3035
2025-01-24 11:00:00,Raipur,2243
2025-01-24 12:00:00,Meerut,2941
2025-01-24 13:00:00,Indore,2518
2025-01-24 14:00:00,Vadodara,2604
2025-01-24 15:00:00,Hyderabad,2558
2025-01-24 16:00:00,Bhopal,3252
2025-01-24 17:00:00,Dhanbad,2680
2025-01-24 18:00:00,Delhi,4927
2025-01-24 19:00:00,Thane,2863
2025-01-24 20:00:00,Raipur,4406
2025-01-24 21:00:00,Kanpur,3757
2025-01-24 22:00:00,Bangalore,3247
2025-01-24 23:00:00,Nagpur,2344
2025-01-25 00:00:00,Vijayawada,1697
2025-01-25 01:00:00,Mumbai,1577
2025-01-25 02:00:00,Chennai,2021
2025-01-25 03:00:00,Madurai,2066
2025-01-25 04:00:00,Aurangabad,2102
2025-01-25 05:00:00,Bhopal,2316
2025-01-25 06:00:00,Coimbatore,1441
2025-01-25 07:00:00,Lucknow,1502
2025-01-25 08:00:00,Rajkot,1699
2025-01-25 09:00:00,Aurangabad,2802
2025-01-25 10:00:00,Nashik,3242
2025-01-25 11:00:00,Lucknow,3080
2025-01-25 12:00:00,Kota,2641
2025-01-25 13:00:00,Amritsar,3421
2025-01-25 14:00:00,Delhi,3032
2025-01-25 15:00:00,Aurangabad,2999
2025-01-25 16:00:00,Kolkata,3006
2025-01-25 17:00:00,Raipur,2349
2025-01-25 18:00:00,Delhi,2972
2025-01-25 19:00:00,Guwahati,3638
2025-01-25 20:00:00,Ludhiana,3570
2025-01-25 21:00:00,Visakhapatnam,3788
2025-01-25 22:00:00,Amritsar,3054
2025-01-25 23:00:00,Meerut,1855
2025-01-26 00:00:00,Indore,2150
2025-01-26 01:00:00,Visakhapatnam,1669
2025-01-26 02:00:00,Hubli,1863
2025-01-26 03:00:00,Ahmedabad,2471
2025-01-26 04:00:00,Raipur,2030
2025-01-26 05:00:00,Hyderabad,1746
2025-01-26 06:00:00,Jodhpur,1645
2025-01-26 07:00:00,Kanpur,1791
2025-01-26 08:00:00,Ahmedabad,1926
2025-01-26 09:00:00,Nashik,2320
2025-01-26 10:00:00,Hyderabad,2906
2025-01-26 11:00:00,Hyderabad,3315
2025-01-26 12:00:00,Faridabad,3043
2025-01-26 13:00:00,Hyderabad,2538
2025-01-26 14:00:00,Nagpur,2608
2025-01-26 15:00:00,Nashik,2479
2025-01-26 16:00:00,Kolkata,2766
2025-01-26 17:00:00,Aurangabad,2569
2025-01-26 18:00:00,Howrah,4520
2025-01-26 19:00:00,Ranchi,3466
2025-01-26 20:00:00,Jodhpur,3485
2025-01-26 21:00:00,Allahabad,3839
2025-01-26 22:00:00,Hyderabad,3206
2025-01-26 23:00:00,Nagpur,1662
2025-01-27 00:00:00,Dhanbad,1637
2025-01-27 01:00:00,Rajkot,1475
2025-01-27 02:00:00,Hyderabad,1611
2025-01-27 03:00:00,Bhopal,2538
2025-01-27 04:00:00,Vijayawada,2296
2025-01-27 05:00:00,Ludhiana,1888
2025-01-27 06:00:00,Solapur,1606
2025-01-27 07:00:00,Madurai,2066
2025-01-27 08:00:00,Lucknow,2150
2025-01-27 09:00:00,Hubli,2514
2025-01-27 10:00:00,Visakhapatnam,3090
2025-01-27 11:00:00,Nashik,2437
2025-01-27 12:00:00,Gwalior,2850
2025-01-27 13:00:00,Ludhiana,3070
2025-01-27 14:00:00,Hubli,2720
2025-01-27 15:00:00,Jaipur,2655
2025-01-27 16:00:00,Ranchi,2998
2025-01-27 17:00:00,Solapur,2536
2025-01-27 18:00:00,Raipur,3762
2025-01-27 19:00:00,Jodhpur,2927
2025-01-27 20:00:00,Mumbai,3893
2025-01-27 21:00:00,Thane,3046
2025-01-27 22:00:00,Amritsar,4116
2025-01-27 23:00:00,Allahabad,1769
2025-01-28 00:00:00,Kanpur,2183
2025-01-28 01:00:00,Solapur,1970
2025-01-28 02:00:00,Hyderabad,2326
2025-01-28 03:00:00,Navi Mumbai,2476
2025-01-28 04:00:00,Solapur,1574
2025-01-28 05:00:00,Dhanbad,2078
2025-01-28 06:00:00,Vadodara,1568
2025-01-28 07:00:00,Navi Mumbai,1625
2025-01-28 08:00:00,Indore,1405
2025-01-28 09:00:00,Ahmedabad,2508
2025-01-28 10:00:00,Amritsar,2367
2025-01-28 11:00:00,Kalyan,2678
2025-01-28 12:00:00,Raipur,2005
2025-01-28 13:00:00,Jabalpur,2000
2025-01-28 14:00:00,Amritsar,2985
2025-01-28 15:00:00,Lucknow,2256
2025-01-28 16:00:00,Thane,2496
2025-01-28 17:00:00,Aurangabad,2895
2025-01-28 18:00:00,Allahabad,4534
2025-01-28 19:00:00,Amritsar,3205
2025-01-28 20:00:00,Ghaziabad,4048
2025-01-28 21:00:00,Thane,4035
2025-01-28 22:00:00,Solapur,4084
2025-01-28 23:00:00,Navi Mumbai,2196
2025-01-29 00:00:00,Bhopal,1913
2025-01-29 01:00:00,Srinagar,1755
2025-01-29 02:00:00,Amritsar,1742
2025-01-29 03:00:00,Solapur,1753
2025-01-29 04:00:00,Allahabad,1853
2025-01-29 05:00:00,Agra,1365
2025-01-29 06:00:00,Gwalior,1481
2025-01-29 07:00:00,Ludhiana,1570
2025-01-29 08:00:00,Amritsar,1417
2025-01-29 09:00:00,Chandigarh,2304
2025-01-29 10:00:00,Ghaziabad,1989
2025-01-29 11:00:00,Bhopal,2807
2025-01-29 12:00:00,Ahmedabad,2243
2025-01-29 13:00:00,Kalyan,3160
2025-01-29 14:00:00,Jodhpur,2440
2025-01-29 15:00:00,Agra,2636
2025-01-29 16:00:00,Guwahati,3156
2025-01-29 17:00:00,Bangalore,2593
2025-01-29 18:00:00,Srinagar,4179
2025-01-29 19:00:00,Agra,4019
2025-01-29 20:00:00,Allahabad,3396
2025-01-29 21:00:00,Solapur,3197
2025-01-29 22:00:00,Kanpur,3430
2025-01-29 23:00:00,Bhopal,1535
2025-01-30 00:00:00,Vadodara,1794
2025-01-30 01:00:00,Allahabad,1508
2025-01-30 02:00:00,Hubli,1966
2025-01-30 03:00:00,Hubli,1831
2025-01-30 04:00:00,Madurai,2135
2025-01-30 05:00:00,Ahmedabad,1393
2025-01-30 06:00:00,Hyderabad,2024
2025-01-30 07:00:00,Hyderabad,2031
2025-01-30 08:00:00,Ludhiana,1926
2025-01-30 09:00:00,Vijayawada,2307
2025-01-30 10:00:00,Indore,2600
2025-01-30 11:00:00,Madurai,3093
2025-01-30 12:00:00,Solapur,3237
2025-01-30 13:00:00,Mumbai,2751
2025-01-30 14:00:00,Madurai,2173
2025-01-30 15:00:00,Hubli,2099
2025-01-30 16:00:00,Ranchi,2588
2025-01-30 17:00:00,Agra,2381
2025-01-30 18:00:00,Bangalore,4236
2025-01-30 19:00:00,Kalyan,4304
2025-01-30 20:00:00,Rajkot,3961
2025-01-30 21:00:00,Hyderabad,3806
2025-01-30 22:00:00,Chandigarh,3875
2025-01-30 23:00:00,Ranchi,2049
2025-01-31 00:00:00,Visakhapatnam,1279
2025-01-31 01:00:00,Madurai,1734
2025-01-31 02:00:00,Srinagar,1937
2025-01-31 03:00:00,Allahabad,1579
2025-01-31 04:00:00,Nagpur,1849
2025-01-31 05:00:00,Aurangabad,1331
2025-01-31 06:00:00,Indore,1273
2025-01-31 07:00:00,Nagpur,2090
2025-01-31 08:00:00,Vadodara,2168
2025-01-31 09:00:00,Varanasi,2574
2025-01-31 10:00:00,Amritsar,3401
2025-01-31 11:00:00,Kanpur,3025
2025-01-31 12:00:00,Bangalore,2799
2025-01-31 13:00:00,Meerut,3027
2025-01-31 14:00:00,Jaipur,2063
2025-01-31 15:00:00,Mumbai,2137
2025-01-31 16:00:00,Amritsar,2116
2025-01-31 17:00:00,Kota,2290
2025-01-31 18:00:00,Nagpur,2952
2025-01-31 19:00:00,Raipur,2989
2025-01-31 20:00:00,Mumbai,3911
2025-01-31 21:00:00,Solapur,4098
2025-01-31 22:00:00,Jabalpur,3989
2025-01-31 23:00:00,Nashik,2095
2025-02-01 00:00:00,Pune,1473
2025-02-01 01:00:00,Vasai,1861
2025-02-01 02:00:00,Jodhpur,2197
2025-02-01 03:00:00,Kanpur,1732
2025-02-01 04:00:00,Kalyan,2161
2025-02-01 05:00:00,Indore,2335
2025-02-01 06:00:00,Visakhapatnam,1371
2025-02-01 07:00:00,Bhopal,1357
2025-02-01 08:00:00,Jodhpur,1561
2025-02-01 09:00:00,Mumbai,2135
2025-02-01 10:00:00,Vasai,2588
2025-02-01 11:00:00,Kota,2369
2025-02-01 12:00:00,Chennai,2446
2025-02-01 13:00:00,Agra,2782
2025-02-01 14:00:00,Jodhpur,2099
2025-02-01 15:00:00,Amritsar,2811
2025-02-01 16:00:00,Aurangabad,1917
2025-02-01 17:00:00,Ahmedabad,2064
2025-02-01 18:00:00,Raipur,4423
2025-02-01 19:00:00,Jabalpur,3704
2025-02-01 20:00:00,Aurangabad,4750
2025-02-01 21:00:00,Nashik,4082
2025-02-01 22:00:00,Visakhapatnam,3542
2025-02-01 23:00:00,Rajkot,2087
2025-02-02 00:00:00,Nagpur,1766
2025-02-02 01:00:00,Vadodara,1825
2025-02-02 02:00:00,Jodhpur,2305
2025-02-02 03:00:00,Hyderabad,1514
2025-02-02 04:00:00,Pune,2107
2025-02-02 05:00:00,Jabalpur,2041
2025-02-02 06:00:00,Meerut,1868
2025-02-02 07:00:00,Raipur,1984
2025-02-02 08:00:00,Navi Mumbai,2191
2025-02-02 09:00:00,Visakhapatnam,2358
2025-02-02 10:00:00,Faridabad,2937
2025-02-02 11:00:00,Hyderabad,2217
2025-02-02 12:00:00,Nagpur,1986
2025-02-02 13:00:00,Ranchi,2807
2025-02-02 14:00:00,Ghaziabad,2510
2025-02-02 15:00:00,Vadodara,2244
2025-02-02 16:00:00,Srinagar,2597
2025-02-02 17:00:00,Visakhapatnam,2341
2025-02-02 18:00:00,Bangalore,3569
2025-02-02 19:00:00,Mumbai,3472
2025-02-02 20:00:00,Vadodara,4066
2025-02-02 21:00:00,Srinagar,3734
2025-02-02 22:00:00,Chennai,3529
2025-02-02 23:00:00,Navi Mumbai,1900
2025-02-03 00:00:00,Coimbatore,1712
2025-02-03 01:00:00,Navi Mumbai,1754
2025-02-03 02:00:00,Kolkata,1913
2025-02-03 03:00:00,Agra,2478
2025-02-03 04:00:00,Pune,1689
2025-02-03 05:00:00,Nagpur,2199
2025-02-03 06:00:00,Bangalore,1834
2025-02-03 07:00:00,Delhi,1429
2025-02-03 08:00:00,Nagpur,1519
2025-02-03 09:00:00,Ludhiana,2564
2025-02-03 10:00:00,Jabalpur,2781
2025-02-03 11:00:00,Dhanbad,3318
2025-02-03 12:00:00,Kalyan,3053
2025-02-03 13:00:00,Visakhapatnam,2579
2025-02-03 14:00:00,Guwahati,2928
2025-02-03 15:00:00,Indore,2441
2025-02-03 16:00:00,Lucknow,2638
2025-02-03 17:00:00,Chandigarh,3037
2025-02-03 18:00:00,Gwalior,3672
2025-02-03 19:00:00,Rajkot,3640
2025-02-03 20:00:00,Navi Mumbai,3135
2025-02-03 21:00:00,Hyderabad,2842
2025-02-03 22:00:00,Visakhapatnam,3783
2025-02-03 23:00:00,Allahabad,1888
2025-02-04 00:00:00,Patna,2138
2025-02-04 01:00:00,Vadodara,1292
2025-02-04 02:00:00,Lucknow,2027
2025-02-04 03:00:00,Thane,1517
2025-02-04 04:00:00,Jodhpur,2161
2025-02-04 05:00:00,Coimbatore,1736
2025-02-04 06:00:00,Chennai,1879
2025-02-04 07:00:00,Howrah,1685
2025-02-04 08:00:00,Vadodara,2226
2025-02-04 09:00:00,Nagpur,2355
2025-02-04 10:00:00,Kanpur,3078
2025-02-04 11:00:00,Ghaziabad,2352
2025-02-04 12:00:00,Agra,2534
2025-02-04 13:00:00,Hubli,2498
2025-02-04 14:00:00,Srinagar,2683
2025-02-04 15:00:00,Mumbai,2850
2025-02-04 16:00:00,Raipur,3166
2025-02-04 17:00:00,Guwahati,2519
2025-02-04 18:00:00,Agra,3475
2025-02-04 19:00:00,Rajkot,4014
2025-02-04 20:00:00,Varanasi,2884
2025-02-04 21:00:00,Indore,3501
2025-02-04 22:00:00,Hyderabad,4040
2025-02-04 23:00:00,Hyderabad,2160
2025-02-05 00:00:00,Varanasi,1730
2025-02-05 01:00:00,Chennai,2419
2025-02-05 02:00:00,Rajkot,2006
2025-02-05 03:00:00,Ghaziabad,1677
2025-02-05 04:00:00,Kolkata,1554
2025-02-05 05:00:00,Guwahati,1746
2025-02-05 06:00:00,Bhopal,2106
2025-02-05 07:00:00,Jaipur,1528
2025-02-05 08:00:00,Rajkot,1524
2025-02-05 09:00:00,Raipur,2852
2025-02-05 10:00:00,Kalyan,2787
2025-02-05 11:00:00,Ranchi,2485
2025-02-05 12:00:00,Amritsar,2872
2025-02-05 13:00:00,Faridabad,2816
2025-02-05 14:00:00,Ludhiana,2378
2025-02-05 15:00:00,Vadodara,2933
2025-02-05 16:00:00,Mumbai,2416
2025-02-05 17:00:00,Rajkot,2447
2025-02-05 18:00:00,Madurai,3273
2025-02-05 19:00:00,Jaipur,4281
2025-02-05 20:00:00,Jodhpur,4198
2025-02-05 21:00:00,Faridabad,3710
2025-02-05 22:00:00,Chennai,2942
2025-02-05 23:00:00,Patna,2052
2025-02-06 00:00:00,Aurangabad,1858
2025-02-06 01:00:00,Vasai,1260
2025-02-06 02:00:00,Bhopal,2001
2025-02-06 03:00:00,Indore,2191
2025-02-06 04:00:00,Howrah,1351
2025-02-06 05:00:00,Vijayawada,1870
2025-02-06 06:00:00,Delhi,1924
2025-02-06 07:00:00,Visakhapatnam,1436
2025-02-06 08:00:00,Solapur,1909
2025-02-06 09:00:00,Bhopal,2825
2025-02-06 10:00:00,Pune,2868
2025-02-06 11:00:00,Meerut,2836
2025-02-06 12:00:00,Ahmedabad,2200
2025-02-06 13:00:00,Nagpur,2283
2025-02-06 14:00:00,Faridabad,2970
2025-02-06 15:00:00,Visakhapatnam,2331
2025-02-06 16:00:00,Coimbatore,2471
2025-02-06 17:00:00,Solapur,2961
2025-02-06 18:00:00,Jabalpur,4011
2025-02-06 19:00:00,Faridabad,3126
2025-02-06 20:00:00,Pune,4083
2025-02-06 21:00:00,Aurangabad,3009
2025-02-06 22:00:00,Solapur,3950
2025-02-06 23:00:00,Jabalpur,1735
2025-02-07 00:00:00,Bhopal,2157
2025-02-07 01:00:00,Srinagar,1975
2025-02-07 02:00:00,Raipur,2356
2025-02-07 03:00:00,Ranchi,1623
2025-02-07 04:00:00,Chandigarh,1560
2025-02-07 05:00:00,Kalyan,2111
2025-02-07 06:00:00,Kalyan,1539
2025-02-07 07:00:00,Visakhapatnam,2010
2025-02-07 08:00:00,Nagpur,2369
2025-02-07 09:00:00,Chandigarh,2810
2025-02-07 10:00:00,Hubli,2591
2025-02-07 11:00:00,Jodhpur,2866
2025-02-07 12:00:00,Coimbatore,2962
2025-02-07 13:00:00,Howrah,3018
2025-02-07 14:00:00,Navi Mumbai,2263
2025-02-07 15:00:00,Aurangabad,2573
2025-02-07 16:00:00,Madurai,2526
2025-02-07 17:00:00,Amritsar,2240
2025-02-07 18:00:00,Kota,3542
2025-02-07 19:00:00,Coimbatore,4595
2025-02-07 20:00:00,Pune,3809
2025-02-07 21:00:00,Aurangabad,3398
2025-02-07 22:00:00,Gwalior,3103
2025-02-07 23:00:00,Rajkot,1828
2025-02-08 00:00:00,Lucknow,1913
2025-02-08 01:00:00,Patna,1997
2025-02-08 02:00:00,Chandigarh,1933
2025-02-08 03:00:00,Rajkot,1326
2025-02-08 04:00:00,Raipur,1787
2025-02-08 05:00:00,Delhi,1778
2025-02-08 06:00:00,Bhopal,2282
2025-02-08 07:00:00,Thane,1679
2025-02-08 08:00:00,Coimbatore,1725
2025-02-08 09:00:00,Madurai,2757
2025-02-08 10:00:00,Ghaziabad,1878
2025-02-08 11:00:00,Visakhapatnam,2514
2025-02-08 12:00:00,Ahmedabad,2506
2025-02-08 13:00:00,Visakhapatnam,2509
2025-02-08 14:00:00,Vadodara,2936
2025-02-08 15:00:00,Gwalior,2740
2025-02-08 16:00:00,Chandigarh,2157
2025-02-08 17:00:00,Gwalior,2583
2025-02-08 18:00:00,Bhopal,3746
2025-02-08 19:00:00,Bhopal,4530
2025-02-08 20:00:00,Mumbai,4087
2025-02-08 21:00:00,Kolkata,3990
2025-02-08 22:00:00,Agra,3913
2025-02-08 23:00:00,Varanasi,1573
2025-02-09 00:00:00,Gwalior,2100
2025-02-09 01:00:00,Allahabad,1779
2025-02-09 02:00:00,Jodhpur,1520
2025-02-09 03:00:00,Amritsar,2186
2025-02-09 04:00:00,Indore,2044
2025-02-09 05:00:00,Indore,1444
2025-02-09 06:00:00,Vadodara,1455
2025-02-09 07:00:00,Amritsar,2400
2025-02-09 08:00:00,Lucknow,2279
2025-02-09 09:00:00,Nagpur,2378
2025-02-09 10:00:00,Jodhpur,2472
2025-02-09 11:00:00,Allahabad,2436
2025-02-09 12:00:00,Ghaziabad,2459
2025-02-09 13:00:00,Gwalior,2521
2025-02-09 14:00:00,Faridabad,2769
2025-02-09 15:00:00,Raipur,2934
2025-02-09 16:00:00,Madurai,2533
2025-02-09 17:00:00,Agra,2572
2025-02-09 18:00:00,Kota,3251
2025-02-09 19:00:00,Vijayawada,4072
2025-02-09 20:00:00,Kota,4322
2025-02-09 21:00:00,Agra,4053
2025-02-09 22:00:00,Howrah,3539
2025-02-09 23:00:00,Faridabad,2173
2025-02-10 00:00:00,Ranchi,1645
2025-02-10 01:00:00,Gwalior,1506
2025-02-10 02:00:00,Vasai,2326
2025-02-10 03:00:00,Agra,2230
2025-02-10 04:00:00,Hyderabad,1810
2025-02-10 05:00:00,Nagpur,2131
2025-02-10 06:00:00,Hubli,1308
2025-02-10 07:00:00,Kalyan,2257
2025-02-10 08:00:00,Rajkot,1810
2025-02-10 09:00:00,Patna,2798
2025-02-10 10:00:00,Visakhapatnam,2614
2025-02-10 11:00:00,Indore,2760
2025-02-10 12:00:00,Hyderabad,3009
2025-02-10 13:00:00,Vadodara,2614
2025-02-10 14:00:00,Mumbai,2600
2025-02-10 15:00:00,Rajkot,3331
2025-02-10 16:00:00,Coimbatore,2442
2025-02-10 17:00:00,Srinagar,2401
2025-02-10 18:00:00,Chandigarh,3587
2025-02-10 19:00:00,Patna,3925
2025-02-10 20:00:00,Nashik,3743
2025-02-10 21:00:00,Kanpur,4067
2025-02-10 22:00:00,Patna,3394
2025-02-10 23:00:00,Vasai,1649
2025-02-11 00:00:00,Madurai,2277
2025-02-11 01:00:00,Chennai,1497
2025-02-11 02:00:00,Lucknow,1607
2025-02-11 03:00:00,Srinagar,2449
2025-02-11 04:00:00,Hubli,2142
2025-02-11 05:00:00,Bhopal,2153
2025-02-11 06:00:00,Kota,1968
2025-02-11 07:00:00,Amritsar,1990
2025-02-11 08:00:00,Agra,1492
2025-02-11 09:00:00,Kalyan,2225
2025-02-11 10:00:00,Srinagar,2475
2025-02-11 11:00:00,Kanpur,2516
2025-02-11 12:00:00,Allahabad,2664
2025-02-11 13:00:00,Ludhiana,3008
2025-02-11 14:00:00,Howrah,2512
2025-02-11 15:00:00,Raipur,2036
2025-02-11 16:00:00,Mumbai,2658
2025-02-11 17:00:00,Agra,2267
2025-02-11 18:00:00,Bangalore,3211
2025-02-11 19:00:00,Jodhpur,4461
2025-02-11 20:00:00,Aurangabad,3419
2025-02-11 21:00:00,Kolkata,2999
2025-02-11 22:00:00,Dhanbad,3726
2025-02-11 23:00:00,Madurai,2379
2025-02-12 00:00:00,Amritsar,1676
2025-02-12 01:00:00,Vijayawada,1534
2025-02-12 02:00:00,Vijayawada,2225
2025-02-12 03:00:00,Hyderabad,2032
2025-02-12 04:00:00,Hubli,1749
2025-02-12 05:00:00,Bhopal,1963
2025-02-12 06:00:00,Vadodara,1451
2025-02-12 07:00:00,Coimbatore,2223
2025-02-12 08:00:00,Kota,2303
2025-02-12 09:00:00,Howrah,2308
2025-02-12 10:00:00,Rajkot,2605
2025-02-12 11:00:00,Chennai,2782
2025-02-12 12:00:00,Vijayawada,3417
2025-02-12 13:00:00,Agra,3069
2025-02-12 14:00:00,Faridabad,2876
2025-02-12 15:00:00,Jodhpur,2335
2025-02-12 16:00:00,Patna,3156
2025-02-12 17:00:00,Visakhapatnam,2904
2025-02-12 18:00:00,Ranchi,3992
2025-02-12 19:00:00,Jaipur,3268
2025-02-12 20:00:00,Madurai,3535
2025-02-12 21:00:00,Visakhapatnam,3595
2025-02-12 22:00:00,Madurai,4298
2025-02-12 23:00:00,Ranchi,1548
2025-02-13 00:00:00,Thane,1486
2025-02-13 01:00:00,Meerut,2227
2025-02-13 02:00:00,Gwalior,1743
2025-02-13 03:00:00,Bangalore,1641
2025-02-13 04:00:00,Indore,2255
2025-02-13 05:00:00,Pune,1504
2025-02-13 06:00:00,Vadodara,1991
2025-02-13 07:00:00,Raipur,2052
2025-02-13 08:00:00,Bangalore,2213
2025-02-13 09:00:00,Vijayawada,2661
2025-02-13 10:00:00,Raipur,2347
2025-02-13 11:00:00,Kalyan,3385
2025-02-13 12:00:00,Vasai,3164
2025-02-13 13:00:00,Lucknow,3269
2025-02-13 14:00:00,Thane,1956
2025-02-13 15:00:00,Kanpur,3346
2025-02-13 16:00:00,Thane,2750
2025-02-13 17:00:00,Dhanbad,2449
2025-02-13 18:00:00,Jaipur,4060
2025-02-13 19:00:00,Thane,3710
2025-02-13 20:00:00,Chandigarh,4872
2025-02-13 21:00:00,Delhi,4383
2025-02-13 22:00:00,Allahabad,3440
2025-02-13 23:00:00,Vijayawada,1836
2025-02-14 00:00:00,Bangalore,1350
2025-02-14 01:00:00,Dhanbad,2090
2025-02-14 02:00:00,Vasai,1796
2025-02-14 03:00:00,Kalyan,2401
2025-02-14 04:00:00,Guwahati,2069
2025-02-14 05:00:00,Solapur,1584
2025-02-14 06:00:00,Mumbai,1784
2025-02-14 07:00:00,Kalyan,1873
2025-02-14 08:00:00,Jaipur,1911
2025-02-14 09:00:00,Ghaziabad,2441
2025-02-14 10:00:00,Coimbatore,2252
2025-02-14 11:00:00,Rajkot,2806
2025-02-14 12:00:00,Mumbai,2075
2025-02-14 13:00:00,Navi Mumbai,2134
2025-02-14 14:00:00,Nagpur,3143
2025-02-14 15:00:00,Allahabad,2653
2025-02-14 16:00:00,Kota,2675
2025-02-14 17:00:00,Coimbatore,2798
2025-02-14 18:00:00,Lucknow,3428
2025-02-14 19:00:00,Allahabad,4707
2025-02-14 20:00:00,Aurangabad,3291
2025-02-14 21:00:00,Kalyan,3943
2025-02-14 22:00:00,Gwalior,3777
2025-02-14 23:00:00,Ahmedabad,2085
2025-02-15 00:00:00,Varanasi,2112
2025-02-15 01:00:00,Aurangabad,1683
2025-02-15 02:00:00,Solapur,2170
2025-02-15 03:00:00,Kota,1661
2025-02-15 04:00:00,Raipur,2216
2025-02-15 05:00:00,Pune,1564
2025-02-15 06:00:00,Vasai,1951
2025-02-15 07:00:00,Srinagar,2081
2025-02-15 08:00:00,Kota,1530
2025-02-15 09:00:00,Delhi,2704
2025-02-15 10:00:00,Coimbatore,2889
2025-02-15 11:00:00,Meerut,2597
2025-02-15 12:00:00,Bangalore,3074
2025-02-15 13:00:00,Hubli,2698
2025-02-15 14:00:00,Thane,2636
2025-02-15 15:00:00,Bangalore,3037
2025-02-15 16:00:00,Ludhiana,3366
2025-02-15 17:00:00,Navi Mumbai,2529
2025-02-15 18:00:00,Amritsar,3577
2025-02-15 19:00:00,Ghaziabad,3683
2025-02-15 20:00:00,Rajkot,4611
2025-02-15 21:00:00,Amritsar,2896
2025-02-15 22:00:00,Guwahati,3969
2025-02-15 23:00:00,Srinagar,2296
2025-02-16 00:00:00,Gwalior,1527
2025-02-16 01:00:00,Vijayawada,2192
2025-02-16 02:00:00,Jodhpur,1520
2025-02-16 03:00:00,Meerut,1889
2025-02-16 04:00:00,Amritsar,1701
2025-02-16 05:00:00,Nagpur,1385
2025-02-16 06:00:00,Raipur,1548
2025-02-16 07:00:00,Pune,2037
2025-02-16 08:00:00,Meerut,1742
2025-02-16 09:00:00,Ludhiana,2218
2025-02-16 10:00:00,Meerut,3001
2025-02-16 11:00:00,Vadodara,2941
2025-02-16 12:00:00,Jaipur,2681
2025-02-16 13:00:00,Raipur,2701
2025-02-16 14:00:00,Srinagar,2670
2025-02-16 15:00:00,Ghaziabad,2917
2025-02-16 16:00:00,Jodhpur,3368
2025-02-16 17:00:00,Allahabad,1885
2025-02-16 18:00:00,Jaipur,4082
2025-02-16 19:00:00,Chennai,4203
2025-02-16 20:00:00,Hyderabad,3690
2025-02-16 21:00:00,Navi Mumbai,4409
2025-02-16 22:00:00,Jodhpur,3074
2025-02-16 23:00:00,Visakhapatnam,1896
2025-02-17 00:00:00,Vadodara,2184
2025-02-17 01:00:00,Bangalore,2209
2025-02-17 02:00:00,Amritsar,1648
2025-02-17 03:00:00,Ahmedabad,1565
2025-02-17 04:00:00,Bangalore,1800
2025-02-17 05:00:00,Indore,1847
2025-02-17 06:00:00,Ranchi,2090
2025-02-17 07:00:00,Coimbatore,1697
2025-02-17 08:00:00,Bhopal,1295
2025-02-17 09:00:00,Meerut,2830
2025-02-17 10:00:00,Chennai,2638
2025-02-17 11:00:00,Bangalore,2737
2025-02-17 12:00:00,Raipur,2364
2025-02-17 13:00:00,Hyderabad,3040
2025-02-17 14:00:00,Agra,2509
2025-02-17 15:00:00,Pune,2721
2025-02-17 16:00:00,Ludhiana,2647
2025-02-17 17:00:00,Bhopal,2518
2025-02-17 18:00:00,Raipur,3830
2025-02-17 19:00:00,Ludhiana,3823
2025-02-17 20:00:00,Vijayawada,4230
2025-02-17 21:00:00,Kota,3241
2025-02-17 22:00:00,Ahmedabad,3309
2025-02-17 23:00:00,Dhanbad,2108
2025-02-18 00:00:00,Vadodara,1457
2025-02-18 01:00:00,Kota,1394
2025-02-18 02:00:00,Patna,1790
2025-02-18 03:00:00,Srinagar,1598
2025-02-18 04:00:00,Solapur,1620
2025-02-18 05:00:00,Vijayawada,1496
2025-02-18 06:00:00,Thane,2134
2025-02-18 07:00:00,Ghaziabad,1773
2025-02-18 08:00:00,Ghaziabad,1605
2025-02-18 09:00:00,Coimbatore,2714
2025-02-18 10:00:00,Bhopal,2638
2025-02-18 11:00:00,Nagpur,2650
2025-02-18 12:00:00,Thane,2604
2025-02-18 13:00:00,Srinagar,2364
2025-02-18 14:00:00,Kolkata,2189
2025-02-18 15:00:00,Chennai,2555
2025-02-18 16:00:00,Jaipur,2957
2025-02-18 17:00:00,Rajkot,2133
2025-02-18 18:00:00,Indore,3347
2025-02-18 19:00:00,Ludhiana,3977
2025-02-18 20:00:00,Bangalore,3548
2025-02-18 21:00:00,Hyderabad,3296
2025-02-18 22:00:00,Howrah,2993
2025-02-18 23:00:00,Madurai,1562
2025-02-19 00:00:00,Navi Mumbai,1918
2025-02-19 01:00:00,Indore,1704
2025-02-19 02:00:00,Jabalpur,1997
2025-02-19 03:00:00,Bhopal,1620
2025-02-19 04:00:00,Guwahati,2085
2025-02-19 05:00:00,Hubli,1601
2025-02-19 06:00:00,Hyderabad,2050
2025-02-19 07:00:00,Chandigarh,2188
2025-02-19 08:00:00,Solapur,1953
2025-02-19 09:00:00,Coimbatore,2562
2025-02-19 10:00:00,Solapur,2799
2025-02-19 11:00:00,Varanasi,2915
2025-02-19 12:00:00,Kanpur,2049
2025-02-19 13:00:00,Chandigarh,2029
2025-02-19 14:00:00,Kota,2247
2025-02-19 15:00:00,Allahabad,2792
2025-02-19 16:00:00,Agra,3140
2025-02-19 17:00:00,Bhopal,3338
2025-02-19 18:00:00,Chennai,3574
2025-02-19 19:00:00,Guwahati,4021
2025-02-19 20:00:00,Jabalpur,3998
2025-02-19 21:00:00,Vadodara,3817
2025-02-19 22:00:00,Bhopal,4781
2025-02-19 23:00:00,Agra,2053
2025-02-20 00:00:00,Guwahati,1751
2025-02-20 01:00:00,Gwalior,1972
2025-02-20 02:00:00,Hyderabad,2121
2025-02-20 03:00:00,Indore,2415
2025-02-20 04:00:00,Hyderabad,1976
2025-02-20 05:00:00,Vijayawada,2566
2025-02-20 06:00:00,Madurai,1946
2025-02-20 07:00:00,Kolkata,1867
2025-02-20 08:00:00,Aurangabad,1462
2025-02-20 09:00:00,Chandigarh,3050
2025-02-20 10:00:00,Kota,2522
2025-02-20 11:00:00,Coimbatore,2273
2025-02-20 12:00:00,Hubli,3095
2025-02-20 13:00:00,Indore,2253
2025-02-20 14:00:00,Indore,2691
2025-02-20 15:00:00,Visakhapatnam,2745
2025-02-20 16:00:00,Kalyan,2449
2025-02-20 17:00:00,Dhanbad,3159
2025-02-20 18:00:00,Bhopal,3560
2025-02-20 19:00:00,Varanasi,4078
2025-02-20 20:00:00,Navi Mumbai,4598
2025-02-20 21:00:00,Thane,3481
2025-02-20 22:00:00,Hubli,4070
2025-02-20 23:00:00,Nagpur,1525
2025-02-21 00:00:00,Chandigarh,1931
2025-02-21 01:00:00,Faridabad,2154
2025-02-21 02:00:00,Delhi,1850
2025-02-21 03:00:00,Vasai,2444
2025-02-21 04:00:00,Vasai,1997
2025-02-21 05:00:00,Pune,1756
2025-02-21 06:00:00,Nashik,1917
2025-02-21 07:00:00,Mumbai,1617
2025-02-21 08:00:00,Kalyan,1675
2025-02-21 09:00:00,Hyderabad,2094
2025-02-21 10:00:00,Gwalior,2720
2025-02-21 11:00:00,Guwahati,3226
2025-02-21 12:00:00,Pune,2086
2025-02-21 13:00:00,Kolkata,2704
2025-02-21 14:00:00,Ludhiana,2588
2025-02-21 15:00:00,Chandigarh,2904
2025-02-21 16:00:00,Kota,2423
2025-02-21 17:00:00,Vadodara,2892
2025-02-21 18:00:00,Solapur,3898
2025-02-21 19:00:00,Rajkot,3661
2025-02-21 20:00:00,Gwalior,3206
2025-02-21 21:00:00,Delhi,3870
2025-02-21 22:00:00,Raipur,3934
2025-02-21 23:00:00,Mumbai,2306
2025-02-22 00:00:00,Jodhpur,2259
2025-02-22 01:00:00,Kolkata,2115
2025-02-22 02:00:00,Visakhapatnam,2046
2025-02-22 03:00:00,Howrah,1532
2025-02-22 04:00:00,Vadodara,2205
2025-02-22 05:00:00,Jaipur,2276
2025-02-22 06:00:00,Chandigarh,2282
2025-02-22 07:00:00,Kolkata,2115
2025-02-22 08:00:00,Nagpur,1459
2025-02-22 09:00:00,Amritsar,2228
2025-02-22 10:00:00,Coimbatore,2664
2025-02-22 11:00:00,Ghaziabad,2737
2025-02-22 12:00:00,Ghaziabad,2574
2025-02-22 13:00:00,Jaipur,2610
2025-02-22 14:00:00,Amritsar,2887
2025-02-22 15:00:00,Dhanbad,2418
2025-02-22 16:00:00,Jabalpur,2739
2025-02-22 17:00:00,Vasai,2455
2025-02-22 18:00:00,Kalyan,3478
2025-02-22 19:00:00,Allahabad,3948
2025-02-22 20:00:00,Kolkata,4124
2025-02-22 21:00:00,Ghaziabad,3805
2025-02-22 22:00:00,Hubli,4372
2025-02-22 23:00:00,Allahabad,1907
2025-02-23 00:00:00,Bangalore,1848
2025-02-23 01:00:00,Vasai,2033
2025-02-23 02:00:00,Nashik,2341
2025-02-23 03:00:00,Delhi,2072
2025-02-23 04:00:00,Raipur,1776
2025-02-23 05:00:00,Nagpur,2301
2025-02-23 06:00:00,Vasai,2508
2025-02-23 07:00:00,Thane,1608
2025-02-23 08:00:00,Gwalior,1474
2025-02-23 09:00:00,Kalyan,2665
2025-02-23 10:00:00,Varanasi,2541
2025-02-23 11:00:00,Hubli,2731
2025-02-23 12:00:00,Rajkot,2265
2025-02-23 13:00:00,Faridabad,2994
2025-02-23 14:00:00,Allahabad,2130
2025-02-23 15:00:00,Jodhpur,3077
2025-02-23 16:00:00,Vadodara,2942
2025-02-23 17:00:00,Faridabad,2834
2025-02-23 18:00:00,Mumbai,3184
2025-02-23 19:00:00,Coimbatore,4812
2025-02-23 20:00:00,Jodhpur,4636
2025-02-23 21:00:00,Ludhiana,3710
2025-02-23 22:00:00,Guwahati,3614
2025-02-23 23:00:00,Raipur,1968
2025-02-24 00:00:00,Howrah,1930
2025-02-24 01:00:00,Srinagar,2468
2025-02-24 02:00:00,Ghaziabad,1662
2025-02-24 03:00:00,Delhi,1733
2025-02-24 04:00:00,Solapur,2275
2025-02-24 05:00:00,Amritsar,1732
2025-02-24 06:00:00,Chandigarh,1849
2025-02-24 07:00:00,Lucknow,1442
2025-02-24 08:00:00,Jaipur,2105
2025-02-24 09:00:00,Nashik,2171
2025-02-24 10:00:00,Coimbatore,3217
2025-02-24 11:00:00,Ahmedabad,2654
2025-02-24 12:00:00,Amritsar,2241
2025-02-24 13:00:00,Jabalpur,2414
2025-02-24 14:00:00,Aurangabad,3247
2025-02-24 15:00:00,Meerut,3172
2025-02-24 16:00:00,Ahmedabad,2410
2025-02-24 17:00:00,Kolkata,2691
2025-02-24 18:00:00,Patna,2802
2025-02-24 19:00:00,Kolkata,3771
2025-02-24 20:00:00,Ranchi,3393
2025-02-24 21:00:00,Madurai,4337
2025-02-24 22:00:00,Meerut,3615
2025-02-24 23:00:00,Visakhapatnam,1960
2025-02-25 00:00:00,Gwalior,1559
2025-02-25 01:00:00,Visakhapatnam,1203
2025-02-25 02:00:00,Ghaziabad,1721
2025-02-25 03:00:00,Srinagar,1286
2025-02-25 04:00:00,Agra,2046
2025-02-25 05:00:00,Ranchi,2098
2025-02-25 06:00:00,Aurangabad,1571
2025-02-25 07:00:00,Faridabad,1313
2025-02-25 08:00:00,Lucknow,1838
2025-02-25 09:00:00,Kanpur,2867
2025-02-25 10:00:00,Nashik,2804
2025-02-25 11:00:00,Hyderabad,2450
2025-02-25 12:00:00,Hubli,2353
2025-02-25 13:00:00,Hyderabad,2375
2025-02-25 14:00:00,Kolkata,2419
2025-02-25 15:00:00,Aurangabad,2941
2025-02-25 16:00:00,Ranchi,2768
2025-02-25 17:00:00,Ranchi,2470
2025-02-25 18:00:00,Visakhapatnam,3321
2025-02-25 19:00:00,Varanasi,3962
2025-02-25 20:00:00,Raipur,4428
2025-02-25 21:00:00,Dhanbad,3792
2025-02-25 22:00:00,Visakhapatnam,3380
2025-02-25 23:00:00,Raipur,1639
2025-02-26 00:00:00,Guwahati,2087
2025-02-26 01:00:00,Rajkot,1689
2025-02-26 02:00:00,Kolkata,1778
2025-02-26 03:00:00,Bangalore,1621
2025-02-26 04:00:00,Chandigarh,1728
2025-02-26 05:00:00,Agra,2046
2025-02-26 06:00:00,Nagpur,1663
2025-02-26 07:00:00,Coimbatore,1984
2025-02-26 08:00:00,Dhanbad,2440
2025-02-26 09:00:00,Amritsar,2307
2025-02-26 10:00:00,Thane,3011
2025-02-26 11:00:00,Guwahati,3190
2025-02-26 12:00:00,Agra,2188
2025-02-26 13:00:00,Howrah,2406
2025-02-26 14:00:00,Kalyan,2610
2025-02-26 15:00:00,Hyderabad,3328
2025-02-26 16:00:00,Dhanbad,3089
2025-02-26 17:00:00,Nashik,2388
2025-02-26 18:00:00,Patna,2825
2025-02-26 19:00:00,Delhi,3603
2025-02-26 20:00:00,Vadodara,3507
2025-02-26 21:00:00,Vijayawada,4231
2025-02-26 22:00:00,Visakhapatnam,3671
2025-02-26 23:00:00,Faridabad,2202
2025-02-27 00:00:00,Nashik,2300
2025-02-27 01:00:00,Chandigarh,1548
2025-02-27 02:00:00,Amritsar,2475
2025-02-27 03:00:00,Jabalpur,2424
2025-02-27 04:00:00,Indore,2494
2025-02-27 05:00:00,Vijayawada,1612
2025-02-27 06:00:00,Visakhapatnam,1639
2025-02-27 07:00:00,Guwahati,2215
2025-02-27 08:00:00,Raipur,2102
2025-02-27 09:00:00,Hubli,2930
2025-02-27 10:00:00,Visakhapatnam,2673
2025-02-27 11:00:00,Guwahati,2286
2025-02-27 12:00:00,Rajkot,2362
2025-02-27 13:00:00,Hyderabad,2477
2025-02-27 14:00:00,Nagpur,2593
2025-02-27 15:00:00,Guwahati,2218
2025-02-27 16:00:00,Guwahati,2517
2025-02-27 17:00:00,Vasai,2818
2025-02-27 18:00:00,Aurangabad,4566
2025-02-27 19:00:00,Amritsar,3098
2025-02-27 20:00:00,Vasai,2661
2025-02-27 21:00:00,Ghaziabad,4523
2025-02-27 22:00:00,Ludhiana,4088
2025-02-27 23:00:00,Thane,1821
2025-02-28 00:00:00,Jodhpur,2333
2025-02-28 01:00:00,Solapur,2118
2025-02-28 02:00:00,Madurai,2141
2025-02-28 03:00:00,Meerut,2196
2025-02-28 04:00:00,Mumbai,1507
2025-02-28 05:00:00,Rajkot,1557
2025-02-28 06:00:00,Madurai,2476
2025-02-28 07:00:00,Ranchi,1835
2025-02-28 08:00:00,Allahabad,2173
2025-02-28 09:00:00,Nashik,3174
2025-02-28 10:00:00,Aurangabad,2922
2025-02-28 11:00:00,Amritsar,2182
2025-02-28 12:00:00,Patna,2261
2025-02-28 13:00:00,Dhanbad,2364
2025-02-28 14:00:00,Srinagar,2312
2025-02-28 15:00:00,Nagpur,3411
2025-02-28 16:00:00,Ghaziabad,3362
2025-02-28 17:00:00,Bangalore,2278
2025-02-28 18:00:00,Allahabad,3515
2025-02-28 19:00:00,Solapur,2764
2025-02-28 20:00:00,Aurangabad,4424
2025-02-28 21:00:00,Jabalpur,2798
2025-02-28 22:00:00,Ludhiana,4697
2025-02-28 23:00:00,Madurai,1722
2025-03-01 00:00:00,Agra,2087
2025-03-01 01:00:00,Jodhpur,1899
2025-03-01 02:00:00,Nagpur,1734
2025-03-01 03:00:00,Visakhapatnam,2189
2025-03-01 04:00:00,Ghaziabad,2019
2025-03-01 05:00:00,Thane,1689
2025-03-01 06:00:00,Lucknow,2033
2025-03-01 07:00:00,Gwalior,2073
2025-03-01 08:00:00,Bhopal,1623
2025-03-01 09:00:00,Thane,2446
2025-03-01 10:00:00,Vadodara,2422
2025-03-01 11:00:00,Varanasi,2334
2025-03-01 12:00:00,Ahmedabad,2440
2025-03-01 13:00:00,Srinagar,3095
2025-03-01 14:00:00,Madurai,2128
2025-03-01 15:00:00,Indore,2886
2025-03-01 16:00:00,Amritsar,2806
2025-03-01 17:00:00,Thane,2857
2025-03-01 18:00:00,Howrah,4705
2025-03-01 19:00:00,Srinagar,4161
2025-03-01 20:00:00,Ludhiana,3124
2025-03-01 21:00:00,Gwalior,3308
2025-03-01 22:00:00,Coimbatore,2559
2025-03-01 23:00:00,Kalyan,2503
2025-03-02 00:00:00,Madurai,1357
2025-03-02 01:00:00,Thane,2238
2025-03-02 02:00:00,Navi Mumbai,2220
2025-03-02 03:00:00,Navi Mumbai,2220
2025-03-02 04:00:00,Kalyan,2431
2025-03-02 05:00:00,Nashik,1606
2025-03-02 06:00:00,Ludhiana,1576
2025-03-02 07:00:00,Srinagar,2366
2025-03-02 08:00:00,Kalyan,2382
2025-03-02 09:00:00,Nashik,2552
2025-03-02 10:00:00,Pune,2870
2025-03-02 11:00:00,Agra,3212
2025-03-02 12:00:00,Ludhiana,2434
2025-03-02 13:00:00,Gwalior,2480
2025-03-02 14:00:00,Kalyan,2775
2025-03-02 15:00:00,Navi Mumbai,2869
2025-03-02 16:00:00,Dhanbad,2561
2025-03-02 17:00:00,Navi Mumbai,2485
2025-03-02 18:00:00,Faridabad,3483
2025-03-02 19:00:00,Coimbatore,3544
2025-03-02 20:00:00,Allahabad,3866
2025-03-02 21:00:00,Pune,3699
2025-03-02 22:00:00,Coimbatore,4115
2025-03-02 23:00:00,Ghaziabad,1605
2025-03-03 00:00:00,Hubli,2298
2025-03-03 01:00:00,Kalyan,1603
2025-03-03 02:00:00,Raipur,1784
2025-03-03 03:00:00,Ghaziabad,1743
2025-03-03 04:00:00,Chennai,1692
2025-03-03 05:00:00,Ghaziabad,1453
2025-03-03 06:00:00,Nagpur,2058
2025-03-03 07:00:00,Meerut,2239
2025-03-03 08:00:00,Coimbatore,2001
2025-03-03 09:00:00,Lucknow,2986
2025-03-03 10:00:00,Nagpur,2024
2025-03-03 11:00:00,Vasai,2882
2025-03-03 12:00:00,Kanpur,2573
2025-03-03 13:00:00,Ranchi,2546
2025-03-03 14:00:00,Agra,2577
2025-03-03 15:00:00,Bhopal,2299
2025-03-03 16:00:00,Hyderabad,2424
2025-03-03 17:00:00,Jaipur,3228
2025-03-03 18:00:00,Ahmedabad,3214
2025-03-03 19:00:00,Visakhapatnam,3969
2025-03-03 20:00:00,Agra,4688
2025-03-03 21:00:00,Hubli,3206
2025-03-03 22:00:00,Vadodara,3045
2025-03-03 23:00:00,Lucknow,1850
2025-03-04 00:00:00,Solapur,2291
2025-03-04 01:00:00,Coimbatore,2267
2025-03-04 02:00:00,Ahmedabad,2402
2025-03-04 03:00:00,Mumbai,1950
2025-03-04 04:00:00,Vadodara,1670
2025-03-04 05:00:00,Chennai,2166
2025-03-04 06:00:00,Vijayawada,1536
2025-03-04 07:00:00,Kalyan,1895
2025-03-04 08:00:00,Jodhpur,1607
2025-03-04 09:00:00,Mumbai,2060
2025-03-04 10:00:00,Guwahati,2966
2025-03-04 11:00:00,Ahmedabad,2948
2025-03-04 12:00:00,Vijayawada,2151
2025-03-04 13:00:00,Kalyan,2873
2025-03-04 14:00:00,Chandigarh,2627
2025-03-04 15:00:00,Indore,2402
2025-03-04 16:00:00,Allahabad,2822
2025-03-04 17:00:00,Raipur,2820
2025-03-04 18:00:00,Chandigarh,4018
2025-03-04 19:00:00,Jaipur,4502
2025-03-04 20:00:00,Delhi,3640
2025-03-04 21:00:00,Chennai,4188
2025-03-04 22:00:00,Allahabad,4083
2025-03-04 23:00:00,Ghaziabad,1782
2025-03-05 00:00:00,Bhopal,2506
2025-03-05 01:00:00,Amritsar,2052
2025-03-05 02:00:00,Madurai,2194
2025-03-05 03:00:00,Aurangabad,2076
2025-03-05 04:00:00,Bhopal,1779
2025-03-05 05:00:00,Guwahati,1478
2025-03-05 06:00:00,Gwalior,2009
2025-03-05 07:00:00,Amritsar,1950
2025-03-05 08:00:00,Ranchi,2403
2025-03-05 09:00:00,Faridabad,2644
2025-03-05 10:00:00,Delhi,2158
2025-03-05 11:00:00,Lucknow,2788
2025-03-05 12:00:00,Rajkot,2574
2025-03-05 13:00:00,Vasai,2468
2025-03-05 14:00:00,Visakhapatnam,2600
2025-03-05 15:00:00,Varanasi,2932
2025-03-05 16:00:00,Mumbai,2354
2025-03-05 17:00:00,Faridabad,2266
2025-03-05 18:00:00,Srinagar,3554
2025-03-05 19:00:00,Ahmedabad,3970
2025-03-05 20:00:00,Gwalior,3530
2025-03-05 21:00:00,Ghaziabad,4259
2025-03-05 22:00:00,Rajkot,4047
2025-03-05 23:00:00,Rajkot,1673
2025-03-06 00:00:00,Navi Mumbai,1964
2025-03-06 01:00:00,Kolkata,1487
2025-03-06 02:00:00,Indore,1526
2025-03-06 03:00:00,Allahabad,1819
2025-03-06 04:00:00,Allahabad,2199
2025-03-06 05:00:00,Ludhiana,2145
2025-03-06 06:00:00,Bangalore,2185
2025-03-06 07:00:00,Hubli,1235
2025-03-06 08:00:00,Ludhiana,2433
2025-03-06 09:00:00,Guwahati,2834
2025-03-06 10:00:00,Pune,2807
2025-03-06 11:00:00,Visakhapatnam,2538
2025-03-06 12:00:00,Mumbai,2581
2025-03-06 13:00:00,Mumbai,2429
2025-03-06 14:00:00,Allahabad,2891
2025-03-06 15:00:00,Guwahati,2205
2025-03-06 16:00:00,Kota,2297
2025-03-06 17:00:00,Pune,2587
2025-03-06 18:00:00,Aurangabad,3247
2025-03-06 19:00:00,Gwalior,3089
2025-03-06 20:00:00,Srinagar,4672
2025-03-06 21:00:00,Varanasi,4262
2025-03-06 22:00:00,Chennai,4498
2025-03-06 23:00:00,Kalyan,2065
2025-03-07 00:00:00,Kanpur,2095
2025-03-07 01:00:00,Allahabad,1303
2025-03-07 02:00:00,Gwalior,2335
2025-03-07 03:00:00,Aurangabad,1967
2025-03-07 04:00:00,Rajkot,1832
2025-03-07 05:00:00,Jabalpur,2447
2025-03-07 06:00:00,Vijayawada,2156
2025-03-07 07:00:00,Faridabad,1717
2025-03-07 08:00:00,Gwalior,1986
2025-03-07 09:00:00,Pune,2585
2025-03-07 10:00:00,Chandigarh,2777
2025-03-07 11:00:00,Kota,2722
2025-03-07 12:00:00,Jaipur,2675
2025-03-07 13:00:00,Bhopal,2474
2025-03-07 14:00:00,Meerut,2189
2025-03-07 15:00:00,Pune,2762
2025-03-07 16:00:00,Nagpur,2582
2025-03-07 17:00:00,Kolkata,2818
2025-03-07 18:00:00,Ghaziabad,3953
2025-03-07 19:00:00,Coimbatore,3752
2025-03-07 20:00:00,Nagpur,3767
2025-03-07 21:00:00,Solapur,2960
2025-03-07 22:00:00,Vadodara,3689
2025-03-07 23:00:00,Lucknow,1806
2025-03-08 00:00:00,Jabalpur,2001
2025-03-08 01:00:00,Kota,2369
2025-03-08 02:00:00,Pune,1603
2025-03-08 03:00:00,Gwalior,2228
2025-03-08 04:00:00,Indore,1430
2025-03-08 05:00:00,Howrah,2036
2025-03-08 06:00:00,Bhopal,1908
2025-03-08 07:00:00,Faridabad,1513
2025-03-08 08:00:00,Kalyan,2363
2025-03-08 09:00:00,Jabalpur,3428
2025-03-08 10:00:00,Madurai,3031
2025-03-08 11:00:00,Varanasi,2858
2025-03-08 12:00:00,Pune,2686
2025-03-08 13:00:00,Allahabad,2324
2025-03-08 14:00:00,Vasai,2555
2025-03-08 15:00:00,Jabalpur,2866
2025-03-08 16:00:00,Pune,2989
2025-03-08 17:00:00,Ghaziabad,2877
2025-03-08 18:00:00,Allahabad,3957
2025-03-08 19:00:00,Ranchi,3066
2025-03-08 20:00:00,Howrah,4786
2025-03-08 21:00:00,Visakhapatnam,3944
2025-03-08 22:00:00,Aurangabad,4325
2025-03-08 23:00:00,Faridabad,1579
2025-03-09 00:00:00,Jabalpur,1600
2025-03-09 01:00:00,Kalyan,2197
2025-03-09 02:00:00,Bangalore,1973
2025-03-09 03:00:00,Aurangabad,1488
2025-03-09 04:00:00,Ghaziabad,2266
2025-03-09 05:00:00,Amritsar,2032
2025-03-09 06:00:00,Aurangabad,2125
2025-03-09 07:00:00,Hubli,1682
2025-03-09 08:00:00,Solapur,2206
2025-03-09 09:00:00,Jabalpur,2545
2025-03-09 10:00:00,Chandigarh,2544
2025-03-09 11:00:00,Kota,3071
2025-03-09 12:00:00,Vijayawada,2520
2025-03-09 13:00:00,Thane,1958
2025-03-09 14:00:00,Guwahati,2311
2025-03-09 15:00:00,Allahabad,2605
2025-03-09 16:00:00,Kanpur,2608
2025-03-09 17:00:00,Pune,2834
2025-03-09 18:00:00,Ahmedabad,4086
2025-03-09 19:00:00,Lucknow,3297
2025-03-09 20:00:00,Nashik,4596
2025-03-09 21:00:00,Kalyan,3615
2025-03-09 22:00:00,Chennai,4535
2025-03-09 23:00:00,Nagpur,2217
2025-03-10 00:00:00,Kota,2311
2025-03-10 01:00:00,Nagpur,2271
2025-03-10 02:00:00,Lucknow,2378
2025-03-10 03:00:00,Kanpur,1748
2025-03-10 04:00:00,Bhopal,2013
2025-03-10 05:00:00,Amritsar,1642
2025-03-10 06:00:00,Coimbatore,1596
2025-03-10 07:00:00,Kalyan,1666
2025-03-10 08:00:00,Kalyan,1619
2025-03-10 09:00:00,Jaipur,3195
2025-03-10 10:00:00,Meerut,2530
2025-03-10 11:00:00,Chandigarh,3073
2025-03-10 12:00:00,Hubli,2986
2025-03-10 13:00:00,Chennai,3185
2025-03-10 14:00:00,Kalyan,1971
2025-03-10 15:00:00,Pune,2708
2025-03-10 16:00:00,Chandigarh,2243
2025-03-10 17:00:00,Chandigarh,2979
2025-03-10 18:00:00,Bangalore,3487
2025-03-10 19:00:00,Agra,4614
2025-03-10 20:00:00,Rajkot,4453
2025-03-10 21:00:00,Varanasi,2768
2025-03-10 22:00:00,Howrah,2755
2025-03-10 23:00:00,Mumbai,2427
2025-03-11 00:00:00,Jabalpur,2008
2025-03-11 01:00:00,Kota,1711
2025-03-11 02:00:00,Vadodara,1773
2025-03-11 03:00:00,Madurai,1528
2025-03-11 04:00:00,Meerut,2058
2025-03-11 05:00:00,Ranchi,2111
2025-03-11 06:00:00,Jabalpur,1451
2025-03-11 07:00:00,Jabalpur,1790
2025-03-11 08:00:00,Kalyan,1681
2025-03-11 09:00:00,Amritsar,2585
2025-03-11 10:00:00,Chennai,2366
2025-03-11 11:00:00,Jabalpur,2457
2025-03-11 12:00:00,Kolkata,2778
2025-03-11 13:00:00,Visakhapatnam,2647
2025-03-11 14:00:00,Nagpur,2817
2025-03-11 15:00:00,Indore,2026
2025-03-11 16:00:00,Gwalior,2920
2025-03-11 17:00:00,Chennai,2584
2025-03-11 18:00:00,Jabalpur,3519
2025-03-11 19:00:00,Hyderabad,3796
2025-03-11 20:00:00,Madurai,3664
2025-03-11 21:00:00,Nashik,3763
2025-03-11 22:00:00,Gwalior,3453
2025-03-11 23:00:00,Coimbatore,1670
2025-03-12 00:00:00,Thane,1953
2025-03-12 01:00:00,Bangalore,2071
2025-03-12 02:00:00,Nashik,1970
2025-03-12 03:00:00,Chandigarh,1825
2025-03-12 04:00:00,Howrah,2085
2025-03-12 05:00:00,Patna,2178
2025-03-12 06:00:00,Lucknow,1833
2025-03-12 07:00:00,Kolkata,1467
2025-03-12 08:00:00,Visakhapatnam,2206
2025-03-12 09:00:00,Indore,3143
2025-03-12 10:00:00,Pune,2029
2025-03-12 11:00:00,Pune,2378
2025-03-12 12:00:00,Faridabad,2492
2025-03-12 13:00:00,Jodhpur,2086
2025-03-12 14:00:00,Kota,2260
2025-03-12 15:00:00,Agra,2932
2025-03-12 16:00:00,Navi Mumbai,2964
2025-03-12 17:00:00,Nagpur,3094
2025-03-12 18:00:00,Hubli,4095
2025-03-12 19:00:00,Srinagar,3990
2025-03-12 20:00:00,Madurai,3262
2025-03-12 21:00:00,Dhanbad,4035
2025-03-12 22:00:00,Bangalore,4119
2025-03-12 23:00:00,Guwahati,1372
2025-03-13 00:00:00,Jabalpur,1695
2025-03-13 01:00:00,Agra,1942
2025-03-13 02:00:00,Thane,1812
2025-03-13 03:00:00,Guwahati,1819
2025-03-13 04:00:00,Jabalpur,1680
2025-03-13 05:00:00,Vasai,2353
2025-03-13 06:00:00,Hyderabad,1340
2025-03-13 07:00:00,Patna,2028
2025-03-13 08:00:00,Gwalior,1532
2025-03-13 09:00:00,Navi Mumbai,1955
2025-03-13 10:00:00,Nashik,1978
2025-03-13 11:00:00,Kota,2703
2025-03-13 12:00:00,Lucknow,3439
2025-03-13 13:00:00,Madurai,2652
2025-03-13 14:00:00,Chandigarh,3237
2025-03-13 15:00:00,Visakhapatnam,2879
2025-03-13 16:00:00,Nagpur,3078
2025-03-13 17:00:00,Jaipur,2092
2025-03-13 18:00:00,Hubli,3915
2025-03-13 19:00:00,Ahmedabad,4564
2025-03-13 20:00:00,Vadodara,3895
2025-03-13 21:00:00,Amritsar,3674
2025-03-13 22:00:00,Thane,4286
2025-03-13 23:00:00,Pune,2178
2025-03-14 00:00:00,Pune,1309
2025-03-14 01:00:00,Howrah,1940
2025-03-14 02:00:00,Rajkot,2362
2025-03-14 03:00:00,Chandigarh,2370
2025-03-14 04:00:00,Aurangabad,2196
2025-03-14 05:00:00,Kanpur,2292
2025-03-14 06:00:00,Gwalior,2035
2025-03-14 07:00:00,Jaipur,2182
2025-03-14 08:00:00,Kanpur,2417
2025-03-14 09:00:00,Hyderabad,2271
2025-03-14 10:00:00,Raipur,2592
2025-03-14 11:00:00,Visakhapatnam,2398
2025-03-14 12:00:00,Rajkot,2329
2025-03-14 13:00:00,Faridabad,3028
2025-03-14 14:00:00,Indore,2972
2025-03-14 15:00:00,Vijayawada,2854
2025-03-14 16:00:00,Howrah,2896
2025-03-14 17:00:00,Ahmedabad,2233
2025-03-14 18:00:00,Pune,4694
2025-03-14 19:00:00,Bangalore,4045
2025-03-14 20:00:00,Coimbatore,4475
2025-03-14 21:00:00,Kalyan,3473
2025-03-14 22:00:00,Bangalore,4172
2025-03-14 23:00:00,Nashik,2316
2025-03-15 00:00:00,Bhopal,1557
2025-03-15 01:00:00,Ahmedabad,2426
2025-03-15 02:00:00,Amritsar,1626
2025-03-15 03:00:00,Kolkata,1745
2025-03-15 04:00:00,Coimbatore,1904
2025-03-15 05:00:00,Chennai,2270
2025-03-15 06:00:00,Bangalore,1848
2025-03-15 07:00:00,Solapur,2044
2025-03-15 08:00:00,Vijayawada,2035
2025-03-15 09:00:00,Vasai,2467
2025-03-15 10:00:00,Kanpur,3288
2025-03-15 11:00:00,Meerut,2749
2025-03-15 12:00:00,Nashik,2628
2025-03-15 13:00:00,Srinagar,3239
2025-03-15 14:00:00,Kota,2160
2025-03-15 15:00:00,Ghaziabad,3141
2025-03-15 16:00:00,Bangalore,3391
2025-03-15 17:00:00,Patna,2255
2025-03-15 18:00:00,Bangalore,3715
2025-03-15 19:00:00,Nagpur,4541
2025-03-15 20:00:00,Guwahati,2688
2025-03-15 21:00:00,Allahabad,4023
2025-03-15 22:00:00,Patna,3615
2025-03-15 23:00:00,Bangalore,2193
2025-03-16 00:00:00,Vadodara,2099
2025-03-16 01:00:00,Vijayawada,2129
2025-03-16 02:00:00,Raipur,1646
2025-03-16 03:00:00,Gwalior,2302
2025-03-16 04:00:00,Raipur,1452
2025-03-16 05:00:00,Gwalior,1773
2025-03-16 06:00:00,Amritsar,1708
2025-03-16 07:00:00,Dhanbad,1850
2025-03-16 08:00:00,Lucknow,1354
2025-03-16 09:00:00,Ranchi,2676
2025-03-16 10:00:00,Jabalpur,2976
2025-03-16 11:00:00,Nashik,2409
2025-03-16 12:00:00,Coimbatore,2299
2025-03-16 13:00:00,Thane,2565
2025-03-16 14:00:00,Bangalore,2931
2025-03-16 15:00:00,Hubli,3089
2025-03-16 16:00:00,Bangalore,2785
2025-03-16 17:00:00,Chandigarh,3137
2025-03-16 18:00:00,Hubli,3656
2025-03-16 19:00:00,Vijayawada,4039
2025-03-16 20:00:00,Allahabad,3432
2025-03-16 21:00:00,Raipur,3633
2025-03-16 22:00:00,Madurai,2884
2025-03-16 23:00:00,Aurangabad,2093
2025-03-17 00:00:00,Agra,1985
2025-03-17 01:00:00,Howrah,1971
2025-03-17 02:00:00,Raipur,1622
2025-03-17 03:00:00,Raipur,2447
2025-03-17 04:00:00,Hyderabad,1864
2025-03-17 05:00:00,Nashik,1944
2025-03-17 06:00:00,Ahmedabad,1466
2025-03-17 07:00:00,Bangalore,1389
2025-03-17 08:00:00,Agra,1715
2025-03-17 09:00:00,Faridabad,2265
2025-03-17 10:00:00,Dhanbad,3077
2025-03-17 11:00:00,Ludhiana,3216
2025-03-17 12:00:00,Nashik,2956
2025-03-17 13:00:00,Gwalior,3437
2025-03-17 14:00:00,Patna,2285
2025-03-17 15:00:00,Pune,3158
2025-03-17 16:00:00,Agra,2856
2025-03-17 17:00:00,Vasai,2340
2025-03-17 18:00:00,Amritsar,4071
2025-03-17 19:00:00,Kolkata,3776
2025-03-17 20:00:00,Chennai,3442
2025-03-17 21:00:00,Chandigarh,2800
2025-03-17 22:00:00,Delhi,3562
2025-03-17 23:00:00,Gwalior,1872
2025-03-18 00:00:00,Patna,1773
2025-03-18 01:00:00,Vasai,1485
2025-03-18 02:00:00,Jaipur,1666
2025-03-18 03:00:00,Guwahati,1945
2025-03-18 04:00:00,Gwalior,1638
2025-03-18 05:00:00,Vadodara,2223
2025-03-18 06:00:00,Pune,1787
2025-03-18 07:00:00,Lucknow,1447
2025-03-18 08:00:00,Madurai,1598
2025-03-18 09:00:00,Nagpur,2985
2025-03-18 10:00:00,Varanasi,3101
2025-03-18 11:00:00,Srinagar,2346
2025-03-18 12:00:00,Nagpur,2619
2025-03-18 13:00:00,Ranchi,2272
2025-03-18 14:00:00,Indore,2376
2025-03-18 15:00:00,Chandigarh,3329
2025-03-18 16:00:00,Amritsar,3137
2025-03-18 17:00:00,Rajkot,3057
2025-03-18 18:00:00,Ghaziabad,3587
2025-03-18 19:00:00,Guwahati,4380
2025-03-18 20:00:00,Ghaziabad,3346
2025-03-18 21:00:00,Ahmedabad,4041
2025-03-18 22:00:00,Rajkot,3345
2025-03-18 23:00:00,Visakhapatnam,2487
2025-03-19 00:00:00,Guwahati,1926
2025-03-19 01:00:00,Chandigarh,1488
2025-03-19 02:00:00,Pune,1455
2025-03-19 03:00:00,Guwahati,1712
2025-03-19 04:00:00,Ahmedabad,2417
2025-03-19 05:00:00,Vasai,2109
2025-03-19 06:00:00,Hyderabad,1791
2025-03-19 07:00:00,Dhanbad,1611
2025-03-19 08:00:00,Chandigarh,1480
2025-03-19 09:00:00,Gwalior,2774
2025-03-19 10:00:00,Meerut,2852
2025-03-19 11:00:00,Gwalior,2975
2025-03-19 12:00:00,Hubli,2855
2025-03-19 13:00:00,Ahmedabad,3108
2025-03-19 14:00:00,Vijayawada,3176
2025-03-19 15:00:00,Guwahati,2606
2025-03-19 16:00:00,Coimbatore,2652
2025-03-19 17:00:00,Rajkot,2701
2025-03-19 18:00:00,Gwalior,3544
2025-03-19 19:00:00,Ahmedabad,2936
2025-03-19 20:00:00,Aurangabad,2611
2025-03-19 21:00:00,Jabalpur,4060
2025-03-19 22:00:00,Bangalore,4155
2025-03-19 23:00:00,Varanasi,2128
2025-03-20 00:00:00,Kalyan,1543
2025-03-20 01:00:00,Hubli,2140
2025-03-20 02:00:00,Howrah,1769
2025-03-20 03:00:00,Gwalior,2117
2025-03-20 04:00:00,Navi Mumbai,1628
2025-03-20 05:00:00,Kota,1670
2025-03-20 06:00:00,Bangalore,1491
2025-03-20 07:00:00,Indore,1869
2025-03-20 08:00:00,Chandigarh,1793
2025-03-20 09:00:00,Aurangabad,3123
2025-03-20 10:00:00,Vasai,2921
2025-03-20 11:00:00,Hyderabad,2491
2025-03-20 12:00:00,Jaipur,2450
2025-03-20 13:00:00,Aurangabad,3034
2025-03-20 14:00:00,Kanpur,2562
2025-03-20 15:00:00,Visakhapatnam,2434
2025-03-20 16:00:00,Solapur,2329
2025-03-20 17:00:00,Vadodara,2872
2025-03-20 18:00:00,Faridabad,4015
2025-03-20 19:00:00,Kanpur,3108
2025-03-20 20:00:00,Amritsar,4548
2025-03-20 21:00:00,Madurai,3365
2025-03-20 22:00:00,Dhanbad,3415
2025-03-20 23:00:00,Meerut,1679
2025-03-21 00:00:00,Srinagar,2568
2025-03-21 01:00:00,Aurangabad,1717
2025-03-21 02:00:00,Kanpur,1770
2025-03-21 03:00:00,Jaipur,1695
2025-03-21 04:00:00,Patna,2181
2025-03-21 05:00:00,Pune,2371
2025-03-21 06:00:00,Mumbai,1560
2025-03-21 07:00:00,Vasai,1434
2025-03-21 08:00:00,Jodhpur,1887
2025-03-21 09:00:00,Meerut,2903
2025-03-21 10:00:00,Varanasi,2762
2025-03-21 11:00:00,Aurangabad,3110
2025-03-21 12:00:00,Kanpur,2438
2025-03-21 13:00:00,Mumbai,2104
2025-03-21 14:00:00,Chandigarh,2828
2025-03-21 15:00:00,Indore,3097
2025-03-21 16:00:00,Mumbai,2227
2025-03-21 17:00:00,Bhopal,2671
2025-03-21 18:00:00,Jaipur,3728
2025-03-21 19:00:00,Kalyan,3310
2025-03-21 20:00:00,Mumbai,3123
2025-03-21 21:00:00,Kota,4344
2025-03-21 22:00:00,Pune,4011
2025-03-21 23:00:00,Lucknow,1775
2025-03-22 00:00:00,Ludhiana,2230
2025-03-22 01:00:00,Pune,2334
2025-03-22 02:00:00,Pune,1971
2025-03-22 03:00:00,Jaipur,1763
2025-03-22 04:00:00,Coimbatore,2221
2025-03-22 05:00:00,Kota,1803
2025-03-22 06:00:00,Jaipur,1400
2025-03-22 07:00:00,Rajkot,1674
2025-03-22 08:00:00,Amritsar,1775
2025-03-22 09:00:00,Pune,3139
2025-03-22 10:00:00,Agra,2869
2025-03-22 11:00:00,Kanpur,2740
2025-03-22 12:00:00,Kalyan,1943
2025-03-22 13:00:00,Bhopal,2047
2025-03-22 14:00:00,Ranchi,2614
2025-03-22 15:00:00,Dhanbad,2570
2025-03-22 16:00:00,Varanasi,2646
2025-03-22 17:00:00,Aurangabad,2370
2025-03-22 18:00:00,Allahabad,3307
2025-03-22 19:00:00,Dhanbad,3710
2025-03-22 20:00:00,Kanpur,3896
2025-03-22 21:00:00,Amritsar,3648
2025-03-22 22:00:00,Bhopal,3664
2025-03-22 23:00:00,Kolkata,1525
2025-03-23 00:00:00,Madurai,1592
2025-03-23 01:00:00,Delhi,1413
2025-03-23 02:00:00,Madurai,2489
2025-03-23 03:00:00,Visakhapatnam,1692
2025-03-23 04:00:00,Raipur,1501
2025-03-23 05:00:00,Coimbatore,2045
2025-03-23 06:00:00,Vijayawada,1865
2025-03-23 07:00:00,Varanasi,1537
2025-03-23 08:00:00,Ahmedabad,2202
2025-03-23 09:00:00,Jodhpur,2762
2025-03-23 10:00:00,Ahmedabad,3355
2025-03-23 11:00:00,Pune,2638
2025-03-23 12:00:00,Raipur,3402
2025-03-23 13:00:00,Faridabad,2793
2025-03-23 14:00:00,Jaipur,2399
2025-03-23 15:00:00,Ranchi,2148
2025-03-23 16:00:00,Ludhiana,2250
2025-03-23 17:00:00,Hyderabad,2774
2025-03-23 18:00:00,Chennai,4048
2025-03-23 19:00:00,Indore,3500
2025-03-23 20:00:00,Patna,3355
2025-03-23 21:00:00,Kolkata,4029
2025-03-23 22:00:00,Raipur,3648
2025-03-23 23:00:00,Kolkata,1912
2025-03-24 00:00:00,Chandigarh,2214
2025-03-24 01:00:00,Chandigarh,1886
2025-03-24 02:00:00,Vadodara,2115
2025-03-24 03:00:00,Kanpur,1336
2025-03-24 04:00:00,Ghaziabad,2274
2025-03-24 05:00:00,Ghaziabad,2275
2025-03-24 06:00:00,Amritsar,2102
2025-03-24 07:00:00,Srinagar,1543
2025-03-24 08:00:00,Ahmedabad,2170
2025-03-24 09:00:00,Madurai,2883
2025-03-24 10:00:00,Bhopal,2896
2025-03-24 11:00:00,Visakhapatnam,2526
2025-03-24 12:00:00,Kanpur,2169
2025-03-24 13:00:00,Varanasi,2842
2025-03-24 14:00:00,Coimbatore,3021
2025-03-24 15:00:00,Delhi,2776
2025-03-24 16:00:00,Rajkot,1938
2025-03-24 17:00:00,Delhi,2348
2025-03-24 18:00:00,Chennai,2564
2025-03-24 19:00:00,Delhi,3143
2025-03-24 20:00:00,Thane,4011
2025-03-24 21:00:00,Ludhiana,3934
2025-03-24 22:00:00,Jodhpur,4132
2025-03-24 23:00:00,Raipur,1390
2025-03-25 00:00:00,Bangalore,2024
2025-03-25 01:00:00,Jabalpur,1789
2025-03-25 02:00:00,Thane,1417
2025-03-25 03:00:00,Kota,1615
2025-03-25 04:00:00,Meerut,1965
2025-03-25 05:00:00,Coimbatore,2434
2025-03-25 06:00:00,Bhopal,2432
2025-03-25 07:00:00,Lucknow,1909
2025-03-25 08:00:00,Indore,2315
2025-03-25 09:00:00,Lucknow,2892
2025-03-25 10:00:00,Lucknow,2228
2025-03-25 11:00:00,Nashik,2320
2025-03-25 12:00:00,Delhi,3205
2025-03-25 13:00:00,Visakhapatnam,2408
2025-03-25 14:00:00,Nagpur,2262
2025-03-25 15:00:00,Indore,3186
2025-03-25 16:00:00,Nashik,2834
2025-03-25 17:00:00,Raipur,2411
2025-03-25 18:00:00,Kanpur,4242
2025-03-25 19:00:00,Meerut,3112
2025-03-25 20:00:00,Rajkot,3897
2025-03-25 21:00:00,Kota,3439
2025-03-25 22:00:00,Thane,3073
2025-03-25 23:00:00,Amritsar,2108
2025-03-26 00:00:00,Ghaziabad,2456
2025-03-26 01:00:00,Jodhpur,1448
2025-03-26 02:00:00,Pune,1719
2025-03-26 03:00:00,Ranchi,1221
2025-03-26 04:00:00,Mumbai,1954
2025-03-26 05:00:00,Pune,2387
2025-03-26 06:00:00,Rajkot,2035
2025-03-26 07:00:00,Faridabad,1462
2025-03-26 08:00:00,Faridabad,2432
2025-03-26 09:00:00,Jaipur,2532
2025-03-26 10:00:00,Guwahati,2985
2025-03-26 11:00:00,Chennai,2688
2025-03-26 12:00:00,Chennai,3008
2025-03-26 13:00:00,Indore,2553
2025-03-26 14:00:00,Agra,2499
2025-03-26 15:00:00,Visakhapatnam,2556
2025-03-26 16:00:00,Raipur,2272
2025-03-26 17:00:00,Visakhapatnam,2332
2025-03-26 18:00:00,Aurangabad,4256
2025-03-26 19:00:00,Patna,3309
2025-03-26 20:00:00,Ludhiana,3970
2025-03-26 21:00:00,Ghaziabad,3458
2025-03-26 22:00:00,Delhi,3427
2025-03-26 23:00:00,Madurai,2085
2025-03-27 00:00:00,Jodhpur,2265
2025-03-27 01:00:00,Jodhpur,1950
2025-03-27 02:00:00,Agra,2242
2025-03-27 03:00:00,Chandigarh,1526
2025-03-27 04:00:00,Varanasi,1920
2025-03-27 05:00:00,Jabalpur,1754
2025-03-27 06:00:00,Meerut,1263
2025-03-27 07:00:00,Aurangabad,2085
2025-03-27 08:00:00,Hyderabad,2120
2025-03-27 09:00:00,Madurai,2704
2025-03-27 10:00:00,Agra,2415
2025-03-27 11:00:00,Mumbai,2568
2025-03-27 12:00:00,Kalyan,2728
2025-03-27 13:00:00,Bangalore,2801
2025-03-27 14:00:00,Ludhiana,2256
2025-03-27 15:00:00,Ghaziabad,2500
2025-03-27 16:00:00,Pune,2506
2025-03-27 17:00:00,Vijayawada,2154
2025-03-27 18:00:00,Guwahati,2933
2025-03-27 19:00:00,Nashik,2891
2025-03-27 20:00:00,Solapur,4353
2025-03-27 21:00:00,Visakhapatnam,3800
2025-03-27 22:00:00,Vijayawada,3742
2025-03-27 23:00:00,Gwalior,1998
2025-03-28 00:00:00,Thane,2220
2025-03-28 01:00:00,Guwahati,1944
2025-03-28 02:00:00,Vadodara,2345
2025-03-28 03:00:00,Madurai,1744
2025-03-28 04:00:00,Ghaziabad,2459
2025-03-28 05:00:00,Madurai,1758
2025-03-28 06:00:00,Gwalior,2426
2025-03-28 07:00:00,Kalyan,2348
2025-03-28 08:00:00,Meerut,2024
2025-03-28 09:00:00,Patna,2500
2025-03-28 10:00:00,Bhopal,2515
2025-03-28 11:00:00,Chandigarh,2362
2025-03-28 12:00:00,Patna,3263
2025-03-28 13:00:00,Kolkata,2158
2025-03-28 14:00:00,Kota,2559
2025-03-28 15:00:00,Bhopal,2305
2025-03-28 16:00:00,Chandigarh,2495
2025-03-28 17:00:00,Dhanbad,2535
2025-03-28 18:00:00,Gwalior,4147
2025-03-28 19:00:00,Dhanbad,4568
2025-03-28 20:00:00,Agra,4499
2025-03-28 21:00:00,Jaipur,3425
2025-03-28 22:00:00,Jaipur,3627
2025-03-28 23:00:00,Nashik,1530
2025-03-29 00:00:00,Nashik,2296
2025-03-29 01:00:00,Hubli,2221
2025-03-29 02:00:00,Aurangabad,1545
2025-03-29 03:00:00,Gwalior,2186
2025-03-29 04:00:00,Indore,1937
2025-03-29 05:00:00,Vadodara,2003
2025-03-29 06:00:00,Gwalior,2341
2025-03-29 07:00:00,Visakhapatnam,2004
2025-03-29 08:00:00,Ranchi,2214
2025-03-29 09:00:00,Ghaziabad,2373
2025-03-29 10:00:00,Solapur,2384
2025-03-29 11:00:00,Ghaziabad,2957
2025-03-29 12:00:00,Mumbai,2272
2025-03-29 13:00:00,Vasai,2531
2025-03-29 14:00:00,Thane,2047
2025-03-29 15:00:00,Ahmedabad,2200
2025-03-29 16:00:00,Faridabad,2413
2025-03-29 17:00:00,Vadodara,2705
2025-03-29 18:00:00,Madurai,3606
2025-03-29 19:00:00,Kalyan,4230
2025-03-29 20:00:00,Visakhapatnam,3479
2025-03-29 21:00:00,Jodhpur,3914
2025-03-29 22:00:00,Jodhpur,3052
2025-03-29 23:00:00,Bangalore,1784
2025-03-30 00:00:00,Mumbai,2239
2025-03-30 01:00:00,Delhi,2369
2025-03-30 02:00:00,Jabalpur,2112
2025-03-30 03:00:00,Raipur,2306
2025-03-30 04:00:00,Chandigarh,1612
2025-03-30 05:00:00,Meerut,2047
2025-03-30 06:00:00,Kalyan,1490
2025-03-30 07:00:00,Howrah,2045
2025-03-30 08:00:00,Delhi,2077
2025-03-30 09:00:00,Vadodara,2126
2025-03-30 10:00:00,Delhi,2459
2025-03-30 11:00:00,Aurangabad,3013
2025-03-30 12:00:00,Bangalore,2345
2025-03-30 13:00:00,Gwalior,2639
2025-03-30 14:00:00,Mumbai,3032
2025-03-30 15:00:00,Chandigarh,2109
2025-03-30 16:00:00,Vasai,3316
2025-03-30 17:00:00,Chennai,2727
2025-03-30 18:00:00,Pune,3908
2025-03-30 19:00:00,Thane,4498
2025-03-30 20:00:00,Nashik,3960
2025-03-30 21:00:00,Ludhiana,4328
2025-03-30 22:00:00,Kanpur,3517
2025-03-30 23:00:00,Patna,1343
2025-03-31 00:00:00,Dhanbad,2356
2025-03-31 01:00:00,Chandigarh,2278
2025-03-31 02:00:00,Faridabad,2221
2025-03-31 03:00:00,Vijayawada,1427
2025-03-31 04:00:00,Ahmedabad,2092
2025-03-31 05:00:00,Varanasi,1495
2025-03-31 06:00:00,Jabalpur,1951
2025-03-31 07:00:00,Chandigarh,1453
2025-03-31 08:00:00,Thane,1914
2025-03-31 09:00:00,Ranchi,2856
2025-03-31 10:00:00,Solapur,3045
2025-03-31 11:00:00,Hyderabad,2532
2025-03-31 12:00:00,Ludhiana,2806
2025-03-31 13:00:00,Visakhapatnam,2056
2025-03-31 14:00:00,Meerut,3050
2025-03-31 15:00:00,Raipur,3021
2025-03-31 16:00:00,Mumbai,2643
2025-03-31 17:00:00,Meerut,2689
2025-03-31 18:00:00,Agra,3819
2025-03-31 19:00:00,Nagpur,3216
2025-03-31 20:00:00,Chennai,4189
2025-03-31 21:00:00,Jodhpur,3152
2025-03-31 22:00:00,Patna,3967
2025-03-31 23:00:00,Meerut,2202
2025-04-01 00:00:00,Lucknow,2134
2025-04-01 01:00:00,Rajkot,2258
2025-04-01 02:00:00,Ludhiana,1570
2025-04-01 03:00:00,Rajkot,1572
2025-04-01 04:00:00,Jaipur,1501
2025-04-01 05:00:00,Vijayawada,1505
2025-04-01 06:00:00,Vasai,2052
2025-04-01 07:00:00,Ahmedabad,1694
2025-04-01 08:00:00,Kalyan,2177
2025-04-01 09:00:00,Solapur,2120
2025-04-01 10:00:00,Lucknow,3260
2025-04-01 11:00:00,Vijayawada,2738
2025-04-01 12:00:00,Delhi,2785
2025-04-01 13:00:00,Chennai,1876
2025-04-01 14:00:00,Ahmedabad,3179
2025-04-01 15:00:00,Ghaziabad,2143
2025-04-01 16:00:00,Ahmedabad,2043
2025-04-01 17:00:00,Madurai,2878
2025-04-01 18:00:00,Agra,3455
2025-04-01 19:00:00,Varanasi,3408
2025-04-01 20:00:00,Varanasi,3442
2025-04-01 21:00:00,Visakhapatnam,3657
2025-04-01 22:00:00,Kanpur,3629
2025-04-01 23:00:00,Faridabad,1989
2025-04-02 00:00:00,Guwahati,1954
2025-04-02 01:00:00,Solapur,1729
2025-04-02 02:00:00,Aurangabad,2133
2025-04-02 03:00:00,Jaipur,2122
2025-04-02 04:00:00,Chandigarh,2199
2025-04-02 05:00:00,Aurangabad,1908
2025-04-02 06:00:00,Kalyan,1859
2025-04-02 07:00:00,Faridabad,1793
2025-04-02 08:00:00,Madurai,2178
2025-04-02 09:00:00,Patna,2991
2025-04-02 10:00:00,Kalyan,3086
2025-04-02 11:00:00,Howrah,2511
2025-04-02 12:00:00,Ranchi,2968
2025-04-02 13:00:00,Vasai,2113
2025-04-02 14:00:00,Vijayawada,2630
2025-04-02 15:00:00,Kolkata,2931
2025-04-02 16:00:00,Dhanbad,3124
2025-04-02 17:00:00,Bangalore,2556
2025-04-02 18:00:00,Vijayawada,4696
2025-04-02 19:00:00,Faridabad,3573
2025-04-02 20:00:00,Vijayawada,3943
2025-04-02 21:00:00,Delhi,3661
2025-04-02 22:00:00,Meerut,3364
2025-04-02 23:00:00,Vijayawada,1946
2025-04-03 00:00:00,Nashik,1758
2025-04-03 01:00:00,Amritsar,1661
2025-04-03 02:00:00,Vasai,1987
2025-04-03 03:00:00,Madurai,1486
2025-04-03 04:00:00,Lucknow,1591
2025-04-03 05:00:00,Vasai,2115
2025-04-03 06:00:00,Nagpur,1766
2025-04-03 07:00:00,Coimbatore,2132
2025-04-03 08:00:00,Amritsar,1380
2025-04-03 09:00:00,Gwalior,2801
2025-04-03 10:00:00,Ludhiana,2305
2025-04-03 11:00:00,Allahabad,3348
2025-04-03 12:00:00,Srinagar,2225
2025-04-03 13:00:00,Hyderabad,2925
2025-04-03 14:00:00,Nashik,2388
2025-04-03 15:00:00,Guwahati,2566
2025-04-03 16:00:00,Jodhpur,2589
2025-04-03 17:00:00,Vadodara,2149
2025-04-03 18:00:00,Gwalior,2736
2025-04-03 19:00:00,Allahabad,3843
2025-04-03 20:00:00,Ahmedabad,3657
2025-04-03 21:00:00,Kalyan,3326
2025-04-03 22:00:00,Ghaziabad,4165
2025-04-03 23:00:00,Bhopal,1391
2025-04-04 00:00:00,Hyderabad,1517
2025-04-04 01:00:00,Srinagar,2173
2025-04-04 02:00:00,Howrah,1948
2025-04-04 03:00:00,Kota,1744
2025-04-04 04:00:00,Ahmedabad,1638
2025-04-04 05:00:00,Patna,2423
2025-04-04 06:00:00,Hubli,1450
2025-04-04 07:00:00,Vadodara,1730
2025-04-04 08:00:00,Nashik,1711
2025-04-04 09:00:00,Solapur,2990
2025-04-04 10:00:00,Navi Mumbai,2429
2025-04-04 11:00:00,Rajkot,3318
2025-04-04 12:00:00,Coimbatore,3191
2025-04-04 13:00:00,Nashik,2379
2025-04-04 14:00:00,Ranchi,3142
2025-04-04 15:00:00,Mumbai,3328
2025-04-04 16:00:00,Chandigarh,2778
2025-04-04 17:00:00,Allahabad,2279
2025-04-04 18:00:00,Hyderabad,3573
2025-04-04 19:00:00,Madurai,3479
2025-04-04 20:00:00,Aurangabad,3036
2025-04-04 21:00:00,Raipur,3859
2025-04-04 22:00:00,Lucknow,3826
2025-04-04 23:00:00,Lucknow,1876
2025-04-05 00:00:00,Hubli,2446
2025-04-05 01:00:00,Raipur,1862
2025-04-05 02:00:00,Delhi,1499
2025-04-05 03:00:00,Ghaziabad,1777
2025-04-05 04:00:00,Guwahati,1605
2025-04-05 05:00:00,Indore,2361
2025-04-05 06:00:00,Allahabad,2101
2025-04-05 07:00:00,Pune,2199
2025-04-05 08:00:00,Jabalpur,1786
2025-04-05 09:00:00,Thane,2802
2025-04-05 10:00:00,Madurai,2153
2025-04-05 11:00:00,Chennai,2463
2025-04-05 12:00:00,Bangalore,2498
2025-04-05 13:00:00,Kolkata,3157
2025-04-05 14:00:00,Vadodara,2857
2025-04-05 15:00:00,Meerut,2789
2025-04-05 16:00:00,Vadodara,2652
2025-04-05 17:00:00,Jaipur,3008
2025-04-05 18:00:00,Solapur,4332
2025-04-05 19:00:00,Coimbatore,3278
2025-04-05 20:00:00,Bhopal,4151
2025-04-05 21:00:00,Kalyan,3349
2025-04-05 22:00:00,Faridabad,3338
2025-04-05 23:00:00,Varanasi,1928
2025-04-06 00:00:00,Rajkot,1911
2025-04-06 01:00:00,Bhopal,1856
2025-04-06 02:00:00,Kanpur,2326
2025-04-06 03:00:00,Jaipur,1961
2025-04-06 04:00:00,Ghaziabad,1543
2025-04-06 05:00:00,Bhopal,2003
2025-04-06 06:00:00,Thane,1594
2025-04-06 07:00:00,Vadodara,1723
2025-04-06 08:00:00,Patna,2327
2025-04-06 09:00:00,Aurangabad,2288
2025-04-06 10:00:00,Faridabad,2774
2025-04-06 11:00:00,Nashik,2110
2025-04-06 12:00:00,Ghaziabad,2245
2025-04-06 13:00:00,Hyderabad,2278
2025-04-06 14:00:00,Rajkot,3265
2025-04-06 15:00:00,Nashik,3221
2025-04-06 16:00:00,Srinagar,2346
2025-04-06 17:00:00,Mumbai,2337
2025-04-06 18:00:00,Nagpur,3479
2025-04-06 19:00:00,Varanasi,3228
2025-04-06 20:00:00,Rajkot,3372
2025-04-06 21:00:00,Aurangabad,3503
2025-04-06 22:00:00,Allahabad,3451
2025-04-06 23:00:00,Hyderabad,1694
2025-04-07 00:00:00,Chennai,1285
2025-04-07 01:00:00,Ranchi,1474
2025-04-07 02:00:00,Navi Mumbai,2092
2025-04-07 03:00:00,Agra,1777
2025-04-07 04:00:00,Indore,2578
2025-04-07 05:00:00,Kalyan,2216
2025-04-07 06:00:00,Nashik,2171
2025-04-07 07:00:00,Srinagar,1788
2025-04-07 08:00:00,Nashik,2203
2025-04-07 09:00:00,Ludhiana,2594
2025-04-07 10:00:00,Thane,3071
2025-04-07 11:00:00,Kolkata,2862
2025-04-07 12:00:00,Kalyan,2647
2025-04-07 13:00:00,Meerut,2620
2025-04-07 14:00:00,Vijayawada,2609
2025-04-07 15:00:00,Amritsar,3306
2025-04-07 16:00:00,Visakhapatnam,2583
2025-04-07 17:00:00,Rajkot,2051
2025-04-07 18:00:00,Kota,2882
2025-04-07 19:00:00,Madurai,3255
2025-04-07 20:00:00,Indore,2654
2025-04-07 21:00:00,Coimbatore,4439
2025-04-07 22:00:00,Ghaziabad,4223
2025-04-07 23:00:00,Nagpur,1906
2025-04-08 00:00:00,Howrah,1897
2025-04-08 01:00:00,Raipur,2284
2025-04-08 02:00:00,Kalyan,2265
2025-04-08 03:00:00,Agra,2350
2025-04-08 04:00:00,Kota,2345
2025-04-08 05:00:00,Madurai,1636
2025-04-08 06:00:00,Delhi,2350
2025-04-08 07:00:00,Meerut,1873
2025-04-08 08:00:00,Ludhiana,2131
2025-04-08 09:00:00,Madurai,2628
2025-04-08 10:00:00,Kalyan,2151
2025-04-08 11:00:00,Kalyan,2032
2025-04-08 12:00:00,Patna,3209
2025-04-08 13:00:00,Raipur,3027
2025-04-08 14:00:00,Madurai,2583
2025-04-08 15:00:00,Vadodara,2704
2025-04-08 16:00:00,Vijayawada,2834
2025-04-08 17:00:00,Delhi,3164
2025-04-08 18:00:00,Hubli,4757
2025-04-08 19:00:00,Vijayawada,3130
2025-04-08 20:00:00,Vasai,3943
2025-04-08 21:00:00,Thane,4051
2025-04-08 22:00:00,Delhi,3479
2025-04-08 23:00:00,Bangalore,2256
2025-04-09 00:00:00,Vijayawada,1449
2025-04-09 01:00:00,Gwalior,2105
2025-04-09 02:00:00,Solapur,2231
2025-04-09 03:00:00,Patna,2264
2025-04-09 04:00:00,Aurangabad,1748
2025-04-09 05:00:00,Vasai,2176
2025-04-09 06:00:00,Meerut,1504
2025-04-09 07:00:00,Raipur,1608
2025-04-09 08:00:00,Ghaziabad,1991
2025-04-09 09:00:00,Vijayawada,2730
2025-04-09 10:00:00,Amritsar,2127
2025-04-09 11:00:00,Howrah,3270
2025-04-09 12:00:00,Ludhiana,2203
2025-04-09 13:00:00,Ahmedabad,2247
2025-04-09 14:00:00,Guwahati,2365
2025-04-09 15:00:00,Mumbai,2185
2025-04-09 16:00:00,Nagpur,3045
2025-04-09 17:00:00,Pune,2970
2025-04-09 18:00:00,Kalyan,4520
2025-04-09 19:00:00,Indore,4396
2025-04-09 20:00:00,Visakhapatnam,3679
2025-04-09 21:00:00,Mumbai,3479
2025-04-09 22:00:00,Lucknow,3612
2025-04-09 23:00:00,Varanasi,2227
2025-04-10 00:00:00,Kolkata,1464
2025-04-10 01:00:00,Ludhiana,1618
2025-04-10 02:00:00,Aurangabad,1848
2025-04-10 03:00:00,Amritsar,2134
2025-04-10 04:00:00,Allahabad,1462
2025-04-10 05:00:00,Bhopal,1690
2025-04-10 06:00:00,Patna,2448
2025-04-10 07:00:00,Madurai,2349
2025-04-10 08:00:00,Jodhpur,1463
2025-04-10 09:00:00,Dhanbad,2645
2025-04-10 10:00:00,Delhi,2223
2025-04-10 11:00:00,Nagpur,2149
2025-04-10 12:00:00,Navi Mumbai,2624
2025-04-10 13:00:00,Meerut,2930
2025-04-10 14:00:00,Kota,2496
2025-04-10 15:00:00,Lucknow,2459
2025-04-10 16:00:00,Meerut,3180
2025-04-10 17:00:00,Kanpur,2542
2025-04-10 18:00:00,Aurangabad,3402
2025-04-10 19:00:00,Visakhapatnam,4526
2025-04-10 20:00:00,Ghaziabad,3978
2025-04-10 21:00:00,Jodhpur,4058
2025-04-10 22:00:00,Bangalore,3457
2025-04-10 23:00:00,Navi Mumbai,1775
2025-04-11 00:00:00,Srinagar,2330
2025-04-11 01:00:00,Coimbatore,2105
2025-04-11 02:00:00,Raipur,1595
2025-04-11 03:00:00,Vasai,2314
2025-04-11 04:00:00,Ludhiana,1671
2025-04-11 05:00:00,Faridabad,2107
2025-04-11 06:00:00,Ludhiana,1803
2025-04-11 07:00:00,Lucknow,1582
2025-04-11 08:00:00,Chennai,2016
2025-04-11 09:00:00,Bangalore,3024
2025-04-11 10:00:00,Chennai,3146
2025-04-11 11:00:00,Varanasi,3349
2025-04-11 12:00:00,Ghaziabad,2512
2025-04-11 13:00:00,Aurangabad,2510
2025-04-11 14:00:00,Bangalore,2873
2025-04-11 15:00:00,Mumbai,2827
2025-04-11 16:00:00,Madurai,2391
2025-04-11 17:00:00,Kolkata,2529
2025-04-11 18:00:00,Jodhpur,2868
2025-04-11 19:00:00,Ghaziabad,4003
2025-04-11 20:00:00,Ludhiana,4193
2025-04-11 21:00:00,Visakhapatnam,3499
2025-04-11 22:00:00,Madurai,4460
2025-04-11 23:00:00,Guwahati,1444
2025-04-12 00:00:00,Kanpur,1464
2025-04-12 01:00:00,Delhi,2329
2025-04-12 02:00:00,Nashik,1913
2025-04-12 03:00:00,Pune,1481
2025-04-12 04:00:00,Visakhapatnam,1751
2025-04-12 05:00:00,Bangalore,2002
2025-04-12 06:00:00,Thane,1457
2025-04-12 07:00:00,Ghaziabad,1694
2025-04-12 08:00:00,Raipur,1848
2025-04-12 09:00:00,Coimbatore,2480
2025-04-12 10:00:00,Jabalpur,2767
2025-04-12 11:00:00,Thane,2721
2025-04-12 12:00:00,Bangalore,3128
2025-04-12 13:00:00,Varanasi,2744
2025-04-12 14:00:00,Lucknow,3022
2025-04-12 15:00:00,Kota,3017
2025-04-12 16:00:00,Kanpur,2667
2025-04-12 17:00:00,Indore,2082
2025-04-12 18:00:00,Solapur,4307
2025-04-12 19:00:00,Patna,3042
2025-04-12 20:00:00,Gwalior,4035
2025-04-12 21:00:00,Jaipur,3695
2025-04-12 22:00:00,Allahabad,4255
2025-04-12 23:00:00,Rajkot,1470
2025-04-13 00:00:00,Varanasi,2239
2025-04-13 01:00:00,Howrah,2146
2025-04-13 02:00:00,Chennai,2313
2025-04-13 03:00:00,Srinagar,1985
2025-04-13 04:00:00,Hyderabad,1406
2025-04-13 05:00:00,Kolkata,1923
2025-04-13 06:00:00,Agra,1387
2025-04-13 07:00:00,Patna,2214
2025-04-13 08:00:00,Varanasi,1722
2025-04-13 09:00:00,Ranchi,2283
2025-04-13 10:00:00,Hyderabad,2264
2025-04-13 11:00:00,Thane,2381
2025-04-13 12:00:00,Coimbatore,2281
2025-04-13 13:00:00,Rajkot,2062
2025-04-13 14:00:00,Delhi,2536
2025-04-13 15:00:00,Kota,2448
2025-04-13 16:00:00,Nagpur,2086
2025-04-13 17:00:00,Bangalore,3400
2025-04-13 18:00:00,Ahmedabad,4239
2025-04-13 19:00:00,Kanpur,3032
2025-04-13 20:00:00,Jodhpur,3269
2025-04-13 21:00:00,Faridabad,4472
2025-04-13 22:00:00,Raipur,3490
2025-04-13 23:00:00,Chennai,2328
2025-04-14 00:00:00,Srinagar,1504
2025-04-14 01:00:00,Jabalpur,1892
2025-04-14 02:00:00,Meerut,1869
2025-04-14 03:00:00,Hyderabad,1736
2025-04-14 04:00:00,Vijayawada,2168
2025-04-14 05:00:00,Bhopal,1903
2025-04-14 06:00:00,Bangalore,1745
2025-04-14 07:00:00,Coimbatore,1670
2025-04-14 08:00:00,Patna,1783
2025-04-14 09:00:00,Rajkot,2446
2025-04-14 10:00:00,Howrah,3269
2025-04-14 11:00:00,Jabalpur,2770
2025-04-14 12:00:00,Allahabad,3426
2025-04-14 13:00:00,Ahmedabad,2865
2025-04-14 14:00:00,Agra,2476
2025-04-14 15:00:00,Amritsar,2791
2025-04-14 16:00:00,Amritsar,2428
2025-04-14 17:00:00,Vasai,2244
2025-04-14 18:00:00,Delhi,3876
2025-04-14 19:00:00,Agra,4008
2025-04-14 20:00:00,Jaipur,3337
2025-04-14 21:00:00,Coimbatore,3485
2025-04-14 22:00:00,Nagpur,3595
2025-04-14 23:00:00,Kalyan,2421
2025-04-15 00:00:00,Coimbatore,1413
2025-04-15 01:00:00,Lucknow,2115
2025-04-15 02:00:00,Madurai,2145
2025-04-15 03:00:00,Bhopal,1997
2025-04-15 04:00:00,Lucknow,1954
2025-04-15 05:00:00,Agra,1911
2025-04-15 06:00:00,Varanasi,2013
2025-04-15 07:00:00,Vasai,1687
2025-04-15 08:00:00,Chandigarh,1411
2025-04-15 09:00:00,Jabalpur,3006
2025-04-15 10:00:00,Ludhiana,2372
2025-04-15 11:00:00,Vijayawada,2847
2025-04-15 12:00:00,Ghaziabad,3015
2025-04-15 13:00:00,Kolkata,3198
2025-04-15 14:00:00,Chandigarh,2401
2025-04-15 15:00:00,Hyderabad,3318
2025-04-15 16:00:00,Ghaziabad,2808
2025-04-15 17:00:00,Jabalpur,2333
2025-04-15 18:00:00,Rajkot,3562
2025-04-15 19:00:00,Chandigarh,3280
2025-04-15 20:00:00,Jaipur,3725
2025-04-15 21:00:00,Vasai,3972
2025-04-15 22:00:00,Srinagar,3347
2025-04-15 23:00:00,Jodhpur,1327
2025-04-16 00:00:00,Allahabad,2030
2025-04-16 01:00:00,Allahabad,2358
2025-04-16 02:00:00,Gwalior,2160
2025-04-16 03:00:00,Kota,1756
2025-04-16 04:00:00,Visakhapatnam,1835
2025-04-16 05:00:00,Solapur,1525
2025-04-16 06:00:00,Coimbatore,1944
2025-04-16 07:00:00,Navi Mumbai,2218
2025-04-16 08:00:00,Allahabad,2057
2025-04-16 09:00:00,Kalyan,3026
2025-04-16 10:00:00,Jabalpur,2555
2025-04-16 11:00:00,Pune,2310
2025-04-16 12:00:00,Faridabad,2899
2025-04-16 13:00:00,Jaipur,2187
2025-04-16 14:00:00,Madurai,2539
2025-04-16 15:00:00,Nashik,2222
2025-04-16 16:00:00,Kalyan,2895
2025-04-16 17:00:00,Chennai,2921
2025-04-16 18:00:00,Jodhpur,3951
2025-04-16 19:00:00,Allahabad,3299
2025-04-16 20:00:00,Nagpur,3811
2025-04-16 21:00:00,Allahabad,3751
2025-04-16 22:00:00,Lucknow,3920
2025-04-16 23:00:00,Nagpur,2207
2025-04-17 00:00:00,Coimbatore,1359
2025-04-17 01:00:00,Rajkot,1358
2025-04-17 02:00:00,Nagpur,2082
2025-04-17 03:00:00,Bangalore,1826
2025-04-17 04:00:00,Jabalpur,2205
2025-04-17 05:00:00,Chandigarh,1865
2025-04-17 06:00:00,Faridabad,1512
2025-04-17 07:00:00,Jaipur,2009
2025-04-17 08:00:00,Chennai,1843
2025-04-17 09:00:00,Pune,2770
2025-04-17 10:00:00,Vasai,2825
2025-04-17 11:00:00,Varanasi,2752
2025-04-17 12:00:00,Kota,2258
2025-04-17 13:00:00,Navi Mumbai,2247
2025-04-17 14:00:00,Jodhpur,3390
2025-04-17 15:00:00,Ghaziabad,1846
2025-04-17 16:00:00,Howrah,2709
2025-04-17 17:00:00,Amritsar,2481
2025-04-17 18:00:00,Rajkot,4294
2025-04-17 19:00:00,Vasai,3859
2025-04-17 20:00:00,Guwahati,4137
2025-04-17 21:00:00,Kota,4442
2025-04-17 22:00:00,Hyderabad,3999
2025-04-17 23:00:00,Kanpur,1404
2025-04-18 00:00:00,Lucknow,2125
2025-04-18 01:00:00,Navi Mumbai,1933
2025-04-18 02:00:00,Faridabad,1642
2025-04-18 03:00:00,Meerut,1486
2025-04-18 04:00:00,Jodhpur,2143
2025-04-18 05:00:00,Coimbatore,1615
2025-04-18 06:00:00,Srinagar,1959
2025-04-18 07:00:00,Bhopal,1769
2025-04-18 08:00:00,Nagpur,2470
2025-04-18 09:00:00,Delhi,2809
2025-04-18 10:00:00,Hyderabad,2568
2025-04-18 11:00:00,Guwahati,2806
2025-04-18 12:00:00,Jabalpur,2817
2025-04-18 13:00:00,Kolkata,2337
2025-04-18 14:00:00,Srinagar,2171
2025-04-18 15:00:00,Bangalore,2151
2025-04-18 16:00:00,Rajkot,2606
2025-04-18 17:00:00,Meerut,2835
2025-04-18 18:00:00,Visakhapatnam,3314
2025-04-18 19:00:00,Jabalpur,3607
2025-04-18 20:00:00,Bhopal,2791
2025-04-18 21:00:00,Allahabad,4785
2025-04-18 22:00:00,Lucknow,3028
2025-04-18 23:00:00,Lucknow,2188
2025-04-19 00:00:00,Guwahati,2196
2025-04-19 01:00:00,Bhopal,2142
2025-04-19 02:00:00,Srinagar,2169
2025-04-19 03:00:00,Aurangabad,1510
2025-04-19 04:00:00,Coimbatore,2225
2025-04-19 05:00:00,Madurai,1537
2025-04-19 06:00:00,Hubli,1820
2025-04-19 07:00:00,Kanpur,1563
2025-04-19 08:00:00,Allahabad,2366
2025-04-19 09:00:00,Delhi,2251
2025-04-19 10:00:00,Bangalore,2441
2025-04-19 11:00:00,Kota,2139
2025-04-19 12:00:00,Jabalpur,2996
2025-04-19 13:00:00,Coimbatore,1918
2025-04-19 14:00:00,Kalyan,2521
2025-04-19 15:00:00,Srinagar,2994
2025-04-19 16:00:00,Amritsar,3127
2025-04-19 17:00:00,Srinagar,2834
2025-04-19 18:00:00,Kalyan,3505
2025-04-19 19:00:00,Chandigarh,3623
2025-04-19 20:00:00,Pune,3842
2025-04-19 21:00:00,Indore,4863
2025-04-19 22:00:00,Allahabad,3864
2025-04-19 23:00:00,Gwalior,1725
2025-04-20 00:00:00,Srinagar,1859
2025-04-20 01:00:00,Rajkot,2254
2025-04-20 02:00:00,Navi Mumbai,1787
2025-04-20 03:00:00,Srinagar,1526
2025-04-20 04:00:00,Raipur,1556
2025-04-20 05:00:00,Kalyan,1795
2025-04-20 06:00:00,Jaipur,1615
2025-04-20 07:00:00,Amritsar,1726
2025-04-20 08:00:00,Indore,2193
2025-04-20 09:00:00,Kalyan,2110
2025-04-20 10:00:00,Hubli,2711
2025-04-20 11:00:00,Faridabad,3027
2025-04-20 12:00:00,Faridabad,2265
2025-04-20 13:00:00,Patna,2772
2025-04-20 14:00:00,Ranchi,2680
2025-04-20 15:00:00,Jabalpur,2069
2025-04-20 16:00:00,Navi Mumbai,2034
2025-04-20 17:00:00,Hyderabad,2626
2025-04-20 18:00:00,Nashik,3756
2025-04-20 19:00:00,Ahmedabad,3849
2025-04-20 20:00:00,Jabalpur,4168
2025-04-20 21:00:00,Varanasi,3028
2025-04-20 22:00:00,Pune,3191
2025-04-20 23:00:00,Chennai,1861
2025-04-21 00:00:00,Dhanbad,1634
2025-04-21 01:00:00,Madurai,1988
2025-04-21 02:00:00,Pune,1380
2025-04-21 03:00:00,Ludhiana,1934
2025-04-21 04:00:00,Vasai,2189
2025-04-21 05:00:00,Madurai,1714
2025-04-21 06:00:00,Ludhiana,2126
2025-04-21 07:00:00,Jaipur,2371
2025-04-21 08:00:00,Mumbai,2410
2025-04-21 09:00:00,Bangalore,2670
2025-04-21 10:00:00,Pune,2571
2025-04-21 11:00:00,Dhanbad,2381
2025-04-21 12:00:00,Indore,2807
2025-04-21 13:00:00,Mumbai,2969
2025-04-21 14:00:00,Vasai,2761
2025-04-21 15:00:00,Bangalore,2997
2025-04-21 16:00:00,Amritsar,2968
2025-04-21 17:00:00,Jabalpur,2889
2025-04-21 18:00:00,Howrah,3069
2025-04-21 19:00:00,Howrah,4350
2025-04-21 20:00:00,Vadodara,3622
2025-04-21 21:00:00,Dhanbad,3917
2025-04-21 22:00:00,Allahabad,3928
2025-04-21 23:00:00,Ahmedabad,1224
2025-04-22 00:00:00,Srinagar,1553
2025-04-22 01:00:00,Thane,2041
2025-04-22 02:00:00,Faridabad,2300
2025-04-22 03:00:00,Solapur,1427
2025-04-22 04:00:00,Vadodara,1958
2025-04-22 05:00:00,Howrah,2288
2025-04-22 06:00:00,Kalyan,1500
2025-04-22 07:00:00,Kota,1962
2025-04-22 08:00:00,Ludhiana,2211
2025-04-22 09:00:00,Indore,3150
2025-04-22 10:00:00,Bangalore,2625
2025-04-22 11:00:00,Solapur,1946
2025-04-22 12:00:00,Coimbatore,2398
2025-04-22 13:00:00,Srinagar,2567
2025-04-22 14:00:00,Raipur,2326
2025-04-22 15:00:00,Visakhapatnam,2735
2025-04-22 16:00:00,Hubli,2439
2025-04-22 17:00:00,Nashik,2348
2025-04-22 18:00:00,Pune,3027
2025-04-22 19:00:00,Kanpur,3128
2025-04-22 20:00:00,Pune,3496
2025-04-22 21:00:00,Srinagar,3439
2025-04-22 22:00:00,Hyderabad,3487
2025-04-22 23:00:00,Bangalore,2044
2025-04-23 00:00:00,Jodhpur,1959
2025-04-23 01:00:00,Hyderabad,2050
2025-04-23 02:00:00,Chennai,2150
2025-04-23 03:00:00,Chennai,2363
2025-04-23 04:00:00,Mumbai,1675
2025-04-23 05:00:00,Solapur,1473
2025-04-23 06:00:00,Solapur,1509
2025-04-23 07:00:00,Jaipur,1816
2025-04-23 08:00:00,Coimbatore,1833
2025-04-23 09:00:00,Meerut,3061
2025-04-23 10:00:00,Ghaziabad,2712
2025-04-23 11:00:00,Gwalior,2465
2025-04-23 12:00:00,Navi Mumbai,3024
2025-04-23 13:00:00,Kota,3097
2025-04-23 14:00:00,Coimbatore,3180
2025-04-23 15:00:00,Faridabad,2561
2025-04-23 16:00:00,Madurai,2923
2025-04-23 17:00:00,Faridabad,2611
2025-04-23 18:00:00,Vadodara,3124
2025-04-23 19:00:00,Ludhiana,3701
2025-04-23 20:00:00,Bhopal,4673
2025-04-23 21:00:00,Bangalore,3458
2025-04-23 22:00:00,Ludhiana,4501
2025-04-23 23:00:00,Faridabad,2139
2025-04-24 00:00:00,Lucknow,1643
2025-04-24 01:00:00,Hyderabad,1800
2025-04-24 02:00:00,Thane,2435
2025-04-24 03:00:00,Guwahati,1791
2025-04-24 04:00:00,Ranchi,1991
2025-04-24 05:00:00,Gwalior,1270
2025-04-24 06:00:00,Meerut,1723
2025-04-24 07:00:00,Srinagar,1973
2025-04-24 08:00:00,Hubli,1933
2025-04-24 09:00:00,Kota,2592
2025-04-24 10:00:00,Chennai,2249
2025-04-24 11:00:00,Chennai,2573
2025-04-24 12:00:00,Nashik,2834
2025-04-24 13:00:00,Gwalior,2217
2025-04-24 14:00:00,Vijayawada,2704
2025-04-24 15:00:00,Madurai,2721
2025-04-24 16:00:00,Pune,3021
2025-04-24 17:00:00,Lucknow,3164
2025-04-24 18:00:00,Allahabad,3382
2025-04-24 19:00:00,Kolkata,4759
2025-04-24 20:00:00,Hyderabad,4035
2025-04-24 21:00:00,Aurangabad,4320
2025-04-24 22:00:00,Amritsar,3584
2025-04-24 23:00:00,Visakhapatnam,2370
2025-04-25 00:00:00,Jaipur,1432
2025-04-25 01:00:00,Faridabad,1643
2025-04-25 02:00:00,Howrah,2272
2025-04-25 03:00:00,Visakhapatnam,2003
2025-04-25 04:00:00,Kolkata,2082
2025-04-25 05:00:00,Nagpur,1497
2025-04-25 06:00:00,Patna,1562
2025-04-25 07:00:00,Kolkata,1639
2025-04-25 08:00:00,Pune,2076
2025-04-25 09:00:00,Solapur,2205
2025-04-25 10:00:00,Vadodara,2656
2025-04-25 11:00:00,Howrah,2748
2025-04-25 12:00:00,Vasai,2495
2025-04-25 13:00:00,Bhopal,2057
2025-04-25 14:00:00,Jaipur,2454
2025-04-25 15:00:00,Nagpur,2303
2025-04-25 16:00:00,Vijayawada,2213
2025-04-25 17:00:00,Lucknow,2473
2025-04-25 18:00:00,Kolkata,3204
2025-04-25 19:00:00,Vasai,3638
2025-04-25 20:00:00,Agra,4353
2025-04-25 21:00:00,Vasai,3061
2025-04-25 22:00:00,Bangalore,3968
2025-04-25 23:00:00,Raipur,2271
2025-04-26 00:00:00,Ahmedabad,2166
2025-04-26 01:00:00,Patna,2478
2025-04-26 02:00:00,Ghaziabad,2407
2025-04-26 03:00:00,Kanpur,1650
2025-04-26 04:00:00,Nashik,1645
2025-04-26 05:00:00,Amritsar,2150
2025-04-26 06:00:00,Jabalpur,1912
2025-04-26 07:00:00,Rajkot,2017
2025-04-26 08:00:00,Ahmedabad,1928
2025-04-26 09:00:00,Agra,2619
2025-04-26 10:00:00,Delhi,3407
2025-04-26 11:00:00,Ludhiana,2946
2025-04-26 12:00:00,Visakhapatnam,2294
2025-04-26 13:00:00,Ahmedabad,2920
2025-04-26 14:00:00,Solapur,2686
2025-04-26 15:00:00,Visakhapatnam,2598
2025-04-26 16:00:00,Meerut,2494
2025-04-26 17:00:00,Pune,2412
2025-04-26 18:00:00,Delhi,4613
2025-04-26 19:00:00,Pune,4373
2025-04-26 20:00:00,Madurai,3833
2025-04-26 21:00:00,Nagpur,3762
2025-04-26 22:00:00,Vijayawada,3602
2025-04-26 23:00:00,Kolkata,1998
2025-04-27 00:00:00,Vadodara,1556
2025-04-27 01:00:00,Ranchi,2127
2025-04-27 02:00:00,Visakhapatnam,1967
2025-04-27 03:00:00,Visakhapatnam,1948
2025-04-27 04:00:00,Coimbatore,2086
2025-04-27 05:00:00,Meerut,2156
2025-04-27 06:00:00,Kolkata,1499
2025-04-27 07:00:00,Ghaziabad,1527
2025-04-27 08:00:00,Raipur,1578
2025-04-27 09:00:00,Bhopal,2370
2025-04-27 10:00:00,Agra,2700
2025-04-27 11:00:00,Agra,2476
2025-04-27 12:00:00,Guwahati,3030
2025-04-27 13:00:00,Chandigarh,2680
2025-04-27 14:00:00,Kota,3143
2025-04-27 15:00:00,Dhanbad,3279
2025-04-27 16:00:00,Amritsar,2140
2025-04-27 17:00:00,Chennai,2607
2025-04-27 18:00:00,Howrah,4483
2025-04-27 19:00:00,Pune,3344
2025-04-27 20:00:00,Bangalore,3837
2025-04-27 21:00:00,Chandigarh,3000
2025-04-27 22:00:00,Allahabad,3881
2025-04-27 23:00:00,Indore,1589
2025-04-28 00:00:00,Ludhiana,2542
2025-04-28 01:00:00,Aurangabad,1969
2025-04-28 02:00:00,Faridabad,2164
2025-04-28 03:00:00,Indore,1686
2025-04-28 04:00:00,Amritsar,2277
2025-04-28 05:00:00,Ghaziabad,1607
2025-04-28 06:00:00,Hubli,2263
2025-04-28 07:00:00,Solapur,1585
2025-04-28 08:00:00,Nagpur,1657
2025-04-28 09:00:00,Dhanbad,2656
2025-04-28 10:00:00,Agra,2962
2025-04-28 11:00:00,Gwalior,1869
2025-04-28 12:00:00,Madurai,3158
2025-04-28 13:00:00,Madurai,2892
2025-04-28 14:00:00,Srinagar,2512
2025-04-28 15:00:00,Vasai,2908
2025-04-28 16:00:00,Madurai,2035
2025-04-28 17:00:00,Bangalore,2990
2025-04-28 18:00:00,Ghaziabad,3467
2025-04-28 19:00:00,Kota,3352
2025-04-28 20:00:00,Hyderabad,3430
2025-04-28 21:00:00,Vadodara,4128
2025-04-28 22:00:00,Ahmedabad,3701
2025-04-28 23:00:00,Kalyan,2384
2025-04-29 00:00:00,Thane,2394
2025-04-29 01:00:00,Amritsar,2403
2025-04-29 02:00:00,Visakhapatnam,1523
2025-04-29 03:00:00,Guwahati,1769
2025-04-29 04:00:00,Vijayawada,1963
2025-04-29 05:00:00,Rajkot,1698
2025-04-29 06:00:00,Bangalore,1789
2025-04-29 07:00:00,Mumbai,1578
2025-04-29 08:00:00,Meerut,2302
2025-04-29 09:00:00,Amritsar,2717
2025-04-29 10:00:00,Nagpur,2620
2025-04-29 11:00:00,Solapur,2452
2025-04-29 12:00:00,Chandigarh,2334
2025-04-29 13:00:00,Navi Mumbai,2078
2025-04-29 14:00:00,Hyderabad,3061
2025-04-29 15:00:00,Visakhapatnam,2844
2025-04-29 16:00:00,Navi Mumbai,2194
2025-04-29 17:00:00,Guwahati,3191
2025-04-29 18:00:00,Aurangabad,3690
2025-04-29 19:00:00,Dhanbad,4385
2025-04-29 20:00:00,Patna,3563
2025-04-29 21:00:00,Ranchi,2866
2025-04-29 22:00:00,Jodhpur,3063
2025-04-29 23:00:00,Hyderabad,1878
2025-04-30 00:00:00,Chandigarh,1974
2025-04-30 01:00:00,Bangalore,1529
2025-04-30 02:00:00,Indore,2157
2025-04-30 03:00:00,Hyderabad,1659
2025-04-30 04:00:00,Chandigarh,2120
2025-04-30 05:00:00,Jabalpur,2355
2025-04-30 06:00:00,Pune,1870
2025-04-30 07:00:00,Hubli,2000
2025-04-30 08:00:00,Navi Mumbai,2082
2025-04-30 09:00:00,Kalyan,2561
2025-04-30 10:00:00,Kolkata,2786
2025-04-30 11:00:00,Kota,2894
2025-04-30 12:00:00,Ranchi,2431
2025-04-30 13:00:00,Visakhapatnam,2319
2025-04-30 14:00:00,Nagpur,2708
2025-04-30 15:00:00,Hyderabad,2708
2025-04-30 16:00:00,Howrah,2683
2025-04-30 17:00:00,Ranchi,2068
2025-04-30 18:00:00,Bhopal,2832
2025-04-30 19:00:00,Bhopal,2993
2025-04-30 20:00:00,Solapur,4359
2025-04-30 21:00:00,Kolkata,4321
2025-04-30 22:00:00,Delhi,2637
2025-04-30 23:00:00,Hyderabad,2110
2025-05-01 00:00:00,Jabalpur,1904
2025-05-01 01:00:00,Bhopal,2519
2025-05-01 02:00:00,Hyderabad,1819
2025-05-01 03:00:00,Allahabad,1619
2025-05-01 04:00:00,Kalyan,1457
2025-05-01 05:00:00,Pune,1742
2025-05-01 06:00:00,Patna,1872
2025-05-01 07:00:00,Ranchi,1620
2025-05-01 08:00:00,Visakhapatnam,1900
2025-05-01 09:00:00,Delhi,3151
2025-05-01 10:00:00,Kolkata,2391
2025-05-01 11:00:00,Vijayawada,1862
2025-05-01 12:00:00,Rajkot,2680
2025-05-01 13:00:00,Solapur,2140
2025-05-01 14:00:00,Vasai,2620
2025-05-01 15:00:00,Chennai,1943
2025-05-01 16:00:00,Raipur,2986
2025-05-01 17:00:00,Mumbai,2712
2025-05-01 18:00:00,Visakhapatnam,2759
2025-05-01 19:00:00,Visakhapatnam,3254
2025-05-01 20:00:00,Patna,3781
2025-05-01 21:00:00,Agra,4125
2025-05-01 22:00:00,Pune,4037
2025-05-01 23:00:00,Kolkata,1628
2025-05-02 00:00:00,Hyderabad,2260
2025-05-02 01:00:00,Bhopal,2473
2025-05-02 02:00:00,Vijayawada,2387
2025-05-02 03:00:00,Agra,1348
2025-05-02 04:00:00,Meerut,1562
2025-05-02 05:00:00,Chennai,2368
2025-05-02 06:00:00,Bangalore,2069
2025-05-02 07:00:00,Madurai,1499
2025-05-02 08:00:00,Delhi,1543
2025-05-02 09:00:00,Ranchi,3252
2025-05-02 10:00:00,Ranchi,2458
2025-05-02 11:00:00,Lucknow,2963
2025-05-02 12:00:00,Hubli,2522
2025-05-02 13:00:00,Delhi,2856
2025-05-02 14:00:00,Kolkata,2674
2025-05-02 15:00:00,Ludhiana,2911
2025-05-02 16:00:00,Vijayawada,2539
2025-05-02 17:00:00,Varanasi,2976
2025-05-02 18:00:00,Mumbai,4014
2025-05-02 19:00:00,Vadodara,3024
2025-05-02 20:00:00,Nagpur,3828
2025-05-02 21:00:00,Lucknow,3159
2025-05-02 22:00:00,Ahmedabad,4106
2025-05-02 23:00:00,Ghaziabad,1455
2025-05-03 00:00:00,Jodhpur,2192
2025-05-03 01:00:00,Agra,1869
2025-05-03 02:00:00,Vasai,1781
2025-05-03 03:00:00,Howrah,1467
2025-05-03 04:00:00,Aurangabad,1776
2025-05-03 05:00:00,Rajkot,2143
2025-05-03 06:00:00,Meerut,2167
2025-05-03 07:00:00,Kolkata,1489
2025-05-03 08:00:00,Hyderabad,1630
2025-05-03 09:00:00,Nashik,2808
2025-05-03 10:00:00,Kolkata,3236
2025-05-03 11:00:00,Lucknow,3195
2025-05-03 12:00:00,Thane,2642
2025-05-03 13:00:00,Solapur,2148
2025-05-03 14:00:00,Vijayawada,3033
2025-05-03 15:00:00,Vasai,2976
2025-05-03 16:00:00,Raipur,2073
2025-05-03 17:00:00,Rajkot,1964
2025-05-03 18:00:00,Bhopal,3706
2025-05-03 19:00:00,Jaipur,3380
2025-05-03 20:00:00,Chennai,2933
2025-05-03 21:00:00,Bangalore,3034
2025-05-03 22:00:00,Ranchi,4058
2025-05-03 23:00:00,Jaipur,1656
2025-05-04 00:00:00,Kolkata,1654
2025-05-04 01:00:00,Hyderabad,1349
2025-05-04 02:00:00,Delhi,2478
2025-05-04 03:00:00,Ludhiana,1328
2025-05-04 04:00:00,Lucknow,2389
2025-05-04 05:00:00,Bhopal,1800
2025-05-04 06:00:00,Ranchi,1420
2025-05-04 07:00:00,Nashik,2366
2025-05-04 08:00:00,Jabalpur,1639
2025-05-04 09:00:00,Hyderabad,2839
2025-05-04 10:00:00,Bhopal,2521
2025-05-04 11:00:00,Visakhapatnam,2720
2025-05-04 12:00:00,Navi Mumbai,3221
2025-05-04 13:00:00,Amritsar,1859
2025-05-04 14:00:00,Kalyan,2561
2025-05-04 15:00:00,Vadodara,3158
2025-05-04 16:00:00,Faridabad,1884
2025-05-04 17:00:00,Navi Mumbai,2901
2025-05-04 18:00:00,Guwahati,4004
2025-05-04 19:00:00,Jodhpur,3391
2025-05-04 20:00:00,Navi Mumbai,4009
2025-05-04 21:00:00,Kalyan,4407
2025-05-04 22:00:00,Jaipur,3428
2025-05-04 23:00:00,Jodhpur,2346
2025-05-05 00:00:00,Faridabad,2351
2025-05-05 01:00:00,Kota,1685
2025-05-05 02:00:00,Coimbatore,1786
2025-05-05 03:00:00,Hubli,2445
2025-05-05 04:00:00,Howrah,1660
2025-05-05 05:00:00,Patna,2117
2025-05-05 06:00:00,Navi Mumbai,2494
2025-05-05 07:00:00,Madurai,2125
2025-05-05 08:00:00,Vasai,1948
2025-05-05 09:00:00,Delhi,2971
2025-05-05 10:00:00,Varanasi,2414
2025-05-05 11:00:00,Kota,3013
2025-05-05 12:00:00,Kolkata,3079
2025-05-05 13:00:00,Kolkata,3139
2025-05-05 14:00:00,Hyderabad,2844
2025-05-05 15:00:00,Nagpur,2382
2025-05-05 16:00:00,Aurangabad,2026
2025-05-05 17:00:00,Jaipur,2660
2025-05-05 18:00:00,Srinagar,4110
2025-05-05 19:00:00,Meerut,3347
2025-05-05 20:00:00,Hubli,2974
2025-05-05 21:00:00,Nashik,4100
2025-05-05 22:00:00,Bangalore,4741
2025-05-05 23:00:00,Ludhiana,2151
2025-05-06 00:00:00,Guwahati,2027
2025-05-06 01:00:00,Solapur,2177
2025-05-06 02:00:00,Navi Mumbai,2301
2025-05-06 03:00:00,Meerut,2115
2025-05-06 04:00:00,Varanasi,1387
2025-05-06 05:00:00,Bhopal,2094
2025-05-06 06:00:00,Bhopal,1554
2025-05-06 07:00:00,Solapur,1853
2025-05-06 08:00:00,Solapur,1998
2025-05-06 09:00:00,Faridabad,2591
2025-05-06 10:00:00,Howrah,2833
2025-05-06 11:00:00,Kalyan,2319
2025-05-06 12:00:00,Kota,3358
2025-05-06 13:00:00,Patna,2571
2025-05-06 14:00:00,Nagpur,2135
2025-05-06 15:00:00,Chennai,2518
2025-05-06 16:00:00,Nagpur,2924
2025-05-06 17:00:00,Lucknow,3075
2025-05-06 18:00:00,Rajkot,2911
2025-05-06 19:00:00,Jodhpur,3473
2025-05-06 20:00:00,Bangalore,3531
2025-05-06 21:00:00,Varanasi,4330
2025-05-06 22:00:00,Ahmedabad,4272
2025-05-06 23:00:00,Indore,1375
2025-05-07 00:00:00,Guwahati,2489
2025-05-07 01:00:00,Vadodara,2375
2025-05-07 02:00:00,Ranchi,2179
2025-05-07 03:00:00,Nashik,2003
2025-05-07 04:00:00,Gwalior,1671
2025-05-07 05:00:00,Kota,1943
2025-05-07 06:00:00,Patna,2179
2025-05-07 07:00:00,Kota,1388
2025-05-07 08:00:00,Ranchi,1979
2025-05-07 09:00:00,Nashik,3187
2025-05-07 10:00:00,Chandigarh,3185
2025-05-07 11:00:00,Ranchi,2094
2025-05-07 12:00:00,Raipur,2433
2025-05-07 13:00:00,Kota,2718
2025-05-07 14:00:00,Ludhiana,2564
2025-05-07 15:00:00,Jabalpur,2983
2025-05-07 16:00:00,Nashik,2749
2025-05-07 17:00:00,Pune,2843
2025-05-07 18:00:00,Pune,4358
2025-05-07 19:00:00,Kanpur,4894
2025-05-07 20:00:00,Jaipur,3524
2025-05-07 21:00:00,Jodhpur,3760
2025-05-07 22:00:00,Nashik,2653
2025-05-07 23:00:00,Mumbai,2013
2025-05-08 00:00:00,Delhi,1910
2025-05-08 01:00:00,Coimbatore,1608
2025-05-08 02:00:00,Meerut,1636
2025-05-08 03:00:00,Kanpur,2428
2025-05-08 04:00:00,Madurai,2223
2025-05-08 05:00:00,Thane,2560
2025-05-08 06:00:00,Nashik,2529
2025-05-08 07:00:00,Howrah,1962
2025-05-08 08:00:00,Faridabad,1979
2025-05-08 09:00:00,Kota,2833
2025-05-08 10:00:00,Kalyan,3333
2025-05-08 11:00:00,Allahabad,2762
2025-05-08 12:00:00,Guwahati,1896
2025-05-08 13:00:00,Ahmedabad,2248
2025-05-08 14:00:00,Amritsar,2710
2025-05-08 15:00:00,Allahabad,2237
2025-05-08 16:00:00,Gwalior,2022
2025-05-08 17:00:00,Allahabad,2052
2025-05-08 18:00:00,Nashik,4007
2025-05-08 19:00:00,Dhanbad,4043
2025-05-08 20:00:00,Vasai,3962
2025-05-08 21:00:00,Pune,3035
2025-05-08 22:00:00,Ahmedabad,3441
2025-05-08 23:00:00,Patna,2345
2025-05-09 00:00:00,Pune,2194
2025-05-09 01:00:00,Coimbatore,2243
2025-05-09 02:00:00,Jaipur,2105
2025-05-09 03:00:00,Varanasi,1782
2025-05-09 04:00:00,Ahmedabad,2457
2025-05-09 05:00:00,Chandigarh,2023
2025-05-09 06:00:00,Ludhiana,2197
2025-05-09 07:00:00,Allahabad,1753
2025-05-09 08:00:00,Nashik,2319
2025-05-09 09:00:00,Faridabad,2289
2025-05-09 10:00:00,Agra,2803
2025-05-09 11:00:00,Coimbatore,2743
2025-05-09 12:00:00,Jaipur,2614
2025-05-09 13:00:00,Nashik,3023
2025-05-09 14:00:00,Nagpur,3376
2025-05-09 15:00:00,Vasai,2828
2025-05-09 16:00:00,Jaipur,2387
2025-05-09 17:00:00,Srinagar,2291
2025-05-09 18:00:00,Howrah,3476
2025-05-09 19:00:00,Aurangabad,3738
2025-05-09 20:00:00,Delhi,3602
2025-05-09 21:00:00,Dhanbad,4414
2025-05-09 22:00:00,Guwahati,3051
2025-05-09 23:00:00,Navi Mumbai,2159
2025-05-10 00:00:00,Howrah,2138
2025-05-10 01:00:00,Hubli,1674
2025-05-10 02:00:00,Varanasi,1618
2025-05-10 03:00:00,Solapur,1726
2025-05-10 04:00:00,Kolkata,2002
2025-05-10 05:00:00,Nagpur,1270
2025-05-10 06:00:00,Mumbai,2066
2025-05-10 07:00:00,Kota,1428
2025-05-10 08:00:00,Hubli,1809
2025-05-10 09:00:00,Solapur,2187
2025-05-10 10:00:00,Jaipur,2597
2025-05-10 11:00:00,Ghaziabad,2240
2025-05-10 12:00:00,Pune,2846
2025-05-10 13:00:00,Lucknow,3122
2025-05-10 14:00:00,Gwalior,2634
2025-05-10 15:00:00,Raipur,2515
2025-05-10 16:00:00,Ahmedabad,2378
2025-05-10 17:00:00,Meerut,3112
2025-05-10 18:00:00,Bhopal,4215
2025-05-10 19:00:00,Aurangabad,3064
2025-05-10 20:00:00,Kota,3877
2025-05-10 21:00:00,Vijayawada,2936
2025-05-10 22:00:00,Ludhiana,4803
2025-05-10 23:00:00,Bhopal,1380
2025-05-11 00:00:00,Guwahati,1814
2025-05-11 01:00:00,Jabalpur,1614
2025-05-11 02:00:00,Guwahati,1935
2025-05-11 03:00:00,Nagpur,1388
2025-05-11 04:00:00,Coimbatore,1842
2025-05-11 05:00:00,Kolkata,1710
2025-05-11 06:00:00,Jodhpur,2142
2025-05-11 07:00:00,Varanasi,1751
2025-05-11 08:00:00,Dhanbad,2230
2025-05-11 09:00:00,Allahabad,2897
2025-05-11 10:00:00,Mumbai,2583
2025-05-11 11:00:00,Gwalior,2352
2025-05-11 12:00:00,Kota,2396
2025-05-11 13:00:00,Varanasi,2857
2025-05-11 14:00:00,Jodhpur,2929
2025-05-11 15:00:00,Lucknow,3030
2025-05-11 16:00:00,Thane,2584
2025-05-11 17:00:00,Visakhapatnam,2739
2025-05-11 18:00:00,Dhanbad,3457
2025-05-11 19:00:00,Faridabad,3329
2025-05-11 20:00:00,Hubli,4864
2025-05-11 21:00:00,Vijayawada,3330
2025-05-11 22:00:00,Mumbai,4414
2025-05-11 23:00:00,Faridabad,1677
2025-05-12 00:00:00,Kanpur,1523
2025-05-12 01:00:00,Nashik,2460
2025-05-12 02:00:00,Aurangabad,1720
2025-05-12 03:00:00,Solapur,1829
2025-05-12 04:00:00,Kolkata,2196
2025-05-12 05:00:00,Chandigarh,2201
2025-05-12 06:00:00,Nagpur,2393
2025-05-12 07:00:00,Kanpur,1353
2025-05-12 08:00:00,Jodhpur,1615
2025-05-12 09:00:00,Delhi,2851
2025-05-12 10:00:00,Varanasi,3259
2025-05-12 11:00:00,Agra,2704
2025-05-12 12:00:00,Madurai,2516
2025-05-12 13:00:00,Meerut,2957
2025-05-12 14:00:00,Amritsar,3344
2025-05-12 15:00:00,Pune,2706
2025-05-12 16:00:00,Faridabad,2917
2025-05-12 17:00:00,Coimbatore,3391
2025-05-12 18:00:00,Kolkata,3426
2025-05-12 19:00:00,Ludhiana,4305
2025-05-12 20:00:00,Vadodara,3065
2025-05-12 21:00:00,Mumbai,3717
2025-05-12 22:00:00,Jaipur,4769
2025-05-12 23:00:00,Varanasi,1991
2025-05-13 00:00:00,Jodhpur,1955
2025-05-13 01:00:00,Navi Mumbai,1707
2025-05-13 02:00:00,Ludhiana,1951
2025-05-13 03:00:00,Visakhapatnam,2266
2025-05-13 04:00:00,Nashik,1879
2025-05-13 05:00:00,Madurai,2070
2025-05-13 06:00:00,Varanasi,2145
2025-05-13 07:00:00,Aurangabad,2138
2025-05-13 08:00:00,Bangalore,1755
2025-05-13 09:00:00,Kolkata,2404
2025-05-13 10:00:00,Patna,2256
2025-05-13 11:00:00,Hubli,2850
2025-05-13 12:00:00,Ghaziabad,3021
2025-05-13 13:00:00,Amritsar,2408
2025-05-13 14:00:00,Jodhpur,2268
2025-05-13 15:00:00,Nagpur,2559
2025-05-13 16:00:00,Dhanbad,2608
2025-05-13 17:00:00,Faridabad,2422
2025-05-13 18:00:00,Nagpur,3796
2025-05-13 19:00:00,Vijayawada,3714
2025-05-13 20:00:00,Indore,4731
2025-05-13 21:00:00,Allahabad,4003
2025-05-13 22:00:00,Ranchi,3698
2025-05-13 23:00:00,Kalyan,2159
2025-05-14 00:00:00,Jaipur,1622
2025-05-14 01:00:00,Nashik,1897
2025-05-14 02:00:00,Madurai,1868
2025-05-14 03:00:00,Hyderabad,1861
2025-05-14 04:00:00,Chennai,1640
2025-05-14 05:00:00,Ranchi,1871
2025-05-14 06:00:00,Agra,1669
2025-05-14 07:00:00,Coimbatore,2468
2025-05-14 08:00:00,Bhopal,2443
2025-05-14 09:00:00,Nagpur,2714
2025-05-14 10:00:00,Nashik,2038
2025-05-14 11:00:00,Navi Mumbai,3043
2025-05-14 12:00:00,Vadodara,2575
2025-05-14 13:00:00,Delhi,2518
2025-05-14 14:00:00,Nagpur,2340
2025-05-14 15:00:00,Hyderabad,2204
2025-05-14 16:00:00,Ahmedabad,2536
2025-05-14 17:00:00,Patna,2842
2025-05-14 18:00:00,Jaipur,4239
2025-05-14 19:00:00,Howrah,3719
2025-05-14 20:00:00,Jabalpur,3356
2025-05-14 21:00:00,Solapur,2580
2025-05-14 22:00:00,Gwalior,4224
2025-05-14 23:00:00,Ghaziabad,2257
2025-05-15 00:00:00,Nagpur,1436
2025-05-15 01:00:00,Kolkata,1268
2025-05-15 02:00:00,Hubli,1838
2025-05-15 03:00:00,Ranchi,2407
2025-05-15 04:00:00,Raipur,1737
2025-05-15 05:00:00,Amritsar,2026
2025-05-15 06:00:00,Raipur,1868
2025-05-15 07:00:00,Ahmedabad,1551
2025-05-15 08:00:00,Ahmedabad,1371
2025-05-15 09:00:00,Kota,2536
2025-05-15 10:00:00,Hubli,3342
2025-05-15 11:00:00,Pune,2223
2025-05-15 12:00:00,Bangalore,2334
2025-05-15 13:00:00,Rajkot,2128
2025-05-15 14:00:00,Lucknow,2624
2025-05-15 15:00:00,Meerut,3194
2025-05-15 16:00:00,Ahmedabad,3285
2025-05-15 17:00:00,Meerut,2639
2025-05-15 18:00:00,Patna,4018
2025-05-15 19:00:00,Pune,4134
2025-05-15 20:00:00,Dhanbad,4085
2025-05-15 21:00:00,Pune,3471
2025-05-15 22:00:00,Chennai,3267
2025-05-15 23:00:00,Kanpur,1724
2025-05-16 00:00:00,Guwahati,1471
2025-05-16 01:00:00,Srinagar,1611
2025-05-16 02:00:00,Navi Mumbai,2034
2025-05-16 03:00:00,Navi Mumbai,1664
2025-05-16 04:00:00,Kanpur,1955
2025-05-16 05:00:00,Srinagar,1774
2025-05-16 06:00:00,Kota,2305
2025-05-16 07:00:00,Delhi,1995
2025-05-16 08:00:00,Ahmedabad,2155
2025-05-16 09:00:00,Solapur,2984
2025-05-16 10:00:00,Nagpur,2755
2025-05-16 11:00:00,Patna,2869
2025-05-16 12:00:00,Nagpur,2707
2025-05-16 13:00:00,Solapur,2434
2025-05-16 14:00:00,Chandigarh,2874
2025-05-16 15:00:00,Solapur,2889
2025-05-16 16:00:00,Delhi,2112
2025-05-16 17:00:00,Bhopal,2980
2025-05-16 18:00:00,Coimbatore,2669
2025-05-16 19:00:00,Kanpur,2710
2025-05-16 20:00:00,Vasai,4054
2025-05-16 21:00:00,Varanasi,2678
2025-05-16 22:00:00,Rajkot,2878
2025-05-16 23:00:00,Meerut,1794
2025-05-17 00:00:00,Vijayawada,1662
2025-05-17 01:00:00,Hyderabad,2282
2025-05-17 02:00:00,Chennai,1289
2025-05-17 03:00:00,Faridabad,1664
2025-05-17 04:00:00,Jaipur,1733
2025-05-17 05:00:00,Vasai,1540
2025-05-17 06:00:00,Ahmedabad,1938
2025-05-17 07:00:00,Dhanbad,1791
2025-05-17 08:00:00,Solapur,1429
2025-05-17 09:00:00,Jodhpur,2909
2025-05-17 10:00:00,Vasai,2625
2025-05-17 11:00:00,Dhanbad,2367
2025-05-17 12:00:00,Visakhapatnam,2678
2025-05-17 13:00:00,Hyderabad,2889
2025-05-17 14:00:00,Solapur,2722
2025-05-17 15:00:00,Chennai,2972
2025-05-17 16:00:00,Hubli,2695
2025-05-17 17:00:00,Jabalpur,2363
2025-05-17 18:00:00,Ranchi,3309
2025-05-17 19:00:00,Solapur,3082
2025-05-17 20:00:00,Hyderabad,4095
2025-05-17 21:00:00,Amritsar,3673
2025-05-17 22:00:00,Hyderabad,4085
2025-05-17 23:00:00,Amritsar,1834
2025-05-18 00:00:00,Mumbai,2267
2025-05-18 01:00:00,Nagpur,1435
2025-05-18 02:00:00,Faridabad,2183
2025-05-18 03:00:00,Indore,1772
2025-05-18 04:00:00,Jodhpur,1941
2025-05-18 05:00:00,Allahabad,1536
2025-05-18 06:00:00,Vijayawada,2055
2025-05-18 07:00:00,Varanasi,1539
2025-05-18 08:00:00,Ghaziabad,1897
2025-05-18 09:00:00,Thane,2857
2025-05-18 10:00:00,Faridabad,2038
2025-05-18 11:00:00,Dhanbad,2755
2025-05-18 12:00:00,Meerut,2818
2025-05-18 13:00:00,Bhopal,2384
2025-05-18 14:00:00,Gwalior,2849
2025-05-18 15:00:00,Jaipur,2805
2025-05-18 16:00:00,Ranchi,2865
2025-05-18 17:00:00,Patna,2353
2025-05-18 18:00:00,Indore,3024
2025-05-18 19:00:00,Kota,3749
2025-05-18 20:00:00,Ahmedabad,2982
2025-05-18 21:00:00,Gwalior,3966
2025-05-18 22:00:00,Ranchi,3525
2025-05-18 23:00:00,Indore,2075
2025-05-19 00:00:00,Pune,2259
2025-05-19 01:00:00,Raipur,2210
2025-05-19 02:00:00,Varanasi,1998
2025-05-19 03:00:00,Thane,1673
2025-05-19 04:00:00,Rajkot,1910
2025-05-19 05:00:00,Ludhiana,1769
2025-05-19 06:00:00,Hubli,2015
2025-05-19 07:00:00,Lucknow,1662
2025-05-19 08:00:00,Raipur,1570
2025-05-19 09:00:00,Jodhpur,2931
2025-05-19 10:00:00,Howrah,2561
2025-05-19 11:00:00,Ranchi,3139
2025-05-19 12:00:00,Lucknow,2976
2025-05-19 13:00:00,Faridabad,2216
2025-05-19 14:00:00,Nashik,2616
2025-05-19 15:00:00,Coimbatore,2703
2025-05-19 16:00:00,Dhanbad,2392
2025-05-19 17:00:00,Vasai,2707
2025-05-19 18:00:00,Nashik,3952
2025-05-19 19:00:00,Srinagar,3371
2025-05-19 20:00:00,Ahmedabad,3529
2025-05-19 21:00:00,Raipur,4004
2025-05-19 22:00:00,Vadodara,2516
2025-05-19 23:00:00,Navi Mumbai,2332
2025-05-20 00:00:00,Kalyan,1611
2025-05-20 01:00:00,Chandigarh,1657
2025-05-20 02:00:00,Srinagar,1550
2025-05-20 03:00:00,Visakhapatnam,1869
2025-05-20 04:00:00,Chennai,2353
2025-05-20 05:00:00,Jodhpur,1594
2025-05-20 06:00:00,Jabalpur,1598
2025-05-20 07:00:00,Faridabad,2231
2025-05-20 08:00:00,Allahabad,1705
2025-05-20 09:00:00,Vasai,2501
2025-05-20 10:00:00,Jodhpur,2830
2025-05-20 11:00:00,Bhopal,2193
2025-05-20 12:00:00,Ludhiana,2060
2025-05-20 13:00:00,Solapur,2084
2025-05-20 14:00:00,Mumbai,2165
2025-05-20 15:00:00,Amritsar,3012
2025-05-20 16:00:00,Gwalior,2464
2025-05-20 17:00:00,Pune,2765
2025-05-20 18:00:00,Amritsar,4023
2025-05-20 19:00:00,Kalyan,3441
2025-05-20 20:00:00,Guwahati,3330
2025-05-20 21:00:00,Delhi,4034
2025-05-20 22:00:00,Chandigarh,3585
2025-05-20 23:00:00,Delhi,1712
2025-05-21 00:00:00,Dhanbad,1720
2025-05-21 01:00:00,Visakhapatnam,2241
2025-05-21 02:00:00,Aurangabad,2252
2025-05-21 03:00:00,Meerut,1823
2025-05-21 04:00:00,Nashik,1773
2025-05-21 05:00:00,Varanasi,1494
2025-05-21 06:00:00,Navi Mumbai,1925
2025-05-21 07:00:00,Allahabad,1989
2025-05-21 08:00:00,Bangalore,1888
2025-05-21 09:00:00,Vadodara,2810
2025-05-21 10:00:00,Thane,3223
2025-05-21 11:00:00,Varanasi,2743
2025-05-21 12:00:00,Navi Mumbai,2594
2025-05-21 13:00:00,Rajkot,2581
2025-05-21 14:00:00,Chennai,2031
2025-05-21 15:00:00,Vasai,2518
2025-05-21 16:00:00,Thane,2936
2025-05-21 17:00:00,Faridabad,2915
2025-05-21 18:00:00,Thane,4247
2025-05-21 19:00:00,Meerut,3518
2025-05-21 20:00:00,Vasai,3464
2025-05-21 21:00:00,Vadodara,2981
2025-05-21 22:00:00,Patna,4321
2025-05-21 23:00:00,Ghaziabad,2472
2025-05-22 00:00:00,Coimbatore,1449
2025-05-22 01:00:00,Howrah,1757
2025-05-22 02:00:00,Coimbatore,2215
2025-05-22 03:00:00,Visakhapatnam,1872
2025-05-22 04:00:00,Jaipur,1856
2025-05-22 05:00:00,Indore,2034
2025-05-22 06:00:00,Meerut,2254
2025-05-22 07:00:00,Nashik,2470
2025-05-22 08:00:00,Pune,2101
2025-05-22 09:00:00,Srinagar,2262
2025-05-22 10:00:00,Solapur,2846
2025-05-22 11:00:00,Rajkot,2140
2025-05-22 12:00:00,Amritsar,2254
2025-05-22 13:00:00,Delhi,2650
2025-05-22 14:00:00,Aurangabad,2143
2025-05-22 15:00:00,Agra,2879
2025-05-22 16:00:00,Thane,2776
2025-05-22 17:00:00,Ahmedabad,2817
2025-05-22 18:00:00,Coimbatore,2802
2025-05-22 19:00:00,Ranchi,3470
2025-05-22 20:00:00,Varanasi,4269
2025-05-22 21:00:00,Bhopal,3610
2025-05-22 22:00:00,Pune,4684
2025-05-22 23:00:00,Patna,1776
2025-05-23 00:00:00,Hubli,2186
2025-05-23 01:00:00,Nagpur,2170
2025-05-23 02:00:00,Allahabad,2066
2025-05-23 03:00:00,Pune,2035
2025-05-23 04:00:00,Kalyan,1887
2025-05-23 05:00:00,Faridabad,2199
2025-05-23 06:00:00,Kanpur,1664
2025-05-23 07:00:00,Bhopal,2032
2025-05-23 08:00:00,Meerut,1795
2025-05-23 09:00:00,Vasai,2997
2025-05-23 10:00:00,Delhi,3205
2025-05-23 11:00:00,Guwahati,2974
2025-05-23 12:00:00,Howrah,2561
2025-05-23 13:00:00,Jabalpur,2243
2025-05-23 14:00:00,Delhi,2942
2025-05-23 15:00:00,Delhi,2427
2025-05-23 16:00:00,Kolkata,2415
2025-05-23 17:00:00,Thane,2932
2025-05-23 18:00:00,Kota,3573
2025-05-23 19:00:00,Ranchi,3580
2025-05-23 20:00:00,Nashik,3678
2025-05-23 21:00:00,Gwalior,3746
2025-05-23 22:00:00,Ahmedabad,3182
2025-05-23 23:00:00,Aurangabad,2028
2025-05-24 00:00:00,Solapur,2166
2025-05-24 01:00:00,Nashik,2334
2025-05-24 02:00:00,Kota,2051
2025-05-24 03:00:00,Varanasi,1487
2025-05-24 04:00:00,Guwahati,2087
2025-05-24 05:00:00,Pune,1372
2025-05-24 06:00:00,Vadodara,1502
2025-05-24 07:00:00,Navi Mumbai,2122
2025-05-24 08:00:00,Chennai,1954
2025-05-24 09:00:00,Hubli,2827
2025-05-24 10:00:00,Coimbatore,2583
2025-05-24 11:00:00,Howrah,2453
2025-05-24 12:00:00,Vijayawada,2873
2025-05-24 13:00:00,Pune,3090
2025-05-24 14:00:00,Coimbatore,2409
2025-05-24 15:00:00,Vasai,3070
2025-05-24 16:00:00,Chennai,2890
2025-05-24 17:00:00,Nagpur,2518
2025-05-24 18:00:00,Kota,3705
2025-05-24 19:00:00,Amritsar,2643
2025-05-24 20:00:00,Guwahati,4859
2025-05-24 21:00:00,Solapur,3490
2025-05-24 22:00:00,Allahabad,3442
2025-05-24 23:00:00,Kota,1425
2025-05-25 00:00:00,Jabalpur,2280
2025-05-25 01:00:00,Amritsar,1602
2025-05-25 02:00:00,Vadodara,1716
2025-05-25 03:00:00,Dhanbad,2132
2025-05-25 04:00:00,Hyderabad,1993
2025-05-25 05:00:00,Bhopal,1781
2025-05-25 06:00:00,Chandigarh,2397
2025-05-25 07:00:00,Madurai,2257
2025-05-25 08:00:00,Jabalpur,1706
2025-05-25 09:00:00,Howrah,2628
2025-05-25 10:00:00,Ghaziabad,2930
2025-05-25 11:00:00,Jaipur,2090
2025-05-25 12:00:00,Howrah,2660
2025-05-25 13:00:00,Jodhpur,2658
2025-05-25 14:00:00,Coimbatore,2497
2025-05-25 15:00:00,Kota,2725
2025-05-25 16:00:00,Ranchi,2314
2025-05-25 17:00:00,Jodhpur,3013
2025-05-25 18:00:00,Rajkot,3027
2025-05-25 19:00:00,Coimbatore,3526
2025-05-25 20:00:00,Varanasi,2726
2025-05-25 21:00:00,Howrah,3688
2025-05-25 22:00:00,Jodhpur,3321
2025-05-25 23:00:00,Vadodara,1682
2025-05-26 00:00:00,Lucknow,2125
2025-05-26 01:00:00,Jaipur,1555
2025-05-26 02:00:00,Delhi,2058
2025-05-26 03:00:00,Lucknow,1633
2025-05-26 04:00:00,Kanpur,1480
2025-05-26 05:00:00,Coimbatore,2204
2025-05-26 06:00:00,Nagpur,1523
2025-05-26 07:00:00,Ghaziabad,2286
2025-05-26 08:00:00,Dhanbad,2024
2025-05-26 09:00:00,Faridabad,2432
2025-05-26 10:00:00,Raipur,2724
2025-05-26 11:00:00,Patna,2503
2025-05-26 12:00:00,Bangalore,2699
2025-05-26 13:00:00,Chandigarh,2444
2025-05-26 14:00:00,Agra,2313
2025-05-26 15:00:00,Faridabad,2425
2025-05-26 16:00:00,Ahmedabad,3178
2025-05-26 17:00:00,Allahabad,3127
2025-05-26 18:00:00,Madurai,4177
2025-05-26 19:00:00,Faridabad,4187
2025-05-26 20:00:00,Jodhpur,3618
2025-05-26 21:00:00,Gwalior,3465
2025-05-26 22:00:00,Aurangabad,3312
2025-05-26 23:00:00,Ludhiana,1509
2025-05-27 00:00:00,Kolkata,2324
2025-05-27 01:00:00,Pune,1987
2025-05-27 02:00:00,Vasai,1881
2025-05-27 03:00:00,Gwalior,2048
2025-05-27 04:00:00,Dhanbad,2296
2025-05-27 05:00:00,Bhopal,1682
2025-05-27 06:00:00,Thane,1913
2025-05-27 07:00:00,Vasai,2240
2025-05-27 08:00:00,Nashik,1552
2025-05-27 09:00:00,Rajkot,2274
2025-05-27 10:00:00,Aurangabad,2536
2025-05-27 11:00:00,Raipur,2978
2025-05-27 12:00:00,Amritsar,2467
2025-05-27 13:00:00,Hubli,2631
2025-05-27 14:00:00,Allahabad,2685
2025-05-27 15:00:00,Bangalore,2586
2025-05-27 16:00:00,Kanpur,2304
2025-05-27 17:00:00,Ghaziabad,2330
2025-05-27 18:00:00,Kalyan,3675
2025-05-27 19:00:00,Coimbatore,3841
2025-05-27 20:00:00,Nagpur,3888
2025-05-27 21:00:00,Ludhiana,3413
2025-05-27 22:00:00,Raipur,3233
2025-05-27 23:00:00,Thane,2051
2025-05-28 00:00:00,Lucknow,2272
2025-05-28 01:00:00,Raipur,1442
2025-05-28 02:00:00,Vijayawada,2482
2025-05-28 03:00:00,Solapur,1762
2025-05-28 04:00:00,Howrah,2076
2025-05-28 05:00:00,Jodhpur,1470
2025-05-28 06:00:00,Amritsar,1649
2025-05-28 07:00:00,Coimbatore,1383
2025-05-28 08:00:00,Gwalior,2085
2025-05-28 09:00:00,Bangalore,2139
2025-05-28 10:00:00,Solapur,2371
2025-05-28 11:00:00,Chandigarh,3076
2025-05-28 12:00:00,Bangalore,2525
2025-05-28 13:00:00,Hubli,2306
2025-05-28 14:00:00,Varanasi,2928
2025-05-28 15:00:00,Chennai,1968
2025-05-28 16:00:00,Lucknow,2677
2025-05-28 17:00:00,Varanasi,2938
2025-05-28 18:00:00,Bangalore,3704
2025-05-28 19:00:00,Chennai,3278
2025-05-28 20:00:00,Nashik,3138
2025-05-28 21:00:00,Dhanbad,4666
2025-05-28 22:00:00,Indore,4332
2025-05-28 23:00:00,Vijayawada,1489
2025-05-29 00:00:00,Madurai,1910
2025-05-29 01:00:00,Visakhapatnam,2193
2025-05-29 02:00:00,Gwalior,1511
2025-05-29 03:00:00,Raipur,1817
2025-05-29 04:00:00,Amritsar,1897
2025-05-29 05:00:00,Navi Mumbai,2214
2025-05-29 06:00:00,Mumbai,1977
2025-05-29 07:00:00,Gwalior,1297
2025-05-29 08:00:00,Amritsar,1528
2025-05-29 09:00:00,Indore,2035
2025-05-29 10:00:00,Solapur,2678
2025-05-29 11:00:00,Guwahati,2727
2025-05-29 12:00:00,Patna,2752
2025-05-29 13:00:00,Ahmedabad,2339
2025-05-29 14:00:00,Vadodara,2620
2025-05-29 15:00:00,Pune,2492
2025-05-29 16:00:00,Delhi,2418
2025-05-29 17:00:00,Delhi,2607
2025-05-29 18:00:00,Chandigarh,4773
2025-05-29 19:00:00,Delhi,4398
2025-05-29 20:00:00,Kota,3254
2025-05-29 21:00:00,Ghaziabad,3187
2025-05-29 22:00:00,Vijayawada,4062
2025-05-29 23:00:00,Thane,1810
2025-05-30 00:00:00,Meerut,2038
2025-05-30 01:00:00,Vadodara,2386
2025-05-30 02:00:00,Dhanbad,2220
2025-05-30 03:00:00,Nagpur,2471
2025-05-30 04:00:00,Meerut,2164
2025-05-30 05:00:00,Nagpur,1589
2025-05-30 06:00:00,Ludhiana,2327
2025-05-30 07:00:00,Jaipur,1318
2025-05-30 08:00:00,Raipur,2364
2025-05-30 09:00:00,Varanasi,2864
2025-05-30 10:00:00,Jabalpur,3096
2025-05-30 11:00:00,Vadodara,2469
2025-05-30 12:00:00,Guwahati,2958
2025-05-30 13:00:00,Srinagar,2892
2025-05-30 14:00:00,Patna,3105
2025-05-30 15:00:00,Ghaziabad,2736
2025-05-30 16:00:00,Pune,3198
2025-05-30 17:00:00,Kanpur,2918
2025-05-30 18:00:00,Nagpur,4093
2025-05-30 19:00:00,Bangalore,4096
2025-05-30 20:00:00,Solapur,4549
2025-05-30 21:00:00,Visakhapatnam,4477
2025-05-30 22:00:00,Bangalore,4357
2025-05-30 23:00:00,Madurai,2162
2025-05-31 00:00:00,Chandigarh,1991
2025-05-31 01:00:00,Patna,1947
2025-05-31 02:00:00,Mumbai,1864
2025-05-31 03:00:00,Navi Mumbai,1864
2025-05-31 04:00:00,Kota,1575
2025-05-31 05:00:00,Navi Mumbai,1744
2025-05-31 06:00:00,Solapur,2064
2025-05-31 07:00:00,Kalyan,1361
2025-05-31 08:00:00,Navi Mumbai,2147
2025-05-31 09:00:00,Pune,2805
2025-05-31 10:00:00,Agra,2325
2025-05-31 11:00:00,Coimbatore,2762
2025-05-31 12:00:00,Raipur,2417
2025-05-31 13:00:00,Thane,3108
2025-05-31 14:00:00,Ludhiana,3161
2025-05-31 15:00:00,Vasai,2441
2025-05-31 16:00:00,Jodhpur,3083
2025-05-31 17:00:00,Indore,2087
2025-05-31 18:00:00,Madurai,3209
2025-05-31 19:00:00,Hyderabad,3180
2025-05-31 20:00:00,Ahmedabad,4051
2025-05-31 21:00:00,Indore,3755
2025-05-31 22:00:00,Bangalore,3382
2025-05-31 23:00:00,Mumbai,1641
2025-06-01 00:00:00,Raipur,1496
2025-06-01 01:00:00,Bangalore,1757
2025-06-01 02:00:00,Dhanbad,2486
2025-06-01 03:00:00,Howrah,1510
2025-06-01 04:00:00,Srinagar,1763
2025-06-01 05:00:00,Pune,2206
2025-06-01 06:00:00,Lucknow,1643
2025-06-01 07:00:00,Vadodara,1588
2025-06-01 08:00:00,Visakhapatnam,1856
2025-06-01 09:00:00,Faridabad,1987
2025-06-01 10:00:00,Mumbai,2607
2025-06-01 11:00:00,Raipur,2587
2025-06-01 12:00:00,Amritsar,2720
2025-06-01 13:00:00,Chandigarh,2276
2025-06-01 14:00:00,Kolkata,2948
2025-06-01 15:00:00,Bhopal,2616
2025-06-01 16:00:00,Delhi,3087
2025-06-01 17:00:00,Visakhapatnam,2855
2025-06-01 18:00:00,Navi Mumbai,3766
2025-06-01 19:00:00,Amritsar,4296
2025-06-01 20:00:00,Madurai,4356
2025-06-01 21:00:00,Varanasi,4050
2025-06-01 22:00:00,Hyderabad,4508
2025-06-01 23:00:00,Varanasi,1629
2025-06-02 00:00:00,Pune,2270
2025-06-02 01:00:00,Navi Mumbai,1536
2025-06-02 02:00:00,Kalyan,2463
2025-06-02 03:00:00,Hubli,1876
2025-06-02 04:00:00,Vasai,1677
2025-06-02 05:00:00,Patna,1906
2025-06-02 06:00:00,Kalyan,1432
2025-06-02 07:00:00,Bhopal,1600
2025-06-02 08:00:00,Pune,1755
2025-06-02 09:00:00,Pune,2179
2025-06-02 10:00:00,Kota,2113
2025-06-02 11:00:00,Nashik,2973
2025-06-02 12:00:00,Bhopal,3108
2025-06-02 13:00:00,Vasai,2950
2025-06-02 14:00:00,Visakhapatnam,2318
2025-06-02 15:00:00,Allahabad,2468
2025-06-02 16:00:00,Agra,2821
2025-06-02 17:00:00,Ahmedabad,2427
2025-06-02 18:00:00,Srinagar,3919
2025-06-02 19:00:00,Howrah,4030
2025-06-02 20:00:00,Visakhapatnam,3197
2025-06-02 21:00:00,Ludhiana,3554
2025-06-02 22:00:00,Ahmedabad,3103
2025-06-02 23:00:00,Visakhapatnam,1971
2025-06-03 00:00:00,Vijayawada,1602
2025-06-03 01:00:00,Srinagar,1810
2025-06-03 02:00:00,Meerut,2134
2025-06-03 03:00:00,Howrah,1898
2025-06-03 04:00:00,Delhi,1625
2025-06-03 05:00:00,Meerut,1646
2025-06-03 06:00:00,Gwalior,2059
2025-06-03 07:00:00,Vasai,1367
2025-06-03 08:00:00,Hubli,2096
2025-06-03 09:00:00,Chennai,3172
2025-06-03 10:00:00,Jodhpur,2967
2025-06-03 11:00:00,Raipur,3277
2025-06-03 12:00:00,Meerut,2657
2025-06-03 13:00:00,Madurai,2811
2025-06-03 14:00:00,Faridabad,2563
2025-06-03 15:00:00,Jabalpur,3293
2025-06-03 16:00:00,Madurai,2352
2025-06-03 17:00:00,Aurangabad,3066
2025-06-03 18:00:00,Delhi,4152
2025-06-03 19:00:00,Patna,3976
2025-06-03 20:00:00,Kolkata,3275
2025-06-03 21:00:00,Coimbatore,3666
2025-06-03 22:00:00,Lucknow,3915
2025-06-03 23:00:00,Gwalior,2268
2025-06-04 00:00:00,Ludhiana,1570
2025-06-04 01:00:00,Jodhpur,2247
2025-06-04 02:00:00,Coimbatore,1947
2025-06-04 03:00:00,Ahmedabad,1485
2025-06-04 04:00:00,Hyderabad,2093
2025-06-04 05:00:00,Nashik,1517
2025-06-04 06:00:00,Meerut,1988
2025-06-04 07:00:00,Delhi,1400
2025-06-04 08:00:00,Amritsar,1547
2025-06-04 09:00:00,Hubli,2638
2025-06-04 10:00:00,Aurangabad,2049
2025-06-04 11:00:00,Bangalore,2431
2025-06-04 12:00:00,Srinagar,2630
2025-06-04 13:00:00,Faridabad,3117
2025-06-04 14:00:00,Vijayawada,2746
2025-06-04 15:00:00,Lucknow,2766
2025-06-04 16:00:00,Nashik,2868
2025-06-04 17:00:00,Raipur,2735
2025-06-04 18:00:00,Rajkot,4273
2025-06-04 19:00:00,Raipur,3280
2025-06-04 20:00:00,Kalyan,4397
2025-06-04 21:00:00,Aurangabad,4270
2025-06-04 22:00:00,Amritsar,4104
2025-06-04 23:00:00,Dhanbad,2180
2025-06-05 00:00:00,Amritsar,1873
2025-06-05 01:00:00,Jabalpur,1564
2025-06-05 02:00:00,Madurai,1593
2025-06-05 03:00:00,Nagpur,1767
2025-06-05 04:00:00,Visakhapatnam,2088
2025-06-05 05:00:00,Srinagar,2002
2025-06-05 06:00:00,Bangalore,2042
2025-06-05 07:00:00,Vadodara,2032
2025-06-05 08:00:00,Visakhapatnam,1588
2025-06-05 09:00:00,Mumbai,2778
2025-06-05 10:00:00,Ludhiana,2314
2025-06-05 11:00:00,Agra,2176
2025-06-05 12:00:00,Mumbai,2325
2025-06-05 13:00:00,Coimbatore,2273
2025-06-05 14:00:00,Coimbatore,2514
2025-06-05 15:00:00,Kota,2530
2025-06-05 16:00:00,Aurangabad,3017
2025-06-05 17:00:00,Ghaziabad,2319
2025-06-05 18:00:00,Howrah,4198
2025-06-05 19:00:00,Kalyan,4107
2025-06-05 20:00:00,Mumbai,2973
2025-06-05 21:00:00,Jaipur,4353
2025-06-05 22:00:00,Patna,4145
2025-06-05 23:00:00,Allahabad,1741
2025-06-06 00:00:00,Jabalpur,1368
2025-06-06 01:00:00,Patna,2074
2025-06-06 02:00:00,Kanpur,2470
2025-06-06 03:00:00,Howrah,1835
2025-06-06 04:00:00,Kolkata,1509
2025-06-06 05:00:00,Hubli,1689
2025-06-06 06:00:00,Jaipur,2114
2025-06-06 07:00:00,Kota,2177
2025-06-06 08:00:00,Bangalore,1873
2025-06-06 09:00:00,Agra,2645
2025-06-06 10:00:00,Rajkot,2219
2025-06-06 11:00:00,Allahabad,3092
2025-06-06 12:00:00,Ludhiana,3107
2025-06-06 13:00:00,Srinagar,3222
2025-06-06 14:00:00,Rajkot,3272
2025-06-06 15:00:00,Delhi,2776
2025-06-06 16:00:00,Vijayawada,3046
2025-06-06 17:00:00,Ludhiana,3156
2025-06-06 18:00:00,Patna,3022
2025-06-06 19:00:00,Bhopal,4757
2025-06-06 20:00:00,Jabalpur,2772
2025-06-06 21:00:00,Dhanbad,3474
2025-06-06 22:00:00,Jabalpur,3619
2025-06-06 23:00:00,Bangalore,1886
2025-06-07 00:00:00,Patna,2171
2025-06-07 01:00:00,Amritsar,1384
2025-06-07 02:00:00,Chandigarh,2066
2025-06-07 03:00:00,Vasai,2291
2025-06-07 04:00:00,Hyderabad,1379
2025-06-07 05:00:00,Ahmedabad,2283
2025-06-07 06:00:00,Ghaziabad,1891
2025-06-07 07:00:00,Varanasi,1876
2025-06-07 08:00:00,Kanpur,1782
2025-06-07 09:00:00,Kolkata,2129
2025-06-07 10:00:00,Kanpur,2773
2025-06-07 11:00:00,Nagpur,2317
2025-06-07 12:00:00,Coimbatore,3141
2025-06-07 13:00:00,Kota,2714
2025-06-07 14:00:00,Lucknow,3036
2025-06-07 15:00:00,Vadodara,2449
2025-06-07 16:00:00,Pune,2419
2025-06-07 17:00:00,Visakhapatnam,2789
2025-06-07 18:00:00,Guwahati,4268
2025-06-07 19:00:00,Rajkot,3250
2025-06-07 20:00:00,Hubli,3890
2025-06-07 21:00:00,Vasai,2834
2025-06-07 22:00:00,Ranchi,3500
2025-06-07 23:00:00,Gwalior,2041
2025-06-08 00:00:00,Agra,2131
2025-06-08 01:00:00,Vadodara,1463
2025-06-08 02:00:00,Kolkata,2183
2025-06-08 03:00:00,Ludhiana,1409
2025-06-08 04:00:00,Raipur,1540
2025-06-08 05:00:00,Indore,2338
2025-06-08 06:00:00,Kalyan,1792
2025-06-08 07:00:00,Raipur,1644
2025-06-08 08:00:00,Bhopal,1809
2025-06-08 09:00:00,Nashik,2128
2025-06-08 10:00:00,Kota,2521
2025-06-08 11:00:00,Dhanbad,3309
2025-06-08 12:00:00,Solapur,2647
2025-06-08 13:00:00,Kota,2639
2025-06-08 14:00:00,Ludhiana,3211
2025-06-08 15:00:00,Dhanbad,2972
2025-06-08 16:00:00,Meerut,2639
2025-06-08 17:00:00,Kolkata,2301
2025-06-08 18:00:00,Jodhpur,3763
2025-06-08 19:00:00,Patna,2613
2025-06-08 20:00:00,Kanpur,3372
2025-06-08 21:00:00,Allahabad,4329
2025-06-08 22:00:00,Vadodara,4134
2025-06-08 23:00:00,Coimbatore,2422
2025-06-09 00:00:00,Bangalore,1885
2025-06-09 01:00:00,Ghaziabad,2061
2025-06-09 02:00:00,Faridabad,2334
2025-06-09 03:00:00,Meerut,2095
2025-06-09 04:00:00,Aurangabad,1877
2025-06-09 05:00:00,Lucknow,1564
2025-06-09 06:00:00,Vasai,1772
2025-06-09 07:00:00,Dhanbad,1981
2025-06-09 08:00:00,Jabalpur,1578
2025-06-09 09:00:00,Bangalore,2870
2025-06-09 10:00:00,Patna,2594
2025-06-09 11:00:00,Lucknow,2781
2025-06-09 12:00:00,Vadodara,2394
2025-06-09 13:00:00,Mumbai,2062
2025-06-09 14:00:00,Nashik,3387
2025-06-09 15:00:00,Ghaziabad,2935
2025-06-09 16:00:00,Visakhapatnam,2980
2025-06-09 17:00:00,Vadodara,2221
2025-06-09 18:00:00,Amritsar,4066
2025-06-09 19:00:00,Ahmedabad,3606
2025-06-09 20:00:00,Raipur,3918
2025-06-09 21:00:00,Faridabad,3453
2025-06-09 22:00:00,Raipur,4369
2025-06-09 23:00:00,Allahabad,2078
2025-06-10 00:00:00,Jodhpur,1467
2025-06-10 01:00:00,Dhanbad,1777
2025-06-10 02:00:00,Dhanbad,2153
2025-06-10 03:00:00,Bangalore,1601
2025-06-10 04:00:00,Madurai,1308
2025-06-10 05:00:00,Hyderabad,1485
2025-06-10 06:00:00,Ahmedabad,1414
2025-06-10 07:00:00,Madurai,2116
2025-06-10 08:00:00,Chandigarh,2124
2025-06-10 09:00:00,Thane,3043
2025-06-10 10:00:00,Thane,2500
2025-06-10 11:00:00,Kalyan,2416
2025-06-10 12:00:00,Ahmedabad,3310
2025-06-10 13:00:00,Madurai,2901
2025-06-10 14:00:00,Thane,2219
2025-06-10 15:00:00,Vasai,2710
2025-06-10 16:00:00,Varanasi,2395
2025-06-10 17:00:00,Kalyan,2093
2025-06-10 18:00:00,Ludhiana,3780
2025-06-10 19:00:00,Chennai,2941
2025-06-10 20:00:00,Thane,3869
2025-06-10 21:00:00,Kolkata,3929
2025-06-10 22:00:00,Srinagar,3315
2025-06-10 23:00:00,Jabalpur,1396
2025-06-11 00:00:00,Howrah,2048
2025-06-11 01:00:00,Mumbai,1741
2025-06-11 02:00:00,Raipur,1964
2025-06-11 03:00:00,Raipur,2100
2025-06-11 04:00:00,Thane,2473
2025-06-11 05:00:00,Patna,2020
2025-06-11 06:00:00,Rajkot,2271
2025-06-11 07:00:00,Navi Mumbai,2100
2025-06-11 08:00:00,Lucknow,1585
2025-06-11 09:00:00,Aurangabad,3042
2025-06-11 10:00:00,Indore,2040
2025-06-11 11:00:00,Vijayawada,3148
2025-06-11 12:00:00,Indore,2685
2025-06-11 13:00:00,Nagpur,1992
2025-06-11 14:00:00,Varanasi,2635
2025-06-11 15:00:00,Jabalpur,2732
2025-06-11 16:00:00,Pune,2138
2025-06-11 17:00:00,Howrah,3129
2025-06-11 18:00:00,Hyderabad,3909
2025-06-11 19:00:00,Chandigarh,3464
2025-06-11 20:00:00,Allahabad,4055
2025-06-11 21:00:00,Nashik,3298
2025-06-11 22:00:00,Pune,3563
2025-06-11 23:00:00,Jodhpur,2116
2025-06-12 00:00:00,Madurai,2182
2025-06-12 01:00:00,Rajkot,1430
2025-06-12 02:00:00,Amritsar,2253
2025-06-12 03:00:00,Patna,2234
2025-06-12 04:00:00,Amritsar,2026
2025-06-12 05:00:00,Hubli,2220
2025-06-12 06:00:00,Patna,2293
2025-06-12 07:00:00,Amritsar,2246
2025-06-12 08:00:00,Aurangabad,1969
2025-06-12 09:00:00,Ranchi,2872
2025-06-12 10:00:00,Vadodara,2383
2025-06-12 11:00:00,Chennai,3033
2025-06-12 12:00:00,Amritsar,2543
2025-06-12 13:00:00,Kota,3109
2025-06-12 14:00:00,Ranchi,2006
2025-06-12 15:00:00,Pune,2751
2025-06-12 16:00:00,Bhopal,2731
2025-06-12 17:00:00,Pune,2663
2025-06-12 18:00:00,Vadodara,4766
2025-06-12 19:00:00,Howrah,4464
2025-06-12 20:00:00,Guwahati,3586
2025-06-12 21:00:00,Amritsar,3894
2025-06-12 22:00:00,Patna,2866
2025-06-12 23:00:00,Thane,1763
2025-06-13 00:00:00,Allahabad,2169
2025-06-13 01:00:00,Kolkata,1766
2025-06-13 02:00:00,Ranchi,1759
2025-06-13 03:00:00,Vadodara,2510
2025-06-13 04:00:00,Nashik,1444
2025-06-13 05:00:00,Ranchi,1842
2025-06-13 06:00:00,Navi Mumbai,1746
2025-06-13 07:00:00,Nagpur,1743
2025-06-13 08:00:00,Navi Mumbai,1784
2025-06-13 09:00:00,Raipur,2381
2025-06-13 10:00:00,Vasai,2642
2025-06-13 11:00:00,Kolkata,3347
2025-06-13 12:00:00,Kalyan,2876
2025-06-13 13:00:00,Rajkot,3271
2025-06-13 14:00:00,Guwahati,2525
2025-06-13 15:00:00,Aurangabad,1981
2025-06-13 16:00:00,Jaipur,3046
2025-06-13 17:00:00,Jodhpur,2137
2025-06-13 18:00:00,Kanpur,4031
2025-06-13 19:00:00,Nashik,3974
2025-06-13 20:00:00,Amritsar,4361
2025-06-13 21:00:00,Allahabad,3301
2025-06-13 22:00:00,Agra,3130
2025-06-13 23:00:00,Madurai,1496
2025-06-14 00:00:00,Lucknow,2220
2025-06-14 01:00:00,Jodhpur,1778
2025-06-14 02:00:00,Jaipur,2300
2025-06-14 03:00:00,Navi Mumbai,1804
2025-06-14 04:00:00,Bangalore,2216
2025-06-14 05:00:00,Kanpur,2379
2025-06-14 06:00:00,Ghaziabad,1765
2025-06-14 07:00:00,Srinagar,2293
2025-06-14 08:00:00,Raipur,2222
2025-06-14 09:00:00,Agra,1860
2025-06-14 10:00:00,Howrah,2579
2025-06-14 11:00:00,Kanpur,2749
2025-06-14 12:00:00,Kalyan,2699
2025-06-14 13:00:00,Thane,2889
2025-06-14 14:00:00,Bhopal,2467
2025-06-14 15:00:00,Srinagar,2540
2025-06-14 16:00:00,Lucknow,2885
2025-06-14 17:00:00,Hyderabad,1897
2025-06-14 18:00:00,Meerut,3513
2025-06-14 19:00:00,Ranchi,3934
2025-06-14 20:00:00,Dhanbad,3299
2025-06-14 21:00:00,Madurai,3128
2025-06-14 22:00:00,Ludhiana,3668
2025-06-14 23:00:00,Coimbatore,1599
2025-06-15 00:00:00,Gwalior,1706
2025-06-15 01:00:00,Navi Mumbai,2367
2025-06-15 02:00:00,Rajkot,2043
2025-06-15 03:00:00,Patna,1466
2025-06-15 04:00:00,Aurangabad,1678
2025-06-15 05:00:00,Meerut,2234
2025-06-15 06:00:00,Ranchi,1685
2025-06-15 07:00:00,Kolkata,2141
2025-06-15 08:00:00,Meerut,2051
2025-06-15 09:00:00,Lucknow,2954
2025-06-15 10:00:00,Srinagar,1967
2025-06-15 11:00:00,Agra,2294
2025-06-15 12:00:00,Allahabad,1910
2025-06-15 13:00:00,Madurai,3162
2025-06-15 14:00:00,Indore,2683
2025-06-15 15:00:00,Delhi,2289
2025-06-15 16:00:00,Gwalior,2093
2025-06-15 17:00:00,Vijayawada,3101
2025-06-15 18:00:00,Jaipur,3573
2025-06-15 19:00:00,Nagpur,4212
2025-06-15 20:00:00,Chennai,3184
2025-06-15 21:00:00,Bangalore,4067
2025-06-15 22:00:00,Jabalpur,3031
2025-06-15 23:00:00,Meerut,1599
2025-06-16 00:00:00,Faridabad,1912
2025-06-16 01:00:00,Hubli,1722
2025-06-16 02:00:00,Vijayawada,1422
2025-06-16 03:00:00,Pune,1847
2025-06-16 04:00:00,Mumbai,2240
2025-06-16 05:00:00,Mumbai,1353
2025-06-16 06:00:00,Amritsar,1396
2025-06-16 07:00:00,Howrah,1728
2025-06-16 08:00:00,Indore,1782
2025-06-16 09:00:00,Kanpur,2746
2025-06-16 10:00:00,Hyderabad,2243
2025-06-16 11:00:00,Chennai,2009
2025-06-16 12:00:00,Howrah,2435
2025-06-16 13:00:00,Lucknow,2841
2025-06-16 14:00:00,Vasai,2333
2025-06-16 15:00:00,Ranchi,2153
2025-06-16 16:00:00,Vijayawada,3172
2025-06-16 17:00:00,Nashik,2309
2025-06-16 18:00:00,Guwahati,3306
2025-06-16 19:00:00,Delhi,3005
2025-06-16 20:00:00,Srinagar,4196
2025-06-16 21:00:00,Gwalior,3716
2025-06-16 22:00:00,Madurai,3496
2025-06-16 23:00:00,Faridabad,1783
2025-06-17 00:00:00,Nashik,2083
2025-06-17 01:00:00,Varanasi,2265
2025-06-17 02:00:00,Vijayawada,1702
2025-06-17 03:00:00,Kanpur,1776
2025-06-17 04:00:00,Faridabad,2235
2025-06-17 05:00:00,Pune,1491
2025-06-17 06:00:00,Madurai,2239
2025-06-17 07:00:00,Pune,2245
2025-06-17 08:00:00,Chennai,1600
2025-06-17 09:00:00,Howrah,2507
2025-06-17 10:00:00,Aurangabad,1975
2025-06-17 11:00:00,Nashik,2826
2025-06-17 12:00:00,Chennai,2531
2025-06-17 13:00:00,Bangalore,2783
2025-06-17 14:00:00,Delhi,2710
2025-06-17 15:00:00,Faridabad,2400
2025-06-17 16:00:00,Agra,2710
2025-06-17 17:00:00,Chandigarh,2404
2025-06-17 18:00:00,Srinagar,3147
2025-06-17 19:00:00,Solapur,3898
2025-06-17 20:00:00,Ahmedabad,3367
2025-06-17 21:00:00,Lucknow,3734
2025-06-17 22:00:00,Ranchi,4444
2025-06-17 23:00:00,Chennai,2283
2025-06-18 00:00:00,Gwalior,2104
2025-06-18 01:00:00,Allahabad,1540
2025-06-18 02:00:00,Bhopal,1737
2025-06-18 03:00:00,Coimbatore,1650
2025-06-18 04:00:00,Guwahati,1546
2025-06-18 05:00:00,Kanpur,1980
2025-06-18 06:00:00,Lucknow,1942
2025-06-18 07:00:00,Vasai,1546
2025-06-18 08:00:00,Agra,1681
2025-06-18 09:00:00,Raipur,2679
2025-06-18 10:00:00,Mumbai,1937
2025-06-18 11:00:00,Gwalior,2132
2025-06-18 12:00:00,Jabalpur,2478
2025-06-18 13:00:00,Allahabad,3229
2025-06-18 14:00:00,Varanasi,2432
2025-06-18 15:00:00,Agra,2650
2025-06-18 16:00:00,Vasai,3086
2025-06-18 17:00:00,Faridabad,2305
2025-06-18 18:00:00,Kanpur,4190
2025-06-18 19:00:00,Indore,3383
2025-06-18 20:00:00,Aurangabad,3805
2025-06-18 21:00:00,Jodhpur,3917
2025-06-18 22:00:00,Bangalore,4033
2025-06-18 23:00:00,Ranchi,1713
2025-06-19 00:00:00,Coimbatore,1789
2025-06-19 01:00:00,Indore,1548
2025-06-19 02:00:00,Solapur,1739
2025-06-19 03:00:00,Nagpur,1626
2025-06-19 04:00:00,Meerut,1645
2025-06-19 05:00:00,Kanpur,2282
2025-06-19 06:00:00,Meerut,1371
2025-06-19 07:00:00,Faridabad,2151
2025-06-19 08:00:00,Nagpur,2247
2025-06-19 09:00:00,Ranchi,2825
2025-06-19 10:00:00,Bangalore,2191
2025-06-19 11:00:00,Nagpur,2494
2025-06-19 12:00:00,Vasai,3150
2025-06-19 13:00:00,Hubli,2455
2025-06-19 14:00:00,Agra,3036
2025-06-19 15:00:00,Vasai,2817
2025-06-19 16:00:00,Madurai,2931
2025-06-19 17:00:00,Solapur,2352
2025-06-19 18:00:00,Pune,3073
2025-06-19 19:00:00,Jaipur,4388
2025-06-19 20:00:00,Chandigarh,3319
2025-06-19 21:00:00,Ranchi,3462
2025-06-19 22:00:00,Gwalior,3432
2025-06-19 23:00:00,Dhanbad,1611
2025-06-20 00:00:00,Kota,2272
2025-06-20 01:00:00,Faridabad,1401
2025-06-20 02:00:00,Amritsar,1685
2025-06-20 03:00:00,Meerut,2324
2025-06-20 04:00:00,Gwalior,2060
2025-06-20 05:00:00,Indore,2264
2025-06-20 06:00:00,Chandigarh,2200
2025-06-20 07:00:00,Kota,1306
2025-06-20 08:00:00,Vijayawada,2126
2025-06-20 09:00:00,Howrah,2583
2025-06-20 10:00:00,Jabalpur,2475
2025-06-20 11:00:00,Bhopal,2873
2025-06-20 12:00:00,Ghaziabad,3141
2025-06-20 13:00:00,Ranchi,2688
2025-06-20 14:00:00,Kanpur,2481
2025-06-20 15:00:00,Dhanbad,3010
2025-06-20 16:00:00,Srinagar,2479
2025-06-20 17:00:00,Ludhiana,2638
2025-06-20 18:00:00,Ghaziabad,4020
2025-06-20 19:00:00,Nagpur,3119
2025-06-20 20:00:00,Solapur,3254
2025-06-20 21:00:00,Ranchi,2612
2025-06-20 22:00:00,Bhopal,4105
2025-06-20 23:00:00,Amritsar,1996
2025-06-21 00:00:00,Guwahati,1995
2025-06-21 01:00:00,Guwahati,2285
2025-06-21 02:00:00,Kanpur,1818
2025-06-21 03:00:00,Lucknow,1786
2025-06-21 04:00:00,Howrah,1659
2025-06-21 05:00:00,Ranchi,1972
2025-06-21 06:00:00,Amritsar,1856
2025-06-21 07:00:00,Kalyan,1843
2025-06-21 08:00:00,Kalyan,2237
2025-06-21 09:00:00,Varanasi,2945
2025-06-21 10:00:00,Madurai,1886
2025-06-21 11:00:00,Nagpur,2555
2025-06-21 12:00:00,Vadodara,3005
2025-06-21 13:00:00,Jaipur,3041
2025-06-21 14:00:00,Amritsar,2705
2025-06-21 15:00:00,Navi Mumbai,2445
2025-06-21 16:00:00,Faridabad,2851
2025-06-21 17:00:00,Kota,3498
2025-06-21 18:00:00,Rajkot,4138
2025-06-21 19:00:00,Howrah,3325
2025-06-21 20:00:00,Amritsar,3753
2025-06-21 21:00:00,Chandigarh,3931
2025-06-21 22:00:00,Madurai,3415
2025-06-21 23:00:00,Meerut,2101
2025-06-22 00:00:00,Jabalpur,2012
2025-06-22 01:00:00,Jodhpur,1649
2025-06-22 02:00:00,Chennai,1847
2025-06-22 03:00:00,Ghaziabad,2225
2025-06-22 04:00:00,Coimbatore,2264
2025-06-22 05:00:00,Faridabad,2438
2025-06-22 06:00:00,Dhanbad,1982
2025-06-22 07:00:00,Faridabad,1725
2025-06-22 08:00:00,Madurai,1617
2025-06-22 09:00:00,Bhopal,2515
2025-06-22 10:00:00,Aurangabad,2517
2025-06-22 11:00:00,Madurai,3300
2025-06-22 12:00:00,Agra,2113
2025-06-22 13:00:00,Rajkot,2866
2025-06-22 14:00:00,Gwalior,2914
2025-06-22 15:00:00,Vadodara,2352
2025-06-22 16:00:00,Visakhapatnam,2288
2025-06-22 17:00:00,Lucknow,2579
2025-06-22 18:00:00,Ranchi,4318
2025-06-22 19:00:00,Delhi,3949
2025-06-22 20:00:00,Vijayawada,4660
2025-06-22 21:00:00,Agra,3456
2025-06-22 22:00:00,Ludhiana,4437
2025-06-22 23:00:00,Meerut,1609
2025-06-23 00:00:00,Madurai,2284
2025-06-23 01:00:00,Kanpur,2367
2025-06-23 02:00:00,Allahabad,1613
2025-06-23 03:00:00,Raipur,1932
2025-06-23 04:00:00,Delhi,1590
2025-06-23 05:00:00,Lucknow,1467
2025-06-23 06:00:00,Chennai,1529
2025-06-23 07:00:00,Chennai,2363
2025-06-23 08:00:00,Agra,2062
2025-06-23 09:00:00,Patna,3076
2025-06-23 10:00:00,Madurai,2818
2025-06-23 11:00:00,Srinagar,2578
2025-06-23 12:00:00,Kalyan,2171
2025-06-23 13:00:00,Ranchi,2642
2025-06-23 14:00:00,Madurai,3336
2025-06-23 15:00:00,Thane,3061
2025-06-23 16:00:00,Chandigarh,2428
2025-06-23 17:00:00,Bangalore,2344
2025-06-23 18:00:00,Faridabad,3911
2025-06-23 19:00:00,Rajkot,4040
2025-06-23 20:00:00,Visakhapatnam,3530
2025-06-23 21:00:00,Bhopal,3685
2025-06-23 22:00:00,Kota,3525
2025-06-23 23:00:00,Mumbai,1418
2025-06-24 00:00:00,Kanpur,1774
2025-06-24 01:00:00,Bangalore,1319
2025-06-24 02:00:00,Kanpur,1273
2025-06-24 03:00:00,Kalyan,1489
2025-06-24 04:00:00,Agra,2288
2025-06-24 05:00:00,Indore,1949
2025-06-24 06:00:00,Pune,1570
2025-06-24 07:00:00,Nagpur,1710
2025-06-24 08:00:00,Delhi,1773
2025-06-24 09:00:00,Chandigarh,2394
2025-06-24 10:00:00,Navi Mumbai,2796
2025-06-24 11:00:00,Faridabad,2283
2025-06-24 12:00:00,Patna,2697
2025-06-24 13:00:00,Vadodara,2356
2025-06-24 14:00:00,Navi Mumbai,2253
2025-06-24 15:00:00,Kota,2540
2025-06-24 16:00:00,Kolkata,3173
2025-06-24 17:00:00,Allahabad,2813
2025-06-24 18:00:00,Gwalior,3767
2025-06-24 19:00:00,Delhi,3931
2025-06-24 20:00:00,Patna,2948
2025-06-24 21:00:00,Coimbatore,2795
2025-06-24 22:00:00,Bhopal,3949
2025-06-24 23:00:00,Navi Mumbai,2462
2025-06-25 00:00:00,Meerut,1356
2025-06-25 01:00:00,Navi Mumbai,2067
2025-06-25 02:00:00,Guwahati,1835
2025-06-25 03:00:00,Amritsar,1648
2025-06-25 04:00:00,Aurangabad,2449
2025-06-25 05:00:00,Amritsar,2321
2025-06-25 06:00:00,Indore,1852
2025-06-25 07:00:00,Jaipur,2269
2025-06-25 08:00:00,Indore,2370
2025-06-25 09:00:00,Gwalior,2738
2025-06-25 10:00:00,Bhopal,2094
2025-06-25 11:00:00,Jabalpur,2115
2025-06-25 12:00:00,Pune,3071
2025-06-25 13:00:00,Meerut,3093
2025-06-25 14:00:00,Thane,2402
2025-06-25 15:00:00,Vasai,2630
2025-06-25 16:00:00,Bhopal,3027
2025-06-25 17:00:00,Kolkata,3161
2025-06-25 18:00:00,Kolkata,3925
2025-06-25 19:00:00,Kota,3770
2025-06-25 20:00:00,Lucknow,3272
2025-06-25 21:00:00,Dhanbad,3618
2025-06-25 22:00:00,Chandigarh,4138
2025-06-25 23:00:00,Vasai,1856
2025-06-26 00:00:00,Pune,2507
2025-06-26 01:00:00,Allahabad,2390
2025-06-26 02:00:00,Thane,2116
2025-06-26 03:00:00,Pune,1590
2025-06-26 04:00:00,Chennai,2366
2025-06-26 05:00:00,Srinagar,2427
2025-06-26 06:00:00,Kota,2358
2025-06-26 07:00:00,Ranchi,1921
2025-06-26 08:00:00,Pune,2066
2025-06-26 09:00:00,Chennai,2086
2025-06-26 10:00:00,Navi Mumbai,2800
2025-06-26 11:00:00,Meerut,3374
2025-06-26 12:00:00,Solapur,2107
2025-06-26 13:00:00,Mumbai,2396
2025-06-26 14:00:00,Ludhiana,2527
2025-06-26 15:00:00,Varanasi,2704
2025-06-26 16:00:00,Dhanbad,2808
2025-06-26 17:00:00,Rajkot,3382
2025-06-26 18:00:00,Hubli,4601
2025-06-26 19:00:00,Raipur,3410
2025-06-26 20:00:00,Navi Mumbai,3708
2025-06-26 21:00:00,Pune,4089
2025-06-26 22:00:00,Vasai,2767
2025-06-26 23:00:00,Varanasi,2272
2025-06-27 00:00:00,Navi Mumbai,1399
2025-06-27 01:00:00,Aurangabad,1860
2025-06-27 02:00:00,Agra,2488
2025-06-27 03:00:00,Kota,1994
2025-06-27 04:00:00,Agra,1556
2025-06-27 05:00:00,Vasai,1832
2025-06-27 06:00:00,Bhopal,1396
2025-06-27 07:00:00,Hubli,1991
2025-06-27 08:00:00,Hubli,2345
2025-06-27 09:00:00,Chandigarh,2178
2025-06-27 10:00:00,Jodhpur,2663
2025-06-27 11:00:00,Ahmedabad,2121
2025-06-27 12:00:00,Ahmedabad,3074
2025-06-27 13:00:00,Patna,2884
2025-06-27 14:00:00,Srinagar,1936
2025-06-27 15:00:00,Faridabad,2890
2025-06-27 16:00:00,Faridabad,2396
2025-06-27 17:00:00,Nashik,2336
2025-06-27 18:00:00,Howrah,4556
2025-06-27 19:00:00,Jaipur,4051
2025-06-27 20:00:00,Coimbatore,3487
2025-06-27 21:00:00,Howrah,3452
2025-06-27 22:00:00,Coimbatore,4452
2025-06-27 23:00:00,Gwalior,1276
2025-06-28 00:00:00,Jabalpur,2291
2025-06-28 01:00:00,Lucknow,1492
2025-06-28 02:00:00,Kanpur,2112
2025-06-28 03:00:00,Vijayawada,2543
2025-06-28 04:00:00,Navi Mumbai,2267
2025-06-28 05:00:00,Bangalore,1662
2025-06-28 06:00:00,Kalyan,1542
2025-06-28 07:00:00,Coimbatore,1497
2025-06-28 08:00:00,Visakhapatnam,2345
2025-06-28 09:00:00,Patna,2362
2025-06-28 10:00:00,Navi Mumbai,2613
2025-06-28 11:00:00,Meerut,3416
2025-06-28 12:00:00,Chennai,2859
2025-06-28 13:00:00,Jabalpur,2931
2025-06-28 14:00:00,Gwalior,3302
2025-06-28 15:00:00,Agra,2782
2025-06-28 16:00:00,Vasai,3437
2025-06-28 17:00:00,Delhi,2663
2025-06-28 18:00:00,Navi Mumbai,3085
2025-06-28 19:00:00,Amritsar,4115
2025-06-28 20:00:00,Kota,3857
2025-06-28 21:00:00,Indore,4093
2025-06-28 22:00:00,Chennai,2894
2025-06-28 23:00:00,Varanasi,2408
2025-06-29 00:00:00,Thane,2131
2025-06-29 01:00:00,Nagpur,1999
2025-06-29 02:00:00,Srinagar,2497
2025-06-29 03:00:00,Solapur,2460
2025-06-29 04:00:00,Madurai,2187
2025-06-29 05:00:00,Kanpur,2426
2025-06-29 06:00:00,Madurai,2237
2025-06-29 07:00:00,Visakhapatnam,1450
2025-06-29 08:00:00,Kota,2182
2025-06-29 09:00:00,Nashik,2363
2025-06-29 10:00:00,Kolkata,2745
2025-06-29 11:00:00,Amritsar,2457
2025-06-29 12:00:00,Allahabad,3296
2025-06-29 13:00:00,Ludhiana,2201
2025-06-29 14:00:00,Nashik,2884
2025-06-29 15:00:00,Patna,2593
2025-06-29 16:00:00,Vijayawada,3364
2025-06-29 17:00:00,Lucknow,1908
2025-06-29 18:00:00,Rajkot,4055
2025-06-29 19:00:00,Meerut,3347
2025-06-29 20:00:00,Mumbai,3428
2025-06-29 21:00:00,Jaipur,3772
2025-06-29 22:00:00,Amritsar,3855
2025-06-29 23:00:00,Vijayawada,2062
2025-06-30 00:00:00,Patna,1510
2025-06-30 01:00:00,Kalyan,1727
2025-06-30 02:00:00,Chennai,2100
2025-06-30 03:00:00,Gwalior,1824
2025-06-30 04:00:00,Kalyan,2207
2025-06-30 05:00:00,Indore,1519
2025-06-30 06:00:00,Agra,2256
2025-06-30 07:00:00,Delhi,2077
2025-06-30 08:00:00,Pune,1802
2025-06-30 09:00:00,Vadodara,3081
2025-06-30 10:00:00,Chennai,2629
2025-06-30 11:00:00,Kolkata,2120
2025-06-30 12:00:00,Kota,2971
2025-06-30 13:00:00,Jaipur,2826
2025-06-30 14:00:00,Pune,2789
2025-06-30 15:00:00,Vijayawada,2234
2025-06-30 16:00:00,Coimbatore,3134
2025-06-30 17:00:00,Kolkata,2375
2025-06-30 18:00:00,Faridabad,3390
2025-06-30 19:00:00,Srinagar,4375
2025-06-30 20:00:00,Vasai,3468
2025-06-30 21:00:00,Lucknow,3100
2025-06-30 22:00:00,Vasai,3629
2025-06-30 23:00:00,Rajkot,1563
2025-07-01 00:00:00,Aurangabad,2066
2025-07-01 01:00:00,Kota,1852
2025-07-01 02:00:00,Jodhpur,1760
2025-07-01 03:00:00,Srinagar,1533
2025-07-01 04:00:00,Howrah,1919
2025-07-01 05:00:00,Howrah,1784
2025-07-01 06:00:00,Mumbai,2238
2025-07-01 07:00:00,Thane,1369
2025-07-01 08:00:00,Indore,2068
2025-07-01 09:00:00,Ludhiana,2693
2025-07-01 10:00:00,Vasai,2799
2025-07-01 11:00:00,Kalyan,3021
2025-07-01 12:00:00,Kanpur,2255
2025-07-01 13:00:00,Jaipur,2931
2025-07-01 14:00:00,Vijayawada,2838
2025-07-01 15:00:00,Bangalore,2697
2025-07-01 16:00:00,Kanpur,2290
2025-07-01 17:00:00,Jaipur,3126
2025-07-01 18:00:00,Solapur,3878
2025-07-01 19:00:00,Visakhapatnam,2563
2025-07-01 20:00:00,Ludhiana,3679
2025-07-01 21:00:00,Pune,3288
2025-07-01 22:00:00,Dhanbad,4910
2025-07-01 23:00:00,Amritsar,2272
2025-07-02 00:00:00,Rajkot,1533
2025-07-02 01:00:00,Raipur,1554
2025-07-02 02:00:00,Solapur,2251
2025-07-02 03:00:00,Aurangabad,2175
2025-07-02 04:00:00,Vasai,1918
2025-07-02 05:00:00,Amritsar,2081
2025-07-02 06:00:00,Vadodara,1790
2025-07-02 07:00:00,Ghaziabad,2256
2025-07-02 08:00:00,Vasai,1729
2025-07-02 09:00:00,Ludhiana,2367
2025-07-02 10:00:00,Hyderabad,3061
2025-07-02 11:00:00,Allahabad,2433
2025-07-02 12:00:00,Indore,2509
2025-07-02 13:00:00,Ahmedabad,3426
2025-07-02 14:00:00,Raipur,2369
2025-07-02 15:00:00,Lucknow,2712
2025-07-02 16:00:00,Gwalior,2821
2025-07-02 17:00:00,Jabalpur,2314
2025-07-02 18:00:00,Jabalpur,4395
2025-07-02 19:00:00,Allahabad,4661
2025-07-02 20:00:00,Visakhapatnam,4110
2025-07-02 21:00:00,Ranchi,4344
2025-07-02 22:00:00,Delhi,4392
2025-07-02 23:00:00,Dhanbad,1660
2025-07-03 00:00:00,Rajkot,1899
2025-07-03 01:00:00,Amritsar,1984
2025-07-03 02:00:00,Chandigarh,1863
2025-07-03 03:00:00,Agra,1581
2025-07-03 04:00:00,Howrah,2043
2025-07-03 05:00:00,Vadodara,2008
2025-07-03 06:00:00,Vijayawada,1749
2025-07-03 07:00:00,Vijayawada,2047
2025-07-03 08:00:00,Srinagar,1779
2025-07-03 09:00:00,Navi Mumbai,2626
2025-07-03 10:00:00,Dhanbad,2644
2025-07-03 11:00:00,Jabalpur,2542
2025-07-03 12:00:00,Guwahati,2560
2025-07-03 13:00:00,Rajkot,2892
2025-07-03 14:00:00,Vadodara,2614
2025-07-03 15:00:00,Indore,2269
2025-07-03 16:00:00,Patna,2450
2025-07-03 17:00:00,Srinagar,3113
2025-07-03 18:00:00,Dhanbad,4744
2025-07-03 19:00:00,Chandigarh,3886
2025-07-03 20:00:00,Gwalior,3833
2025-07-03 21:00:00,Patna,3988
2025-07-03 22:00:00,Faridabad,3451
2025-07-03 23:00:00,Coimbatore,1507
2025-07-04 00:00:00,Kota,1592
2025-07-04 01:00:00,Mumbai,2039
2025-07-04 02:00:00,Agra,1794
2025-07-04 03:00:00,Rajkot,2513
2025-07-04 04:00:00,Varanasi,2322
2025-07-04 05:00:00,Coimbatore,2182
2025-07-04 06:00:00,Thane,1653
2025-07-04 07:00:00,Nagpur,1551
2025-07-04 08:00:00,Allahabad,1547
2025-07-04 09:00:00,Kanpur,2690
2025-07-04 10:00:00,Jabalpur,2826
2025-07-04 11:00:00,Bangalore,3066
2025-07-04 12:00:00,Dhanbad,2999
2025-07-04 13:00:00,Vasai,2529
2025-07-04 14:00:00,Chennai,2247
2025-07-04 15:00:00,Jabalpur,3179
2025-07-04 16:00:00,Amritsar,2770
2025-07-04 17:00:00,Dhanbad,3113
2025-07-04 18:00:00,Amritsar,4178
2025-07-04 19:00:00,Nashik,4479
2025-07-04 20:00:00,Hyderabad,3574
2025-07-04 21:00:00,Ranchi,3457
2025-07-04 22:00:00,Allahabad,3835
2025-07-04 23:00:00,Bangalore,1942
2025-07-05 00:00:00,Hyderabad,2291
2025-07-05 01:00:00,Meerut,2156
2025-07-05 02:00:00,Chandigarh,1418
2025-07-05 03:00:00,Ghaziabad,1922
2025-07-05 04:00:00,Dhanbad,1860
2025-07-05 05:00:00,Chandigarh,1873
2025-07-05 06:00:00,Raipur,2116
2025-07-05 07:00:00,Jabalpur,1583
2025-07-05 08:00:00,Raipur,1969
2025-07-05 09:00:00,Dhanbad,2165
2025-07-05 10:00:00,Kanpur,2585
2025-07-05 11:00:00,Patna,2517
2025-07-05 12:00:00,Aurangabad,2433
2025-07-05 13:00:00,Jaipur,3234
2025-07-05 14:00:00,Delhi,3195
2025-07-05 15:00:00,Ahmedabad,2475
2025-07-05 16:00:00,Ludhiana,1975
2025-07-05 17:00:00,Agra,2632
2025-07-05 18:00:00,Chennai,3328
2025-07-05 19:00:00,Ranchi,2818
2025-07-05 20:00:00,Bangalore,3999
2025-07-05 21:00:00,Gwalior,4388
2025-07-05 22:00:00,Vijayawada,3057
2025-07-05 23:00:00,Guwahati,1589
2025-07-06 00:00:00,Mumbai,1647
2025-07-06 01:00:00,Navi Mumbai,2138
2025-07-06 02:00:00,Raipur,1562
2025-07-06 03:00:00,Guwahati,1692
2025-07-06 04:00:00,Lucknow,1708
2025-07-06 05:00:00,Meerut,2381
2025-07-06 06:00:00,Navi Mumbai,2187
2025-07-06 07:00:00,Jodhpur,1755
2025-07-06 08:00:00,Vijayawada,1508
2025-07-06 09:00:00,Bhopal,2305
2025-07-06 10:00:00,Srinagar,2260
2025-07-06 11:00:00,Jabalpur,2456
2025-07-06 12:00:00,Jaipur,2185
2025-07-06 13:00:00,Meerut,3280
2025-07-06 14:00:00,Pune,2735
2025-07-06 15:00:00,Madurai,2716
2025-07-06 16:00:00,Vasai,2503
2025-07-06 17:00:00,Navi Mumbai,2097
2025-07-06 18:00:00,Nashik,3910
2025-07-06 19:00:00,Thane,3958
2025-07-06 20:00:00,Kota,2900
2025-07-06 21:00:00,Varanasi,4150
2025-07-06 22:00:00,Faridabad,4220
2025-07-06 23:00:00,Madurai,1811
2025-07-07 00:00:00,Ludhiana,1542
2025-07-07 01:00:00,Srinagar,1814
2025-07-07 02:00:00,Mumbai,1910
2025-07-07 03:00:00,Indore,1529
2025-07-07 04:00:00,Howrah,2287
2025-07-07 05:00:00,Delhi,1894
2025-07-07 06:00:00,Bhopal,2011
2025-07-07 07:00:00,Jaipur,1811
2025-07-07 08:00:00,Jodhpur,1721
2025-07-07 09:00:00,Solapur,2025
2025-07-07 10:00:00,Mumbai,2201
2025-07-07 11:00:00,Amritsar,2548
2025-07-07 12:00:00,Gwalior,2387
2025-07-07 13:00:00,Nagpur,1985
2025-07-07 14:00:00,Pune,2366
2025-07-07 15:00:00,Varanasi,2736
2025-07-07 16:00:00,Madurai,2588
2025-07-07 17:00:00,Nashik,2642
2025-07-07 18:00:00,Allahabad,4853
2025-07-07 19:00:00,Dhanbad,4067
2025-07-07 20:00:00,Chennai,3167
2025-07-07 21:00:00,Indore,3587
2025-07-07 22:00:00,Navi Mumbai,3572
2025-07-07 23:00:00,Delhi,1884
2025-07-08 00:00:00,Jodhpur,1963
2025-07-08 01:00:00,Ludhiana,2153
2025-07-08 02:00:00,Visakhapatnam,2023
2025-07-08 03:00:00,Howrah,1509
2025-07-08 04:00:00,Varanasi,2096
2025-07-08 05:00:00,Varanasi,1372
2025-07-08 06:00:00,Chennai,1934
2025-07-08 07:00:00,Gwalior,1801
2025-07-08 08:00:00,Agra,1732
2025-07-08 09:00:00,Jodhpur,2403
2025-07-08 10:00:00,Kalyan,3169
2025-07-08 11:00:00,Thane,3000
2025-07-08 12:00:00,Chandigarh,2522
2025-07-08 13:00:00,Indore,2850
2025-07-08 14:00:00,Rajkot,2057
2025-07-08 15:00:00,Bhopal,2292
2025-07-08 16:00:00,Vijayawada,2567
2025-07-08 17:00:00,Kolkata,2403
2025-07-08 18:00:00,Kolkata,3563
2025-07-08 19:00:00,Delhi,3943
2025-07-08 20:00:00,Ghaziabad,4308
2025-07-08 21:00:00,Jabalpur,2742
2025-07-08 22:00:00,Aurangabad,3095
2025-07-08 23:00:00,Coimbatore,2001
2025-07-09 00:00:00,Rajkot,1843
2025-07-09 01:00:00,Raipur,2229
2025-07-09 02:00:00,Hyderabad,1807
2025-07-09 03:00:00,Navi Mumbai,2371
2025-07-09 04:00:00,Vasai,2314
2025-07-09 05:00:00,Faridabad,1383
2025-07-09 06:00:00,Rajkot,1706
2025-07-09 07:00:00,Solapur,1825
2025-07-09 08:00:00,Madurai,1456
2025-07-09 09:00:00,Kolkata,2646
2025-07-09 10:00:00,Kota,2838
2025-07-09 11:00:00,Howrah,2870
2025-07-09 12:00:00,Ranchi,3049
2025-07-09 13:00:00,Indore,2472
2025-07-09 14:00:00,Guwahati,3166
2025-07-09 15:00:00,Rajkot,3078
2025-07-09 16:00:00,Kolkata,2522
2025-07-09 17:00:00,Nashik,1950
2025-07-09 18:00:00,Nagpur,4049
2025-07-09 19:00:00,Faridabad,3534
2025-07-09 20:00:00,Howrah,2902
2025-07-09 21:00:00,Indore,4585
2025-07-09 22:00:00,Kolkata,3767
2025-07-09 23:00:00,Hubli,1758
2025-07-10 00:00:00,Raipur,1594
2025-07-10 01:00:00,Hyderabad,1825
2025-07-10 02:00:00,Bangalore,2219
2025-07-10 03:00:00,Chandigarh,2339
2025-07-10 04:00:00,Jodhpur,2310
2025-07-10 05:00:00,Guwahati,1673
2025-07-10 06:00:00,Agra,1548
2025-07-10 07:00:00,Guwahati,2413
2025-07-10 08:00:00,Guwahati,2026
2025-07-10 09:00:00,Kota,2345
2025-07-10 10:00:00,Agra,2382
2025-07-10 11:00:00,Kota,2362
2025-07-10 12:00:00,Hyderabad,2813
2025-07-10 13:00:00,Hyderabad,2821
2025-07-10 14:00:00,Chandigarh,3328
2025-07-10 15:00:00,Vasai,3151
2025-07-10 16:00:00,Delhi,3289
2025-07-10 17:00:00,Jabalpur,2850
2025-07-10 18:00:00,Indore,4781
2025-07-10 19:00:00,Varanasi,3418
2025-07-10 20:00:00,Kalyan,3868
2025-07-10 21:00:00,Mumbai,4717
2025-07-10 22:00:00,Allahabad,3722
2025-07-10 23:00:00,Solapur,1503
2025-07-11 00:00:00,Bhopal,1619
2025-07-11 01:00:00,Faridabad,2458
2025-07-11 02:00:00,Meerut,2259
2025-07-11 03:00:00,Kalyan,1712
2025-07-11 04:00:00,Rajkot,2120
2025-07-11 05:00:00,Chandigarh,1746
2025-07-11 06:00:00,Kanpur,1537
2025-07-11 07:00:00,Howrah,2287
2025-07-11 08:00:00,Nashik,2323
2025-07-11 09:00:00,Hubli,2661
2025-07-11 10:00:00,Kolkata,2759
2025-07-11 11:00:00,Hubli,2862
2025-07-11 12:00:00,Vijayawada,3188
2025-07-11 13:00:00,Meerut,2367
2025-07-11 14:00:00,Patna,2509
2025-07-11 15:00:00,Agra,2932
2025-07-11 16:00:00,Lucknow,2389
2025-07-11 17:00:00,Meerut,3459
2025-07-11 18:00:00,Allahabad,3732
2025-07-11 19:00:00,Hyderabad,3789
2025-07-11 20:00:00,Lucknow,4652
2025-07-11 21:00:00,Vijayawada,3238
2025-07-11 22:00:00,Ludhiana,3292
2025-07-11 23:00:00,Bhopal,1627
2025-07-12 00:00:00,Hubli,2083
2025-07-12 01:00:00,Bangalore,1645
2025-07-12 02:00:00,Thane,2190
2025-07-12 03:00:00,Chennai,2264
2025-07-12 04:00:00,Faridabad,1955
2025-07-12 05:00:00,Nashik,2390
2025-07-12 06:00:00,Mumbai,2090
2025-07-12 07:00:00,Hubli,1777
2025-07-12 08:00:00,Pune,2228
2025-07-12 09:00:00,Ranchi,2397
2025-07-12 10:00:00,Ghaziabad,2662
2025-07-12 11:00:00,Patna,2506
2025-07-12 12:00:00,Agra,2044
2025-07-12 13:00:00,Thane,2729
2025-07-12 14:00:00,Guwahati,2627
2025-07-12 15:00:00,Chandigarh,2747
2025-07-12 16:00:00,Allahabad,3346
2025-07-12 17:00:00,Ranchi,3316
2025-07-12 18:00:00,Patna,3887
2025-07-12 19:00:00,Jodhpur,3632
2025-07-12 20:00:00,Kota,4565
2025-07-12 21:00:00,Allahabad,4675
2025-07-12 22:00:00,Nashik,3280
2025-07-12 23:00:00,Mumbai,1696
2025-07-13 00:00:00,Vadodara,2020
2025-07-13 01:00:00,Delhi,1974
2025-07-13 02:00:00,Dhanbad,1796
2025-07-13 03:00:00,Thane,1506
2025-07-13 04:00:00,Vasai,2148
2025-07-13 05:00:00,Aurangabad,1930
2025-07-13 06:00:00,Coimbatore,1471
2025-07-13 07:00:00,Nashik,2177
2025-07-13 08:00:00,Patna,2454
2025-07-13 09:00:00,Mumbai,2537
2025-07-13 10:00:00,Indore,2897
2025-07-13 11:00:00,Jaipur,2824
2025-07-13 12:00:00,Delhi,2566
2025-07-13 13:00:00,Ghaziabad,3032
2025-07-13 14:00:00,Aurangabad,2979
2025-07-13 15:00:00,Srinagar,2377
2025-07-13 16:00:00,Lucknow,2467
2025-07-13 17:00:00,Srinagar,2906
2025-07-13 18:00:00,Mumbai,4150
2025-07-13 19:00:00,Ludhiana,3656
2025-07-13 20:00:00,Agra,4381
2025-07-13 21:00:00,Agra,3876
2025-07-13 22:00:00,Vijayawada,4262
2025-07-13 23:00:00,Jabalpur,1365
2025-07-14 00:00:00,Srinagar,2303
2025-07-14 01:00:00,Raipur,2150
2025-07-14 02:00:00,Delhi,1651
2025-07-14 03:00:00,Jabalpur,2049
2025-07-14 04:00:00,Raipur,1730
2025-07-14 05:00:00,Hyderabad,2182
2025-07-14 06:00:00,Ghaziabad,1916
2025-07-14 07:00:00,Faridabad,1495
2025-07-14 08:00:00,Chandigarh,2343
2025-07-14 09:00:00,Howrah,2780
2025-07-14 10:00:00,Bangalore,2357
2025-07-14 11:00:00,Nashik,2081
2025-07-14 12:00:00,Coimbatore,2859
2025-07-14 13:00:00,Nashik,3061
2025-07-14 14:00:00,Ludhiana,2670
2025-07-14 15:00:00,Srinagar,2590
2025-07-14 16:00:00,Howrah,3444
2025-07-14 17:00:00,Visakhapatnam,3038
2025-07-14 18:00:00,Ludhiana,3692
2025-07-14 19:00:00,Jabalpur,4664
2025-07-14 20:00:00,Mumbai,3267
2025-07-14 21:00:00,Ranchi,3935
2025-07-14 22:00:00,Ahmedabad,3745
2025-07-14 23:00:00,Kanpur,1566
2025-07-15 00:00:00,Ghaziabad,2052
2025-07-15 01:00:00,Kalyan,2173
2025-07-15 02:00:00,Thane,1934
2025-07-15 03:00:00,Hyderabad,1508
2025-07-15 04:00:00,Dhanbad,2405
2025-07-15 05:00:00,Delhi,1654
2025-07-15 06:00:00,Aurangabad,1837
2025-07-15 07:00:00,Varanasi,1306
2025-07-15 08:00:00,Chennai,1507
2025-07-15 09:00:00,Hyderabad,2499
2025-07-15 10:00:00,Gwalior,2180
2025-07-15 11:00:00,Varanasi,2107
2025-07-15 12:00:00,Ranchi,2043
2025-07-15 13:00:00,Bhopal,2774
2025-07-15 14:00:00,Delhi,2589
2025-07-15 15:00:00,Bhopal,2643
2025-07-15 16:00:00,Ludhiana,2552
2025-07-15 17:00:00,Lucknow,2391
2025-07-15 18:00:00,Patna,3445
2025-07-15 19:00:00,Vadodara,3691
2025-07-15 20:00:00,Mumbai,4118
2025-07-15 21:00:00,Lucknow,3275
2025-07-15 22:00:00,Vadodara,2983
2025-07-15 23:00:00,Chandigarh,1899
2025-07-16 00:00:00,Meerut,1948
2025-07-16 01:00:00,Patna,1825
2025-07-16 02:00:00,Meerut,1674
2025-07-16 03:00:00,Ranchi,2250
2025-07-16 04:00:00,Rajkot,2075
2025-07-16 05:00:00,Bangalore,2407
2025-07-16 06:00:00,Indore,2179
2025-07-16 07:00:00,Indore,2078
2025-07-16 08:00:00,Delhi,1642
2025-07-16 09:00:00,Chennai,2812
2025-07-16 10:00:00,Srinagar,2312
2025-07-16 11:00:00,Bhopal,2584
2025-07-16 12:00:00,Chennai,2700
2025-07-16 13:00:00,Mumbai,3299
2025-07-16 14:00:00,Rajkot,2397
2025-07-16 15:00:00,Howrah,2717
2025-07-16 16:00:00,Faridabad,3000
2025-07-16 17:00:00,Allahabad,2382
2025-07-16 18:00:00,Nagpur,3712
2025-07-16 19:00:00,Meerut,3692
2025-07-16 20:00:00,Coimbatore,3682
2025-07-16 21:00:00,Guwahati,3948
2025-07-16 22:00:00,Kalyan,3448
2025-07-16 23:00:00,Varanasi,1679
2025-07-17 00:00:00,Vadodara,2469
2025-07-17 01:00:00,Guwahati,2205
2025-07-17 02:00:00,Raipur,1541
2025-07-17 03:00:00,Allahabad,1824
2025-07-17 04:00:00,Hyderabad,1914
2025-07-17 05:00:00,Thane,1741
2025-07-17 06:00:00,Vijayawada,1739
2025-07-17 07:00:00,Vijayawada,2504
2025-07-17 08:00:00,Ludhiana,1566
2025-07-17 09:00:00,Navi Mumbai,2787
2025-07-17 10:00:00,Visakhapatnam,2946
2025-07-17 11:00:00,Howrah,2091
2025-07-17 12:00:00,Aurangabad,2855
2025-07-17 13:00:00,Ranchi,2363
2025-07-17 14:00:00,Faridabad,2819
2025-07-17 15:00:00,Varanasi,2345
2025-07-17 16:00:00,Kota,2836
2025-07-17 17:00:00,Mumbai,2925
2025-07-17 18:00:00,Chandigarh,3490
2025-07-17 19:00:00,Hyderabad,4518
2025-07-17 20:00:00,Thane,2907
2025-07-17 21:00:00,Faridabad,3520
2025-07-17 22:00:00,Jabalpur,3668
2025-07-17 23:00:00,Bhopal,2306
2025-07-18 00:00:00,Hyderabad,2054
2025-07-18 01:00:00,Coimbatore,2104
2025-07-18 02:00:00,Amritsar,1871
2025-07-18 03:00:00,Rajkot,1495
2025-07-18 04:00:00,Amritsar,2041
2025-07-18 05:00:00,Kalyan,2114
2025-07-18 06:00:00,Madurai,2193
2025-07-18 07:00:00,Allahabad,2235
2025-07-18 08:00:00,Amritsar,1927
2025-07-18 09:00:00,Rajkot,2381
2025-07-18 10:00:00,Navi Mumbai,2675
2025-07-18 11:00:00,Ludhiana,3169
2025-07-18 12:00:00,Kolkata,2554
2025-07-18 13:00:00,Lucknow,2777
2025-07-18 14:00:00,Jabalpur,2820
2025-07-18 15:00:00,Meerut,3352
2025-07-18 16:00:00,Kanpur,2064
2025-07-18 17:00:00,Lucknow,3153
2025-07-18 18:00:00,Aurangabad,3602
2025-07-18 19:00:00,Hyderabad,4043
2025-07-18 20:00:00,Thane,3782
2025-07-18 21:00:00,Hubli,3721
2025-07-18 22:00:00,Rajkot,3992
2025-07-18 23:00:00,Bhopal,2010
2025-07-19 00:00:00,Hubli,1553
2025-07-19 01:00:00,Visakhapatnam,1605
2025-07-19 02:00:00,Ludhiana,2224
2025-07-19 03:00:00,Kalyan,1529
2025-07-19 04:00:00,Ahmedabad,1779
2025-07-19 05:00:00,Nagpur,2161
2025-07-19 06:00:00,Jabalpur,1673
2025-07-19 07:00:00,Ranchi,2125
2025-07-19 08:00:00,Navi Mumbai,1852
2025-07-19 09:00:00,Lucknow,3105
2025-07-19 10:00:00,Pune,2259
2025-07-19 11:00:00,Lucknow,3227
2025-07-19 12:00:00,Aurangabad,3246
2025-07-19 13:00:00,Ludhiana,2185
2025-07-19 14:00:00,Lucknow,3374
2025-07-19 15:00:00,Dhanbad,3055
2025-07-19 16:00:00,Vasai,2267
2025-07-19 17:00:00,Hyderabad,2708
2025-07-19 18:00:00,Guwahati,3332
2025-07-19 19:00:00,Ludhiana,2734
2025-07-19 20:00:00,Lucknow,4357
2025-07-19 21:00:00,Solapur,2627
2025-07-19 22:00:00,Ghaziabad,4074
2025-07-19 23:00:00,Kolkata,2268
2025-07-20 00:00:00,Vadodara,2244
2025-07-20 01:00:00,Madurai,2121
2025-07-20 02:00:00,Raipur,2187
2025-07-20 03:00:00,Jaipur,1992
2025-07-20 04:00:00,Raipur,1533
2025-07-20 05:00:00,Pune,2166
2025-07-20 06:00:00,Solapur,1848
2025-07-20 07:00:00,Navi Mumbai,1856
2025-07-20 08:00:00,Madurai,1529
2025-07-20 09:00:00,Hubli,2916
2025-07-20 10:00:00,Coimbatore,2965
2025-07-20 11:00:00,Nashik,2522
2025-07-20 12:00:00,Ghaziabad,2587
2025-07-20 13:00:00,Faridabad,3308
2025-07-20 14:00:00,Mumbai,2628
2025-07-20 15:00:00,Vadodara,2595
2025-07-20 16:00:00,Vadodara,2561
2025-07-20 17:00:00,Amritsar,1892
2025-07-20 18:00:00,Jodhpur,4380
2025-07-20 19:00:00,Patna,3206
2025-07-20 20:00:00,Ahmedabad,3582
2025-07-20 21:00:00,Delhi,3012
2025-07-20 22:00:00,Pune,3468
2025-07-20 23:00:00,Kanpur,2334
2025-07-21 00:00:00,Kanpur,2137
2025-07-21 01:00:00,Ahmedabad,1988
2025-07-21 02:00:00,Ghaziabad,2122
2025-07-21 03:00:00,Indore,2396
2025-07-21 04:00:00,Lucknow,2308
2025-07-21 05:00:00,Pune,1987
2025-07-21 06:00:00,Varanasi,2248
2025-07-21 07:00:00,Vadodara,2012
2025-07-21 08:00:00,Ranchi,1745
2025-07-21 09:00:00,Meerut,2632
2025-07-21 10:00:00,Bangalore,2213
2025-07-21 11:00:00,Meerut,2682
2025-07-21 12:00:00,Vadodara,2821
2025-07-21 13:00:00,Chennai,2939
2025-07-21 14:00:00,Bangalore,3132
2025-07-21 15:00:00,Gwalior,3018
2025-07-21 16:00:00,Jodhpur,2828
2025-07-21 17:00:00,Indore,3316
2025-07-21 18:00:00,Agra,4346
2025-07-21 19:00:00,Meerut,3736
2025-07-21 20:00:00,Lucknow,3922
2025-07-21 21:00:00,Ranchi,4242
2025-07-21 22:00:00,Ranchi,4790
2025-07-21 23:00:00,Vasai,2391
2025-07-22 00:00:00,Madurai,1996
2025-07-22 01:00:00,Lucknow,1346
2025-07-22 02:00:00,Jabalpur,2278
2025-07-22 03:00:00,Srinagar,1602
2025-07-22 04:00:00,Chennai,2148
2025-07-22 05:00:00,Thane,1913
2025-07-22 06:00:00,Ranchi,2268
2025-07-22 07:00:00,Indore,1873
2025-07-22 08:00:00,Pune,2077
2025-07-22 09:00:00,Jaipur,2413
2025-07-22 10:00:00,Dhanbad,2007
2025-07-22 11:00:00,Kolkata,2537
2025-07-22 12:00:00,Vadodara,2526
2025-07-22 13:00:00,Chennai,3240
2025-07-22 14:00:00,Patna,2974
2025-07-22 15:00:00,Visakhapatnam,2813
2025-07-22 16:00:00,Madurai,3033
2025-07-22 17:00:00,Vijayawada,2537
2025-07-22 18:00:00,Delhi,4276
2025-07-22 19:00:00,Vijayawada,3684
2025-07-22 20:00:00,Solapur,3762
2025-07-22 21:00:00,Indore,4578
2025-07-22 22:00:00,Kota,3141
2025-07-22 23:00:00,Nagpur,2453
2025-07-23 00:00:00,Chennai,2235
2025-07-23 01:00:00,Nashik,1598
2025-07-23 02:00:00,Delhi,1454
2025-07-23 03:00:00,Thane,1714
2025-07-23 04:00:00,Delhi,1605
2025-07-23 05:00:00,Jaipur,2186
2025-07-23 06:00:00,Mumbai,1616
2025-07-23 07:00:00,Ranchi,2129
2025-07-23 08:00:00,Allahabad,2388
2025-07-23 09:00:00,Kalyan,2648
2025-07-23 10:00:00,Howrah,2334
2025-07-23 11:00:00,Vijayawada,3345
2025-07-23 12:00:00,Jabalpur,2985
2025-07-23 13:00:00,Raipur,2181
2025-07-23 14:00:00,Varanasi,3002
2025-07-23 15:00:00,Madurai,2469
2025-07-23 16:00:00,Kanpur,3017
2025-07-23 17:00:00,Meerut,1937
2025-07-23 18:00:00,Nashik,3472
2025-07-23 19:00:00,Varanasi,4553
2025-07-23 20:00:00,Howrah,4018
2025-07-23 21:00:00,Bhopal,4902
2025-07-23 22:00:00,Gwalior,4568
2025-07-23 23:00:00,Rajkot,1450
2025-07-24 00:00:00,Vasai,1659
2025-07-24 01:00:00,Navi Mumbai,1994
2025-07-24 02:00:00,Nashik,1862
2025-07-24 03:00:00,Coimbatore,2140
2025-07-24 04:00:00,Jabalpur,1400
2025-07-24 05:00:00,Hubli,1842
2025-07-24 06:00:00,Amritsar,1306
2025-07-24 07:00:00,Coimbatore,1604
2025-07-24 08:00:00,Faridabad,2255
2025-07-24 09:00:00,Jaipur,2696
2025-07-24 10:00:00,Kanpur,3140
2025-07-24 11:00:00,Jodhpur,3142
2025-07-24 12:00:00,Mumbai,3300
2025-07-24 13:00:00,Vijayawada,2608
2025-07-24 14:00:00,Jabalpur,2609
2025-07-24 15:00:00,Visakhapatnam,3116
2025-07-24 16:00:00,Jodhpur,2674
2025-07-24 17:00:00,Bangalore,2615
2025-07-24 18:00:00,Madurai,4065
2025-07-24 19:00:00,Raipur,3382
2025-07-24 20:00:00,Dhanbad,4929
2025-07-24 21:00:00,Rajkot,3487
2025-07-24 22:00:00,Bangalore,4003
2025-07-24 23:00:00,Nagpur,1696
2025-07-25 00:00:00,Hyderabad,2082
2025-07-25 01:00:00,Kanpur,1751
2025-07-25 02:00:00,Chandigarh,1928
2025-07-25 03:00:00,Ludhiana,1955
2025-07-25 04:00:00,Visakhapatnam,1529
2025-07-25 05:00:00,Amritsar,1951
2025-07-25 06:00:00,Chandigarh,1964
2025-07-25 07:00:00,Bangalore,1574
2025-07-25 08:00:00,Mumbai,1757
2025-07-25 09:00:00,Ahmedabad,2579
2025-07-25 10:00:00,Jaipur,2103
2025-07-25 11:00:00,Ahmedabad,2429
2025-07-25 12:00:00,Vadodara,2939
2025-07-25 13:00:00,Patna,2856
2025-07-25 14:00:00,Ahmedabad,2671
2025-07-25 15:00:00,Ahmedabad,2424
2025-07-25 16:00:00,Varanasi,3164
2025-07-25 17:00:00,Varanasi,2028
2025-07-25 18:00:00,Delhi,3674
2025-07-25 19:00:00,Chennai,3936
2025-07-25 20:00:00,Indore,3674
2025-07-25 21:00:00,Raipur,4031
2025-07-25 22:00:00,Kalyan,3514
2025-07-25 23:00:00,Vadodara,1814
2025-07-26 00:00:00,Kolkata,1740
2025-07-26 01:00:00,Hyderabad,1678
2025-07-26 02:00:00,Thane,2477
2025-07-26 03:00:00,Coimbatore,2120
2025-07-26 04:00:00,Dhanbad,2294
2025-07-26 05:00:00,Howrah,2516
2025-07-26 06:00:00,Ghaziabad,1412
2025-07-26 07:00:00,Gwalior,1733
2025-07-26 08:00:00,Nagpur,1979
2025-07-26 09:00:00,Bangalore,2971
2025-07-26 10:00:00,Nagpur,3100
2025-07-26 11:00:00,Meerut,2245
2025-07-26 12:00:00,Jaipur,2380
2025-07-26 13:00:00,Delhi,2620
2025-07-26 14:00:00,Delhi,3282
2025-07-26 15:00:00,Srinagar,2578
2025-07-26 16:00:00,Dhanbad,2241
2025-07-26 17:00:00,Gwalior,2615
2025-07-26 18:00:00,Nagpur,2903
2025-07-26 19:00:00,Ranchi,3065
2025-07-26 20:00:00,Visakhapatnam,4113
2025-07-26 21:00:00,Howrah,3795
2025-07-26 22:00:00,Ghaziabad,4502
2025-07-26 23:00:00,Guwahati,1480
2025-07-27 00:00:00,Pune,1386
2025-07-27 01:00:00,Thane,1833
2025-07-27 02:00:00,Mumbai,2236
2025-07-27 03:00:00,Srinagar,2066
2025-07-27 04:00:00,Allahabad,1893
2025-07-27 05:00:00,Kalyan,2059
2025-07-27 06:00:00,Amritsar,2316
2025-07-27 07:00:00,Bangalore,1524
2025-07-27 08:00:00,Pune,1928
2025-07-27 09:00:00,Visakhapatnam,2495
2025-07-27 10:00:00,Patna,2691
2025-07-27 11:00:00,Mumbai,2413
2025-07-27 12:00:00,Agra,2306
2025-07-27 13:00:00,Varanasi,2607
2025-07-27 14:00:00,Kolkata,1900
2025-07-27 15:00:00,Visakhapatnam,2564
2025-07-27 16:00:00,Hyderabad,2682
2025-07-27 17:00:00,Srinagar,2605
2025-07-27 18:00:00,Faridabad,4291
2025-07-27 19:00:00,Nashik,3334
2025-07-27 20:00:00,Thane,3986
2025-07-27 21:00:00,Nashik,3216
2025-07-27 22:00:00,Allahabad,4632
2025-07-27 23:00:00,Jaipur,1846
2025-07-28 00:00:00,Vijayawada,1690
2025-07-28 01:00:00,Agra,2368
2025-07-28 02:00:00,Raipur,1674
2025-07-28 03:00:00,Gwalior,2504
2025-07-28 04:00:00,Kota,1706
2025-07-28 05:00:00,Allahabad,2168
2025-07-28 06:00:00,Srinagar,2039
2025-07-28 07:00:00,Kota,1623
2025-07-28 08:00:00,Vijayawada,1644
2025-07-28 09:00:00,Jodhpur,2551
2025-07-28 10:00:00,Faridabad,2518
2025-07-28 11:00:00,Srinagar,2607
2025-07-28 12:00:00,Chennai,2270
2025-07-28 13:00:00,Vasai,2654
2025-07-28 14:00:00,Ludhiana,2470
2025-07-28 15:00:00,Solapur,3319
2025-07-28 16:00:00,Coimbatore,3261
2025-07-28 17:00:00,Varanasi,2599
2025-07-28 18:00:00,Coimbatore,4576
2025-07-28 19:00:00,Ahmedabad,2986
2025-07-28 20:00:00,Pune,4291
2025-07-28 21:00:00,Bangalore,4608
2025-07-28 22:00:00,Vadodara,2940
2025-07-28 23:00:00,Kalyan,1382
2025-07-29 00:00:00,Ghaziabad,2276
2025-07-29 01:00:00,Hubli,1711
2025-07-29 02:00:00,Raipur,1514
2025-07-29 03:00:00,Agra,2534
2025-07-29 04:00:00,Aurangabad,1887
2025-07-29 05:00:00,Vasai,2037
2025-07-29 06:00:00,Ludhiana,1943
2025-07-29 07:00:00,Howrah,2378
2025-07-29 08:00:00,Vadodara,1955
2025-07-29 09:00:00,Nagpur,2066
2025-07-29 10:00:00,Rajkot,2839
2025-07-29 11:00:00,Amritsar,3052
2025-07-29 12:00:00,Madurai,2800
2025-07-29 13:00:00,Chandigarh,2800
2025-07-29 14:00:00,Kalyan,2850
2025-07-29 15:00:00,Bangalore,2344
2025-07-29 16:00:00,Ranchi,2000
2025-07-29 17:00:00,Kanpur,2179
2025-07-29 18:00:00,Aurangabad,3604
2025-07-29 19:00:00,Dhanbad,2709
2025-07-29 20:00:00,Aurangabad,4165
2025-07-29 21:00:00,Varanasi,4461
2025-07-29 22:00:00,Allahabad,3657
2025-07-29 23:00:00,Chandigarh,1916
2025-07-30 00:00:00,Rajkot,1942
2025-07-30 01:00:00,Hyderabad,2220
2025-07-30 02:00:00,Vadodara,1372
2025-07-30 03:00:00,Coimbatore,2325
2025-07-30 04:00:00,Kanpur,1815
2025-07-30 05:00:00,Vijayawada,2278
2025-07-30 06:00:00,Ludhiana,1637
2025-07-30 07:00:00,Raipur,2372
2025-07-30 08:00:00,Bangalore,1521
2025-07-30 09:00:00,Coimbatore,2713
2025-07-30 10:00:00,Hyderabad,2354
2025-07-30 11:00:00,Delhi,2191
2025-07-30 12:00:00,Kalyan,2328
2025-07-30 13:00:00,Bhopal,2655
2025-07-30 14:00:00,Kota,3140
2025-07-30 15:00:00,Delhi,3157
2025-07-30 16:00:00,Chennai,2840
2025-07-30 17:00:00,Allahabad,2620
2025-07-30 18:00:00,Indore,3200
2025-07-30 19:00:00,Thane,3090
2025-07-30 20:00:00,Lucknow,4222
2025-07-30 21:00:00,Navi Mumbai,3653
2025-07-30 22:00:00,Solapur,4519
2025-07-30 23:00:00,Amritsar,1670
2025-07-31 00:00:00,Dhanbad,1475
2025-07-31 01:00:00,Coimbatore,1721
2025-07-31 02:00:00,Navi Mumbai,1570
2025-07-31 03:00:00,Solapur,1813
2025-07-31 04:00:00,Bangalore,1643
2025-07-31 05:00:00,Hubli,1820
2025-07-31 06:00:00,Gwalior,1481
2025-07-31 07:00:00,Solapur,1294
2025-07-31 08:00:00,Madurai,1700
2025-07-31 09:00:00,Indore,2758
2025-07-31 10:00:00,Ghaziabad,3305
2025-07-31 11:00:00,Chennai,2113
2025-07-31 12:00:00,Bhopal,2259
2025-07-31 13:00:00,Kanpur,2838
2025-07-31 14:00:00,Bhopal,2375
2025-07-31 15:00:00,Vijayawada,2214
2025-07-31 16:00:00,Jodhpur,2807
2025-07-31 17:00:00,Jabalpur,2986
2025-07-31 18:00:00,Vasai,2742
2025-07-31 19:00:00,Jabalpur,3830
2025-07-31 20:00:00,Solapur,4071
2025-07-31 21:00:00,Rajkot,3386
2025-07-31 22:00:00,Mumbai,3882
2025-07-31 23:00:00,Hyderabad,1423
2025-08-01 00:00:00,Jaipur,2333
2025-08-01 01:00:00,Gwalior,2254
2025-08-01 02:00:00,Bhopal,1330
2025-08-01 03:00:00,Ludhiana,2198
2025-08-01 04:00:00,Solapur,1457
2025-08-01 05:00:00,Chandigarh,2350
2025-08-01 06:00:00,Kolkata,1504
2025-08-01 07:00:00,Coimbatore,2281
2025-08-01 08:00:00,Agra,2328
2025-08-01 09:00:00,Ghaziabad,2411
2025-08-01 10:00:00,Ghaziabad,2471
2025-08-01 11:00:00,Indore,2716
2025-08-01 12:00:00,Chennai,2616
2025-08-01 13:00:00,Raipur,2909
2025-08-01 14:00:00,Guwahati,2496
2025-08-01 15:00:00,Visakhapatnam,2179
2025-08-01 16:00:00,Mumbai,2558
2025-08-01 17:00:00,Kolkata,2470
2025-08-01 18:00:00,Jaipur,3314
2025-08-01 19:00:00,Faridabad,3954
2025-08-01 20:00:00,Srinagar,4313
2025-08-01 21:00:00,Bhopal,3930
2025-08-01 22:00:00,Bangalore,4614
2025-08-01 23:00:00,Dhanbad,1938
2025-08-02 00:00:00,Jabalpur,1744
2025-08-02 01:00:00,Jabalpur,2164
2025-08-02 02:00:00,Ahmedabad,2309
2025-08-02 03:00:00,Ludhiana,2391
2025-08-02 04:00:00,Lucknow,1752
2025-08-02 05:00:00,Faridabad,1286
2025-08-02 06:00:00,Indore,1941
2025-08-02 07:00:00,Patna,1436
2025-08-02 08:00:00,Raipur,2085
2025-08-02 09:00:00,Kota,3226
2025-08-02 10:00:00,Hubli,2499
2025-08-02 11:00:00,Ghaziabad,2560
2025-08-02 12:00:00,Vijayawada,2289
2025-08-02 13:00:00,Kolkata,2941
2025-08-02 14:00:00,Ludhiana,3019
2025-08-02 15:00:00,Agra,2567
2025-08-02 16:00:00,Kanpur,2648
2025-08-02 17:00:00,Indore,2851
2025-08-02 18:00:00,Ranchi,3755
2025-08-02 19:00:00,Agra,3985
2025-08-02 20:00:00,Jabalpur,4203
2025-08-02 21:00:00,Ahmedabad,3729
2025-08-02 22:00:00,Vijayawada,3926
2025-08-02 23:00:00,Madurai,2107
2025-08-03 00:00:00,Bhopal,1472
2025-08-03 01:00:00,Guwahati,1998
2025-08-03 02:00:00,Patna,1453
2025-08-03 03:00:00,Kanpur,1812
2025-08-03 04:00:00,Hubli,2256
2025-08-03 05:00:00,Kanpur,2230
2025-08-03 06:00:00,Chennai,2190
2025-08-03 07:00:00,Varanasi,1410
2025-08-03 08:00:00,Kolkata,1687
2025-08-03 09:00:00,Srinagar,3013
2025-08-03 10:00:00,Jabalpur,3045
2025-08-03 11:00:00,Amritsar,2375
2025-08-03 12:00:00,Aurangabad,2358
2025-08-03 13:00:00,Visakhapatnam,3244
2025-08-03 14:00:00,Bhopal,2187
2025-08-03 15:00:00,Jodhpur,2914
2025-08-03 16:00:00,Lucknow,2458
2025-08-03 17:00:00,Allahabad,3223
2025-08-03 18:00:00,Dhanbad,3194
2025-08-03 19:00:00,Kolkata,4332
2025-08-03 20:00:00,Jabalpur,3604
2025-08-03 21:00:00,Howrah,4052
2025-08-03 22:00:00,Faridabad,3512
2025-08-03 23:00:00,Navi Mumbai,1318
2025-08-04 00:00:00,Delhi,2232
2025-08-04 01:00:00,Bangalore,2113
2025-08-04 02:00:00,Pune,2078
2025-08-04 03:00:00,Varanasi,2246
2025-08-04 04:00:00,Srinagar,1792
2025-08-04 05:00:00,Vadodara,1935
2025-08-04 06:00:00,Ludhiana,1712
2025-08-04 07:00:00,Coimbatore,2099
2025-08-04 08:00:00,Ranchi,1437
2025-08-04 09:00:00,Varanasi,3021
2025-08-04 10:00:00,Kalyan,2930
2025-08-04 11:00:00,Aurangabad,2958
2025-08-04 12:00:00,Allahabad,3036
2025-08-04 13:00:00,Dhanbad,1844
2025-08-04 14:00:00,Patna,2238
2025-08-04 15:00:00,Kanpur,2617
2025-08-04 16:00:00,Patna,2802
2025-08-04 17:00:00,Rajkot,2629
2025-08-04 18:00:00,Raipur,3391
2025-08-04 19:00:00,Patna,3704
2025-08-04 20:00:00,Lucknow,3265
2025-08-04 21:00:00,Ranchi,3626
2025-08-04 22:00:00,Dhanbad,4584
2025-08-04 23:00:00,Lucknow,2213
2025-08-05 00:00:00,Navi Mumbai,1799
2025-08-05 01:00:00,Meerut,2234
2025-08-05 02:00:00,Patna,1877
2025-08-05 03:00:00,Kalyan,1931
2025-08-05 04:00:00,Navi Mumbai,1727
2025-08-05 05:00:00,Kota,2221
2025-08-05 06:00:00,Howrah,1803
2025-08-05 07:00:00,Allahabad,2451
2025-08-05 08:00:00,Nashik,2327
2025-08-05 09:00:00,Chandigarh,3030
2025-08-05 10:00:00,Vasai,2229
2025-08-05 11:00:00,Thane,2540
2025-08-05 12:00:00,Vasai,3074
2025-08-05 13:00:00,Navi Mumbai,2586
2025-08-05 14:00:00,Kanpur,3124
2025-08-05 15:00:00,Visakhapatnam,2706
2025-08-05 16:00:00,Indore,2674
2025-08-05 17:00:00,Nagpur,2430
2025-08-05 18:00:00,Aurangabad,3121
2025-08-05 19:00:00,Srinagar,3257
2025-08-05 20:00:00,Visakhapatnam,2882
2025-08-05 21:00:00,Jaipur,3683
2025-08-05 22:00:00,Pune,3642
2025-08-05 23:00:00,Gwalior,1505
2025-08-06 00:00:00,Bangalore,2277
2025-08-06 01:00:00,Nagpur,1693
2025-08-06 02:00:00,Nashik,2422
2025-08-06 03:00:00,Mumbai,1538
2025-08-06 04:00:00,Raipur,1822
2025-08-06 05:00:00,Solapur,1715
2025-08-06 06:00:00,Faridabad,2241
2025-08-06 07:00:00,Aurangabad,2312
2025-08-06 08:00:00,Visakhapatnam,1566
2025-08-06 09:00:00,Hyderabad,3140
2025-08-06 10:00:00,Vadodara,2190
2025-08-06 11:00:00,Kanpur,3076
2025-08-06 12:00:00,Thane,2756
2025-08-06 13:00:00,Patna,3001
2025-08-06 14:00:00,Pune,3219
2025-08-06 15:00:00,Agra,2557
2025-08-06 16:00:00,Lucknow,3020
2025-08-06 17:00:00,Varanasi,2798
2025-08-06 18:00:00,Jodhpur,3312
2025-08-06 19:00:00,Ghaziabad,3445
2025-08-06 20:00:00,Thane,4696
2025-08-06 21:00:00,Madurai,3995
2025-08-06 22:00:00,Coimbatore,3817
2025-08-06 23:00:00,Raipur,2381
2025-08-07 00:00:00,Bhopal,2258
2025-08-07 01:00:00,Dhanbad,2106
2025-08-07 02:00:00,Faridabad,2274
2025-08-07 03:00:00,Howrah,2353
2025-08-07 04:00:00,Chandigarh,1963
2025-08-07 05:00:00,Kanpur,2329
2025-08-07 06:00:00,Navi Mumbai,2351
2025-08-07 07:00:00,Pune,1356
2025-08-07 08:00:00,Dhanbad,1776
2025-08-07 09:00:00,Vadodara,3192
2025-08-07 10:00:00,Navi Mumbai,2493
2025-08-07 11:00:00,Vijayawada,2381
2025-08-07 12:00:00,Coimbatore,2272
2025-08-07 13:00:00,Coimbatore,2185
2025-08-07 14:00:00,Guwahati,3190
2025-08-07 15:00:00,Solapur,2670
2025-08-07 16:00:00,Coimbatore,2286
2025-08-07 17:00:00,Guwahati,2872
2025-08-07 18:00:00,Amritsar,4194
2025-08-07 19:00:00,Jabalpur,4417
2025-08-07 20:00:00,Raipur,3842
2025-08-07 21:00:00,Patna,3390
2025-08-07 22:00:00,Ranchi,4263
2025-08-07 23:00:00,Vijayawada,2252
2025-08-08 00:00:00,Jodhpur,1662
2025-08-08 01:00:00,Jaipur,1684
2025-08-08 02:00:00,Navi Mumbai,1481
2025-08-08 03:00:00,Vijayawada,2214
2025-08-08 04:00:00,Ahmedabad,1815
2025-08-08 05:00:00,Kolkata,2072
2025-08-08 06:00:00,Ghaziabad,1429
2025-08-08 07:00:00,Lucknow,1787
2025-08-08 08:00:00,Delhi,1496
2025-08-08 09:00:00,Aurangabad,2799
2025-08-08 10:00:00,Jaipur,2686
2025-08-08 11:00:00,Guwahati,2835
2025-08-08 12:00:00,Jabalpur,3170
2025-08-08 13:00:00,Vadodara,2901
2025-08-08 14:00:00,Coimbatore,2464
2025-08-08 15:00:00,Vadodara,2683
2025-08-08 16:00:00,Thane,2313
2025-08-08 17:00:00,Kalyan,2692
2025-08-08 18:00:00,Raipur,3166
2025-08-08 19:00:00,Jabalpur,4607
2025-08-08 20:00:00,Rajkot,3477
2025-08-08 21:00:00,Jaipur,2786
2025-08-08 22:00:00,Vasai,4329
2025-08-08 23:00:00,Guwahati,1497
2025-08-09 00:00:00,Nagpur,2166
2025-08-09 01:00:00,Varanasi,2147
2025-08-09 02:00:00,Ranchi,2147
2025-08-09 03:00:00,Vijayawada,2318
2025-08-09 04:00:00,Patna,2191
2025-08-09 05:00:00,Solapur,2110
2025-08-09 06:00:00,Faridabad,2206
2025-08-09 07:00:00,Coimbatore,1850
2025-08-09 08:00:00,Meerut,1728
2025-08-09 09:00:00,Patna,2577
2025-08-09 10:00:00,Nagpur,3055
2025-08-09 11:00:00,Kalyan,2731
2025-08-09 12:00:00,Agra,2195
2025-08-09 13:00:00,Hyderabad,2062
2025-08-09 14:00:00,Ghaziabad,2629
2025-08-09 15:00:00,Patna,2713
2025-08-09 16:00:00,Kota,2780
2025-08-09 17:00:00,Patna,2597
2025-08-09 18:00:00,Amritsar,4206
2025-08-09 19:00:00,Pune,3265
2025-08-09 20:00:00,Kota,4591
2025-08-09 21:00:00,Kota,4188
2025-08-09 22:00:00,Ranchi,3268
2025-08-09 23:00:00,Jaipur,1928
2025-08-10 00:00:00,Chandigarh,1640
2025-08-10 01:00:00,Guwahati,2181
2025-08-10 02:00:00,Amritsar,1649
2025-08-10 03:00:00,Faridabad,1855
2025-08-10 04:00:00,Meerut,1722
2025-08-10 05:00:00,Nashik,2422
2025-08-10 06:00:00,Gwalior,2277
2025-08-10 07:00:00,Jabalpur,2150
2025-08-10 08:00:00,Varanasi,2015
2025-08-10 09:00:00,Kota,2254
2025-08-10 10:00:00,Aurangabad,2879
2025-08-10 11:00:00,Delhi,2745
2025-08-10 12:00:00,Raipur,2502
2025-08-10 13:00:00,Vasai,1994
2025-08-10 14:00:00,Kota,2539
2025-08-10 15:00:00,Srinagar,2901
2025-08-10 16:00:00,Faridabad,2355
2025-08-10 17:00:00,Coimbatore,2935
2025-08-10 18:00:00,Chennai,3364
2025-08-10 19:00:00,Ludhiana,3594
2025-08-10 20:00:00,Vijayawada,4163
2025-08-10 21:00:00,Amritsar,3281
2025-08-10 22:00:00,Amritsar,3653
2025-08-10 23:00:00,Navi Mumbai,1879
2025-08-11 00:00:00,Jodhpur,1673
2025-08-11 01:00:00,Delhi,2108
2025-08-11 02:00:00,Rajkot,1845
2025-08-11 03:00:00,Ahmedabad,2100
2025-08-11 04:00:00,Patna,1550
2025-08-11 05:00:00,Solapur,1842
2025-08-11 06:00:00,Indore,1691
2025-08-11 07:00:00,Kalyan,1698
2025-08-11 08:00:00,Ludhiana,1836
2025-08-11 09:00:00,Chandigarh,2168
2025-08-11 10:00:00,Jodhpur,2842
2025-08-11 11:00:00,Guwahati,2096
2025-08-11 12:00:00,Patna,2531
2025-08-11 13:00:00,Kanpur,2854
2025-08-11 14:00:00,Bangalore,2150
2025-08-11 15:00:00,Vadodara,1955
2025-08-11 16:00:00,Vasai,2558
2025-08-11 17:00:00,Patna,2116
2025-08-11 18:00:00,Dhanbad,2900
2025-08-11 19:00:00,Pune,3024
2025-08-11 20:00:00,Kota,3705
2025-08-11 21:00:00,Bhopal,3169
2025-08-11 22:00:00,Bangalore,3930
2025-08-11 23:00:00,Indore,2377
2025-08-12 00:00:00,Ghaziabad,1979
2025-08-12 01:00:00,Amritsar,1682
2025-08-12 02:00:00,Ghaziabad,1878
2025-08-12 03:00:00,Kolkata,1538
2025-08-12 04:00:00,Visakhapatnam,2359
2025-08-12 05:00:00,Madurai,2016
2025-08-12 06:00:00,Allahabad,1621
2025-08-12 07:00:00,Patna,2000
2025-08-12 08:00:00,Ahmedabad,2441
2025-08-12 09:00:00,Lucknow,3191
2025-08-12 10:00:00,Navi Mumbai,3108
2025-08-12 11:00:00,Raipur,2882
2025-08-12 12:00:00,Coimbatore,2757
2025-08-12 13:00:00,Patna,3379
2025-08-12 14:00:00,Faridabad,2626
2025-08-12 15:00:00,Jodhpur,3059
2025-08-12 16:00:00,Amritsar,2978
2025-08-12 17:00:00,Jabalpur,2615
2025-08-12 18:00:00,Agra,2637
2025-08-12 19:00:00,Kalyan,3706
2025-08-12 20:00:00,Navi Mumbai,3665
2025-08-12 21:00:00,Ranchi,4292
2025-08-12 22:00:00,Chandigarh,4545
2025-08-12 23:00:00,Ghaziabad,2226
2025-08-13 00:00:00,Madurai,2095
2025-08-13 01:00:00,Visakhapatnam,1230
2025-08-13 02:00:00,Gwalior,2313
2025-08-13 03:00:00,Indore,1688
2025-08-13 04:00:00,Raipur,1622
2025-08-13 05:00:00,Thane,2228
2025-08-13 06:00:00,Bangalore,1893
2025-08-13 07:00:00,Meerut,1516
2025-08-13 08:00:00,Srinagar,1790
2025-08-13 09:00:00,Lucknow,2728
2025-08-13 10:00:00,Howrah,2392
2025-08-13 11:00:00,Raipur,2502
2025-08-13 12:00:00,Varanasi,1959
2025-08-13 13:00:00,Jodhpur,2693
2025-08-13 14:00:00,Indore,2171
2025-08-13 15:00:00,Kolkata,2182
2025-08-13 16:00:00,Solapur,2127
2025-08-13 17:00:00,Mumbai,2975
2025-08-13 18:00:00,Vadodara,3373
2025-08-13 19:00:00,Guwahati,3983
2025-08-13 20:00:00,Lucknow,3850
2025-08-13 21:00:00,Jabalpur,4209
2025-08-13 22:00:00,Srinagar,3140
2025-08-13 23:00:00,Aurangabad,2543
2025-08-14 00:00:00,Ludhiana,1594
2025-08-14 01:00:00,Vasai,2246
2025-08-14 02:00:00,Visakhapatnam,1870
2025-08-14 03:00:00,Varanasi,1672
2025-08-14 04:00:00,Ranchi,2079
2025-08-14 05:00:00,Agra,1788
2025-08-14 06:00:00,Bhopal,2163
2025-08-14 07:00:00,Dhanbad,1638
2025-08-14 08:00:00,Kanpur,1848
2025-08-14 09:00:00,Kanpur,3068
2025-08-14 10:00:00,Jabalpur,3212
2025-08-14 11:00:00,Vijayawada,2380
2025-08-14 12:00:00,Guwahati,2779
2025-08-14 13:00:00,Rajkot,1960
2025-08-14 14:00:00,Navi Mumbai,3047
2025-08-14 15:00:00,Hyderabad,2461
2025-08-14 16:00:00,Kanpur,2255
2025-08-14 17:00:00,Pune,2872
2025-08-14 18:00:00,Chandigarh,3518
2025-08-14 19:00:00,Chandigarh,3827
2025-08-14 20:00:00,Bhopal,4164
2025-08-14 21:00:00,Jodhpur,3691
2025-08-14 22:00:00,Rajkot,4796
2025-08-14 23:00:00,Hyderabad,1844
2025-08-15 00:00:00,Gwalior,1907
2025-08-15 01:00:00,Thane,2284
2025-08-15 02:00:00,Ghaziabad,2375
2025-08-15 03:00:00,Ludhiana,2158
2025-08-15 04:00:00,Visakhapatnam,1842
2025-08-15 05:00:00,Guwahati,1330
2025-08-15 06:00:00,Aurangabad,2281
2025-08-15 07:00:00,Thane,1838
2025-08-15 08:00:00,Vadodara,2148
2025-08-15 09:00:00,Pune,2515
2025-08-15 10:00:00,Varanasi,2928
2025-08-15 11:00:00,Dhanbad,2031
2025-08-15 12:00:00,Indore,2636
2025-08-15 13:00:00,Kalyan,2564
2025-08-15 14:00:00,Howrah,2459
2025-08-15 15:00:00,Agra,2821
2025-08-15 16:00:00,Faridabad,1966
2025-08-15 17:00:00,Mumbai,2986
2025-08-15 18:00:00,Solapur,4223
2025-08-15 19:00:00,Mumbai,3071
2025-08-15 20:00:00,Agra,4276
2025-08-15 21:00:00,Delhi,3452
2025-08-15 22:00:00,Patna,4563
2025-08-15 23:00:00,Jabalpur,2214
2025-08-16 00:00:00,Vasai,2180
2025-08-16 01:00:00,Solapur,1864
2025-08-16 02:00:00,Meerut,2024
2025-08-16 03:00:00,Vadodara,1753
2025-08-16 04:00:00,Ranchi,2356
2025-08-16 05:00:00,Nashik,1502
2025-08-16 06:00:00,Jabalpur,1985
2025-08-16 07:00:00,Lucknow,2400
2025-08-16 08:00:00,Vasai,1965
2025-08-16 09:00:00,Howrah,3072
2025-08-16 10:00:00,Chandigarh,2762
2025-08-16 11:00:00,Chennai,2890
2025-08-16 12:00:00,Ahmedabad,2244
2025-08-16 13:00:00,Ludhiana,3065
2025-08-16 14:00:00,Vadodara,3138
2025-08-16 15:00:00,Howrah,2756
2025-08-16 16:00:00,Vijayawada,2562
2025-08-16 17:00:00,Allahabad,2528
2025-08-16 18:00:00,Hyderabad,3069
2025-08-16 19:00:00,Allahabad,4614
2025-08-16 20:00:00,Ahmedabad,3718
2025-08-16 21:00:00,Thane,3113
2025-08-16 22:00:00,Solapur,4408
2025-08-16 23:00:00,Ahmedabad,2260
2025-08-17 00:00:00,Aurangabad,2054
2025-08-17 01:00:00,Dhanbad,2093
2025-08-17 02:00:00,Lucknow,2120
2025-08-17 03:00:00,Coimbatore,1677
2025-08-17 04:00:00,Srinagar,1648
2025-08-17 05:00:00,Raipur,2389
2025-08-17 06:00:00,Patna,2067
2025-08-17 07:00:00,Vijayawada,1507
2025-08-17 08:00:00,Vijayawada,2168
2025-08-17 09:00:00,Gwalior,2800
2025-08-17 10:00:00,Vasai,2066
2025-08-17 11:00:00,Gwalior,2146
2025-08-17 12:00:00,Ghaziabad,3453
2025-08-17 13:00:00,Gwalior,2993
2025-08-17 14:00:00,Madurai,2585
2025-08-17 15:00:00,Vadodara,2812
2025-08-17 16:00:00,Ranchi,2784
2025-08-17 17:00:00,Agra,2566
2025-08-17 18:00:00,Ranchi,3275
2025-08-17 19:00:00,Bangalore,3485
2025-08-17 20:00:00,Coimbatore,4129
2025-08-17 21:00:00,Jaipur,2803
2025-08-17 22:00:00,Ahmedabad,3847
2025-08-17 23:00:00,Visakhapatnam,1793
2025-08-18 00:00:00,Allahabad,1773
2025-08-18 01:00:00,Aurangabad,1645
2025-08-18 02:00:00,Amritsar,1549
2025-08-18 03:00:00,Aurangabad,2477
2025-08-18 04:00:00,Vasai,1693
2025-08-18 05:00:00,Amritsar,1655
2025-08-18 06:00:00,Raipur,1394
2025-08-18 07:00:00,Ranchi,1736
2025-08-18 08:00:00,Nashik,2381
2025-08-18 09:00:00,Coimbatore,2019
2025-08-18 10:00:00,Faridabad,2765
2025-08-18 11:00:00,Bangalore,2925
2025-08-18 12:00:00,Bhopal,2772
2025-08-18 13:00:00,Hubli,2402
2025-08-18 14:00:00,Chandigarh,2929
2025-08-18 15:00:00,Ludhiana,2840
2025-08-18 16:00:00,Bangalore,2601
2025-08-18 17:00:00,Delhi,2916
2025-08-18 18:00:00,Pune,4251
2025-08-18 19:00:00,Kota,4677
2025-08-18 20:00:00,Chandigarh,3680
2025-08-18 21:00:00,Visakhapatnam,3307
2025-08-18 22:00:00,Vadodara,2920
2025-08-18 23:00:00,Rajkot,1350
2025-08-19 00:00:00,Bhopal,1917
2025-08-19 01:00:00,Bhopal,2303
2025-08-19 02:00:00,Raipur,1485
2025-08-19 03:00:00,Thane,2196
2025-08-19 04:00:00,Kota,1426
2025-08-19 05:00:00,Lucknow,1542
2025-08-19 06:00:00,Bangalore,2028
2025-08-19 07:00:00,Chandigarh,1477
2025-08-19 08:00:00,Madurai,1590
2025-08-19 09:00:00,Solapur,2538
2025-08-19 10:00:00,Jabalpur,2526
2025-08-19 11:00:00,Dhanbad,2449
2025-08-19 12:00:00,Agra,2559
2025-08-19 13:00:00,Hyderabad,2604
2025-08-19 14:00:00,Kalyan,1971
2025-08-19 15:00:00,Chandigarh,2175
2025-08-19 16:00:00,Ranchi,2869
2025-08-19 17:00:00,Patna,2696
2025-08-19 18:00:00,Kanpur,3780
2025-08-19 19:00:00,Gwalior,3401
2025-08-19 20:00:00,Indore,4652
2025-08-19 21:00:00,Lucknow,4814
2025-08-19 22:00:00,Thane,3411
2025-08-19 23:00:00,Srinagar,1579
2025-08-20 00:00:00,Navi Mumbai,2322
2025-08-20 01:00:00,Nagpur,2400
2025-08-20 02:00:00,Nagpur,2385
2025-08-20 03:00:00,Aurangabad,1754
2025-08-20 04:00:00,Vadodara,1834
2025-08-20 05:00:00,Howrah,1598
2025-08-20 06:00:00,Visakhapatnam,2225
2025-08-20 07:00:00,Nagpur,2126
2025-08-20 08:00:00,Kalyan,1646
2025-08-20 09:00:00,Kanpur,2603
2025-08-20 10:00:00,Ghaziabad,2981
2025-08-20 11:00:00,Nagpur,2436
2025-08-20 12:00:00,Varanasi,2135
2025-08-20 13:00:00,Visakhapatnam,3000
2025-08-20 14:00:00,Raipur,2930
2025-08-20 15:00:00,Ghaziabad,3259
2025-08-20 16:00:00,Guwahati,3074
2025-08-20 17:00:00,Kalyan,2366
2025-08-20 18:00:00,Delhi,3759
2025-08-20 19:00:00,Visakhapatnam,3363
2025-08-20 20:00:00,Jaipur,4190
2025-08-20 21:00:00,Navi Mumbai,4014
2025-08-20 22:00:00,Ghaziabad,2832
2025-08-20 23:00:00,Rajkot,1481
2025-08-21 00:00:00,Madurai,1869
2025-08-21 01:00:00,Lucknow,1599
2025-08-21 02:00:00,Mumbai,1324
2025-08-21 03:00:00,Bhopal,2209
2025-08-21 04:00:00,Meerut,2000
2025-08-21 05:00:00,Kolkata,1498
2025-08-21 06:00:00,Madurai,1444
2025-08-21 07:00:00,Lucknow,2230
2025-08-21 08:00:00,Aurangabad,1600
2025-08-21 09:00:00,Ghaziabad,2208
2025-08-21 10:00:00,Guwahati,2942
2025-08-21 11:00:00,Pune,2913
2025-08-21 12:00:00,Hyderabad,2897
2025-08-21 13:00:00,Madurai,2089
2025-08-21 14:00:00,Ranchi,2363
2025-08-21 15:00:00,Delhi,2746
2025-08-21 16:00:00,Chennai,2816
2025-08-21 17:00:00,Chennai,2784
2025-08-21 18:00:00,Amritsar,4316
2025-08-21 19:00:00,Jaipur,3363
2025-08-21 20:00:00,Ghaziabad,3673
2025-08-21 21:00:00,Amritsar,2916
2025-08-21 22:00:00,Kota,4713
2025-08-21 23:00:00,Ahmedabad,1517
2025-08-22 00:00:00,Srinagar,1564
2025-08-22 01:00:00,Ghaziabad,2022
2025-08-22 02:00:00,Indore,1952
2025-08-22 03:00:00,Kalyan,2335
2025-08-22 04:00:00,Lucknow,1743
2025-08-22 05:00:00,Bangalore,1717
2025-08-22 06:00:00,Ahmedabad,1578
2025-08-22 07:00:00,Meerut,1992
2025-08-22 08:00:00,Vadodara,1473
2025-08-22 09:00:00,Pune,2825
2025-08-22 10:00:00,Dhanbad,2353
2025-08-22 11:00:00,Vijayawada,2696
2025-08-22 12:00:00,Visakhapatnam,2050
2025-08-22 13:00:00,Bhopal,2640
2025-08-22 14:00:00,Rajkot,2600
2025-08-22 15:00:00,Chandigarh,2248
2025-08-22 16:00:00,Ahmedabad,2639
2025-08-22 17:00:00,Hyderabad,2458
2025-08-22 18:00:00,Nagpur,3701
2025-08-22 19:00:00,Ranchi,3878
2025-08-22 20:00:00,Chennai,3028
2025-08-22 21:00:00,Aurangabad,4301
2025-08-22 22:00:00,Aurangabad,3210
2025-08-22 23:00:00,Ranchi,2079
2025-08-23 00:00:00,Meerut,2438
2025-08-23 01:00:00,Howrah,2148
2025-08-23 02:00:00,Guwahati,1506
2025-08-23 03:00:00,Delhi,2274
2025-08-23 04:00:00,Srinagar,1453
2025-08-23 05:00:00,Rajkot,2213
2025-08-23 06:00:00,Nashik,1571
2025-08-23 07:00:00,Lucknow,2341
2025-08-23 08:00:00,Hyderabad,1248
2025-08-23 09:00:00,Coimbatore,2545
2025-08-23 10:00:00,Kota,2491
2025-08-23 11:00:00,Agra,2563
2025-08-23 12:00:00,Ranchi,2435
2025-08-23 13:00:00,Kanpur,2364
2025-08-23 14:00:00,Allahabad,3248
2025-08-23 15:00:00,Chennai,2627
2025-08-23 16:00:00,Delhi,2681
2025-08-23 17:00:00,Bhopal,2897
2025-08-23 18:00:00,Jodhpur,3450
2025-08-23 19:00:00,Amritsar,3524
2025-08-23 20:00:00,Kalyan,4600
2025-08-23 21:00:00,Ghaziabad,3959
2025-08-23 22:00:00,Amritsar,3069
2025-08-23 23:00:00,Lucknow,1747
2025-08-24 00:00:00,Indore,2086
2025-08-24 01:00:00,Srinagar,2340
2025-08-24 02:00:00,Allahabad,2366
2025-08-24 03:00:00,Navi Mumbai,2311
2025-08-24 04:00:00,Vijayawada,2120
2025-08-24 05:00:00,Vijayawada,1644
2025-08-24 06:00:00,Ludhiana,1623
2025-08-24 07:00:00,Nashik,1816
2025-08-24 08:00:00,Ludhiana,1972
2025-08-24 09:00:00,Mumbai,2705
2025-08-24 10:00:00,Patna,2793
2025-08-24 11:00:00,Gwalior,2112
2025-08-24 12:00:00,Lucknow,2401
2025-08-24 13:00:00,Howrah,3145
2025-08-24 14:00:00,Mumbai,2473
2025-08-24 15:00:00,Navi Mumbai,2342
2025-08-24 16:00:00,Kalyan,2950
2025-08-24 17:00:00,Ranchi,2622
2025-08-24 18:00:00,Srinagar,3814
2025-08-24 19:00:00,Indore,3434
2025-08-24 20:00:00,Vijayawada,2736
2025-08-24 21:00:00,Raipur,3506
2025-08-24 22:00:00,Vijayawada,3324
2025-08-24 23:00:00,Chandigarh,2104
2025-08-25 00:00:00,Ghaziabad,1997
2025-08-25 01:00:00,Vasai,2131
2025-08-25 02:00:00,Navi Mumbai,2215
2025-08-25 03:00:00,Vijayawada,1902
2025-08-25 04:00:00,Faridabad,1959
2025-08-25 05:00:00,Solapur,1916
2025-08-25 06:00:00,Guwahati,1597
2025-08-25 07:00:00,Kanpur,1669
2025-08-25 08:00:00,Ahmedabad,1687
2025-08-25 09:00:00,Jaipur,3160
2025-08-25 10:00:00,Coimbatore,3192
2025-08-25 11:00:00,Delhi,2999
2025-08-25 12:00:00,Allahabad,2171
2025-08-25 13:00:00,Kolkata,2229
2025-08-25 14:00:00,Meerut,2911
2025-08-25 15:00:00,Pune,2568
2025-08-25 16:00:00,Navi Mumbai,2386
2025-08-25 17:00:00,Hyderabad,2564
2025-08-25 18:00:00,Faridabad,3496
2025-08-25 19:00:00,Agra,3849
2025-08-25 20:00:00,Nashik,4533
2025-08-25 21:00:00,Agra,3068
2025-08-25 22:00:00,Guwahati,3206
2025-08-25 23:00:00,Ludhiana,1789
2025-08-26 00:00:00,Mumbai,1869
2025-08-26 01:00:00,Dhanbad,2059
2025-08-26 02:00:00,Kolkata,1902
2025-08-26 03:00:00,Solapur,2183
2025-08-26 04:00:00,Amritsar,1905
2025-08-26 05:00:00,Ludhiana,2264
2025-08-26 06:00:00,Jodhpur,1580
2025-08-26 07:00:00,Pune,1825
2025-08-26 08:00:00,Hubli,1627
2025-08-26 09:00:00,Navi Mumbai,2711
2025-08-26 10:00:00,Amritsar,3455
2025-08-26 11:00:00,Howrah,2541
2025-08-26 12:00:00,Dhanbad,2244
2025-08-26 13:00:00,Kota,2257
2025-08-26 14:00:00,Indore,2583
2025-08-26 15:00:00,Chennai,2259
2025-08-26 16:00:00,Indore,3101
2025-08-26 17:00:00,Bangalore,3154
2025-08-26 18:00:00,Meerut,3720
2025-08-26 19:00:00,Guwahati,4159
2025-08-26 20:00:00,Kalyan,4959
2025-08-26 21:00:00,Delhi,3453
2025-08-26 22:00:00,Kota,3984
2025-08-26 23:00:00,Thane,1922
2025-08-27 00:00:00,Lucknow,1424
2025-08-27 01:00:00,Guwahati,2164
2025-08-27 02:00:00,Allahabad,1800
2025-08-27 03:00:00,Jabalpur,1651
2025-08-27 04:00:00,Coimbatore,1889
2025-08-27 05:00:00,Ghaziabad,2239
2025-08-27 06:00:00,Ghaziabad,2042
2025-08-27 07:00:00,Rajkot,1992
2025-08-27 08:00:00,Faridabad,2191
2025-08-27 09:00:00,Vadodara,2459
2025-08-27 10:00:00,Allahabad,2865
2025-08-27 11:00:00,Jodhpur,2571
2025-08-27 12:00:00,Coimbatore,2723
2025-08-27 13:00:00,Hyderabad,2874
2025-08-27 14:00:00,Ghaziabad,2637
2025-08-27 15:00:00,Bhopal,2311
2025-08-27 16:00:00,Varanasi,3288
2025-08-27 17:00:00,Nagpur,2986
2025-08-27 18:00:00,Nagpur,4349
2025-08-27 19:00:00,Dhanbad,3432
2025-08-27 20:00:00,Jodhpur,4554
2025-08-27 21:00:00,Coimbatore,2941
2025-08-27 22:00:00,Agra,3952
2025-08-27 23:00:00,Kanpur,1275
2025-08-28 00:00:00,Ranchi,1890
2025-08-28 01:00:00,Howrah,1557
2025-08-28 02:00:00,Hubli,2351
2025-08-28 03:00:00,Agra,2340
2025-08-28 04:00:00,Hubli,1579
2025-08-28 05:00:00,Kota,1563
2025-08-28 06:00:00,Kolkata,1282
2025-08-28 07:00:00,Solapur,2102
2025-08-28 08:00:00,Patna,1564
2025-08-28 09:00:00,Indore,2571
2025-08-28 10:00:00,Solapur,2525
2025-08-28 11:00:00,Jodhpur,2885
2025-08-28 12:00:00,Bhopal,2520
2025-08-28 13:00:00,Varanasi,2188
2025-08-28 14:00:00,Patna,2318
2025-08-28 15:00:00,Visakhapatnam,2250
2025-08-28 16:00:00,Meerut,3436
2025-08-28 17:00:00,Guwahati,2213
2025-08-28 18:00:00,Vasai,4581
2025-08-28 19:00:00,Amritsar,4375
2025-08-28 20:00:00,Vasai,3714
2025-08-28 21:00:00,Allahabad,3219
2025-08-28 22:00:00,Varanasi,3940
2025-08-28 23:00:00,Vadodara,2242
2025-08-29 00:00:00,Jabalpur,2023
2025-08-29 01:00:00,Visakhapatnam,2317
2025-08-29 02:00:00,Amritsar,1463
2025-08-29 03:00:00,Hyderabad,2110
2025-08-29 04:00:00,Kota,2083
2025-08-29 05:00:00,Guwahati,1741
2025-08-29 06:00:00,Ghaziabad,2344
2025-08-29 07:00:00,Hubli,2214
2025-08-29 08:00:00,Jodhpur,2197
2025-08-29 09:00:00,Nagpur,2562
2025-08-29 10:00:00,Ranchi,3027
2025-08-29 11:00:00,Bangalore,2946
2025-08-29 12:00:00,Visakhapatnam,2509
2025-08-29 13:00:00,Kanpur,2811
2025-08-29 14:00:00,Amritsar,2698
2025-08-29 15:00:00,Gwalior,2445
2025-08-29 16:00:00,Delhi,2709
2025-08-29 17:00:00,Varanasi,2081
2025-08-29 18:00:00,Raipur,4223
2025-08-29 19:00:00,Madurai,4942
2025-08-29 20:00:00,Patna,4051
2025-08-29 21:00:00,Ranchi,3629
2025-08-29 22:00:00,Kota,3886
2025-08-29 23:00:00,Bangalore,2309
2025-08-30 00:00:00,Kalyan,2058
2025-08-30 01:00:00,Bhopal,1775
2025-08-30 02:00:00,Faridabad,2014
2025-08-30 03:00:00,Raipur,2355
2025-08-30 04:00:00,Gwalior,1852
2025-08-30 05:00:00,Navi Mumbai,2174
2025-08-30 06:00:00,Pune,1846
2025-08-30 07:00:00,Chennai,2354
2025-08-30 08:00:00,Navi Mumbai,2056
2025-08-30 09:00:00,Bhopal,3118
2025-08-30 10:00:00,Howrah,2795
2025-08-30 11:00:00,Ghaziabad,2931
2025-08-30 12:00:00,Raipur,2080
2025-08-30 13:00:00,Patna,2767
2025-08-30 14:00:00,Gwalior,2468
2025-08-30 15:00:00,Vijayawada,2835
2025-08-30 16:00:00,Solapur,3104
2025-08-30 17:00:00,Raipur,2220
2025-08-30 18:00:00,Nagpur,3046
2025-08-30 19:00:00,Guwahati,3685
2025-08-30 20:00:00,Ahmedabad,3088
2025-08-30 21:00:00,Faridabad,4126
2025-08-30 22:00:00,Aurangabad,3987
2025-08-30 23:00:00,Jodhpur,1457
2025-08-31 00:00:00,Varanasi,1544
2025-08-31 01:00:00,Nagpur,1834
2025-08-31 02:00:00,Chennai,1572
2025-08-31 03:00:00,Ludhiana,1565
2025-08-31 04:00:00,Navi Mumbai,2300
2025-08-31 05:00:00,Ranchi,1493
2025-08-31 06:00:00,Lucknow,2023
2025-08-31 07:00:00,Allahabad,1795
2025-08-31 08:00:00,Guwahati,1787
2025-08-31 09:00:00,Bangalore,2396
2025-08-31 10:00:00,Gwalior,2792
2025-08-31 11:00:00,Varanasi,2363
2025-08-31 12:00:00,Jodhpur,2734
2025-08-31 13:00:00,Jabalpur,2335
2025-08-31 14:00:00,Hubli,3257
2025-08-31 15:00:00,Visakhapatnam,2248
2025-08-31 16:00:00,Ghaziabad,2461
2025-08-31 17:00:00,Dhanbad,2856
2025-08-31 18:00:00,Bangalore,2992
2025-08-31 19:00:00,Delhi,4043
2025-08-31 20:00:00,Dhanbad,3828
2025-08-31 21:00:00,Guwahati,3233
2025-08-31 22:00:00,Chandigarh,4556
2025-08-31 23:00:00,Meerut,1667
2025-09-01 00:00:00,Jaipur,1957
2025-09-01 01:00:00,Indore,1757
2025-09-01 02:00:00,Howrah,1581
2025-09-01 03:00:00,Ludhiana,1714
2025-09-01 04:00:00,Indore,2229
2025-09-01 05:00:00,Ghaziabad,1754
2025-09-01 06:00:00,Indore,1942
2025-09-01 07:00:00,Chandigarh,1653
2025-09-01 08:00:00,Mumbai,1744
2025-09-01 09:00:00,Agra,3082
2025-09-01 10:00:00,Hyderabad,2242
2025-09-01 11:00:00,Nashik,2568
2025-09-01 12:00:00,Hubli,2740
2025-09-01 13:00:00,Ludhiana,3059
2025-09-01 14:00:00,Kanpur,2795
2025-09-01 15:00:00,Pune,2353
2025-09-01 16:00:00,Nagpur,2782
2025-09-01 17:00:00,Vadodara,2619
2025-09-01 18:00:00,Navi Mumbai,3747
2025-09-01 19:00:00,Chennai,3787
2025-09-01 20:00:00,Kalyan,4016
2025-09-01 21:00:00,Kota,3536
2025-09-01 22:00:00,Jodhpur,3632
2025-09-01 23:00:00,Dhanbad,1542
2025-09-02 00:00:00,Thane,1616
2025-09-02 01:00:00,Solapur,2217
2025-09-02 02:00:00,Srinagar,1526
2025-09-02 03:00:00,Amritsar,2221
2025-09-02 04:00:00,Varanasi,1637
2025-09-02 05:00:00,Madurai,1429
2025-09-02 06:00:00,Mumbai,2381
2025-09-02 07:00:00,Rajkot,2191
2025-09-02 08:00:00,Pune,2228
2025-09-02 09:00:00,Jaipur,2656
2025-09-02 10:00:00,Vijayawada,2312
2025-09-02 11:00:00,Varanasi,2652
2025-09-02 12:00:00,Faridabad,2398
2025-09-02 13:00:00,Rajkot,2135
2025-09-02 14:00:00,Vasai,2298
2025-09-02 15:00:00,Kolkata,3046
2025-09-02 16:00:00,Kalyan,2801
2025-09-02 17:00:00,Lucknow,2872
2025-09-02 18:00:00,Kalyan,3192
2025-09-02 19:00:00,Rajkot,3952
2025-09-02 20:00:00,Thane,4542
2025-09-02 21:00:00,Bangalore,3192
2025-09-02 22:00:00,Ranchi,4788
2025-09-02 23:00:00,Madurai,1788
2025-09-03 00:00:00,Kota,1735
2025-09-03 01:00:00,Chennai,1778
2025-09-03 02:00:00,Jaipur,1844
2025-09-03 03:00:00,Srinagar,1678
2025-09-03 04:00:00,Dhanbad,2484
2025-09-03 05:00:00,Dhanbad,2488
2025-09-03 06:00:00,Ahmedabad,2258
2025-09-03 07:00:00,Meerut,1842
2025-09-03 08:00:00,Ahmedabad,1576
2025-09-03 09:00:00,Jodhpur,1974
2025-09-03 10:00:00,Ludhiana,2431
2025-09-03 11:00:00,Ahmedabad,3168
2025-09-03 12:00:00,Mumbai,2412
2025-09-03 13:00:00,Lucknow,2478
2025-09-03 14:00:00,Vijayawada,2419
2025-09-03 15:00:00,Amritsar,2009
2025-09-03 16:00:00,Ghaziabad,2781
2025-09-03 17:00:00,Hubli,2923
2025-09-03 18:00:00,Kalyan,3397
2025-09-03 19:00:00,Amritsar,4016
2025-09-03 20:00:00,Dhanbad,3815
2025-09-03 21:00:00,Madurai,4047
2025-09-03 22:00:00,Amritsar,4456
2025-09-03 23:00:00,Meerut,2236
2025-09-04 00:00:00,Kanpur,1892
2025-09-04 01:00:00,Nagpur,1599
2025-09-04 02:00:00,Allahabad,1461
2025-09-04 03:00:00,Gwalior,2155
2025-09-04 04:00:00,Nashik,1836
2025-09-04 05:00:00,Jodhpur,2269
2025-09-04 06:00:00,Guwahati,1597
2025-09-04 07:00:00,Vasai,1772
2025-09-04 08:00:00,Jodhpur,2369
2025-09-04 09:00:00,Bhopal,2667
2025-09-04 10:00:00,Rajkot,3318
2025-09-04 11:00:00,Varanasi,2367
2025-09-04 12:00:00,Ghaziabad,2706
2025-09-04 13:00:00,Gwalior,2816
2025-09-04 14:00:00,Solapur,2860
2025-09-04 15:00:00,Aurangabad,2474
2025-09-04 16:00:00,Kalyan,3083
2025-09-04 17:00:00,Agra,2598
2025-09-04 18:00:00,Kalyan,3778
2025-09-04 19:00:00,Meerut,2542
2025-09-04 20:00:00,Kota,4874
2025-09-04 21:00:00,Srinagar,3845
2025-09-04 22:00:00,Jodhpur,3361
2025-09-04 23:00:00,Rajkot,2026
2025-09-05 00:00:00,Patna,1458
2025-09-05 01:00:00,Coimbatore,2118
2025-09-05 02:00:00,Meerut,1750
2025-09-05 03:00:00,Faridabad,1468
2025-09-05 04:00:00,Visakhapatnam,1540
2025-09-05 05:00:00,Coimbatore,1586
2025-09-05 06:00:00,Vijayawada,1466
2025-09-05 07:00:00,Gwalior,1771
2025-09-05 08:00:00,Vadodara,2447
2025-09-05 09:00:00,Ahmedabad,2571
2025-09-05 10:00:00,Howrah,3367
2025-09-05 11:00:00,Amritsar,2147
2025-09-05 12:00:00,Agra,2899
2025-09-05 13:00:00,Visakhapatnam,2789
2025-09-05 14:00:00,Chandigarh,2799
2025-09-05 15:00:00,Varanasi,2908
2025-09-05 16:00:00,Vijayawada,3019
2025-09-05 17:00:00,Jodhpur,3006
2025-09-05 18:00:00,Amritsar,3362
2025-09-05 19:00:00,Hubli,3379
2025-09-05 20:00:00,Navi Mumbai,3528
2025-09-05 21:00:00,Patna,3390
2025-09-05 22:00:00,Hyderabad,3227
2025-09-05 23:00:00,Madurai,2327
2025-09-06 00:00:00,Hubli,1640
2025-09-06 01:00:00,Delhi,1554
2025-09-06 02:00:00,Howrah,1410
2025-09-06 03:00:00,Patna,2235
2025-09-06 04:00:00,Madurai,1884
2025-09-06 05:00:00,Coimbatore,1773
2025-09-06 06:00:00,Patna,1810
2025-09-06 07:00:00,Ludhiana,1695
2025-09-06 08:00:00,Ranchi,1454
2025-09-06 09:00:00,Bangalore,2896
2025-09-06 10:00:00,Bangalore,2391
2025-09-06 11:00:00,Delhi,2112
2025-09-06 12:00:00,Agra,2659
2025-09-06 13:00:00,Nagpur,3005
2025-09-06 14:00:00,Dhanbad,2124
2025-09-06 15:00:00,Howrah,2588
2025-09-06 16:00:00,Coimbatore,2748
2025-09-06 17:00:00,Hyderabad,1979
2025-09-06 18:00:00,Hubli,3659
2025-09-06 19:00:00,Kota,3329
2025-09-06 20:00:00,Meerut,3971
2025-09-06 21:00:00,Kolkata,3522
2025-09-06 22:00:00,Jaipur,3632
2025-09-06 23:00:00,Nagpur,2197
2025-09-07 00:00:00,Visakhapatnam,2004
2025-09-07 01:00:00,Hubli,2046
2025-09-07 02:00:00,Dhanbad,1614
2025-09-07 03:00:00,Navi Mumbai,1621
2025-09-07 04:00:00,Gwalior,2090
2025-09-07 05:00:00,Pune,1248
2025-09-07 06:00:00,Faridabad,2221
2025-09-07 07:00:00,Chennai,1676
2025-09-07 08:00:00,Ahmedabad,2392
2025-09-07 09:00:00,Kanpur,2562
2025-09-07 10:00:00,Jaipur,2721
2025-09-07 11:00:00,Srinagar,2166
2025-09-07 12:00:00,Kolkata,2900
2025-09-07 13:00:00,Aurangabad,3239
2025-09-07 14:00:00,Jabalpur,2601
2025-09-07 15:00:00,Kolkata,2843
2025-09-07 16:00:00,Amritsar,2068
2025-09-07 17:00:00,Vasai,2129
2025-09-07 18:00:00,Jodhpur,3487
2025-09-07 19:00:00,Jaipur,4171
2025-09-07 20:00:00,Hubli,3241
2025-09-07 21:00:00,Visakhapatnam,2924
2025-09-07 22:00:00,Madurai,4456
2025-09-07 23:00:00,Pune,1534
2025-09-08 00:00:00,Jabalpur,2254
2025-09-08 01:00:00,Coimbatore,1824
2025-09-08 02:00:00,Madurai,1936
2025-09-08 03:00:00,Lucknow,1638
2025-09-08 04:00:00,Lucknow,1831
2025-09-08 05:00:00,Kolkata,1914
2025-09-08 06:00:00,Kanpur,2099
2025-09-08 07:00:00,Vijayawada,1818
2025-09-08 08:00:00,Meerut,1632
2025-09-08 09:00:00,Ahmedabad,3294
2025-09-08 10:00:00,Hubli,2990
2025-09-08 11:00:00,Mumbai,2179
2025-09-08 12:00:00,Nagpur,2264
2025-09-08 13:00:00,Pune,3117
2025-09-08 14:00:00,Jaipur,2747
2025-09-08 15:00:00,Chennai,2314
2025-09-08 16:00:00,Faridabad,2610
2025-09-08 17:00:00,Kota,2232
2025-09-08 18:00:00,Jabalpur,3264
2025-09-08 19:00:00,Visakhapatnam,3429
2025-09-08 20:00:00,Mumbai,3361
2025-09-08 21:00:00,Jabalpur,3168
2025-09-08 22:00:00,Vijayawada,3492
2025-09-08 23:00:00,Solapur,2196
2025-09-09 00:00:00,Kota,1376
2025-09-09 01:00:00,Kota,1611
2025-09-09 02:00:00,Kanpur,1416
2025-09-09 03:00:00,Meerut,2394
2025-09-09 04:00:00,Bangalore,2252
2025-09-09 05:00:00,Jaipur,1694
2025-09-09 06:00:00,Rajkot,2008
2025-09-09 07:00:00,Faridabad,2420
2025-09-09 08:00:00,Jodhpur,1992
2025-09-09 09:00:00,Ghaziabad,2574
2025-09-09 10:00:00,Solapur,2726
2025-09-09 11:00:00,Guwahati,2179
2025-09-09 12:00:00,Kalyan,2686
2025-09-09 13:00:00,Bhopal,2804
2025-09-09 14:00:00,Kanpur,2221
2025-09-09 15:00:00,Nashik,2446
2025-09-09 16:00:00,Delhi,2232
2025-09-09 17:00:00,Jaipur,2144
2025-09-09 18:00:00,Srinagar,3054
2025-09-09 19:00:00,Nagpur,4168
2025-09-09 20:00:00,Visakhapatnam,4133
2025-09-09 21:00:00,Howrah,3475
2025-09-09 22:00:00,Gwalior,3467
2025-09-09 23:00:00,Hyderabad,1938
2025-09-10 00:00:00,Dhanbad,2372
2025-09-10 01:00:00,Rajkot,1473
2025-09-10 02:00:00,Lucknow,2180
2025-09-10 03:00:00,Ghaziabad,2241
2025-09-10 04:00:00,Navi Mumbai,1836
2025-09-10 05:00:00,Madurai,2043
2025-09-10 06:00:00,Gwalior,1843
2025-09-10 07:00:00,Ghaziabad,2450
2025-09-10 08:00:00,Hyderabad,2250
2025-09-10 09:00:00,Ghaziabad,3008
2025-09-10 10:00:00,Ludhiana,2835
2025-09-10 11:00:00,Jabalpur,2470
2025-09-10 12:00:00,Nashik,2029
2025-09-10 13:00:00,Vijayawada,3046
2025-09-10 14:00:00,Pune,2611
2025-09-10 15:00:00,Nashik,2324
2025-09-10 16:00:00,Patna,2366
2025-09-10 17:00:00,Faridabad,2086
2025-09-10 18:00:00,Nagpur,4627
2025-09-10 19:00:00,Nagpur,3812
2025-09-10 20:00:00,Solapur,3415
2025-09-10 21:00:00,Chennai,3572
2025-09-10 22:00:00,Solapur,2740
2025-09-10 23:00:00,Nagpur,2271
2025-09-11 00:00:00,Kolkata,1619
2025-09-11 01:00:00,Lucknow,2257
2025-09-11 02:00:00,Howrah,1634
2025-09-11 03:00:00,Amritsar,2135
2025-09-11 04:00:00,Ludhiana,2472
2025-09-11 05:00:00,Kolkata,2316
2025-09-11 06:00:00,Vasai,1490
2025-09-11 07:00:00,Chennai,1937
2025-09-11 08:00:00,Nagpur,2333
2025-09-11 09:00:00,Vasai,2677
2025-09-11 10:00:00,Rajkot,2961
2025-09-11 11:00:00,Kolkata,2418
2025-09-11 12:00:00,Indore,2820
2025-09-11 13:00:00,Solapur,3069
2025-09-11 14:00:00,Vijayawada,2785
2025-09-11 15:00:00,Vasai,2534
2025-09-11 16:00:00,Nagpur,2960
2025-09-11 17:00:00,Varanasi,2492
2025-09-11 18:00:00,Kanpur,4560
2025-09-11 19:00:00,Kanpur,3297
2025-09-11 20:00:00,Vijayawada,2935
2025-09-11 21:00:00,Ludhiana,4043
2025-09-11 22:00:00,Kolkata,4192
2025-09-11 23:00:00,Kalyan,1848
2025-09-12 00:00:00,Vasai,2577
2025-09-12 01:00:00,Nagpur,2416
2025-09-12 02:00:00,Meerut,2111
2025-09-12 03:00:00,Hyderabad,2113
2025-09-12 04:00:00,Patna,2142
2025-09-12 05:00:00,Vadodara,1798
2025-09-12 06:00:00,Amritsar,1680
2025-09-12 07:00:00,Dhanbad,1464
2025-09-12 08:00:00,Chandigarh,1462
2025-09-12 09:00:00,Mumbai,1907
2025-09-12 10:00:00,Nashik,2738
2025-09-12 11:00:00,Agra,2888
2025-09-12 12:00:00,Solapur,2356
2025-09-12 13:00:00,Ranchi,2735
2025-09-12 14:00:00,Indore,2135
2025-09-12 15:00:00,Delhi,2742
2025-09-12 16:00:00,Vijayawada,2733
2025-09-12 17:00:00,Faridabad,2291
2025-09-12 18:00:00,Jodhpur,2737
2025-09-12 19:00:00,Pune,4448
2025-09-12 20:00:00,Kalyan,3791
2025-09-12 21:00:00,Vadodara,3940
2025-09-12 22:00:00,Vasai,3361
2025-09-12 23:00:00,Madurai,1573
2025-09-13 00:00:00,Amritsar,1611
2025-09-13 01:00:00,Madurai,1375
2025-09-13 02:00:00,Agra,2010
2025-09-13 03:00:00,Jabalpur,2384
2025-09-13 04:00:00,Thane,1726
2025-09-13 05:00:00,Vasai,1757
2025-09-13 06:00:00,Ghaziabad,1623
2025-09-13 07:00:00,Chennai,2034
2025-09-13 08:00:00,Kanpur,2099
2025-09-13 09:00:00,Srinagar,2868
2025-09-13 10:00:00,Agra,2190
2025-09-13 11:00:00,Kota,3076
2025-09-13 12:00:00,Navi Mumbai,2869
2025-09-13 13:00:00,Kolkata,2907
2025-09-13 14:00:00,Ahmedabad,2693
2025-09-13 15:00:00,Nagpur,2596
2025-09-13 16:00:00,Raipur,1989
2025-09-13 17:00:00,Varanasi,2980
2025-09-13 18:00:00,Hyderabad,4448
2025-09-13 19:00:00,Ghaziabad,3323
2025-09-13 20:00:00,Jabalpur,4097
2025-09-13 21:00:00,Ahmedabad,3644
2025-09-13 22:00:00,Howrah,3105
2025-09-13 23:00:00,Varanasi,1679
2025-09-14 00:00:00,Thane,1706
2025-09-14 01:00:00,Nagpur,2245
2025-09-14 02:00:00,Lucknow,1888
2025-09-14 03:00:00,Mumbai,1968
2025-09-14 04:00:00,Indore,2115
2025-09-14 05:00:00,Jaipur,1974
2025-09-14 06:00:00,Amritsar,1506
2025-09-14 07:00:00,Aurangabad,1485
2025-09-14 08:00:00,Nagpur,2287
2025-09-14 09:00:00,Dhanbad,2003
2025-09-14 10:00:00,Pune,2711
2025-09-14 11:00:00,Vijayawada,2434
2025-09-14 12:00:00,Mumbai,2750
2025-09-14 13:00:00,Srinagar,2206
2025-09-14 14:00:00,Delhi,2829
2025-09-14 15:00:00,Hubli,2629
2025-09-14 16:00:00,Allahabad,3021
2025-09-14 17:00:00,Solapur,3080
2025-09-14 18:00:00,Lucknow,4204
2025-09-14 19:00:00,Hubli,2956
2025-09-14 20:00:00,Ludhiana,3519
2025-09-14 21:00:00,Navi Mumbai,3104
2025-09-14 22:00:00,Ludhiana,3712
2025-09-14 23:00:00,Delhi,1898
2025-09-15 00:00:00,Vijayawada,1932
2025-09-15 01:00:00,Nashik,1777
2025-09-15 02:00:00,Chandigarh,1882
2025-09-15 03:00:00,Allahabad,1987
2025-09-15 04:00:00,Ahmedabad,2450
2025-09-15 05:00:00,Indore,2194
2025-09-15 06:00:00,Bhopal,1726
2025-09-15 07:00:00,Kalyan,2148
2025-09-15 08:00:00,Nashik,2011
2025-09-15 09:00:00,Vasai,2941
2025-09-15 10:00:00,Vadodara,2873
2025-09-15 11:00:00,Aurangabad,2222
2025-09-15 12:00:00,Delhi,2409
2025-09-15 13:00:00,Srinagar,2715
2025-09-15 14:00:00,Kanpur,3105
2025-09-15 15:00:00,Pune,3391
2025-09-15 16:00:00,Indore,3198
2025-09-15 17:00:00,Visakhapatnam,3123
2025-09-15 18:00:00,Ludhiana,3040
2025-09-15 19:00:00,Kalyan,4047
2025-09-15 20:00:00,Guwahati,4333
2025-09-15 21:00:00,Lucknow,3412
2025-09-15 22:00:00,Kolkata,3090
2025-09-15 23:00:00,Ranchi,1432
2025-09-16 00:00:00,Indore,1842
2025-09-16 01:00:00,Gwalior,2057
2025-09-16 02:00:00,Kota,2353
2025-09-16 03:00:00,Visakhapatnam,2259
2025-09-16 04:00:00,Nashik,1647
2025-09-16 05:00:00,Jabalpur,1916
2025-09-16 06:00:00,Allahabad,2065
2025-09-16 07:00:00,Indore,2273
2025-09-16 08:00:00,Ludhiana,1619
2025-09-16 09:00:00,Srinagar,3058
2025-09-16 10:00:00,Visakhapatnam,2673
2025-09-16 11:00:00,Vijayawada,3098
2025-09-16 12:00:00,Nashik,3041
2025-09-16 13:00:00,Kanpur,3097
2025-09-16 14:00:00,Patna,2772
2025-09-16 15:00:00,Jaipur,2786
2025-09-16 16:00:00,Vijayawada,2355
2025-09-16 17:00:00,Hubli,2379
2025-09-16 18:00:00,Jodhpur,4590
2025-09-16 19:00:00,Vijayawada,3998
2025-09-16 20:00:00,Guwahati,2925
2025-09-16 21:00:00,Thane,3051
2025-09-16 22:00:00,Aurangabad,3077
2025-09-16 23:00:00,Aurangabad,1691
