City,Year,Domestic_Consumption,Industrial_Consumption,Commercial_Consumption,Total_Consumption
Jaipur,2019,566,3004,1983,5553
Chennai,2017,2380,1095,1151,4626
Guwahati,2019,1605,3367,729,5701
Hyderabad,2019,2462,4574,1047,8083
Ludhiana,2017,1439,3814,1254,6507
Mumbai,2019,1122,4391,424,5937
Chennai,2018,1548,4972,760,7280
Howrah,2017,1488,3248,475,5211
Meerut,2017,2145,4765,1257,8167
Raipur,2019,1581,3543,1704,6828
Hubli,2019,2671,821,458,3950
Patna,2018,1344,3916,546,5806
Kanpur,2017,852,4368,642,5862
Patna,2018,1428,1527,1913,4868
Thane,2017,2771,4860,1628,9259
Bhopal,2017,2659,3270,354,6283
Vadodara,2019,1711,4732,442,6885
Ludhiana,2017,1112,1499,1179,3790
Vasai,2018,2243,1210,1825,5278
Hubli,2019,1001,3649,1202,5852
Solapur,2018,2933,2299,1388,6620
Jaipur,2019,2427,1842,894,5163
Solapur,2017,862,2553,528,3943
Delhi,2019,1805,1272,1550,4627
Indore,2019,1271,4389,1640,7300
Ghaziabad,2017,792,4795,1849,7436
Kanpur,2017,1156,840,348,2344
Srinagar,2018,1014,2986,1463,5463
Varanasi,2019,1912,4812,357,7081
Visakhapatnam,2019,655,1312,330,2297
Lucknow,2017,2663,3299,1115,7077
Ranchi,2018,517,2458,1130,4105
Navi Mumbai,2019,917,3641,1803,6361
Kanpur,2018,1534,4495,853,6882
Indore,2018,2398,4568,1945,8911
Jodhpur,2018,1007,2188,1513,4708
Jodhpur,2019,1818,2083,1598,5499
Varanasi,2017,2597,2040,656,5293
Kanpur,2017,1168,1275,642,3085
Ranchi,2017,2504,4172,1861,8537
Jaipur,2019,1545,1646,652,3843
Aurangabad,2017,2038,4140,763,6941
Hubli,2019,2538,3206,1961,7705
Vadodara,2018,2875,2149,1052,6076
Vijayawada,2017,2384,2763,1518,6665
Agra,2019,1372,3024,548,4944
Lucknow,2018,2587,1618,1671,5876
Solapur,2018,2398,2384,446,5228
Thane,2019,2997,2589,1539,7125
Ahmedabad,2017,2995,2446,1763,7204
Raipur,2018,1076,1486,650,3212
Srinagar,2018,2516,2643,1695,6854
Rajkot,2017,1040,2623,1336,4999
Lucknow,2018,1398,1899,494,3791
Solapur,2018,2770,1393,1481,5644
Vijayawada,2018,1487,1683,1758,4928
Nagpur,2017,2258,2514,1063,5835
Vasai,2019,1967,3963,658,6588
Chennai,2018,1151,2811,322,4284
Chandigarh,2018,2432,4164,1869,8465
Madurai,2018,2100,4706,1568,8374
Visakhapatnam,2017,2927,3589,731,7247
Ghaziabad,2017,1358,1918,609,3885
Ahmedabad,2018,1128,4444,395,5967
Ahmedabad,2019,1217,1817,375,3409
Thane,2018,2155,1439,746,4340
Hubli,2018,874,4827,679,6380
Mumbai,2017,2195,4210,1125,7530
Bangalore,2018,1761,1918,1995,5674
Allahabad,2019,1834,4183,746,6763
Vijayawada,2018,1357,2028,969,4354
Agra,2017,1075,3255,553,4883
Thane,2018,2105,1340,1354,4799
Indore,2017,2504,1938,1469,5911
Varanasi,2019,600,2539,1253,4392
Varanasi,2017,570,1346,1046,2962
Allahabad,2017,1054,1533,339,2926
Rajkot,2019,2143,3516,575,6234
Chennai,2019,936,4686,325,5947
Indore,2018,2539,2621,686,5846
Nagpur,2018,1090,2499,1666,5255
Srinagar,2018,2884,1230,650,4764
Bangalore,2017,1503,943,1096,3542
Madurai,2019,1400,4513,1328,7241
Navi Mumbai,2018,1249,3180,418,4847
Patna,2017,1366,1298,961,3625
Indore,2017,2360,1110,1433,4903
Aurangabad,2019,978,3948,1656,6582
Agra,2017,2952,3289,442,6683
Meerut,2017,1835,2656,1684,6175
Howrah,2018,830,1636,817,3283
Kolkata,2018,2351,1572,1700,5623
Chennai,2019,2119,3914,1780,7813
Navi Mumbai,2019,2339,840,1605,4784
Nashik,2018,2459,2667,975,6101
Jodhpur,2017,2072,3472,1174,6718
Indore,2019,2121,4548,1232,7901
Coimbatore,2017,2785,2338,781,5904
Vadodara,2017,1061,4618,1358,7037
Hyderabad,2017,2900,1988,1137,6025
Nagpur,2017,1102,2674,699,4475
Srinagar,2018,1825,3256,1207,6288
Ghaziabad,2019,1815,2200,478,4493
Hubli,2019,2122,4568,1713,8403
Aurangabad,2018,1785,3035,1069,5889
Kota,2018,2656,2898,1561,7115
Kalyan,2018,2093,2071,1820,5984
Jabalpur,2019,963,3369,1282,5614
Pune,2018,1418,4041,846,6305
Varanasi,2018,1040,2122,1966,5128
Hyderabad,2017,1831,1983,498,4312
Howrah,2019,2687,4108,775,7570
Dhanbad,2018,1315,4589,1651,7555
Vasai,2017,2937,1751,1509,6197
Mumbai,2017,2329,2880,1497,6706
Allahabad,2017,1782,1821,1356,4959
Meerut,2018,2139,4945,1696,8780
Ghaziabad,2017,1293,1012,604,2909
Pune,2018,1722,2071,1168,4961
Faridabad,2019,795,807,913,2515
Kota,2019,1631,2011,1559,5201
Dhanbad,2017,2525,4151,1501,8177
Raipur,2019,618,4290,1004,5912
Aurangabad,2017,1084,3711,1377,6172
Mumbai,2019,869,1347,884,3100
Hubli,2017,1884,3060,1426,6370
Kalyan,2018,1877,4478,1520,7875
Ludhiana,2017,1938,2176,1634,5748
Chennai,2017,691,1661,373,2725
Bangalore,2018,1891,4481,1397,7769
Meerut,2018,2814,3258,1103,7175
Gwalior,2018,576,4535,689,5800
Kalyan,2018,1977,3667,1591,7235
Srinagar,2017,1808,1284,878,3970
Hubli,2019,1341,2909,866,5116
Vadodara,2019,1042,4225,1057,6324
Bhopal,2019,1680,4160,981,6821
Bhopal,2017,2357,2025,536,4918
Bhopal,2017,899,868,1270,3037
Amritsar,2017,1410,4519,594,6523
Visakhapatnam,2019,1139,2626,899,4664
Jabalpur,2019,2297,4748,1175,8220
Solapur,2018,2459,1440,772,4671
Ludhiana,2018,1720,1714,341,3775
Amritsar,2019,1233,4595,1961,7789
Ahmedabad,2017,2770,1881,447,5098
Allahabad,2018,1382,3484,1901,6767
Kanpur,2019,1535,1706,505,3746
Faridabad,2017,2872,3347,426,6645
Jodhpur,2019,564,2746,1954,5264
Agra,2018,968,1838,1507,4313
Kolkata,2019,1374,3135,1237,5746
Ludhiana,2019,938,3985,1266,6189
Nagpur,2017,2437,2838,1873,7148
Kanpur,2018,2291,1684,1740,5715
Pune,2018,2619,1312,750,4681
Coimbatore,2018,924,4019,551,5494
Mumbai,2019,962,4654,1238,6854
Patna,2018,872,3712,527,5111
Srinagar,2019,2418,1800,1919,6137
Thane,2019,2326,3994,1893,8213
Nagpur,2018,1098,4761,950,6809
Ludhiana,2019,873,1792,1796,4461
Bangalore,2019,1264,2908,537,4709
Vijayawada,2018,1751,4843,1063,7657
Thane,2018,1318,2535,905,4758
Faridabad,2017,1328,2913,971,5212
Amritsar,2019,2543,4789,324,7656
Solapur,2019,2131,3844,1614,7589
Madurai,2019,2294,1029,1068,4391
Hyderabad,2019,2370,1800,1073,5243
Mumbai,2017,2970,812,1823,5605
Indore,2018,1055,3239,633,4927
Kota,2018,908,2932,1356,5196
Bangalore,2019,2245,3951,1023,7219
Kalyan,2017,722,2770,1172,4664
Madurai,2017,2142,2517,1376,6035
Hubli,2019,1461,923,1592,3976
Indore,2018,2556,3650,607,6813
Delhi,2017,1541,1634,854,4029
Patna,2018,1159,2153,1753,5065
Kanpur,2018,534,4020,1394,5948
Gwalior,2017,2021,3504,1458,6983
Bhopal,2018,1638,2286,500,4424
Jaipur,2019,2806,831,1816,5453
Ludhiana,2019,2743,2217,540,5500
Navi Mumbai,2018,2981,4572,975,8528
Nashik,2019,1528,4227,723,6478
Kolkata,2018,2149,836,1724,4709
Madurai,2019,2219,2565,601,5385
Kota,2018,968,4570,601,6139
Howrah,2017,2848,4841,1605,9294
Delhi,2017,2880,1875,1506,6261
Kalyan,2019,947,1972,1839,4758
Navi Mumbai,2019,1948,1619,703,4270
Visakhapatnam,2018,1245,1335,1162,3742
Patna,2018,1918,1271,525,3714
Chennai,2017,2865,3518,743,7126
Navi Mumbai,2017,2248,884,1454,4586
Madurai,2018,1892,4187,1503,7582
Nagpur,2018,979,4239,1362,6580
Vasai,2019,622,3462,421,4505
Raipur,2018,2674,1408,1460,5542
Bangalore,2019,885,4053,1962,6900
Varanasi,2017,1757,2687,1458,5902
Ahmedabad,2019,693,4792,473,5958
Guwahati,2019,2258,4424,350,7032
Vijayawada,2019,914,3298,1581,5793
Rajkot,2018,1108,2522,1595,5225
Ranchi,2017,1582,1509,1536,4627
Meerut,2017,2219,4540,1075,7834
Kanpur,2019,2173,3484,309,5966
Bhopal,2017,2955,3234,876,7065
Agra,2019,1265,4388,1014,6667
Lucknow,2019,2525,4049,1443,8017
Bhopal,2017,1124,3769,667,5560
Jabalpur,2018,760,4415,1617,6792
Patna,2017,1527,3004,769,5300
Varanasi,2018,828,1721,1213,3762
Ahmedabad,2017,1811,3151,1209,6171
Visakhapatnam,2018,2780,1063,437,4280
Jodhpur,2019,1497,1785,1727,5009
Allahabad,2018,2230,2936,372,5538
Ahmedabad,2018,521,3684,1481,5686
Chennai,2017,2914,1220,752,4886
Navi Mumbai,2019,2920,4829,1428,9177
Vasai,2019,766,1534,691,2991
Ludhiana,2019,796,3577,1429,5802
Ludhiana,2019,2407,3101,1266,6774
Ahmedabad,2019,1686,2006,1172,4864
Hyderabad,2017,528,4849,1972,7349
Gwalior,2019,2487,2366,929,5782
Gwalior,2019,1052,3488,1879,6419
Kanpur,2018,2739,2983,737,6459
Allahabad,2018,1536,3102,1876,6514
Thane,2018,2609,2470,1014,6093
Aurangabad,2018,1658,2348,1901,5907
Vadodara,2019,538,4894,911,6343
Lucknow,2017,2589,4888,650,8127
Jabalpur,2019,2010,1274,1126,4410
Jabalpur,2019,2034,1891,1015,4940
Guwahati,2019,725,4877,1833,7435
Hyderabad,2017,1817,2518,1886,6221
Solapur,2017,2159,2948,606,5713
Jodhpur,2019,684,1494,1327,3505
Ranchi,2018,650,3158,344,4152
Patna,2019,1567,964,1003,3534
Aurangabad,2018,820,3544,1462,5826
Aurangabad,2017,1038,2453,452,3943
Jaipur,2018,2771,4436,1286,8493
Mumbai,2018,2233,4400,551,7184
Ghaziabad,2019,1015,4314,1092,6421
Ahmedabad,2017,1751,4852,947,7550
Kanpur,2019,816,4734,405,5955
Allahabad,2017,1680,3120,448,5248
Solapur,2018,2900,4360,1647,8907
Ludhiana,2017,1321,3509,1788,6618
Kanpur,2019,1184,2272,913,4369
Kolkata,2019,2098,2580,1407,6085
Meerut,2017,1313,2119,351,3783
Ludhiana,2018,2719,3661,479,6859
Thane,2017,2402,1364,613,4379
Ghaziabad,2017,2497,2057,1254,5808
Nashik,2017,925,2542,870,4337
Ahmedabad,2017,1077,4292,554,5923
Rajkot,2017,1093,4050,763,5906
Vijayawada,2019,2176,1633,1237,5046
Mumbai,2017,1053,2713,1616,5382
Kolkata,2017,2323,2321,937,5581
Patna,2018,970,2236,893,4099
Ghaziabad,2017,2846,1962,673,5481
Madurai,2019,2309,3471,1277,7057
Aurangabad,2017,1243,3920,648,5811
Patna,2017,2427,3296,374,6097
Aurangabad,2019,1844,3961,1993,7798
Bhopal,2017,2506,3292,390,6188
Rajkot,2017,1725,2477,1313,5515
Hyderabad,2017,1425,4298,1933,7656
Howrah,2017,1279,4306,383,5968
Thane,2018,751,3410,1901,6062
Thane,2018,647,1181,1299,3127
Guwahati,2018,1024,4842,448,6314
Chandigarh,2018,1739,4587,695,7021
Navi Mumbai,2018,2885,1467,1242,5594
Jabalpur,2019,1835,4652,1859,8346
Madurai,2017,2352,3068,1775,7195
Jabalpur,2018,2332,2784,1709,6825
Aurangabad,2018,537,2085,616,3238
Jodhpur,2019,1938,4756,562,7256
Vijayawada,2019,2777,812,685,4274
Faridabad,2017,629,2761,845,4235
Nashik,2017,1895,1225,735,3855
Ranchi,2018,2807,4314,1962,9083
Ludhiana,2017,2518,1936,1935,6389
Faridabad,2019,2946,4371,1854,9171
Kanpur,2018,1101,3045,1590,5736
Pune,2018,2201,4416,441,7058
Pune,2017,2095,1135,1504,4734
Srinagar,2018,1577,3616,608,5801
Coimbatore,2019,546,4915,1304,6765
Agra,2018,2697,2039,1802,6538
Rajkot,2018,1668,1078,508,3254
Hubli,2019,981,2568,1883,5432
Patna,2018,1911,2038,651,4600
Thane,2018,974,4900,1578,7452
Ahmedabad,2018,1633,2705,396,4734
Faridabad,2017,1013,3917,1366,6296
Faridabad,2019,628,4759,427,5814
Nashik,2019,1356,1692,1247,4295
Coimbatore,2017,1047,2254,1316,4617
Faridabad,2019,648,2215,1995,4858
Madurai,2018,1092,1654,1319,4065
Jabalpur,2018,1286,4874,1946,8106
Srinagar,2019,2890,3918,1078,7886
Amritsar,2017,1367,3980,477,5824
Nagpur,2017,1520,1594,891,4005
Kolkata,2019,653,4110,1705,6468
Hubli,2017,1584,4133,1279,6996
Vijayawada,2017,886,2470,984,4340
Hyderabad,2019,639,1779,1293,3711
Raipur,2018,1173,3948,971,6092
Howrah,2017,1705,3941,393,6039
Guwahati,2019,2717,3354,942,7013
Agra,2018,563,4026,1450,6039
Solapur,2017,2741,4491,803,8035
Lucknow,2019,1567,2481,553,4601
Kanpur,2018,2686,3471,1015,7172
Madurai,2017,2315,3921,1577,7813
Thane,2018,1026,1559,1627,4212
Hubli,2019,2326,4646,1984,8956
Vadodara,2018,799,3906,1925,6630
Hubli,2019,1750,3309,906,5965
Varanasi,2019,1763,3260,876,5899
Vadodara,2017,1339,4067,1280,6686
Meerut,2019,1401,1755,757,3913
Raipur,2019,1139,996,1863,3998
Kota,2019,2135,1335,1893,5363
Kalyan,2019,641,3517,332,4490
Amritsar,2018,2027,1711,1273,5011
Patna,2019,1153,3151,1225,5529
Coimbatore,2017,843,1919,867,3629
Srinagar,2019,983,2080,1622,4685
Solapur,2018,1319,3457,1803,6579
Coimbatore,2017,1610,4185,1440,7235
Kanpur,2019,949,1478,394,2821
Vadodara,2017,2287,4184,1523,7994
Nashik,2018,2936,4458,1103,8497
Pune,2019,1600,2564,1458,5622
Ahmedabad,2019,2737,4864,684,8285
Varanasi,2019,1030,4429,988,6447
Navi Mumbai,2018,1682,4598,1875,8155
Patna,2019,2484,1036,924,4444
Hubli,2017,2236,998,1054,4288
Meerut,2019,1991,1598,811,4400
Jabalpur,2019,570,3023,514,4107
Nashik,2018,1968,1802,629,4399
Nashik,2019,864,1770,915,3549
Srinagar,2018,1612,2765,931,5308
Agra,2018,2530,3857,1204,7591
Vadodara,2018,2435,3878,1404,7717
Dhanbad,2018,2260,3347,1063,6670
Navi Mumbai,2017,2362,4579,1871,8812
Faridabad,2018,979,2164,556,3699
Coimbatore,2019,847,2202,1738,4787
Madurai,2018,1671,1096,1835,4602
Mumbai,2018,1728,4048,1044,6820
Nagpur,2017,694,3418,1086,5198
Gwalior,2017,2614,4779,873,8266
Hubli,2019,1788,1895,1889,5572
Jabalpur,2017,2950,2776,1630,7356
Jodhpur,2017,2550,3214,1309,7073
Hubli,2019,1184,1254,1591,4029
Indore,2017,1200,1502,1251,3953
Bhopal,2019,2629,4552,325,7506
Hyderabad,2017,2388,2522,976,5886
Gwalior,2019,2123,1237,1372,4732
Meerut,2019,2993,1103,1814,5910
Meerut,2017,1758,2143,915,4816
Vadodara,2019,2621,3689,728,7038
Mumbai,2018,507,3083,1249,4839
Allahabad,2017,2991,3154,862,7007
Howrah,2019,2646,3766,1693,8105
Jodhpur,2018,2762,3767,634,7163
Vasai,2018,913,4349,1631,6893
Vadodara,2017,2464,2557,678,5699
Kota,2018,2190,2299,345,4834
Hubli,2019,519,1415,859,2793
Bangalore,2017,2631,4454,1663,8748
Chennai,2018,2210,4426,1314,7950
Madurai,2019,2420,1418,1235,5073
Hubli,2019,2895,941,1550,5386
Dhanbad,2018,1319,1516,1634,4469
Patna,2018,1647,3181,617,5445
Bhopal,2017,800,4438,958,6196
Ahmedabad,2018,2742,4263,1289,8294
Indore,2019,678,3264,627,4569
Indore,2018,2373,1082,1124,4579
Allahabad,2018,1204,4143,1701,7048
Howrah,2019,695,4512,1183,6390
Jodhpur,2019,1937,4551,1131,7619
Mumbai,2019,2976,3530,619,7125
Coimbatore,2018,2397,855,856,4108
Ludhiana,2018,1823,4360,501,6684
Amritsar,2019,2407,3445,512,6364
Mumbai,2018,568,3574,945,5087
Nagpur,2018,2677,4993,786,8456
Rajkot,2018,1557,3327,1046,5930
Bhopal,2018,1349,2146,350,3845
Ahmedabad,2019,1933,4325,1725,7983
Meerut,2017,2269,1595,1946,5810
Vasai,2019,2018,970,1107,4095
Allahabad,2018,2432,4426,607,7465
Lucknow,2017,1533,947,1977,4457
Kota,2017,776,4785,677,6238
Ghaziabad,2018,2202,2595,337,5134
Thane,2019,1702,3910,1445,7057
Kolkata,2017,2092,1344,443,3879
Vasai,2019,1881,2987,1337,6205
Bangalore,2019,560,2481,814,3855
Raipur,2019,544,3368,1649,5561
Patna,2018,2549,815,1285,4649
Ahmedabad,2017,2820,3434,1637,7891
Lucknow,2018,1853,4300,894,7047
Aurangabad,2018,945,1501,874,3320
Indore,2019,521,2004,1290,3815
Vijayawada,2019,1943,4078,1609,7630
Bangalore,2019,2399,2653,1937,6989
Coimbatore,2018,1533,2832,1618,5983
Aurangabad,2017,2047,1832,1762,5641
Rajkot,2018,889,4568,1017,6474
Ahmedabad,2018,1424,1187,1627,4238
Madurai,2018,2273,3289,1182,6744
Ahmedabad,2018,2084,1929,1621,5634
Meerut,2017,1532,1435,755,3722
Agra,2019,1967,1076,972,4015
Meerut,2017,1921,4734,1063,7718
Solapur,2018,1495,1523,1094,4112
Bhopal,2018,2400,2762,702,5864
Howrah,2017,2958,4904,1716,9578
Mumbai,2018,2715,1096,1329,5140
Lucknow,2018,1693,4415,1991,8099
Lucknow,2019,2877,3319,1018,7214
Hubli,2019,2691,3536,1336,7563
Jaipur,2018,1074,1010,745,2829
Nagpur,2018,2536,3277,685,6498
Lucknow,2017,1659,3228,1724,6611
Chandigarh,2017,2966,3749,1170,7885
Nagpur,2018,1651,4172,1053,6876
Gwalior,2019,544,4966,1297,6807
Raipur,2017,2463,3279,632,6374
Lucknow,2017,1678,4608,1520,7806
Meerut,2017,1705,3738,1936,7379
Srinagar,2017,2071,3305,611,5987
Kolkata,2018,1269,3510,1540,6319
Lucknow,2019,715,1492,856,3063
Jodhpur,2018,1607,2459,1260,5326
Lucknow,2019,2327,898,1911,5136
Lucknow,2017,1003,3555,544,5102
Kalyan,2018,2852,1611,1816,6279
Madurai,2017,1093,1069,812,2974
Solapur,2017,2317,1972,1834,6123
Indore,2018,1505,3346,405,5256
Nashik,2019,987,3880,1831,6698
Kalyan,2018,1753,898,995,3646
Pune,2019,2237,3635,407,6279
Aurangabad,2018,2052,3606,1595,7253
Amritsar,2018,1431,3283,1886,6600
Kolkata,2019,1550,4950,1463,7963
Rajkot,2019,2168,2948,1910,7026
Jabalpur,2018,1253,1876,835,3964
Kanpur,2017,823,4714,540,6077
Amritsar,2019,683,3256,1605,5544
Ranchi,2019,2126,2263,1934,6323
Vadodara,2018,1768,3686,1231,6685
Navi Mumbai,2017,1605,3363,1018,5986
Navi Mumbai,2017,1881,3302,1665,6848
Howrah,2019,686,1801,491,2978
Meerut,2018,974,2346,772,4092
Navi Mumbai,2018,1559,4656,763,6978
Coimbatore,2018,2565,1070,1332,4967
Allahabad,2017,2644,2432,1315,6391
Kolkata,2019,1389,1342,1207,3938
Bhopal,2019,1617,1235,1896,4748
Amritsar,2018,2979,2014,807,5800
Guwahati,2018,1732,1596,1496,4824
Agra,2017,1512,2918,616,5046
Chandigarh,2017,1156,3008,880,5044
Nashik,2018,984,3603,1040,5627
Agra,2018,606,3234,641,4481
Amritsar,2019,1842,2318,1731,5891
Kanpur,2019,2890,3821,1092,7803
Hyderabad,2019,2826,1455,1200,5481
Faridabad,2018,1419,4005,1743,7167
Bangalore,2019,2137,3720,715,6572
Navi Mumbai,2017,2511,1960,1049,5520
Vijayawada,2019,2085,2524,1874,6483
Mumbai,2018,1185,4476,1921,7582
Delhi,2017,1051,3440,1110,5601
Jabalpur,2017,1281,2931,1569,5781
Raipur,2018,2797,4571,945,8313
Patna,2017,544,2017,793,3354
Kota,2019,2593,1915,910,5418
Nashik,2018,2714,1610,805,5129
Aurangabad,2019,889,2240,1812,4941
Vadodara,2017,723,4593,1215,6531
Kota,2019,2280,4819,1939,9038
Ludhiana,2017,694,2595,1505,4794
Indore,2019,2705,4129,1673,8507
Vadodara,2018,2039,3300,1687,7026
Kanpur,2017,1418,4175,521,6114
Jaipur,2017,834,4542,703,6079
Howrah,2019,943,1249,1641,3833
Srinagar,2017,1440,4696,864,7000
Dhanbad,2017,2475,1515,1164,5154
Kota,2019,570,3408,1953,5931
Gwalior,2018,2619,1908,699,5226
Vasai,2017,2881,1435,568,4884
Raipur,2018,559,4817,1226,6602
Thane,2019,626,3994,1970,6590
Jodhpur,2019,1136,4078,1086,6300
Madurai,2018,786,980,1664,3430
Ranchi,2018,1206,1036,1614,3856
Kolkata,2017,2108,3476,1944,7528
Navi Mumbai,2017,1238,2764,914,4916
Kanpur,2018,1196,1128,1730,4054
Faridabad,2017,2826,4932,1067,8825
Hyderabad,2017,946,3202,1162,5310
Navi Mumbai,2019,578,2910,1563,5051
Jodhpur,2018,1415,3744,1368,6527
Nashik,2019,987,3099,478,4564
Patna,2018,702,2648,1111,4461
Allahabad,2019,1938,3516,922,6376
Solapur,2018,1569,4136,1544,7249
Kota,2019,994,3393,1106,5493
Coimbatore,2018,2737,1478,1006,5221
Meerut,2018,1079,1425,1447,3951
Vadodara,2017,2852,4680,1341,8873
Chandigarh,2017,2494,4066,856,7416
Lucknow,2018,2446,4812,873,8131
Agra,2017,791,4432,1986,7209
Srinagar,2017,1778,3429,1678,6885
Jaipur,2019,1556,1317,1008,3881
Agra,2019,2177,2870,1413,6460
Amritsar,2017,2522,920,833,4275
Gwalior,2019,640,1563,1857,4060
Kolkata,2018,2217,2424,1619,6260
Jodhpur,2018,924,3077,1942,5943
Kalyan,2017,1643,2484,1006,5133
Navi Mumbai,2017,2745,1954,573,5272
Madurai,2018,1213,2111,1275,4599
Kota,2017,1327,3958,782,6067
Gwalior,2018,1100,4950,1023,7073
Chandigarh,2019,2571,1514,1978,6063
Vijayawada,2018,2023,2381,1042,5446
Visakhapatnam,2017,1821,2404,929,5154
Ranchi,2017,1762,3955,1661,7378
Lucknow,2018,2408,1235,1533,5176
Srinagar,2018,780,4111,1662,6553
Delhi,2019,1287,3925,1814,7026
Amritsar,2018,2426,4078,971,7475
Faridabad,2018,1920,931,832,3683
Chandigarh,2018,2523,1761,822,5106
Varanasi,2018,1867,1845,787,4499
Coimbatore,2018,997,3451,479,4927
Rajkot,2018,1697,2906,1167,5770
Vasai,2017,1985,3916,1039,6940
Pune,2018,731,1226,1259,3216
Kalyan,2019,2825,1216,1605,5646
Hyderabad,2017,2130,3545,779,6454
Gwalior,2018,667,4369,1472,6508
Jodhpur,2019,2017,1413,1561,4991
Patna,2017,868,4192,1252,6312
Raipur,2017,2551,4286,324,7161
Raipur,2017,1289,1204,960,3453
Vadodara,2018,1598,3299,1617,6514
Chennai,2019,579,4578,997,6154
Kota,2018,2034,2845,479,5358
Hubli,2019,1785,4478,736,6999
Lucknow,2017,2403,1283,1041,4727
Delhi,2019,1110,3710,1067,5887
Lucknow,2018,2332,4207,1292,7831
Delhi,2019,848,3572,611,5031
Amritsar,2019,642,3505,1258,5405
Allahabad,2018,800,2436,1417,4653
Ahmedabad,2018,1774,2800,1648,6222
Thane,2018,2558,2151,1523,6232
Meerut,2019,2676,1036,1356,5068
Chennai,2018,1050,1046,785,2881
Nagpur,2017,998,1478,1918,4394
Bhopal,2017,2938,2258,1715,6911
Vadodara,2018,2423,2112,1792,6327
Ranchi,2018,1198,3543,1129,5870
Nashik,2017,2065,1034,1824,4923
Nashik,2017,2197,4206,731,7134
Howrah,2019,2566,3656,745,6967
Nagpur,2018,2899,1919,1427,6245
Kalyan,2019,1839,3367,1691,6897
Dhanbad,2018,1371,3438,1665,6474
Faridabad,2019,2962,4032,640,7634
Ahmedabad,2019,841,1295,1668,3804
Meerut,2019,1715,3169,893,5777
Ludhiana,2018,1844,4842,317,7003
Meerut,2018,751,975,1252,2978
Thane,2018,2531,2694,1806,7031
Solapur,2019,1267,2188,958,4413
Raipur,2019,753,2707,1474,4934
Meerut,2019,1940,1620,1159,4719
Vadodara,2019,713,3849,1978,6540
Kolkata,2017,1928,2447,1667,6042
Raipur,2019,1045,3300,582,4927
Gwalior,2018,688,3620,1801,6109
Vadodara,2019,796,3277,1019,5092
Madurai,2018,755,4134,1184,6073
Dhanbad,2019,1261,3646,641,5548
Vasai,2019,1386,3785,688,5859
Navi Mumbai,2017,1862,3798,431,6091
Ghaziabad,2018,594,3875,1898,6367
Bhopal,2018,1958,2273,816,5047
Chandigarh,2017,1211,3573,386,5170
Srinagar,2018,2358,2105,423,4886
Guwahati,2017,835,3225,1125,5185
Jaipur,2018,553,4346,1680,6579
Nagpur,2019,1135,3501,996,5632
Lucknow,2018,962,3712,400,5074
Chandigarh,2019,889,2414,490,3793
Delhi,2018,1928,2804,1326,6058
Ghaziabad,2017,1147,1977,1615,4739
Kanpur,2018,822,4181,1445,6448
Allahabad,2018,2428,3696,969,7093
Guwahati,2019,1668,3155,467,5290
Kota,2019,2719,2041,535,5295
Nagpur,2017,2999,2177,1268,6444
Mumbai,2017,663,4105,1358,6126
Delhi,2019,1362,3540,1201,6103
Howrah,2019,1224,4741,366,6331
Chennai,2017,1407,4326,1425,7158
Bhopal,2017,586,2259,1556,4401
Coimbatore,2019,2616,3340,679,6635
Howrah,2019,808,1261,965,3034
Visakhapatnam,2018,643,1999,567,3209
Vadodara,2019,1613,3547,1710,6870
Chandigarh,2017,2389,3820,1767,7976
Nagpur,2019,2399,3165,634,6198
Raipur,2019,1321,4617,1258,7196
Srinagar,2018,2409,4191,1478,8078
Allahabad,2018,2499,1390,1037,4926
Amritsar,2018,2377,3404,1581,7362
Delhi,2017,1050,4123,1625,6798
Faridabad,2019,667,2836,706,4209
Indore,2019,1048,2378,1553,4979
Kota,2019,1583,3168,715,5466
Delhi,2019,1863,3144,308,5315
Bhopal,2018,891,3310,1512,5713
Navi Mumbai,2018,1452,3666,399,5517
Srinagar,2019,1169,1335,1578,4082
Dhanbad,2019,682,1035,1044,2761
Delhi,2017,2647,4105,499,7251
Navi Mumbai,2019,2102,1325,326,3753
Patna,2019,2512,1437,662,4611
Indore,2019,2451,2541,365,5357
Agra,2019,696,4760,568,6024
Ranchi,2019,829,3785,1711,6325
Srinagar,2019,1743,4425,1427,7595
Kota,2019,1437,1367,822,3626
Indore,2018,529,1047,1827,3403
Varanasi,2019,855,3202,1426,5483
Kalyan,2019,809,4421,1271,6501
Ghaziabad,2017,1623,4696,469,6788
Hubli,2019,1867,2546,789,5202
Ahmedabad,2018,2215,4095,1037,7347
Coimbatore,2018,1448,3427,1907,6782
Ludhiana,2018,2733,2683,311,5727
Howrah,2019,2329,3788,1736,7853
Visakhapatnam,2017,2284,1719,1337,5340
Solapur,2019,1471,4624,408,6503
Chandigarh,2017,1814,3019,1270,6103
Meerut,2017,2745,3602,1120,7467
Srinagar,2018,1852,2517,1124,5493
Mumbai,2019,2478,1100,1324,4902
Ahmedabad,2018,2760,3083,1705,7548
Chandigarh,2018,1283,3996,959,6238
Nagpur,2018,2432,1266,1053,4751
Ranchi,2019,1660,1407,643,3710
Gwalior,2018,2861,3889,575,7325
Gwalior,2019,1213,4611,1412,7236
Bhopal,2018,2673,2577,1423,6673
Ghaziabad,2019,2439,4142,636,7217
Faridabad,2018,2718,2721,1440,6879
Indore,2017,821,2830,1481,5132
Chennai,2017,1168,4212,1095,6475
Kolkata,2018,1275,3803,579,5657
Meerut,2017,2742,3637,1707,8086
Visakhapatnam,2019,2425,4848,361,7634
Chandigarh,2018,2734,4678,1049,8461
Hubli,2019,1937,4128,1435,7500
Kanpur,2019,2988,2466,1490,6944
Jodhpur,2017,833,2064,1604,4501
Rajkot,2017,2629,2830,454,5913
Kanpur,2019,1871,1968,768,4607
Amritsar,2017,1045,3406,924,5375
Raipur,2018,691,1165,1597,3453
Ludhiana,2018,1998,2113,1920,6031
Nashik,2019,2372,4630,753,7755
Bangalore,2019,2303,3603,1245,7151
Guwahati,2017,985,3391,1699,6075
Vijayawada,2019,2937,3191,812,6940
Pune,2018,572,3069,1639,5280
Delhi,2017,1629,2891,1108,5628
Solapur,2018,827,880,699,2406
Delhi,2017,706,3205,944,4855
Navi Mumbai,2017,2456,1854,972,5282
Kota,2017,2033,3089,1478,6600
Howrah,2018,2099,1628,1185,4912
Visakhapatnam,2018,1277,3835,1720,6832
Faridabad,2019,826,4270,636,5732
Kanpur,2019,770,2290,1501,4561
Bangalore,2019,1079,1412,1888,4379
Dhanbad,2017,2925,4516,1926,9367
Jodhpur,2019,526,2336,605,3467
Thane,2019,1815,3105,407,5327
Jodhpur,2019,2394,2901,721,6016
Kota,2019,1397,4058,1138,6593
Rajkot,2018,580,1929,1910,4419
Nashik,2019,719,4861,1139,6719
Navi Mumbai,2019,722,4401,1631,6754
Vasai,2017,1510,2428,712,4650
Kanpur,2019,2716,2854,650,6220
Coimbatore,2018,1771,4599,890,7260
Ludhiana,2018,2807,4154,843,7804
Vasai,2018,2446,897,302,3645
Faridabad,2019,1439,4912,967,7318
Nagpur,2017,2337,1046,498,3881
Rajkot,2017,2486,2746,1439,6671
Indore,2017,1056,2835,819,4710
Ghaziabad,2017,2786,4922,677,8385
Aurangabad,2018,713,2073,1386,4172
Guwahati,2019,2295,4474,1168,7937
Solapur,2017,1395,1550,1593,4538
Jabalpur,2017,2855,3056,1769,7680
Allahabad,2017,1970,2676,810,5456
Navi Mumbai,2017,2048,1686,1653,5387
Amritsar,2017,2613,2191,1126,5930
Vijayawada,2018,707,4831,986,6524
Lucknow,2017,1775,2416,512,4703
Ghaziabad,2019,1936,4652,501,7089
Raipur,2017,2848,4414,1801,9063
Raipur,2017,1205,4758,979,6942
Bangalore,2018,1895,4757,612,7264
Raipur,2018,2225,2229,931,5385
Indore,2018,1713,2534,533,4780
Delhi,2018,1526,4180,473,6179
Vasai,2017,1879,4835,987,7701
Guwahati,2017,1188,3380,1274,5842
Srinagar,2018,613,4363,932,5908
Raipur,2017,550,3044,408,4002
Agra,2019,1444,862,1253,3559
Bhopal,2017,506,1376,656,2538
Bhopal,2017,2930,2922,1654,7506
Ghaziabad,2019,753,3714,521,4988
Delhi,2018,936,1062,987,2985
Agra,2018,1919,4244,1861,8024
Faridabad,2018,1733,1108,524,3365
Chennai,2017,2311,1941,1162,5414
Vadodara,2019,2308,4347,928,7583
Kota,2018,2579,3114,1154,6847
Nagpur,2017,1416,873,1553,3842
Kolkata,2017,1432,4994,447,6873
Ghaziabad,2019,1482,3471,1073,6026
Meerut,2017,2323,2222,608,5153
Hyderabad,2018,2569,2224,462,5255
Kalyan,2018,1404,2508,1128,5040
Chennai,2018,624,4658,894,6176
Kanpur,2019,2483,1219,1390,5092
Varanasi,2018,873,4164,1934,6971
Nashik,2018,2791,2425,1006,6222
Ghaziabad,2018,789,1133,1482,3404
Patna,2019,1555,962,1341,3858
Bangalore,2018,2453,2733,1321,6507
Varanasi,2019,2801,3019,1051,6871
Dhanbad,2019,1962,3258,1406,6626
Raipur,2017,2102,2786,846,5734
Madurai,2018,1065,3372,1232,5669
Lucknow,2019,1911,3925,1893,7729
Chennai,2019,1834,2137,1083,5054
Ghaziabad,2017,1798,3704,1832,7334
Ahmedabad,2017,970,2305,895,4170
Bangalore,2017,2706,4556,512,7774
Jabalpur,2017,578,1769,1378,3725
Kota,2019,639,4353,1739,6731
Ahmedabad,2017,2077,3334,414,5825
Thane,2019,916,4229,1532,6677
Pune,2017,2400,1658,1196,5254
Patna,2018,1619,3489,1619,6727
Ranchi,2017,1326,4382,1385,7093
Vijayawada,2019,657,1003,1178,2838
Jodhpur,2018,789,3109,714,4612
Kalyan,2017,1246,1219,1016,3481
Patna,2017,2318,1227,1497,5042
Faridabad,2017,1637,3941,1762,7340
Bhopal,2019,2639,1647,1948,6234
Vadodara,2017,1987,1638,828,4453
Madurai,2018,2962,1299,805,5066
Vadodara,2019,1474,3286,968,5728
Agra,2018,1294,2346,570,4210
Rajkot,2018,2490,1511,1416,5417
Hubli,2018,1403,1230,1417,4050
Bhopal,2018,1272,4747,1795,7814
Varanasi,2017,737,4572,1269,6578
Kalyan,2019,1041,2645,873,4559
Jabalpur,2019,2000,4778,1327,8105
Bhopal,2018,1415,4878,343,6636
Solapur,2019,892,3295,1553,5740
Rajkot,2019,2419,1520,880,4819
Jabalpur,2018,864,4305,704,5873
Navi Mumbai,2018,1028,2466,1492,4986
Dhanbad,2018,537,1731,422,2690
Hubli,2018,1055,3121,1780,5956
Pune,2019,1473,1612,1106,4191
Ludhiana,2017,2370,2885,319,5574
Ludhiana,2019,510,2866,674,4050
Chandigarh,2017,849,949,798,2596
Madurai,2019,2836,2342,1264,6442
Coimbatore,2017,2450,4630,1656,8736
Coimbatore,2019,963,2755,1483,5201
Coimbatore,2017,1126,3354,598,5078
Jodhpur,2017,721,2786,959,4466
Madurai,2019,1042,1533,617,3192
Thane,2018,2569,2554,1727,6850
Jabalpur,2017,1971,4623,1700,8294
Rajkot,2018,2060,4435,414,6909
Vasai,2019,2357,3551,1016,6924
Gwalior,2017,2706,1809,1202,5717
Ranchi,2018,2855,2547,577,5979
Kota,2018,2873,3369,1878,8120
Mumbai,2018,1684,3643,1078,6405
Lucknow,2019,2561,3588,1815,7964
Mumbai,2018,743,2394,587,3724
Patna,2017,2254,4600,1906,8760
Indore,2018,781,2878,1366,5025
Madurai,2017,1787,4200,1195,7182
Jodhpur,2019,1585,4237,634,6456
Vadodara,2018,1759,4585,1441,7785
Kanpur,2019,735,3754,1842,6331
Jaipur,2018,2833,1891,1293,6017
Navi Mumbai,2019,1968,2488,1360,5816
Srinagar,2017,819,3075,1258,5152
Hyderabad,2019,2107,4015,1734,7856
Raipur,2017,1728,2555,1864,6147
Mumbai,2019,764,1241,1975,3980
Kalyan,2017,1384,2258,463,4105
Ludhiana,2018,1302,4909,317,6528
Hyderabad,2018,1171,2293,1581,5045
Vijayawada,2017,1861,2644,806,5311
Ahmedabad,2019,1931,3927,471,6329
Madurai,2017,550,2265,1926,4741
Bangalore,2017,2532,2827,559,5918
Hyderabad,2017,1089,4889,1801,7779
Chandigarh,2018,1731,2240,625,4596
Madurai,2019,2455,1651,1198,5304
Meerut,2018,673,1767,1188,3628
Ludhiana,2018,1395,1335,1085,3815
Dhanbad,2018,793,2244,1653,4690
Hubli,2017,687,3957,1052,5696
Madurai,2018,1116,4815,957,6888
Madurai,2017,2316,4430,1086,7832
Visakhapatnam,2019,2820,4024,1315,8159
Vasai,2017,1970,4477,378,6825
Indore,2018,1080,1148,1852,4080
Howrah,2019,1741,1887,1326,4954
Faridabad,2018,611,1745,1450,3806
Lucknow,2017,608,1186,822,2616
Bangalore,2018,2881,2827,635,6343
Hubli,2017,2162,3550,1656,7368
Delhi,2019,2693,2282,655,5630
Ghaziabad,2018,2276,2197,590,5063
Meerut,2017,1125,4924,301,6350
Howrah,2018,503,3326,1114,4943
Raipur,2019,989,4717,1855,7561
Ahmedabad,2018,1613,1460,1545,4618
Lucknow,2018,2537,3520,316,6373
Meerut,2018,2272,1428,1926,5626
Pune,2017,509,1426,470,2405
Varanasi,2019,1524,1382,546,3452
Patna,2018,2837,4175,1674,8686
Dhanbad,2019,2950,2804,373,6127
Chandigarh,2019,892,3671,1618,6181
Dhanbad,2017,1223,4896,554,6673
Raipur,2017,1084,2414,1840,5338
Kota,2019,2495,4808,1269,8572
Delhi,2017,2706,1007,1991,5704
Nashik,2017,1336,3181,1133,5650
Ghaziabad,2017,1213,4052,1272,6537
Gwalior,2019,1036,2308,736,4080
Vasai,2019,510,4694,1855,7059
Varanasi,2017,2030,2903,1209,6142
Ahmedabad,2018,1016,2748,900,4664
Kalyan,2018,2669,4302,1052,8023
Kota,2017,2672,873,547,4092
Srinagar,2019,2964,4750,1391,9105
Kolkata,2018,1912,3801,1524,7237
Chandigarh,2019,1393,4559,1382,7334
Bhopal,2017,1940,1102,943,3985
Gwalior,2019,1280,2063,1842,5185
Patna,2019,2062,4933,327,7322
Coimbatore,2017,1535,1680,1835,5050
Rajkot,2019,2091,4358,1240,7689
Kalyan,2018,2995,1071,1036,5102
Chandigarh,2019,1711,2443,1690,5844
Indore,2019,1985,2039,753,4777
Vadodara,2019,1683,1975,744,4402
Delhi,2019,2001,4324,1657,7982
Vasai,2019,1057,1704,1817,4578
Amritsar,2018,1009,4116,1993,7118
Chandigarh,2017,964,2651,1011,4626
Ghaziabad,2018,2426,1585,888,4899
Lucknow,2019,2065,2921,1036,6022
Ranchi,2017,2683,3698,1005,7386
Jodhpur,2019,1948,4715,1342,8005
Navi Mumbai,2019,2441,1008,837,4286
Mumbai,2019,1091,2240,721,4052
Srinagar,2017,1859,3809,1057,6725
Vadodara,2017,2387,3708,873,6968
Delhi,2018,1347,1661,1771,4779
Faridabad,2018,941,1029,1778,3748
Indore,2018,1643,3364,1212,6219
Hubli,2019,1665,2197,1802,5664
Rajkot,2019,2929,4383,1852,9164
Ahmedabad,2017,2572,2432,1222,6226
Bangalore,2018,2904,1281,1922,6107
Ludhiana,2018,688,3892,692,5272
Vadodara,2017,1289,1063,645,2997
Bhopal,2019,2736,1836,463,5035
Indore,2017,2127,1112,1424,4663
Pune,2018,1989,3126,444,5559
Varanasi,2018,763,2534,1297,4594
Gwalior,2018,1678,804,1782,4264
Kolkata,2018,2132,4035,819,6986
Navi Mumbai,2018,2590,2471,519,5580
Jodhpur,2019,2446,2442,1845,6733
Ghaziabad,2019,2325,4020,1139,7484
Jodhpur,2019,500,3861,791,5152
Indore,2019,2891,1103,785,4779
Nashik,2018,1082,2653,1280,5015
Patna,2018,968,4592,435,5995
Guwahati,2017,2110,4085,1678,7873
Coimbatore,2018,1294,2748,1560,5602
Thane,2018,1436,3966,752,6154
Hyderabad,2017,1415,1344,352,3111
Amritsar,2018,1050,2926,1225,5201
Nashik,2018,1164,4508,731,6403
Nagpur,2017,666,4793,987,6446
Ranchi,2019,1098,1591,1709,4398
Agra,2019,599,1668,1268,3535
Pune,2019,1135,4115,1015,6265
Bhopal,2018,1744,2375,1099,5218
Varanasi,2019,1235,2551,1315,5101
Kalyan,2017,506,2395,1520,4421
Guwahati,2019,1505,849,1006,3360
Jabalpur,2018,1669,4772,1281,7722
Aurangabad,2018,2544,1190,1171,4905
Dhanbad,2017,1766,1337,660,3763
Indore,2017,2940,1568,1908,6416
Vadodara,2019,1714,3102,1378,6194
Srinagar,2018,2316,4796,1406,8518
Bhopal,2019,2122,3379,570,6071
Dhanbad,2018,974,2053,1845,4872
Kota,2017,799,2609,1263,4671
Guwahati,2018,2981,4679,352,8012
Ludhiana,2019,2735,1558,1342,5635
Patna,2018,1127,1137,1432,3696
Patna,2019,1740,4448,1735,7923
Coimbatore,2017,1510,3611,460,5581
Vadodara,2017,1005,1022,1325,3352
Ludhiana,2018,1808,1965,1516,5289
Pune,2019,1440,2281,938,4659
Indore,2019,1389,2871,809,5069
Gwalior,2017,2909,2209,1290,6408
Chennai,2018,1764,3870,605,6239
Hubli,2019,2761,3932,1868,8561
Meerut,2018,867,2432,1132,4431
Raipur,2019,843,1867,1654,4364
Vadodara,2019,2138,2085,1490,5713
Visakhapatnam,2018,1818,1219,1912,4949
Nashik,2019,837,3973,1702,6512
Rajkot,2017,1906,2399,1701,6006
Hubli,2017,605,2568,866,4039
Srinagar,2019,2392,2378,1489,6259
Vadodara,2017,2490,3013,613,6116
Meerut,2019,865,3031,344,4240
Vijayawada,2018,1507,4502,1502,7511
Mumbai,2017,1680,3296,535,5511
Chennai,2017,2933,1832,787,5552
Faridabad,2018,913,4430,1201,6544
Faridabad,2018,844,4159,392,5395
Kolkata,2019,955,1288,1218,3461
Dhanbad,2017,1755,2497,1305,5557
Bhopal,2017,1900,3059,1872,6831
Kota,2017,2306,1006,964,4276
Ranchi,2018,2273,2933,662,5868
Raipur,2017,1371,4973,1064,7408
Ludhiana,2019,949,3084,1587,5620
Patna,2017,1408,1144,382,2934
Vijayawada,2019,1242,905,1402,3549
Vasai,2019,2722,4609,1077,8408
Hubli,2019,692,3923,1123,5738
Ghaziabad,2017,1747,4478,1060,7285
Dhanbad,2018,2349,4168,614,7131
Delhi,2019,1136,2601,993,4730
Allahabad,2019,1129,4058,1711,6898
Chennai,2018,1225,2974,1806,6005
Ranchi,2018,2952,1805,1781,6538
Kolkata,2019,673,1764,1877,4314
Bangalore,2018,1231,2570,1078,4879
Ludhiana,2017,1214,861,305,2380
Ludhiana,2017,2854,4233,1980,9067
Madurai,2019,2255,1832,1453,5540
Gwalior,2017,2110,3816,1125,7051
Bangalore,2019,1867,3844,770,6481
Srinagar,2017,2597,4963,1005,8565
Kanpur,2017,1986,1617,574,4177
Srinagar,2017,2278,3918,1332,7528
Hubli,2019,1937,2316,1440,5693
Amritsar,2017,1828,4048,814,6690
Hyderabad,2018,901,836,662,2399
Ghaziabad,2017,1589,1619,1388,4596
Chandigarh,2017,661,2832,1115,4608
Lucknow,2019,2454,3526,1040,7020
Lucknow,2017,1656,1742,1527,4925
Indore,2017,867,4116,1555,6538
Navi Mumbai,2019,1440,4186,1121,6747
Raipur,2017,2890,4699,1079,8668
Guwahati,2018,532,3579,1730,5841
Varanasi,2018,2809,4216,949,7974
Jodhpur,2018,2539,2128,1290,5957
Solapur,2019,2685,3740,1219,7644
Bhopal,2018,1420,3818,1686,6924
Solapur,2019,1153,3735,1985,6873
Vasai,2019,2536,3851,1688,8075
Kanpur,2018,802,3874,323,4999
Hyderabad,2018,2336,4589,1566,8491
Navi Mumbai,2017,995,4258,318,5571
Srinagar,2017,2660,4618,1703,8981
Ghaziabad,2018,2431,1417,1523,5371
Indore,2019,773,1834,1507,4114
Bhopal,2019,2395,3972,696,7063
Kota,2019,1887,1290,1050,4227
Kalyan,2017,2920,3679,942,7541
Chandigarh,2019,2447,4610,1032,8089
Hubli,2018,2408,1251,566,4225
Howrah,2017,754,1515,449,2718
Ranchi,2018,1076,2090,659,3825
Visakhapatnam,2019,2454,2903,511,5868
Patna,2019,2077,1902,1459,5438
Mumbai,2017,2914,2676,1385,6975
Vasai,2019,2827,2356,1851,7034
Bhopal,2017,2398,4664,650,7712
Indore,2018,2683,4697,1992,9372
Navi Mumbai,2019,2276,1542,1527,5345
Kanpur,2018,1784,2252,1004,5040
Visakhapatnam,2018,1927,3627,480,6034
Rajkot,2017,1443,3283,414,5140
Amritsar,2018,1857,2272,1058,5187
Pune,2017,2862,966,777,4605
Howrah,2017,1726,4201,418,6345
Hubli,2018,2330,2550,565,5445
Aurangabad,2018,1129,1200,356,2685
Jodhpur,2017,1687,4539,1056,7282
Madurai,2019,1808,2609,994,5411
Indore,2019,1353,4694,938,6985
Ranchi,2019,2844,2051,1287,6182
Solapur,2019,1550,1823,1032,4405
Coimbatore,2017,2752,1949,1770,6471
Hyderabad,2017,822,2866,696,4384
Chennai,2018,2373,4000,336,6709
Jodhpur,2018,2685,1131,1997,5813
Bhopal,2017,2356,1305,772,4433
Madurai,2018,1890,888,438,3216
Indore,2018,2640,3917,1835,8392
Patna,2019,1358,4891,1315,7564
Allahabad,2018,1045,2334,719,4098
Lucknow,2017,1179,4663,1225,7067
Hubli,2018,1352,3108,771,5231
Agra,2018,529,3400,595,4524
Thane,2018,1947,1590,1384,4921
Agra,2017,1945,1255,1713,4913
Dhanbad,2019,2473,4403,1294,8170
Jabalpur,2018,1650,2242,989,4881
Mumbai,2019,880,2320,1013,4213
Ludhiana,2017,2018,3837,1013,6868
Pune,2018,1807,4822,1434,8063
Meerut,2018,2545,3650,1700,7895
Navi Mumbai,2019,1411,3384,655,5450
Meerut,2019,958,2869,958,4785
Solapur,2018,1532,3167,1043,5742
Dhanbad,2018,2174,4424,1253,7851
Coimbatore,2018,787,1791,389,2967
Ahmedabad,2017,1913,1582,315,3810
Vadodara,2018,2030,3774,1547,7351
Chandigarh,2019,2686,3122,1354,7162
Navi Mumbai,2017,1470,2900,1375,5745
Jabalpur,2017,1485,3214,1057,5756
Srinagar,2019,1255,4824,531,6610
Varanasi,2017,2766,2698,1801,7265
Indore,2018,2921,1382,1724,6027
Jodhpur,2018,1810,2837,1415,6062
Meerut,2018,2708,1522,851,5081
Ranchi,2018,2453,3898,1027,7378
Visakhapatnam,2018,631,2790,909,4330
Jabalpur,2018,2246,3913,1562,7721
Aurangabad,2019,1915,1541,1562,5018
Navi Mumbai,2018,2556,2241,1935,6732
Visakhapatnam,2019,1037,2464,1396,4897
Vadodara,2017,685,4519,338,5542
Jaipur,2019,2345,3606,694,6645
Nashik,2019,2208,3103,1170,6481
Agra,2017,2952,4037,590,7579
Bangalore,2019,2467,2200,1318,5985
Delhi,2018,1025,1006,1488,3519
Agra,2017,2599,2835,1639,7073
Kanpur,2018,2960,4288,548,7796
Dhanbad,2018,1381,3694,1748,6823
Meerut,2017,2960,2939,1992,7891
Ludhiana,2017,2219,1076,1311,4606
Coimbatore,2017,2140,2675,1918,6733
Chennai,2017,2041,950,1173,4164
Hyderabad,2018,1454,1947,1995,5396
Coimbatore,2019,989,1006,1071,3066
Rajkot,2019,1106,1245,799,3150
Ahmedabad,2018,525,1256,834,2615
Allahabad,2019,1742,3424,640,5806
Bangalore,2018,850,1316,1749,3915
Guwahati,2017,1346,3305,614,5265
Srinagar,2019,609,4290,1118,6017
Indore,2018,1492,3832,449,5773
Kalyan,2017,806,2187,1935,4928
Nashik,2017,2972,4050,1227,8249
Nagpur,2019,1922,4545,1277,7744
Chennai,2017,1869,4591,1440,7900
Mumbai,2017,2194,1037,1706,4937
Faridabad,2017,2479,3543,1460,7482
Dhanbad,2019,2798,1890,341,5029
Bangalore,2018,957,1158,1535,3650
Faridabad,2017,2349,3812,1759,7920
Pune,2017,2565,2757,775,6097
Varanasi,2018,1009,2153,842,4004
Rajkot,2019,2876,3607,1496,7979
Jaipur,2017,2379,1016,1130,4525
Howrah,2019,1263,3487,1386,6136
Vadodara,2018,2861,3031,1068,6960
Agra,2019,884,1549,329,2762
Kolkata,2018,2352,1129,537,4018
Hubli,2018,1201,4347,537,6085
Gwalior,2017,834,3843,1515,6192
Dhanbad,2018,1498,2260,357,4115
Rajkot,2017,1990,3385,1152,6527
Indore,2018,974,3920,1799,6693
Srinagar,2019,635,1844,1080,3559
Madurai,2017,1895,4064,1714,7673
Madurai,2018,1999,974,866,3839
Visakhapatnam,2019,1792,1064,422,3278
Vasai,2019,1036,822,1049,2907
Vijayawada,2018,513,4148,1737,6398
Chandigarh,2018,1216,2359,590,4165
Ahmedabad,2019,1552,4855,646,7053
Srinagar,2018,2598,4180,1971,8749
Mumbai,2018,520,3686,1002,5208
Kota,2018,1309,1480,1716,4505
Ghaziabad,2019,581,2381,1474,4436
Faridabad,2018,2970,1867,1235,6072
Faridabad,2019,1755,955,362,3072
Varanasi,2019,1854,3943,1926,7723
Agra,2019,823,1967,1878,4668
Vasai,2018,982,4859,492,6333
Chennai,2019,630,4860,1176,6666
Jaipur,2019,974,2011,1360,4345
Solapur,2019,1130,2112,1190,4432
Coimbatore,2019,1925,2484,1450,5859
Howrah,2017,1296,3602,533,5431
Indore,2017,1032,1904,1015,3951
Hubli,2019,840,3809,1581,6230
Kolkata,2017,1513,4991,352,6856
Chandigarh,2018,1541,863,991,3395
Coimbatore,2018,532,2721,331,3584
Kalyan,2018,2905,2281,747,5933
Agra,2019,2716,4612,1034,8362
Vasai,2019,896,2348,1422,4666
Lucknow,2019,2010,2673,1510,6193
Vasai,2019,1299,4267,1128,6694
Navi Mumbai,2019,2757,4700,370,7827
Vasai,2019,2437,2868,1566,6871
Thane,2017,906,3871,888,5665
Nashik,2019,1743,3328,570,5641
Ludhiana,2019,2026,2107,1273,5406
Ghaziabad,2018,2260,4448,1091,7799
Gwalior,2018,2195,3835,386,6416
Kalyan,2017,1195,2683,1955,5833
Agra,2018,2014,3875,588,6477
Ludhiana,2019,2770,3468,1978,8216
Delhi,2019,2474,2700,1026,6200
Kota,2018,1205,2443,843,4491
Chennai,2019,2543,885,1817,5245
Raipur,2018,1133,2793,1048,4974
Patna,2017,2920,968,1005,4893
Dhanbad,2019,818,2490,818,4126
Lucknow,2018,1582,1844,948,4374
Vadodara,2019,1600,4785,942,7327
Thane,2018,1525,4116,568,6209
Kota,2017,2136,4167,668,6971
Kolkata,2019,920,3657,1431,6008
Pune,2017,1058,3640,907,5605
Faridabad,2018,2312,4908,706,7926
Howrah,2019,2793,4272,541,7606
Coimbatore,2017,2382,3973,734,7089
Jabalpur,2017,1902,3671,587,6160
Aurangabad,2019,677,1072,1112,2861
Jodhpur,2017,2480,2949,1631,7060
Hyderabad,2017,2184,1929,1822,5935
Srinagar,2018,2822,3928,1952,8702
Amritsar,2019,1589,4233,411,6233
Pune,2018,2168,2407,1828,6403
Kanpur,2017,1837,3962,1615,7414
Allahabad,2017,1150,4924,334,6408
Kanpur,2017,1489,1553,1397,4439
Kanpur,2019,1658,2023,1709,5390
Ghaziabad,2019,1620,1190,975,3785
Nashik,2017,1484,1541,1529,4554
Howrah,2019,574,4565,1837,6976
Howrah,2018,2182,3151,1435,6768
Srinagar,2019,1547,4356,377,6280
Amritsar,2017,2977,4533,1044,8554
Kanpur,2019,1843,1566,1596,5005
Aurangabad,2019,2527,3034,355,5916
Ghaziabad,2017,2239,2266,318,4823
Bangalore,2019,2896,4698,912,8506
Ahmedabad,2018,1541,3175,1429,6145
Kanpur,2018,2135,3023,1600,6758
Pune,2018,1239,3413,1821,6473
Solapur,2019,1141,1437,1494,4072
Bhopal,2017,1562,820,1353,3735
Faridabad,2019,788,3211,1385,5384
Hyderabad,2018,2175,3664,1551,7390
Guwahati,2019,639,3053,1934,5626
Jabalpur,2018,1952,4322,813,7087
Kalyan,2017,2448,2702,1815,6965
Ludhiana,2017,2102,3745,1846,7693
Chennai,2019,1805,1597,617,4019
Patna,2017,1805,873,1960,4638
Delhi,2017,2842,2572,1454,6868
Ludhiana,2019,1001,2140,1998,5139
Ghaziabad,2018,2420,3078,1436,6934
Patna,2018,2905,1158,1198,5261
Meerut,2017,2183,2751,1777,6711
Solapur,2018,2372,1459,1010,4841
Jaipur,2017,2728,1509,839,5076
Solapur,2018,2358,1102,323,3783
Rajkot,2017,2252,4933,1088,8273
Delhi,2018,1434,2063,1467,4964
Jaipur,2019,2799,2533,652,5984
Faridabad,2018,2889,1697,1786,6372
Ahmedabad,2018,2647,4984,998,8629
Allahabad,2017,2045,3923,1971,7939
Raipur,2017,2097,2282,1602,5981
Bangalore,2018,871,4911,1882,7664
Howrah,2018,1438,1671,1949,5058
Navi Mumbai,2018,1162,3912,1227,6301
Meerut,2017,1703,2607,973,5283
Chennai,2019,1615,1927,1152,4694
Hyderabad,2017,1138,1338,1711,4187
Vasai,2017,2746,4710,1430,8886
Agra,2018,513,2344,769,3626
Thane,2017,1949,2599,307,4855
Coimbatore,2018,583,3522,1496,5601
Vadodara,2018,1435,3861,1527,6823
Varanasi,2019,1718,3289,454,5461
Coimbatore,2017,1317,4059,1753,7129
Hyderabad,2019,968,4811,758,6537
Solapur,2017,2365,3074,391,5830
Patna,2017,1112,2966,1519,5597
Hyderabad,2017,2268,4839,804,7911
Ghaziabad,2019,1281,1150,1639,4070
Vasai,2019,1004,4552,1684,7240
Jaipur,2019,2616,4186,1857,8659
Nagpur,2017,2753,2279,809,5841
Gwalior,2018,1661,2889,934,5484
Thane,2019,2517,1385,1412,5314
Howrah,2019,656,2952,604,4212
Chennai,2018,2766,3198,1639,7603
Howrah,2018,2375,3350,1259,6984
Rajkot,2019,2538,2824,1328,6690
Gwalior,2017,2559,4562,1151,8272
Rajkot,2017,1151,2549,1965,5665
Raipur,2019,1130,2992,1864,5986
Solapur,2018,2990,4421,1770,9181
Amritsar,2019,1691,1422,1509,4622
Indore,2018,565,1262,973,2800
Bangalore,2018,2358,2212,1729,6299
Nagpur,2017,888,3686,1838,6412
Bangalore,2017,1338,2208,1005,4551
Bhopal,2018,2703,2341,991,6035
Kanpur,2019,1377,2340,1678,5395
Solapur,2019,1944,4301,370,6615
Kanpur,2018,2396,3615,989,7000
Ranchi,2018,530,4684,875,6089
Jaipur,2018,1860,4798,1329,7987
Patna,2017,2230,1536,638,4404
Navi Mumbai,2018,2229,2702,756,5687
Jaipur,2018,2968,1231,1091,5290
Nashik,2017,1651,801,1645,4097
Agra,2019,788,2608,501,3897
Ranchi,2017,2437,3313,1263,7013
Jaipur,2019,2371,2104,485,4960
Navi Mumbai,2019,851,2604,860,4315
Kanpur,2017,1637,1915,1698,5250
Madurai,2019,1506,2067,934,4507
Ludhiana,2018,679,990,1964,3633
Delhi,2018,677,4924,542,6143
Navi Mumbai,2018,1350,3895,963,6208
Jaipur,2018,1269,3801,413,5483
Ludhiana,2018,1536,3444,998,5978
Chennai,2019,665,1919,506,3090
Kanpur,2017,2209,2091,486,4786
Chennai,2018,1055,982,1210,3247
Vijayawada,2018,1210,3485,1505,6200
Chandigarh,2019,1592,2263,831,4686
Ranchi,2017,2452,2415,540,5407
Kalyan,2017,988,1827,619,3434
Vadodara,2019,594,4217,353,5164
Allahabad,2019,1552,3996,862,6410
Madurai,2018,2802,2842,1339,6983
Meerut,2018,2220,4007,1673,7900
Bhopal,2018,866,4011,1258,6135
Jabalpur,2019,701,1608,1666,3975
Nashik,2017,1138,1989,474,3601
Bhopal,2019,1900,1987,1026,4913
Jaipur,2017,2951,3681,448,7080
Navi Mumbai,2019,1938,2082,598,4618
Faridabad,2019,1674,3935,1694,7303
Jabalpur,2018,895,2767,1256,4918
Dhanbad,2017,1587,4526,587,6700
Howrah,2018,2670,1402,758,4830
Visakhapatnam,2019,1827,3755,1549,7131
Meerut,2018,2825,1629,1887,6341
Navi Mumbai,2017,822,1783,604,3209
Solapur,2019,1975,3743,1863,7581
Visakhapatnam,2019,2470,3381,573,6424
Coimbatore,2018,2869,3496,1684,8049
Hubli,2017,1510,1348,1573,4431
Visakhapatnam,2018,1666,4013,1431,7110
Chennai,2018,2123,1755,1958,5836
Pune,2019,1550,2561,1235,5346
Jaipur,2019,1855,1648,718,4221
Solapur,2017,2941,3406,1733,8080
Ahmedabad,2017,2202,4371,1531,8104
Raipur,2018,1811,1150,1455,4416
Kota,2019,885,4048,1938,6871
Ranchi,2019,2555,4615,1984,9154
Agra,2017,1021,4694,1972,7687
Visakhapatnam,2017,636,2183,587,3406
Vijayawada,2018,1796,1363,1052,4211
Agra,2017,2986,1134,1036,5156
Vijayawada,2018,2987,810,522,4319
Visakhapatnam,2017,1734,2205,1657,5596
Thane,2017,875,1667,777,3319
Allahabad,2017,1490,2663,710,4863
Rajkot,2018,2754,1179,1853,5786
Navi Mumbai,2017,2655,4218,1158,8031
Nagpur,2018,1131,2211,468,3810
Kalyan,2017,2894,3533,1262,7689
Meerut,2018,2964,4499,665,8128
Kolkata,2019,503,3312,1006,4821
Agra,2019,2942,3570,424,6936
Mumbai,2019,2072,2155,1153,5380
Vijayawada,2019,1480,1436,1177,4093
Kota,2018,1950,4768,526,7244
Nagpur,2017,500,1545,412,2457
Ranchi,2019,1131,3392,397,4920
Hyderabad,2017,2267,4975,1928,9170
Kalyan,2018,1520,1549,1412,4481
Dhanbad,2018,2192,2860,1286,6338
Mumbai,2018,800,1496,826,3122
Thane,2019,1418,3177,1251,5846
Amritsar,2018,1790,4605,869,7264
Ghaziabad,2018,2545,2699,1364,6608
Hubli,2017,2019,2634,1297,5950
Nagpur,2017,1395,3737,1941,7073
Jabalpur,2018,2708,1990,805,5503
Nashik,2019,2080,3761,592,6433
Kota,2018,2856,3349,1790,7995
Vijayawada,2018,1158,1073,1013,3244
Vadodara,2017,1691,3774,907,6372
Srinagar,2017,1602,1400,1495,4497
Kalyan,2019,958,939,1157,3054
Jodhpur,2017,2289,2950,713,5952
Thane,2019,1805,2746,1722,6273
Madurai,2019,2493,3852,926,7271
Vasai,2019,1609,3723,1573,6905
Gwalior,2019,1657,3892,950,6499
Ghaziabad,2019,1740,2366,569,4675
Kanpur,2017,650,1387,1318,3355
Howrah,2018,2323,3622,1856,7801
Ahmedabad,2018,1972,1371,1004,4347
Navi Mumbai,2017,2172,1219,1035,4426
Pune,2017,726,4396,610,5732
Hyderabad,2019,2364,4163,1387,7914
Thane,2017,503,2396,1182,4081
Agra,2019,2067,3245,1605,6917
Nagpur,2019,934,4750,1640,7324
Hyderabad,2019,2191,2016,1381,5588
Visakhapatnam,2017,633,3690,987,5310
Hubli,2017,2806,1466,401,4673
Visakhapatnam,2017,777,4503,1410,6690
Nashik,2017,1054,2628,383,4065
Vasai,2018,2609,3575,361,6545
Ranchi,2017,1633,3068,625,5326
Navi Mumbai,2018,1108,2593,1268,4969
Bhopal,2018,2797,4594,1159,8550
Madurai,2019,1820,4166,1048,7034
Jodhpur,2017,1479,1754,1369,4602
Amritsar,2018,1359,1598,519,3476
Faridabad,2017,1140,4058,1471,6669
Jabalpur,2017,2340,4686,1618,8644
Madurai,2018,2254,4818,1299,8371
Bangalore,2017,2480,1776,1651,5907
Coimbatore,2017,1662,1884,365,3911
Meerut,2018,1676,2152,651,4479
Kanpur,2018,2056,2094,731,4881
Bhopal,2019,2526,3711,1828,8065
Aurangabad,2019,2391,961,1773,5125
Faridabad,2019,2894,4112,1269,8275
Bhopal,2019,2687,3607,695,6989
Lucknow,2019,1582,4257,830,6669
Howrah,2019,2012,1169,1685,4866
Gwalior,2019,843,2553,969,4365
Ludhiana,2017,629,3863,1368,5860
Bangalore,2018,1527,3201,315,5043
Jabalpur,2019,585,3756,890,5231
Jaipur,2019,1431,991,1571,3993
Howrah,2018,1443,1198,1534,4175
Amritsar,2017,2406,3331,890,6627
Jaipur,2019,556,4622,1811,6989
Kota,2018,1366,2096,748,4210
Indore,2019,2338,2486,1778,6602
Ghaziabad,2017,2444,3475,840,6759
Ranchi,2019,1096,1137,408,2641
Agra,2017,1221,2831,1707,5759
Bhopal,2019,2902,3978,1874,8754
Dhanbad,2017,1242,2164,1121,4527
Meerut,2019,2507,4953,1754,9214
Jodhpur,2018,1455,2708,1130,5293
Hubli,2017,1567,4524,1313,7404
Coimbatore,2018,2842,2539,448,5829
Chennai,2018,718,3255,490,4463
Kalyan,2017,1872,1206,1216,4294
Guwahati,2017,592,4058,1007,5657
Vijayawada,2019,1079,2269,1395,4743
Jaipur,2019,2245,2777,1297,6319
Jaipur,2018,2319,2018,1439,5776
Ranchi,2017,1914,3435,311,5660
Raipur,2019,2082,2538,1554,6174
Kanpur,2019,1482,4758,1832,8072
Mumbai,2018,1562,1885,1062,4509
Meerut,2017,2326,2376,1415,6117
Aurangabad,2017,1010,2102,664,3776
Agra,2019,1307,3452,502,5261
Lucknow,2018,811,2878,1366,5055
Kota,2017,2410,2281,865,5556
Bhopal,2018,2400,918,820,4138
Madurai,2017,1965,2282,389,4636
Thane,2019,2439,3627,1289,7355
Bhopal,2019,932,4812,893,6637
Hyderabad,2018,2399,4974,911,8284
Coimbatore,2017,1417,1543,1211,4171
Aurangabad,2017,2646,2260,487,5393
Ahmedabad,2017,2314,2514,848,5676
Agra,2018,531,890,619,2040
Meerut,2018,1240,2677,885,4802
Pune,2018,700,2202,1361,4263
Bhopal,2017,720,1730,790,3240
Vasai,2019,2272,2974,1753,6999
Jabalpur,2019,2285,891,1106,4282
Meerut,2018,2093,3256,1280,6629
Mumbai,2019,612,2562,1277,4451
Chennai,2019,1519,3672,1295,6486
Thane,2017,688,4520,433,5641
Chandigarh,2018,2011,3319,1127,6457
Ahmedabad,2019,1927,1783,540,4250
Ludhiana,2017,2561,1764,1068,5393
Visakhapatnam,2018,766,1410,1219,3395
Vadodara,2019,2677,1724,358,4759
Coimbatore,2018,1139,3978,1477,6594
Guwahati,2018,2344,4128,508,6980
Jodhpur,2019,844,2225,590,3659
Bhopal,2018,2184,4075,1468,7727
Solapur,2019,780,942,1618,3340
Chandigarh,2019,2213,831,1785,4829
Dhanbad,2017,1994,1158,536,3688
Indore,2018,1797,2977,1381,6155
Vasai,2018,593,849,1568,3010
Kolkata,2019,1228,2839,1568,5635
Vijayawada,2018,2820,1408,1481,5709
Kanpur,2018,2647,1009,479,4135
Bangalore,2019,1860,2207,896,4963
Raipur,2017,1949,2079,1502,5530
Srinagar,2019,2703,2531,1460,6694
Vasai,2019,2769,1263,1413,5445
Navi Mumbai,2019,919,3149,1175,5243
Kanpur,2018,1262,3597,970,5829
Howrah,2019,2457,4738,744,7939
Ludhiana,2018,2760,2831,806,6397
Gwalior,2017,1153,3324,896,5373
Kolkata,2018,1774,2799,444,5017
Ludhiana,2017,1887,2016,1134,5037
Delhi,2018,1014,2216,1445,4675
Gwalior,2017,1642,2813,1419,5874
Kota,2018,2112,1631,1689,5432
Vasai,2017,944,1286,767,2997
Howrah,2018,1740,4681,793,7214
Kolkata,2019,2809,846,634,4289
Jabalpur,2018,1040,1967,368,3375
Vijayawada,2017,2513,3066,1246,6825
Jabalpur,2019,537,4235,1580,6352
Mumbai,2019,2209,3338,1124,6671
Navi Mumbai,2018,2188,3759,1013,6960
Dhanbad,2019,584,1117,1041,2742
Jaipur,2018,2359,4372,428,7159
Guwahati,2017,2027,1945,1311,5283
Nashik,2018,1380,4898,956,7234
Howrah,2017,1554,2503,644,4701
Faridabad,2019,1605,4890,1629,8124
Hubli,2017,2381,1150,671,4202
Thane,2019,1349,3520,814,5683
Jodhpur,2017,526,4857,407,5790
Delhi,2018,724,4724,1234,6682
Chandigarh,2018,2655,3674,1244,7573
Kalyan,2017,2346,1233,647,4226
Ahmedabad,2017,1651,1089,1729,4469
Kota,2017,2445,4003,781,7229
Madurai,2019,1988,3028,1693,6709
Navi Mumbai,2017,879,2891,321,4091
Ranchi,2018,504,4838,928,6270
Chennai,2018,2795,2175,1225,6195
Chennai,2019,2819,1689,1398,5906
Coimbatore,2017,1821,1871,1798,5490
Guwahati,2017,790,2091,1494,4375
Ahmedabad,2019,2783,3419,326,6528
Kalyan,2017,1891,1268,1054,4213
Coimbatore,2019,1617,4486,1956,8059
Howrah,2019,961,2295,544,3800
Hubli,2018,2080,2530,850,5460
Nashik,2018,2076,4105,1887,8068
Meerut,2018,1508,3882,1437,6827
Jodhpur,2017,2001,2392,785,5178
Patna,2017,1041,1912,1399,4352
Hubli,2017,1079,2902,514,4495
Varanasi,2019,2922,1148,1921,5991
Indore,2018,1043,1729,1050,3822
Kanpur,2017,891,1211,390,2492
Indore,2019,657,1191,1662,3510
Ahmedabad,2017,843,4981,337,6161
Vasai,2017,765,1567,1623,3955
Thane,2019,1171,1623,1332,4126
Solapur,2018,2624,3745,883,7252
Vijayawada,2017,2422,3457,1882,7761
Hyderabad,2019,2182,4445,584,7211
Solapur,2018,2734,3457,946,7137
Kalyan,2017,573,3332,1894,5799
Visakhapatnam,2019,2261,4819,1658,8738
Solapur,2017,1406,3842,1302,6550
Hubli,2017,2320,1661,1649,5630
Ludhiana,2017,2318,4912,374,7604
Nashik,2019,1182,3137,1810,6129
Agra,2017,797,4902,386,6085
Kanpur,2018,1370,1896,1047,4313
Jodhpur,2018,2067,1301,1430,4798
Guwahati,2019,2340,2903,304,5547
Vasai,2018,686,2898,1930,5514
Dhanbad,2017,1869,3989,1226,7084
Rajkot,2017,2135,1201,1406,4742
Rajkot,2018,723,1713,1947,4383
Hyderabad,2017,2022,2526,586,5134
Srinagar,2018,764,1336,772,2872
Vadodara,2017,675,3815,1818,6308
Madurai,2018,2529,1053,1486,5068
Indore,2017,733,4538,428,5699
Aurangabad,2019,2068,1230,650,3948
Hubli,2017,1778,4633,1210,7621
Nashik,2019,2496,2589,492,5577
Bhopal,2018,1274,2635,1818,5727
Visakhapatnam,2019,686,4665,1539,6890
Gwalior,2018,693,4725,1818,7236
Guwahati,2018,780,2552,1466,4798
Chandigarh,2017,2118,1695,1739,5552
Pune,2017,962,2342,386,3690
Dhanbad,2017,2149,2115,1369,5633
Pune,2018,2271,1141,1807,5219
Ghaziabad,2019,1465,3983,695,6143
Srinagar,2018,1686,4242,960,6888
Hubli,2019,1843,1507,702,4052
Solapur,2017,656,1751,1703,4110
Vijayawada,2019,2155,4365,378,6898
Nagpur,2018,1392,1505,983,3880
Chandigarh,2017,2222,4440,1021,7683
Ludhiana,2019,1583,1978,398,3959
Howrah,2018,2248,4267,380,6895
Raipur,2019,1634,3234,551,5419
Ahmedabad,2017,2855,4019,1322,8196
Patna,2017,2686,1881,1653,6220
Thane,2019,1663,4767,853,7283
Howrah,2018,636,4806,1992,7434
Gwalior,2017,1605,2089,1346,5040
Kalyan,2019,2879,1745,971,5595
Guwahati,2019,982,3840,1761,6583
Kalyan,2018,721,2369,1740,4830
Delhi,2018,2402,2188,312,4902
Hyderabad,2017,976,3178,311,4465
Navi Mumbai,2018,1150,1476,596,3222
Lucknow,2019,1550,2266,1415,5231
Rajkot,2019,1118,4338,1184,6640
Faridabad,2019,1707,2456,1609,5772
Gwalior,2017,2893,827,530,4250
Howrah,2019,2810,3126,1945,7881
Kalyan,2018,1798,2982,1169,5949
Ahmedabad,2018,1813,3071,749,5633
Ahmedabad,2017,1824,2568,863,5255
Ghaziabad,2019,731,1797,309,2837
Meerut,2018,1403,4618,459,6480
Pune,2017,1071,4833,1354,7258
Hubli,2018,1297,2684,1244,5225
Nagpur,2019,2151,3808,960,6919
Bhopal,2018,1048,4110,1470,6628
Faridabad,2017,1843,3348,1438,6629
Solapur,2019,1644,3804,1081,6529
Raipur,2018,2920,4304,1571,8795
Faridabad,2018,1421,3026,1614,6061
Meerut,2019,1085,2965,1995,6045
Pune,2017,888,2109,846,3843
Mumbai,2017,773,865,1883,3521
Ranchi,2018,1482,4544,895,6921
Raipur,2019,691,2127,1826,4644
Coimbatore,2019,2954,2375,1465,6794
Ghaziabad,2019,2689,2682,1769,7140
Coimbatore,2017,1511,3806,1376,6693
Kanpur,2018,2371,2806,1933,7110
Ranchi,2019,644,1755,912,3311
Guwahati,2018,2977,1785,944,5706
Nashik,2018,2882,4446,1902,9230
Hubli,2017,1147,1501,1942,4590
Nashik,2019,501,4894,1426,6821
Solapur,2017,764,2369,646,3779
Kalyan,2018,2515,4880,1177,8572
Ahmedabad,2019,2333,4945,858,8136
Lucknow,2019,1151,3212,443,4806
Jabalpur,2019,1814,3260,1102,6176
Gwalior,2017,643,1437,435,2515
Varanasi,2018,923,1639,1185,3747
Navi Mumbai,2019,1770,2864,756,5390
Amritsar,2019,997,1958,1118,4073
Navi Mumbai,2019,517,898,1269,2684
Kalyan,2018,1294,4053,1031,6378
Varanasi,2019,2410,3176,1299,6885
Kalyan,2018,2722,1823,1433,5978
Mumbai,2018,1380,3160,1594,6134
Chandigarh,2018,2190,4817,1428,8435
Hyderabad,2018,2517,1447,347,4311
Kalyan,2018,2248,1434,956,4638
Amritsar,2017,2557,4844,1467,8868
Vijayawada,2019,914,3144,1405,5463
Howrah,2019,1484,2666,497,4647
Chandigarh,2017,613,4715,955,6283
Patna,2018,2879,3129,1816,7824
Indore,2018,1451,1499,512,3462
Pune,2018,1366,1150,573,3089
Vasai,2018,2929,2157,1669,6755
Thane,2017,655,1682,1863,4200
Gwalior,2017,1837,1271,926,4034
Ghaziabad,2018,690,3807,1332,5829
Visakhapatnam,2018,924,1564,967,3455
Jabalpur,2019,1759,2865,780,5404
Amritsar,2019,2408,3405,1435,7248
Meerut,2019,2063,4631,650,7344
Kalyan,2019,1685,4110,1986,7781
Ahmedabad,2019,1422,3179,1191,5792
Chennai,2017,2245,897,1971,5113
Rajkot,2018,2844,1498,798,5140
Howrah,2017,1950,1312,602,3864
Meerut,2019,1690,4339,1794,7823
Visakhapatnam,2019,2810,4547,1275,8632
Guwahati,2018,2123,4406,632,7161
Ranchi,2017,893,3977,949,5819
Vijayawada,2019,2636,2726,692,6054
Lucknow,2018,1405,1508,1469,4382
Meerut,2019,693,3646,1392,5731
Hubli,2019,2672,3193,1180,7045
Ahmedabad,2019,2090,4689,1662,8441
Kolkata,2017,2126,4358,1823,8307
Meerut,2018,606,3123,1074,4803
Navi Mumbai,2017,2924,2119,1184,6227
Ranchi,2018,1079,2734,1699,5512
Thane,2017,2879,3491,1450,7820
Vijayawada,2019,1601,2154,1543,5298
Kota,2019,2071,859,1455,4385
Howrah,2017,2965,2800,1359,7124
Ludhiana,2019,2126,1921,952,4999
Kanpur,2017,2231,2275,1778,6284
Mumbai,2019,2418,3734,1885,8037
Allahabad,2018,1442,1452,1444,4338
Nashik,2018,1866,1219,1829,4914
Vadodara,2017,1098,3295,1180,5573
Vadodara,2017,2307,4851,821,7979
Pune,2018,1608,1208,1348,4164
Kanpur,2018,1647,1999,938,4584
Delhi,2018,536,3719,678,4933
Allahabad,2019,854,2871,1633,5358
Ludhiana,2018,2868,2560,1481,6909
Pune,2019,854,3390,1271,5515
Kota,2017,1351,2066,649,4066
Visakhapatnam,2017,2388,1020,433,3841
Guwahati,2017,2408,1298,1136,4842
Kanpur,2019,978,1889,1838,4705
Dhanbad,2018,600,2033,1603,4236
Hubli,2018,2442,973,1988,5403
Varanasi,2019,1883,3393,379,5655
Faridabad,2018,2016,3147,712,5875
Coimbatore,2019,2646,3460,1557,7663
Bangalore,2017,510,4428,428,5366
Thane,2017,2678,4510,1801,8989
Thane,2018,1506,3561,1199,6266
Dhanbad,2017,898,2790,302,3990
Pune,2018,2573,3914,812,7299
Hubli,2018,984,4710,1278,6972
Chandigarh,2018,1765,959,838,3562
Jaipur,2017,831,4628,1714,7173
Aurangabad,2018,1652,1955,1450,5057
Faridabad,2017,2587,2115,933,5635
Nagpur,2018,772,837,1154,2763
Nashik,2019,2030,2491,522,5043
Bhopal,2018,927,2657,1699,5283
Jodhpur,2018,994,1005,1590,3589
Allahabad,2018,2612,1357,737,4706
Mumbai,2019,2872,3342,1347,7561
Rajkot,2019,2950,1209,1427,5586
Chandigarh,2017,2239,1464,740,4443
Thane,2019,554,4094,1453,6101
Patna,2019,597,1519,1351,3467
Howrah,2018,1941,4375,1715,8031
Ludhiana,2018,1053,1166,410,2629
Guwahati,2017,1718,1559,372,3649
Hyderabad,2019,2547,4731,1105,8383
Amritsar,2019,1435,3975,1118,6528
Lucknow,2018,2698,2860,739,6297
Chennai,2018,1668,1233,952,3853
Kolkata,2019,1013,1350,1022,3385
Navi Mumbai,2019,1274,3796,806,5876
Jaipur,2017,2552,4675,389,7616
Bhopal,2019,1558,3794,1157,6509
Thane,2019,631,4213,1297,6141
Vadodara,2019,2492,3399,467,6358
Thane,2019,1422,4807,1167,7396
Mumbai,2018,2251,2318,756,5325
Dhanbad,2017,1469,4136,1962,7567
Jaipur,2017,2787,1643,984,5414
Faridabad,2019,1113,3909,421,5443
Navi Mumbai,2017,1922,4754,717,7393
Varanasi,2018,2612,2556,444,5612
Allahabad,2017,2198,3076,1783,7057
Vijayawada,2018,890,4713,1781,7384
Jabalpur,2019,2403,1881,826,5110
Srinagar,2017,1390,3766,1970,7126
Kolkata,2018,1354,3172,500,5026
Jabalpur,2017,1543,899,1316,3758
Amritsar,2018,2706,3515,922,7143
Navi Mumbai,2017,1309,3823,1615,6747
Jaipur,2019,2223,950,1963,5136
Dhanbad,2018,848,4986,1570,7404
Madurai,2018,2702,3741,1374,7817
Patna,2017,821,3030,1887,5738
Kota,2019,2701,3624,871,7196
Jaipur,2018,897,2552,1564,5013
Nagpur,2017,1162,1052,308,2522
Gwalior,2018,1382,2377,1321,5080
Varanasi,2018,2303,4832,1994,9129
Vadodara,2019,2763,1159,1438,5360
Srinagar,2018,2727,3416,898,7041
Rajkot,2019,2978,4284,1829,9091
Kolkata,2018,2577,2025,546,5148
Vasai,2017,2207,2972,609,5788
Chandigarh,2019,1596,1225,1320,4141
Howrah,2017,530,3655,1251,5436
Jaipur,2017,2886,1113,823,4822
Jodhpur,2017,2502,1382,690,4574
Navi Mumbai,2019,2262,2516,1662,6440
Agra,2018,2940,4633,1944,9517
Pune,2017,1249,2908,732,4889
Nashik,2017,1287,1578,515,3380
Kota,2018,2000,4020,1359,7379
Lucknow,2018,2585,3484,1193,7262
Amritsar,2019,1208,4439,586,6233
Navi Mumbai,2019,1576,3405,319,5300
Visakhapatnam,2019,2555,3887,1749,8191
Indore,2019,1018,4711,1633,7362
Mumbai,2017,1068,2323,935,4326
Ranchi,2019,1102,3020,1080,5202
Vasai,2019,2235,3249,589,6073
Hubli,2017,1701,1600,1306,4607
Dhanbad,2018,2647,2742,784,6173
Allahabad,2017,2147,2022,1859,6028
Agra,2018,812,4340,702,5854
Coimbatore,2019,2301,4156,942,7399
Chandigarh,2018,1167,4363,1029,6559
Jodhpur,2019,1591,1652,930,4173
Kalyan,2018,1224,3137,625,4986
Kota,2018,1398,2373,1353,5124
Srinagar,2018,1135,3468,1705,6308
Bangalore,2018,1608,2066,793,4467
Kalyan,2017,2706,4343,1526,8575
Rajkot,2017,2081,889,319,3289
Indore,2018,2636,824,874,4334
Ghaziabad,2018,658,2575,1245,4478
Kanpur,2019,2274,2200,1461,5935
Ludhiana,2019,1371,2474,1927,5772
Vijayawada,2018,2021,4871,1588,8480
Raipur,2017,1769,4105,606,6480
Visakhapatnam,2017,2273,2553,1074,5900
Nagpur,2018,1252,3608,400,5260
Pune,2018,1840,3023,1205,6068
Indore,2017,2859,1831,1478,6168
Patna,2017,1346,984,1345,3675
Meerut,2018,2190,1707,1505,5402
Pune,2019,712,4159,1395,6266
Hubli,2017,2117,4254,1766,8137
Navi Mumbai,2018,2165,3563,521,6249
Lucknow,2017,1499,3393,924,5816
Guwahati,2018,2550,4194,407,7151
Indore,2017,1282,2089,1650,5021
Pune,2017,2175,4775,588,7538
Faridabad,2019,1965,2757,1035,5757
Allahabad,2018,2256,1021,1843,5120
Coimbatore,2019,2629,4325,1231,8185
Coimbatore,2018,1530,853,1362,3745
Vadodara,2018,1350,3051,1956,6357
Bhopal,2018,2284,3575,1275,7134
Allahabad,2017,1302,4800,572,6674
Amritsar,2017,2872,2269,1838,6979
Jabalpur,2019,878,4428,626,5932
Pune,2018,1796,1148,1507,4451
Pune,2019,1863,2561,754,5178
Gwalior,2017,617,4564,1545,6726
Ahmedabad,2019,2922,4867,1239,9028
Jaipur,2018,1446,3264,538,5248
Varanasi,2017,2385,2706,1607,6698
Dhanbad,2017,1452,1938,1415,4805
Solapur,2018,2370,3104,924,6398
Allahabad,2019,1609,3410,1538,6557
Madurai,2017,1820,4258,1148,7226
Ludhiana,2018,1856,1694,456,4006
Jabalpur,2018,2960,3545,394,6899
Kanpur,2018,1924,1358,979,4261
Kalyan,2018,2141,1750,1122,5013
Bhopal,2019,1182,2591,498,4271
Amritsar,2019,1242,3671,1537,6450
Kolkata,2018,1684,1865,569,4118
Jodhpur,2019,1558,4207,381,6146
Bangalore,2017,1972,3328,1267,6567
Vasai,2017,834,896,1045,2775
Faridabad,2017,1857,938,1575,4370
Ranchi,2017,2175,4924,1401,8500
Jaipur,2019,2215,823,1722,4760
Mumbai,2018,2096,1673,424,4193
Indore,2017,1700,4693,1907,8300
Dhanbad,2019,520,2556,923,3999
Coimbatore,2017,1555,2750,1134,5439
Delhi,2017,2118,3350,692,6160
Hubli,2017,658,3520,982,5160
Rajkot,2017,2729,1827,669,5225
Vasai,2019,618,1786,1426,3830
Patna,2019,578,4926,1979,7483
Hubli,2017,2281,1603,1989,5873
Allahabad,2017,1044,2683,1374,5101
Aurangabad,2019,1180,3141,1756,6077
Hubli,2017,1443,4589,1848,7880
Delhi,2017,566,4051,1538,6155
Thane,2018,2459,3266,1627,7352
Visakhapatnam,2019,2450,2914,865,6229
Allahabad,2018,1660,4483,1551,7694
Madurai,2017,1007,3666,1550,6223
Navi Mumbai,2017,1388,3247,612,5247
Delhi,2019,1048,2862,654,4564
Coimbatore,2018,1700,2855,593,5148
Howrah,2018,2351,3334,1461,7146
Srinagar,2017,2480,3228,540,6248
Chandigarh,2018,2093,2644,1773,6510
Jaipur,2018,1313,940,1108,3361
Faridabad,2018,2144,4389,1260,7793
Guwahati,2018,779,3589,1072,5440
Chandigarh,2019,1513,1010,831,3354
Faridabad,2017,840,3855,668,5363
Delhi,2018,1816,4816,1636,8268
Srinagar,2018,515,3946,388,4849
Patna,2018,697,4577,1032,6306
Patna,2017,1328,929,749,3006
Nashik,2018,2278,4160,1597,8035
Amritsar,2018,1335,2527,1928,5790
Faridabad,2019,1840,3165,1546,6551
Hubli,2017,2236,1954,1210,5400
Ahmedabad,2019,2141,4133,1162,7436
Jodhpur,2018,1826,4501,1972,8299
Solapur,2017,1719,4512,1104,7335
Delhi,2019,1007,811,929,2747
Rajkot,2018,1455,3691,542,5688
Chennai,2019,2325,2210,1386,5921
Delhi,2018,2381,1975,1815,6171
Kanpur,2019,2850,2072,819,5741
Coimbatore,2017,792,4919,1575,7286
Amritsar,2018,2595,2280,733,5608
Vasai,2018,1869,2166,1008,5043
Bhopal,2019,2021,1374,1336,4731
Pune,2019,2238,1647,1522,5407
Vasai,2017,1170,2727,327,4224
Bhopal,2019,552,2377,1586,4515
Agra,2017,1852,3773,1079,6704
Nagpur,2019,606,4608,596,5810
Bangalore,2018,1035,894,553,2482
Kalyan,2018,2193,920,1111,4224
Kota,2018,2724,4613,1874,9211
Agra,2018,791,896,1137,2824
Lucknow,2019,2341,2356,731,5428
Thane,2018,2450,4776,1961,9187
Navi Mumbai,2017,1322,2096,1168,4586
Navi Mumbai,2019,954,3356,1673,5983
Rajkot,2018,2930,1933,666,5529
Raipur,2018,2585,1748,711,5044
Rajkot,2019,2524,1371,1640,5535
Chandigarh,2019,501,4100,455,5056
Bhopal,2017,2138,4939,1804,8881
Agra,2017,1771,3146,1324,6241
Ranchi,2019,2596,2166,1068,5830
Chandigarh,2018,541,1549,1710,3800
Allahabad,2018,1730,3275,411,5416
Madurai,2019,2651,4487,613,7751
Patna,2018,1045,2446,1471,4962
Amritsar,2019,2515,2064,1417,5996
Bhopal,2018,848,2054,543,3445
Ahmedabad,2019,2664,3911,323,6898
Bangalore,2017,2293,4806,1386,8485
Solapur,2017,2064,1641,530,4235
Chennai,2017,2702,2579,803,6084
Kalyan,2019,961,1968,506,3435
Jodhpur,2019,2976,4410,1560,8946
Kota,2019,2393,2434,959,5786
Dhanbad,2017,2716,1524,872,5112
Guwahati,2017,801,3630,883,5314
Jaipur,2019,2670,993,1872,5535
Lucknow,2019,2752,4873,1497,9122
Ludhiana,2017,825,4573,1054,6452
Agra,2017,1481,3255,430,5166
Nashik,2018,1894,4689,1374,7957
Kalyan,2017,2948,3223,1600,7771
Bangalore,2019,1471,928,305,2704
Chennai,2018,1996,4607,1756,8359
Navi Mumbai,2018,2273,4192,1140,7605
Gwalior,2019,2772,3169,1181,7122
Nashik,2019,2410,2034,857,5301
Pune,2017,1285,2584,1123,4992
Ludhiana,2017,1938,1445,918,4301
Vijayawada,2018,1852,3913,543,6308
Ahmedabad,2018,2206,1378,1976,5560
Vadodara,2019,2106,2146,631,4883
Kalyan,2019,843,2958,1381,5182
Rajkot,2018,515,3736,1537,5788
Jabalpur,2019,826,3030,538,4394
Jodhpur,2019,2740,3830,1544,8114
Howrah,2019,935,3163,654,4752
Hubli,2019,1333,831,1910,4074
Hyderabad,2019,1558,930,894,3382
Kanpur,2017,2774,2350,853,5977
Vijayawada,2017,2315,815,1312,4442
Madurai,2017,981,1858,1944,4783
Kanpur,2019,2736,1481,800,5017
Gwalior,2018,559,2207,1354,4120
Jaipur,2017,738,1506,1980,4224
Chennai,2017,2650,1938,1742,6330
Amritsar,2018,621,1949,644,3214
Ghaziabad,2018,1423,4458,1024,6905
Srinagar,2018,507,4865,1001,6373
Bhopal,2019,1303,4313,852,6468
Vijayawada,2019,1744,4787,1237,7768
Lucknow,2017,2703,1795,1171,5669
Jaipur,2017,1750,4247,766,6763
Meerut,2019,2413,4757,386,7556
Raipur,2019,1301,1884,810,3995
Meerut,2018,744,4219,658,5621
Amritsar,2017,1634,1613,1735,4982
Guwahati,2018,2348,2346,1264,5958
Hubli,2018,949,3187,1152,5288
Ranchi,2019,2114,4896,1538,8548
Solapur,2019,1250,4112,760,6122
Coimbatore,2018,1703,1653,786,4142
Faridabad,2019,1076,2593,1376,5045
Mumbai,2018,535,4881,1376,6792
Delhi,2018,2885,1730,966,5581
Kota,2019,2635,4772,634,8041
Visakhapatnam,2018,799,2539,1710,5048
Vadodara,2017,779,1567,365,2711
Lucknow,2018,2811,1454,1879,6144
Raipur,2019,2450,1169,1938,5557
Jabalpur,2017,1532,1565,1013,4110
Rajkot,2018,1781,3512,1303,6596
Bangalore,2018,2755,4749,1583,9087
Hyderabad,2018,2510,3183,1063,6756
Rajkot,2017,545,2716,548,3809
Ludhiana,2019,2088,4469,1106,7663
Visakhapatnam,2019,509,988,1482,2979
Navi Mumbai,2017,1323,1088,1840,4251
Pune,2018,590,1588,835,3013
Faridabad,2017,2544,4531,1418,8493
Howrah,2019,550,3566,1139,5255
Howrah,2019,1060,3944,746,5750
Bhopal,2017,850,3089,1372,5311
Allahabad,2018,1875,4339,533,6747
Kanpur,2017,979,2461,1685,5125
Visakhapatnam,2019,1843,4131,484,6458
Indore,2017,556,1245,1368,3169
Kota,2019,1338,2724,487,4549
Madurai,2019,2936,4786,792,8514
Raipur,2017,1981,1717,819,4517
Delhi,2019,2185,3059,1989,7233
Mumbai,2017,1607,3135,803,5545
Indore,2018,1557,4955,549,7061
Agra,2017,1410,2027,1703,5140
Ghaziabad,2018,686,2630,727,4043
Indore,2018,2434,2944,1700,7078
Delhi,2019,830,4958,1504,7292
Vijayawada,2018,2434,1774,1111,5319
Howrah,2018,2087,1342,1798,5227
Vadodara,2018,1914,4015,1227,7156
Jodhpur,2019,2301,4666,1402,8369
Vijayawada,2017,1899,4398,1802,8099
Coimbatore,2018,985,970,566,2521
Nashik,2017,1693,4651,1973,8317
Thane,2019,1915,931,390,3236
Hubli,2018,1806,3726,669,6201
Madurai,2017,1685,3002,791,5478
Vadodara,2018,503,2612,1491,4606
Ranchi,2019,883,1629,407,2919
Ahmedabad,2018,616,913,1293,2822
Faridabad,2018,660,4159,992,5811
Hubli,2018,1593,4938,652,7183
Visakhapatnam,2017,1503,4832,721,7056
Ahmedabad,2019,1686,3257,624,5567
Amritsar,2017,2449,1997,1438,5884
Pune,2019,1803,2299,1007,5109
Guwahati,2018,2072,3381,966,6419
Indore,2019,1138,1601,513,3252
Howrah,2017,2849,2504,1289,6642
Agra,2019,1753,1529,1068,4350
Solapur,2018,1015,858,1049,2922
Dhanbad,2019,2954,4601,322,7877
Coimbatore,2017,1960,3669,962,6591
Agra,2018,638,3983,1548,6169
Meerut,2017,621,3766,1371,5758
Pune,2019,1674,4299,1150,7123
Vadodara,2019,1535,1163,1852,4550
Navi Mumbai,2019,2078,3243,1004,6325
Chandigarh,2017,2171,2836,1183,6190
Chandigarh,2017,539,1490,570,2599
Faridabad,2017,1897,3881,646,6424
Srinagar,2019,1009,1371,1535,3915
Dhanbad,2018,1000,3395,1840,6235
Chandigarh,2018,2317,2747,1780,6844
Patna,2018,737,2954,1379,5070
Hyderabad,2019,2060,3030,1726,6816
Vijayawada,2018,1661,3485,1795,6941
Patna,2017,1757,2284,1700,5741
Kota,2019,2016,1295,1272,4583
Aurangabad,2017,536,2711,1318,4565
Kota,2018,1928,2495,1730,6153
Gwalior,2017,933,2851,904,4688
Bhopal,2018,1033,3251,543,4827
Kota,2018,1500,3571,1168,6239
Bangalore,2017,2084,2992,1454,6530
Raipur,2019,1896,2666,736,5298
Faridabad,2018,1527,4990,1282,7799
Navi Mumbai,2018,1453,1723,1487,4663
Raipur,2017,2675,4415,322,7412
Jaipur,2019,947,1050,448,2445
Solapur,2018,1944,2284,1272,5500
Navi Mumbai,2019,2006,1113,1457,4576
Vasai,2019,1936,4420,1123,7479
Kanpur,2019,2768,2430,503,5701
Ludhiana,2018,2739,4644,408,7791
Delhi,2019,2549,3921,1187,7657
Raipur,2019,1911,3986,1986,7883
Srinagar,2018,1171,4777,1935,7883
Bhopal,2017,976,2333,1302,4611
Kota,2017,2341,3704,1239,7284
Ranchi,2018,2013,2788,933,5734
Navi Mumbai,2019,1438,4626,1322,7386
Guwahati,2018,1041,3110,1192,5343
Kolkata,2019,1633,3631,1981,7245
Vijayawada,2019,1385,2139,1052,4576
Kolkata,2017,2456,2028,1798,6282
Chandigarh,2017,2093,2131,1080,5304
Pune,2019,517,4337,810,5664
Lucknow,2017,1668,2923,672,5263
Bangalore,2018,617,4585,548,5750
Ranchi,2017,1575,4286,1822,7683
Ghaziabad,2018,1624,2501,1074,5199
Delhi,2018,2766,2827,339,5932
Guwahati,2017,1001,2629,541,4171
Hubli,2017,2641,1463,1783,5887
Kanpur,2018,2674,4523,968,8165
Ludhiana,2019,2608,2305,1569,6482
Bangalore,2019,2167,1235,1276,4678
Kalyan,2017,836,2541,1135,4512
Meerut,2017,1056,3575,1547,6178
Ahmedabad,2018,813,1955,1804,4572
Varanasi,2019,1473,1453,581,3507
Raipur,2018,1610,4451,1684,7745
Raipur,2019,2155,3872,446,6473
Bhopal,2019,720,4904,1271,6895
Lucknow,2017,828,3369,1672,5869
Nagpur,2018,2120,1039,716,3875
Aurangabad,2018,1201,3833,1160,6194
Srinagar,2018,1751,4489,1536,7776
Jaipur,2017,1889,2589,1543,6021
Bangalore,2018,1177,2673,1505,5355
Bhopal,2017,1264,4222,1495,6981
Mumbai,2018,2032,4626,927,7585
Rajkot,2018,910,4132,927,5969
Kanpur,2018,1391,4558,1606,7555
Varanasi,2019,2562,1457,938,4957
Madurai,2018,762,2879,1588,5229
Varanasi,2017,2716,1945,1955,6616
Srinagar,2017,1606,2865,1699,6170
Kalyan,2019,1264,1630,1437,4331
Vadodara,2018,631,1832,1987,4450
Madurai,2018,1910,1284,1183,4377
Gwalior,2017,2437,4940,1917,9294
Bhopal,2019,1174,3056,1133,5363
Vasai,2018,1268,4472,1581,7321
Lucknow,2018,1593,1574,1584,4751
Amritsar,2017,829,2993,1025,4847
Dhanbad,2019,2635,4946,865,8446
Jaipur,2018,1183,2564,1669,5416
Nagpur,2019,2697,834,1812,5343
Agra,2019,1009,849,1090,2948
Coimbatore,2017,1917,1436,1689,5042
Gwalior,2019,629,4302,607,5538
Guwahati,2018,2445,1416,535,4396
Faridabad,2019,966,1211,396,2573
Ghaziabad,2019,1899,2692,1087,5678
Howrah,2017,2658,4380,1924,8962
Amritsar,2019,1053,2210,1464,4727
Mumbai,2017,1238,1737,602,3577
Visakhapatnam,2019,1934,2189,788,4911
Allahabad,2017,1137,1721,1116,3974
Aurangabad,2018,1305,3671,1512,6488
Gwalior,2017,2013,2035,1910,5958
Lucknow,2018,2966,1562,1877,6405
Chandigarh,2019,2989,1969,309,5267
Meerut,2019,878,2038,968,3884
Delhi,2017,1933,4705,1551,8189
Hyderabad,2019,578,4795,1899,7272
Nashik,2017,1403,4168,982,6553
Chandigarh,2017,1994,4660,1672,8326
Jabalpur,2017,1832,2877,886,5595
Allahabad,2017,2417,1181,1539,5137
Jabalpur,2019,2582,1208,1722,5512
Visakhapatnam,2018,632,4899,1799,7330
Lucknow,2019,2407,1052,378,3837
Solapur,2017,1529,1956,1713,5198
Raipur,2017,2408,3205,1385,6998
Gwalior,2018,2596,1794,1896,6286
Solapur,2018,2493,1836,525,4854
Mumbai,2018,1485,1168,936,3589
Rajkot,2018,1115,3043,554,4712
Hubli,2019,987,1892,1536,4415
Solapur,2017,549,1880,1940,4369
Hyderabad,2017,1364,3049,1275,5688
Howrah,2018,2316,3811,1566,7693
Hubli,2019,2882,2417,1789,7088
Solapur,2017,626,2911,485,4022
Gwalior,2017,998,2663,1686,5347
Guwahati,2018,2774,1439,526,4739
Howrah,2018,2994,4792,1730,9516
Jabalpur,2019,1842,922,908,3672
Raipur,2018,1574,2734,1667,5975
Chandigarh,2017,1020,4577,853,6450
Kolkata,2017,1900,4497,532,6929
Chandigarh,2019,2960,2064,1209,6233
Solapur,2018,2425,4724,483,7632
Faridabad,2017,2510,4570,1899,8979
Nagpur,2017,1729,4922,1816,8467
Nashik,2018,2453,1101,1621,5175
Navi Mumbai,2017,899,2680,1357,4936
Jodhpur,2019,1573,1807,1005,4385
Allahabad,2019,2462,1013,406,3881
Raipur,2017,2160,3397,1342,6899
Rajkot,2017,1581,4810,304,6695
Agra,2017,2796,1764,939,5499
Kota,2019,2510,4951,1577,9038
Hyderabad,2019,1563,1711,1949,5223
Jodhpur,2019,2252,4457,1504,8213
Ghaziabad,2017,505,4849,648,6002
Agra,2018,1438,3110,1339,5887
Coimbatore,2019,509,3252,1118,4879
Jaipur,2018,510,1906,1542,3958
Navi Mumbai,2018,1776,1479,1693,4948
Agra,2019,1370,3337,487,5194
Mumbai,2019,1488,3827,667,5982
Ghaziabad,2017,1590,4530,1458,7578
Mumbai,2017,510,3989,1476,5975
Ghaziabad,2019,1733,4884,622,7239
Jabalpur,2017,1790,2096,875,4761
Jabalpur,2018,2558,939,1088,4585
Bangalore,2017,1530,2079,1296,4905
Bhopal,2018,574,1878,444,2896
Chennai,2019,713,2476,941,4130
Coimbatore,2018,2659,4821,627,8107
Hyderabad,2017,2152,2970,1971,7093
Jodhpur,2017,1485,4141,1979,7605
Chennai,2018,2339,2523,606,5468
Guwahati,2018,2849,3498,789,7136
Varanasi,2019,1236,4936,1959,8131
Varanasi,2018,1836,3741,1737,7314
Kanpur,2019,2709,4509,376,7594
Thane,2018,2151,3632,935,6718
Chandigarh,2017,729,4611,1477,6817
Vasai,2018,2557,1156,1146,4859
Coimbatore,2019,1659,2493,980,5132
Hubli,2018,2202,1028,979,4209
Gwalior,2019,1458,1315,523,3296
Jodhpur,2018,1513,2582,467,4562
Varanasi,2019,1556,3612,1583,6751
Raipur,2018,746,3419,392,4557
Kota,2017,2968,3140,1365,7473
Vijayawada,2019,2310,1011,887,4208
Hubli,2019,588,1278,1346,3212
Madurai,2018,887,4527,1656,7070
Meerut,2019,1071,2304,402,3777
Madurai,2018,2068,2551,561,5180
Jaipur,2017,1420,1089,599,3108
Agra,2018,2684,923,1431,5038
Chennai,2018,1679,832,1222,3733
Gwalior,2017,899,2299,721,3919
Jabalpur,2018,1302,4068,1004,6374
Kalyan,2019,2727,2282,539,5548
Hubli,2019,2738,3183,1659,7580
Thane,2018,1332,2008,555,3895
Delhi,2018,726,3605,1813,6144
Madurai,2017,2744,4531,1671,8946
Kota,2018,2158,1015,1033,4206
Rajkot,2017,961,3011,596,4568
Mumbai,2019,2947,3402,1212,7561
Bangalore,2019,1410,2090,551,4051
Vijayawada,2019,1274,2527,1463,5264
Ahmedabad,2017,1119,2313,413,3845
Lucknow,2017,735,3701,662,5098
Meerut,2018,2004,1572,687,4263
Gwalior,2018,1054,3945,1013,6012
Nashik,2017,918,3521,1789,6228
Vadodara,2018,1119,1121,543,2783
Thane,2017,2795,4783,1537,9115
Visakhapatnam,2019,1809,1243,1310,4362
Chandigarh,2018,825,1421,905,3151
Chandigarh,2017,2969,3606,1828,8403
Coimbatore,2019,1802,1568,1447,4817
Amritsar,2017,823,3087,1916,5826
Coimbatore,2017,1818,2001,1905,5724
Nagpur,2019,2243,4774,740,7757
Madurai,2019,1001,999,735,2735
Vadodara,2019,1547,2313,1288,5148
Nagpur,2017,918,3616,1515,6049
Howrah,2019,1474,1730,474,3678
Jaipur,2019,1913,4500,1552,7965
Vasai,2019,2843,3296,1965,8104
Vadodara,2019,1743,996,419,3158
Kolkata,2018,572,1360,503,2435
Ranchi,2019,1480,3722,1650,6852
Solapur,2017,1139,4962,1073,7174
Nashik,2019,864,3294,834,4992
Ludhiana,2019,1133,871,577,2581
Srinagar,2019,2695,1972,1491,6158
Amritsar,2018,1758,1791,1975,5524
Coimbatore,2019,2346,3329,1875,7550
Gwalior,2018,2088,4920,1677,8685
Vasai,2018,1600,4612,1626,7838
Patna,2018,999,4035,1109,6143
Hubli,2017,1440,1366,1956,4762
Chennai,2017,2733,1320,1418,5471
Ghaziabad,2018,1426,3955,1334,6715
Ranchi,2018,2229,1786,815,4830
Ahmedabad,2018,2403,4155,680,7238
Ranchi,2018,1924,1028,390,3342
Chennai,2019,1417,1126,466,3009
Delhi,2018,1440,3728,1468,6636
Srinagar,2018,1820,1003,1766,4589
Hyderabad,2017,2097,3545,1547,7189
Nagpur,2017,879,1715,878,3472
Ludhiana,2018,729,3402,1804,5935
Indore,2019,1618,4726,432,6776
Navi Mumbai,2019,1600,2680,1132,5412
Gwalior,2019,1381,4687,1265,7333
Lucknow,2019,1942,3303,1494,6739
Delhi,2018,2953,2173,1773,6899
Gwalior,2018,805,4281,756,5842
Chandigarh,2017,2607,1814,643,5064
Vijayawada,2019,1713,2758,1775,6246
Howrah,2018,1052,1512,1518,4082
Varanasi,2019,1379,1185,1602,4166
Solapur,2018,2002,3131,1650,6783
Allahabad,2017,2477,1034,435,3946
Ahmedabad,2018,1297,3347,447,5091
Chennai,2019,1810,2956,372,5138
Ghaziabad,2017,2107,2616,444,5167
Faridabad,2018,1085,918,335,2338
Aurangabad,2018,2603,2685,1553,6841
Kota,2017,516,4025,1303,5844
Jabalpur,2019,2175,1996,448,4619
Visakhapatnam,2019,2005,1424,1821,5250
Thane,2019,2615,4678,673,7966
Jaipur,2018,2675,4797,1345,8817
Howrah,2019,707,2983,1738,5428
Raipur,2017,1473,3311,1080,5864
Chennai,2017,2544,2241,915,5700
Gwalior,2017,1392,3936,1396,6724
Nashik,2019,977,2959,1022,4958
Vasai,2019,2580,3991,1211,7782
Varanasi,2018,531,1254,945,2730
Ghaziabad,2019,1666,4013,365,6044
Kota,2017,1356,1933,793,4082
Ludhiana,2019,2354,1986,1753,6093
Pune,2017,962,4649,1960,7571
Dhanbad,2017,2859,4485,1160,8504
Bhopal,2018,2759,4588,1112,8459
Aurangabad,2017,1924,4684,1609,8217
Jaipur,2017,2795,1591,1606,5992
Kota,2019,1154,4370,1823,7347
Ghaziabad,2019,1859,4468,518,6845
Madurai,2019,1607,1745,908,4260
Guwahati,2019,2880,2437,338,5655
Hubli,2019,1013,3675,1424,6112
Indore,2018,2379,1874,1663,5916
Coimbatore,2017,2201,3479,1557,7237
Guwahati,2018,2697,4544,1202,8443
Thane,2018,2060,1864,1247,5171
Coimbatore,2019,2216,833,1085,4134
Pune,2018,2024,1934,1113,5071
Amritsar,2019,990,2258,317,3565
Agra,2018,2850,1740,974,5564
Rajkot,2017,1122,4744,1982,7848
Chandigarh,2019,2427,4603,1377,8407
Jaipur,2018,2095,3365,997,6457
Ludhiana,2018,1810,1682,1795,5287
Bhopal,2019,572,4335,1927,6834
Jaipur,2018,1613,3874,1389,6876
Ghaziabad,2019,535,4734,1786,7055
Raipur,2017,2650,4668,1848,9166
Dhanbad,2018,1212,1814,1715,4741
Bhopal,2017,1545,4876,1056,7477
Bhopal,2017,602,2325,1385,4312
Solapur,2019,2359,3730,1541,7630
Vasai,2017,1171,2627,1461,5259
Aurangabad,2017,1424,1858,861,4143
Vijayawada,2018,2049,1587,1157,4793
Ludhiana,2019,928,2840,440,4208
Rajkot,2017,1904,1717,1873,5494
Mumbai,2019,1071,3269,1152,5492
Madurai,2018,1596,3253,891,5740
Ranchi,2017,2098,2101,828,5027
Dhanbad,2017,1100,3344,784,5228
Pune,2018,764,1637,1695,4096
Kanpur,2017,883,3677,1021,5581
Howrah,2018,695,4173,1726,6594
Raipur,2019,1634,4903,1680,8217
Bangalore,2019,2923,1604,1723,6250
Ghaziabad,2019,2972,4889,342,8203
Aurangabad,2018,1143,4930,641,6714
Howrah,2019,2189,4241,1740,8170
Dhanbad,2017,2052,2521,1552,6125
Guwahati,2017,1314,2497,1332,5143
Hyderabad,2019,2647,3818,1484,7949
Agra,2019,1389,3549,1408,6346
Visakhapatnam,2017,1834,1922,387,4143
Faridabad,2019,533,4135,1497,6165
Chennai,2019,955,899,1808,3662
Vasai,2019,2947,3253,1580,7780
Vadodara,2017,1194,2390,1861,5445
Amritsar,2018,1161,4187,417,5765
Raipur,2018,2957,4053,1606,8616
Kalyan,2018,826,3243,1241,5310
Lucknow,2017,2824,2231,943,5998
Pune,2017,1152,2162,409,3723
Dhanbad,2019,1083,2408,937,4428
Meerut,2018,1474,1798,1075,4347
Bangalore,2019,1951,1166,1084,4201
Kalyan,2017,2436,4877,1763,9076
Patna,2019,2084,4285,1771,8140
Chandigarh,2018,645,4517,1147,6309
Raipur,2017,2688,981,1589,5258
Meerut,2019,1092,3698,1043,5833
Dhanbad,2017,800,3067,846,4713
Allahabad,2017,2920,4189,640,7749
Thane,2019,2469,1701,842,5012
Dhanbad,2019,1595,3081,722,5398
Bangalore,2019,1097,1072,1743,3912
Delhi,2019,2939,1377,631,4947
Bhopal,2019,1813,4135,987,6935
Amritsar,2019,2216,3669,991,6876
Delhi,2018,2386,2748,1133,6267
Hubli,2017,2799,3962,1188,7949
Kalyan,2018,590,2743,1200,4533
Guwahati,2018,2011,1718,1719,5448
Solapur,2018,2414,3586,1534,7534
Solapur,2019,1825,4984,1762,8571
Kota,2017,2415,1618,1773,5806
Amritsar,2019,2305,2083,653,5041
Bangalore,2019,875,2756,1362,4993
Varanasi,2018,570,2943,1772,5285
Jabalpur,2017,2285,3854,779,6918
Navi Mumbai,2018,584,3642,515,4741
Agra,2019,1952,3834,669,6455
Solapur,2019,2078,2805,1363,6246
Dhanbad,2017,1276,3234,895,5405
Vadodara,2017,2251,2671,1434,6356
Kota,2017,1737,957,754,3448
Delhi,2018,1077,1074,1830,3981
Gwalior,2017,2366,3142,530,6038
Chandigarh,2019,1509,1947,338,3794
Jodhpur,2018,655,2767,802,4224
Bhopal,2017,2605,4315,1679,8599
Nashik,2017,2821,4986,1590,9397
Jabalpur,2019,2931,2345,1531,6807
Faridabad,2018,2975,1467,735,5177
Srinagar,2017,1919,2028,1891,5838
Vadodara,2017,2635,3360,586,6581
Kalyan,2019,915,1132,1430,3477
Thane,2019,1883,1259,1310,4452
Agra,2019,1394,4964,656,7014
Kolkata,2018,2797,850,841,4488
Thane,2018,735,1551,1383,3669
Bangalore,2019,855,3948,828,5631
Vasai,2018,2080,4046,1633,7759
Patna,2017,2360,3711,1379,7450
Kanpur,2018,2043,2861,377,5281
Kota,2019,1967,2667,1821,6455
Solapur,2017,1639,4133,404,6176
Kanpur,2018,1949,2928,365,5242
Ranchi,2018,708,3116,1956,5780
Lucknow,2017,1942,2114,1188,5244
Amritsar,2019,2835,2421,1075,6331
Ranchi,2018,1216,3667,578,5461
Bhopal,2018,2665,2702,435,5802
Raipur,2018,1969,1247,1330,4546
Madurai,2018,1637,4046,322,6005
Kanpur,2017,2356,1806,1483,5645
Ghaziabad,2019,999,4777,1213,6989
Aurangabad,2017,2612,3910,869,7391
Bhopal,2017,1614,2243,1316,5173
Thane,2019,578,3274,1829,5681
Agra,2019,1709,1258,1461,4428
Navi Mumbai,2018,1856,2422,928,5206
Thane,2018,2646,1828,499,4973
Vijayawada,2017,2235,4958,1505,8698
Dhanbad,2017,549,4823,490,5862
Kanpur,2018,2982,2883,1023,6888
Agra,2017,2794,2548,477,5819
Jaipur,2017,1267,1706,1485,4458
Thane,2018,642,4329,1118,6089
Chandigarh,2017,1377,4183,864,6424
Gwalior,2019,924,4100,578,5602
Srinagar,2018,1214,922,1101,3237
Aurangabad,2018,1368,4061,387,5816
Rajkot,2018,1901,4015,1216,7132
Chandigarh,2017,1765,4563,793,7121
Madurai,2019,1011,4972,1214,7197
Chandigarh,2019,730,1497,474,2701
Bhopal,2019,2727,4131,391,7249
Kolkata,2017,1817,3668,675,6160
Allahabad,2018,2705,3622,579,6906
Vijayawada,2017,947,3742,1921,6610
Bhopal,2019,2108,3976,1274,7358
Navi Mumbai,2019,2289,4732,1428,8449
Ghaziabad,2019,1931,2108,1844,5883
Vasai,2017,1630,1803,572,4005
Indore,2019,2496,4767,578,7841
Gwalior,2018,1735,2987,1145,5867
Bangalore,2019,503,2072,455,3030
Navi Mumbai,2018,2619,4152,689,7460
Ahmedabad,2019,960,4780,727,6467
Vijayawada,2017,2853,2070,776,5699
Delhi,2017,2360,2375,1447,6182
Bangalore,2017,2600,2588,797,5985
Faridabad,2017,1025,1958,1120,4103
Lucknow,2019,1674,1398,1900,4972
Hubli,2019,1700,3237,1999,6936
Raipur,2019,733,2413,524,3670
Meerut,2019,2203,3174,910,6287
Jaipur,2017,2294,2878,459,5631
Kalyan,2018,1486,2791,1410,5687
Chennai,2017,2142,1298,1175,4615
Jodhpur,2018,1498,1810,897,4205
Vijayawada,2017,663,803,1930,3396
Thane,2019,2621,4428,417,7466
Allahabad,2018,2312,3531,1278,7121
Jabalpur,2019,1053,4189,326,5568
Visakhapatnam,2018,2573,2896,1051,6520
Raipur,2019,672,2623,592,3887
Pune,2018,598,3664,614,4876
Allahabad,2018,2610,2989,912,6511
Jabalpur,2019,964,4729,1650,7343
Howrah,2019,2188,3197,1687,7072
Mumbai,2017,973,4539,1892,7404
Guwahati,2018,1620,3899,1574,7093
Raipur,2017,544,3209,571,4324
Kanpur,2019,1160,3073,779,5012
Allahabad,2017,2931,1700,789,5420
Howrah,2019,2010,3640,1935,7585
Thane,2018,2952,4103,1922,8977
Bangalore,2018,923,3417,1553,5893
Delhi,2018,1428,2865,1432,5725
Jaipur,2018,1553,4612,628,6793
Kota,2018,2180,1292,1846,5318
Vasai,2018,1474,3834,1886,7194
Visakhapatnam,2017,843,3184,1808,5835
Nagpur,2019,504,4081,1434,6019
Chennai,2017,2515,4681,674,7870
Agra,2019,1934,2206,1255,5395
Dhanbad,2019,2154,1996,708,4858
Meerut,2019,2280,2673,1257,6210
Kota,2018,1301,1834,670,3805
Bangalore,2018,900,4680,537,6117
Ludhiana,2017,2613,4248,1661,8522
Nagpur,2018,2626,1959,718,5303
Chennai,2019,2145,2272,1860,6277
Rajkot,2018,748,1029,1490,3267
Ludhiana,2019,2947,1178,1264,5389
Kota,2019,2399,4224,961,7584
Delhi,2017,1857,2418,1593,5868
Rajkot,2018,2160,4319,614,7093
Vijayawada,2017,2949,1489,746,5184
Ghaziabad,2018,1281,2232,1630,5143
Nagpur,2018,1469,3716,1033,6218
Nashik,2017,2037,1830,587,4454
Vadodara,2017,1323,4438,1044,6805
Jaipur,2019,1050,4755,1444,7249
Aurangabad,2018,733,3282,1789,5804
Chandigarh,2019,2827,1093,958,4878
Ahmedabad,2017,2844,2196,898,5938
Hyderabad,2017,2895,1925,366,5186
Bangalore,2018,2510,3209,1231,6950
Ahmedabad,2018,1324,1136,1766,4226
Visakhapatnam,2018,647,2310,755,3712
Varanasi,2018,2603,824,1620,5047
Rajkot,2018,1872,1069,1702,4643
Kanpur,2017,2449,4513,1641,8603
Meerut,2018,2162,930,1286,4378
Chandigarh,2019,1607,1097,1988,4692
Guwahati,2019,1581,2807,1753,6141
Kalyan,2017,1801,4359,1059,7219
Lucknow,2019,812,3355,1314,5481
Kota,2017,618,2089,1780,4487
Hubli,2018,1457,3364,1989,6810
Amritsar,2018,2136,2476,1202,5814
Meerut,2019,928,1200,1524,3652
Chennai,2017,606,1893,320,2819
Patna,2018,942,1808,1903,4653
Coimbatore,2019,2614,3868,1539,8021
Jaipur,2018,1725,867,1817,4409
Patna,2017,915,4846,1002,6763
Varanasi,2019,1070,2720,1553,5343
Raipur,2018,2530,3791,525,6846
Faridabad,2019,2874,3326,1670,7870
Vasai,2017,1478,3553,1677,6708
Vijayawada,2018,1028,1102,460,2590
Vadodara,2018,1799,1622,1854,5275
Srinagar,2017,2592,1285,360,4237
Coimbatore,2019,1645,1820,1499,4964
Vijayawada,2019,1539,925,361,2825
Indore,2018,2353,4988,1745,9086
Varanasi,2018,2473,2984,526,5983
Kota,2019,1925,3124,1528,6577
Jodhpur,2017,1089,3656,634,5379
Visakhapatnam,2018,2962,3700,541,7203
Kanpur,2019,1004,3379,344,4727
Thane,2017,1184,3503,1474,6161
Nagpur,2019,2841,861,1026,4728
Dhanbad,2017,1227,950,1284,3461
Ahmedabad,2019,2950,3264,854,7068
Kolkata,2019,1138,889,1690,3717
Indore,2019,773,1242,1300,3315
Lucknow,2018,2593,1448,562,4603
Kalyan,2017,1293,1810,1752,4855
Varanasi,2017,2906,3372,1894,8172
Indore,2017,1314,3028,602,4944
Guwahati,2017,2291,3791,1651,7733
Coimbatore,2018,2397,2541,1880,6818
Solapur,2019,1136,1447,1819,4402
Lucknow,2019,2304,2018,1755,6077
Navi Mumbai,2018,2779,1953,336,5068
Nashik,2019,2138,3432,974,6544
Delhi,2018,2780,4317,1309,8406
Meerut,2018,2638,1856,1581,6075
Vadodara,2017,2816,2417,1986,7219
Nagpur,2018,1005,4216,340,5561
Coimbatore,2017,685,4935,1973,7593
Patna,2019,2729,2989,1635,7353
Kota,2019,1757,4610,852,7219
Coimbatore,2017,734,4039,1622,6395
Hyderabad,2017,1083,2006,1319,4408
Patna,2017,2613,2310,1627,6550
Chandigarh,2017,1045,4482,748,6275
Dhanbad,2019,2220,1089,422,3731
Jaipur,2017,1241,4696,764,6701
Thane,2019,544,1433,1518,3495
Navi Mumbai,2017,1226,4716,1235,7177
Dhanbad,2017,2947,880,366,4193
Ahmedabad,2017,851,4733,1296,6880
Ghaziabad,2017,698,3954,442,5094
Ghaziabad,2017,998,3650,971,5619
Ghaziabad,2018,1229,2886,1412,5527
Madurai,2019,1025,2236,1407,4668
Jaipur,2019,1947,2479,1364,5790
Rajkot,2017,1662,3701,1698,7061
Hyderabad,2017,2251,907,500,3658
Raipur,2019,1092,1554,700,3346
Guwahati,2019,2354,3513,353,6220
Vijayawada,2017,1505,3128,303,4936
Guwahati,2018,1964,892,952,3808
Ghaziabad,2017,1786,2413,850,5049
Hubli,2018,2188,4599,516,7303
Coimbatore,2018,2511,2002,685,5198
Hubli,2018,2902,2721,665,6288
Allahabad,2017,2903,1326,1517,5746
Srinagar,2019,2494,3035,817,6346
Rajkot,2018,2726,3698,1912,8336
Delhi,2017,969,885,558,2412
Rajkot,2018,607,4619,995,6221
Visakhapatnam,2018,1741,4695,957,7393
Meerut,2017,2917,1026,1158,5101
Patna,2017,1557,1666,1083,4306
Hubli,2019,2866,4992,477,8335
Madurai,2017,1687,2844,1421,5952
Nashik,2019,2876,4763,1562,9201
Thane,2018,2981,3239,541,6761
Aurangabad,2019,1074,2941,1888,5903
Amritsar,2019,827,4832,929,6588
Solapur,2017,2194,3720,1156,7070
Rajkot,2017,2210,1783,1664,5657
Pune,2018,1604,3236,1827,6667
Coimbatore,2018,2109,2846,559,5514
Chennai,2017,2116,2714,841,5671
Srinagar,2018,1534,3203,1035,5772
Hyderabad,2017,768,3985,1902,6655
Nashik,2018,2354,3702,1542,7598
Meerut,2017,929,2935,1205,5069
Jabalpur,2019,2367,1451,1129,4947
Bangalore,2017,1685,2596,570,4851
Solapur,2018,2175,4331,1653,8159
Aurangabad,2017,2145,2508,454,5107
Mumbai,2019,1326,2260,1631,5217
Mumbai,2018,2787,2017,1972,6776
Ahmedabad,2019,2030,4049,1736,7815
Indore,2019,2715,1266,1336,5317
Hubli,2019,1920,4119,519,6558
Bhopal,2019,2089,828,850,3767
Mumbai,2017,553,2044,1442,4039
Visakhapatnam,2017,1832,1913,885,4630
Vadodara,2018,1700,976,442,3118
Varanasi,2019,784,1459,1310,3553
Vijayawada,2017,1735,4171,841,6747
Ghaziabad,2017,1711,3903,469,6083
Srinagar,2017,2553,4184,552,7289
Chandigarh,2017,1032,3895,754,5681
Bhopal,2019,1795,2219,1258,5272
Howrah,2017,2155,3856,1443,7454
Ahmedabad,2018,2108,2841,1117,6066
Jabalpur,2018,2965,4952,1057,8974
Ludhiana,2019,1532,4592,692,6816
Meerut,2017,2527,3510,1365,7402
Gwalior,2019,1294,3586,686,5566
Ranchi,2017,1942,4128,417,6487
Srinagar,2018,2236,4194,1556,7986
Vasai,2017,1495,1005,996,3496
Raipur,2017,1169,2084,1274,4527
Howrah,2018,664,4906,552,6122
Solapur,2019,1123,3769,394,5286
Pune,2017,1409,2780,1754,5943
Coimbatore,2019,748,2818,1728,5294
Delhi,2018,2787,3584,1322,7693
Allahabad,2017,1665,2097,1470,5232
Kolkata,2017,1677,924,1302,3903
Delhi,2017,2771,1981,630,5382
Thane,2017,2454,3364,1867,7685
Allahabad,2019,2206,2433,1411,6050
Jodhpur,2018,1706,3896,1688,7290
Aurangabad,2018,1191,4713,1791,7695
Ghaziabad,2019,1326,4495,1494,7315
Kota,2018,1869,3849,1031,6749
Vasai,2017,675,4096,1523,6294
Meerut,2018,1775,4088,1467,7330
Vijayawada,2018,2203,3488,1866,7557
Delhi,2017,2896,1488,1322,5706
Chennai,2018,2502,3134,1223,6859
Chandigarh,2019,2206,2556,1893,6655
Jaipur,2018,1069,4012,1163,6244
Indore,2018,1581,2352,395,4328
Howrah,2019,2810,2551,412,5773
Bangalore,2017,938,1070,1756,3764
Agra,2017,2290,1203,1050,4543
Chennai,2017,1975,2917,404,5296
Ranchi,2017,1108,1567,828,3503
Madurai,2019,2107,2982,851,5940
Indore,2017,1938,4475,1200,7613
Kalyan,2019,1673,4560,1204,7437
Dhanbad,2017,2462,2839,1189,6490
Coimbatore,2019,2385,2085,1257,5727
Vadodara,2018,1372,868,342,2582
Nagpur,2017,1252,3006,959,5217
Rajkot,2018,1716,2402,308,4426
Coimbatore,2018,1254,1553,1605,4412
Aurangabad,2017,2349,4227,762,7338
Navi Mumbai,2017,2348,1086,1357,4791
Jabalpur,2017,2778,1140,1716,5634
Srinagar,2018,1100,4699,1136,6935
Ludhiana,2018,2688,2591,418,5697
Indore,2019,1797,1186,1643,4626
Gwalior,2017,2961,3297,470,6728
Solapur,2017,2097,3102,888,6087
Chandigarh,2018,2855,4276,1143,8274
Chennai,2017,1843,4820,1193,7856
Kota,2017,1143,3471,361,4975
Jodhpur,2017,2854,4263,450,7567
Madurai,2019,2162,4846,1442,8450
Chennai,2018,2973,2266,1906,7145
Guwahati,2018,1579,2725,1300,5604
Lucknow,2019,2753,1497,1886,6136
Meerut,2017,1899,1307,1156,4362
Agra,2017,891,3312,1340,5543
Jaipur,2018,1142,1557,1448,4147
Rajkot,2019,1519,4392,1120,7031
Vasai,2018,1551,2085,1260,4896
Patna,2019,608,2370,1671,4649
Rajkot,2017,582,3422,946,4950
Mumbai,2017,2283,4704,1528,8515
Raipur,2019,1067,2824,977,4868
Kalyan,2019,1563,2537,555,4655
Chennai,2018,2871,2151,1815,6837
Thane,2017,1410,2326,761,4497
Gwalior,2019,1303,2576,925,4804
Aurangabad,2017,1169,2912,1553,5634
Bangalore,2018,825,2014,1736,4575
Jaipur,2017,2659,1484,1498,5641
Thane,2017,2709,1788,1009,5506
Kolkata,2019,1914,1509,647,4070
Chennai,2019,2699,2176,531,5406
Pune,2017,2968,1748,766,5482
Kolkata,2019,2771,2187,1909,6867
Meerut,2018,2073,1491,1454,5018
Chennai,2017,1810,1971,836,4617
Visakhapatnam,2017,2859,2033,834,5726
Mumbai,2017,2640,1666,1068,5374
Gwalior,2019,655,3200,1572,5427
Jodhpur,2019,1375,3610,383,5368
Faridabad,2019,928,1282,829,3039
Indore,2019,774,3617,1570,5961
Allahabad,2017,1037,2224,1868,5129
Pune,2019,2884,1669,1517,6070
Pune,2018,1103,3213,756,5072
Coimbatore,2017,2049,1076,1328,4453
Mumbai,2018,2400,2157,1199,5756
Vasai,2018,2445,4308,1786,8539
Bhopal,2017,1049,2883,1754,5686
Allahabad,2017,2118,1780,544,4442
Vadodara,2017,1384,4787,1141,7312
Rajkot,2017,2025,1535,1009,4569
Meerut,2017,1729,2805,1226,5760
Indore,2018,1971,2428,1822,6221
Hubli,2017,1880,2880,854,5614
Allahabad,2018,1786,2890,1595,6271
Ludhiana,2017,1083,4582,1322,6987
Chennai,2018,1202,2099,1365,4666
Kota,2017,2728,4926,1523,9177
Navi Mumbai,2018,1687,874,1480,4041
Faridabad,2017,972,4063,588,5623
Nashik,2019,1950,838,1024,3812
Solapur,2019,2722,2648,1605,6975
Ahmedabad,2017,567,4000,792,5359
Amritsar,2019,1783,4290,1103,7176
Jodhpur,2018,2967,2128,1968,7063
Navi Mumbai,2019,1675,3002,1660,6337
Hubli,2017,731,3871,1159,5761
Kalyan,2018,1573,4775,634,6982
Nashik,2017,2730,2228,463,5421
Rajkot,2017,1423,2448,640,4511
Nagpur,2017,2804,2267,1758,6829
Ludhiana,2018,1925,4879,516,7320
Madurai,2017,1438,2179,1503,5120
Allahabad,2019,1045,2531,609,4185
Faridabad,2019,788,1076,1579,3443
Solapur,2019,2328,3607,1328,7263
Indore,2017,2500,3615,678,6793
Visakhapatnam,2017,1039,4822,543,6404
Pune,2019,2164,3034,641,5839
Aurangabad,2017,1509,1922,513,3944
Allahabad,2019,1972,1144,1015,4131
Jabalpur,2017,1590,3959,1265,6814
Lucknow,2018,2006,1163,1517,4686
Ahmedabad,2017,2051,2948,311,5310
Kota,2017,1365,972,434,2771
Ghaziabad,2017,2941,4081,1175,8197
Lucknow,2018,2235,4707,1001,7943
Jodhpur,2017,2535,3940,1335,7810
Kolkata,2019,2754,1428,698,4880
Bhopal,2019,1153,3642,1412,6207
Varanasi,2019,1034,1151,394,2579
Vadodara,2017,1527,1669,1558,4754
Bhopal,2017,1850,2988,1992,6830
Ludhiana,2018,522,1044,1150,2716
Ranchi,2019,875,2165,1819,4859
Chennai,2018,1638,4359,1411,7408
Nagpur,2017,1881,3862,1551,7294
Allahabad,2019,1923,2029,1642,5594
Visakhapatnam,2018,2482,1079,502,4063
Delhi,2017,1095,3619,1597,6311
Navi Mumbai,2017,1709,2903,344,4956
Kota,2019,2021,4062,713,6796
Lucknow,2017,799,4997,1554,7350
Delhi,2018,2215,2578,564,5357
Coimbatore,2017,2106,3230,1389,6725
Amritsar,2018,1527,3044,1274,5845
Vasai,2019,640,1380,442,2462
Mumbai,2017,1707,2348,1342,5397
Vadodara,2017,1544,829,553,2926
Nashik,2017,2978,1667,699,5344
Vasai,2019,2905,1344,1633,5882
Allahabad,2017,2329,3616,860,6805
Bangalore,2018,2668,2502,1586,6756
Visakhapatnam,2018,2304,3549,1564,7417
Vasai,2017,2007,3113,1759,6879
Patna,2018,1194,855,501,2550
Amritsar,2017,2174,1200,494,3868
Lucknow,2017,2562,1874,1319,5755
Amritsar,2017,2672,2776,1827,7275
Ranchi,2017,1855,2918,1828,6601
Varanasi,2019,1364,4806,1246,7416
Ghaziabad,2019,1052,4124,366,5542
Jabalpur,2019,2946,4760,1319,9025
Patna,2018,976,4801,1535,7312
Srinagar,2019,1214,4088,786,6088
Srinagar,2017,2250,4357,1570,8177
Mumbai,2017,1860,3682,1962,7504
Ranchi,2017,1604,1828,1136,4568
Meerut,2018,1386,1841,1872,5099
Solapur,2017,1456,3367,1568,6391
Rajkot,2017,1075,2101,745,3921
Chennai,2019,882,1726,1289,3897
Dhanbad,2018,1539,844,1089,3472
Nagpur,2017,2571,3486,1984,8041
Delhi,2019,2188,4791,340,7319
Raipur,2019,1924,3317,1670,6911
Srinagar,2018,2424,3307,340,6071
Howrah,2017,754,1690,438,2882
Amritsar,2017,510,4683,1802,6995
Meerut,2018,1375,1320,1514,4209
Ranchi,2017,1415,2112,1168,4695
Vasai,2017,671,3576,1484,5731
Gwalior,2018,1639,4145,420,6204
Solapur,2018,2187,1252,1412,4851
Bhopal,2019,2333,2993,1902,7228
Gwalior,2018,771,1342,1729,3842
Guwahati,2019,1627,2264,1785,5676
Ludhiana,2019,1239,3523,314,5076
Kolkata,2019,1009,3071,1508,5588
Nashik,2018,1118,1591,1655,4364
Varanasi,2018,2008,3549,1721,7278
Jabalpur,2019,2114,826,599,3539
Vasai,2019,735,4678,1982,7395
Delhi,2019,2183,3406,1737,7326
Jabalpur,2017,1449,1424,764,3637
Meerut,2017,2340,4421,602,7363
Kalyan,2018,936,2500,668,4104
Aurangabad,2017,2128,4365,1904,8397
Nagpur,2017,1079,4105,1954,7138
Amritsar,2019,1435,1388,640,3463
Jabalpur,2018,2843,4801,528,8172
Allahabad,2017,2205,3027,1289,6521
Kota,2019,503,2855,522,3880
Kalyan,2017,2544,4099,1859,8502
Hyderabad,2017,1558,1797,1253,4608
Jabalpur,2017,1948,3342,1569,6859
Faridabad,2019,1850,1100,1730,4680
Kalyan,2018,788,1501,778,3067
Visakhapatnam,2017,1648,1208,1621,4477
Bhopal,2018,2961,1438,1179,5578
Kanpur,2019,599,2719,1891,5209
Delhi,2017,1118,3446,1969,6533
Vasai,2019,1407,3729,920,6056
Aurangabad,2019,2937,2791,1682,7410
Kolkata,2017,503,4162,1240,5905
Guwahati,2018,2204,4972,1064,8240
Solapur,2018,1410,2379,533,4322
Agra,2017,993,1139,1436,3568
Jodhpur,2018,1157,897,483,2537
Vasai,2018,2369,2531,1651,6551
Indore,2018,1192,4650,1504,7346
Lucknow,2019,747,1069,603,2419
Coimbatore,2018,868,2296,1452,4616
Pune,2019,726,1320,350,2396
Rajkot,2017,1327,4292,1457,7076
Jaipur,2017,1861,4048,613,6522
Kanpur,2019,1295,2167,1143,4605
Varanasi,2019,1196,4062,1783,7041
Chandigarh,2018,2725,3148,1793,7666
Guwahati,2017,2348,2570,1581,6499
Bhopal,2019,1410,1525,736,3671
Allahabad,2018,2616,3213,673,6502
Kanpur,2018,2225,2057,787,5069
Jodhpur,2019,669,915,863,2447
Jodhpur,2017,1759,4544,973,7276
Varanasi,2018,1173,3916,361,5450
Faridabad,2019,2018,4404,492,6914
Pune,2019,2015,2174,850,5039
Coimbatore,2017,1167,2752,617,4536
Chennai,2018,2531,4051,461,7043
Dhanbad,2019,1994,2248,1181,5423
Navi Mumbai,2018,602,1573,1040,3215
Vijayawada,2018,1888,4333,1590,7811
Delhi,2017,1625,3066,1306,5997
Solapur,2018,561,2612,1896,5069
Vijayawada,2017,2237,1454,1386,5077
Srinagar,2017,2442,2756,1692,6890
Vadodara,2017,1542,2907,1116,5565
Vijayawada,2018,2953,1728,1243,5924
Faridabad,2018,2310,803,890,4003
Kota,2019,1003,3566,418,4987
Dhanbad,2018,1865,3211,505,5581
Gwalior,2017,650,2225,1406,4281
Bangalore,2017,678,3063,851,4592
Kolkata,2018,1459,3032,486,4977
Vadodara,2019,1829,2154,1285,5268
Nashik,2018,1200,3420,505,5125
Gwalior,2018,2734,3430,673,6837
Jaipur,2019,1161,1538,1931,4630
Raipur,2018,1386,4778,1830,7994
Ahmedabad,2018,2563,4281,302,7146
Amritsar,2018,2129,2565,1325,6019
Rajkot,2017,756,1706,1862,4324
Srinagar,2019,2756,4390,709,7855
Jabalpur,2017,1726,1603,1755,5084
Chennai,2018,1725,2276,673,4674
Vasai,2019,1546,2908,615,5069
Lucknow,2017,1928,2953,1882,6763
Lucknow,2018,2560,1103,1158,4821
Guwahati,2019,1118,3098,411,4627
Bhopal,2018,2340,3639,1933,7912
Lucknow,2017,2400,4570,503,7473
Ranchi,2017,873,1857,1322,4052
Jodhpur,2017,2803,3165,1065,7033
Nagpur,2018,2853,3690,1503,8046
Aurangabad,2018,2168,1489,1989,5646
Madurai,2019,988,1813,1722,4523
Dhanbad,2019,2523,1101,1730,5354
Vasai,2019,2615,1696,1108,5419
Ahmedabad,2018,1996,3676,1644,7316
Vasai,2018,2581,3563,1953,8097
Mumbai,2018,1203,2177,1541,4921
Nashik,2017,1114,1195,1274,3583
Raipur,2018,1842,3336,610,5788
Kanpur,2017,2084,1771,1392,5247
Jabalpur,2019,1731,3131,1547,6409
Thane,2019,1632,4244,1460,7336
Thane,2018,2148,872,1395,4415
Raipur,2018,2370,2137,327,4834
Jabalpur,2017,2307,2889,628,5824
Allahabad,2018,1464,1119,626,3209
Rajkot,2019,1605,4894,601,7100
Vadodara,2017,873,3233,448,4554
Lucknow,2019,2705,1633,1710,6048
Ahmedabad,2018,1134,1977,1549,4660
Bangalore,2019,2877,4133,562,7572
Kanpur,2019,1268,1897,1559,4724
Kolkata,2017,2894,1589,570,5053
Patna,2018,989,3021,761,4771
Hyderabad,2017,849,2867,570,4286
Varanasi,2017,2999,3395,1741,8135
Kalyan,2018,2303,2671,1237,6211
Dhanbad,2018,1641,2620,913,5174
Amritsar,2019,2843,4163,464,7470
Nashik,2018,1903,2674,1248,5825
Allahabad,2018,2925,4687,1718,9330
Amritsar,2018,1260,1076,1183,3519
Coimbatore,2017,861,2290,1567,4718
Chennai,2017,656,4978,1377,7011
Jabalpur,2018,2385,1342,370,4097
Srinagar,2017,623,3560,1256,5439
Dhanbad,2019,2449,2885,940,6274
Guwahati,2019,526,1954,1092,3572
Coimbatore,2018,1757,3646,1296,6699
Allahabad,2017,1702,2679,718,5099
Nashik,2017,529,831,921,2281
Hyderabad,2017,1529,4259,667,6455
Hyderabad,2017,687,4379,842,5908
Lucknow,2018,2291,3374,1209,6874
Amritsar,2018,2303,3614,856,6773
Ranchi,2018,1100,3754,1126,5980
Visakhapatnam,2018,2532,4585,365,7482
Solapur,2019,503,2279,1520,4302
Agra,2017,2646,4407,481,7534
Bangalore,2017,998,1909,1446,4353
Bhopal,2018,2481,1798,1835,6114
Gwalior,2018,1022,3059,1659,5740
Coimbatore,2017,2623,4793,1350,8766
Visakhapatnam,2019,674,3668,1576,5918
Guwahati,2018,1044,2688,795,4527
Guwahati,2018,2251,3210,799,6260
Jodhpur,2018,1111,4860,1476,7447
Jaipur,2017,989,3397,1572,5958
Bhopal,2017,932,4357,799,6088
Howrah,2018,2184,2537,648,5369
Ranchi,2017,1534,3641,1004,6179
Vijayawada,2018,2182,4136,1086,7404
Amritsar,2019,1670,2593,1298,5561
Howrah,2017,2385,4445,1804,8634
Allahabad,2019,2401,1129,323,3853
Ranchi,2019,2597,3826,300,6723
Gwalior,2017,1352,2190,1596,5138
Navi Mumbai,2018,2607,4518,425,7550
Jaipur,2019,1100,2896,662,4658
Guwahati,2019,2031,4431,1387,7849
Delhi,2019,1080,4695,911,6686
Dhanbad,2019,721,3498,1007,5226
Indore,2019,2335,4890,608,7833
Ranchi,2019,1976,4765,1765,8506
Vadodara,2017,774,4740,433,5947
Amritsar,2018,956,2430,1645,5031
Chennai,2017,2558,1384,1264,5206
Guwahati,2018,2537,1241,323,4101
Ranchi,2017,1216,4805,885,6906
Gwalior,2018,1440,4815,1883,8138
Srinagar,2019,1957,1587,792,4336
Jodhpur,2017,1266,1349,1552,4167
Guwahati,2019,1063,2619,343,4025
Coimbatore,2017,1069,4420,1793,7282
Jodhpur,2019,2234,4174,1009,7417
Hubli,2018,2357,2099,510,4966
Bhopal,2018,718,2184,1516,4418
Madurai,2017,1426,1422,1790,4638
Aurangabad,2017,2974,4269,1704,8947
Chennai,2018,1874,3799,788,6461
Ahmedabad,2017,2425,4920,1806,9151
Howrah,2017,1249,3002,1903,6154
Varanasi,2018,1654,2564,644,4862
Dhanbad,2017,2167,2759,963,5889
Chennai,2017,2454,4317,895,7666
Vijayawada,2019,2532,4510,1041,8083
Indore,2018,2724,4461,1333,8518
Indore,2018,646,3006,955,4607
Solapur,2018,2837,2946,465,6248
Jodhpur,2017,2338,2389,360,5087
Visakhapatnam,2019,2744,1767,1451,5962
Vadodara,2017,893,1083,1882,3858
Bangalore,2019,2283,4902,335,7520
Meerut,2019,2122,3777,533,6432
Bhopal,2018,1735,3577,744,6056
Agra,2017,1282,3646,539,5467
Rajkot,2018,1573,3975,1318,6866
Faridabad,2019,1548,4001,560,6109
Allahabad,2019,1551,4335,1334,7220
Ludhiana,2018,846,3880,1445,6171
Jaipur,2018,1106,975,1521,3602
Agra,2017,1715,2209,818,4742
Nagpur,2017,2005,845,688,3538
Meerut,2018,1771,4258,1777,7806
Chandigarh,2017,2947,3345,1015,7307
Bhopal,2018,1884,1852,1716,5452
Jaipur,2017,1154,3015,1890,6059
Jaipur,2019,1505,3277,1787,6569
Gwalior,2017,1271,2567,1072,4910
Solapur,2017,1320,1572,759,3651
Mumbai,2017,2448,3465,1463,7376
Meerut,2018,1045,3181,1943,6169
Agra,2017,2634,3023,666,6323
Bhopal,2018,2161,2945,786,5892
Vadodara,2018,887,3995,900,5782
Patna,2017,696,4304,405,5405
Agra,2018,2947,1119,1535,5601
Solapur,2017,1519,1236,1579,4334
Madurai,2017,1482,1381,391,3254
Visakhapatnam,2019,1605,1127,1888,4620
Mumbai,2018,828,2585,696,4109
Raipur,2019,2472,1004,824,4300
Vijayawada,2019,1157,876,1677,3710
Rajkot,2019,2282,4531,490,7303
Ghaziabad,2019,1077,1030,1135,3242
Dhanbad,2019,2097,2777,1241,6115
Patna,2018,668,1681,1857,4206
Gwalior,2018,2216,3288,509,6013
Dhanbad,2018,1605,2046,1700,5351
Chandigarh,2017,1564,1135,1700,4399
Chandigarh,2019,1661,4976,1804,8441
Hyderabad,2017,1635,3096,1562,6293
Howrah,2019,2631,1376,692,4699
Jodhpur,2019,1767,2721,1884,6372
Gwalior,2017,678,917,1205,2800
Bangalore,2018,715,4474,519,5708
Jabalpur,2017,1498,1895,1468,4861
Aurangabad,2018,2609,1190,1441,5240
Rajkot,2018,1593,2482,1270,5345
Jaipur,2018,1520,3308,822,5650
Faridabad,2018,2812,4175,1256,8243
Madurai,2019,1606,1270,524,3400
Hubli,2017,626,3081,895,4602
Hyderabad,2019,2648,1496,1534,5678
Nashik,2018,598,4030,691,5319
Jabalpur,2017,2000,2951,560,5511
Allahabad,2017,1894,4584,1528,8006
Madurai,2019,2251,3978,1457,7686
Visakhapatnam,2018,2469,4318,437,7224
Ludhiana,2018,1698,3280,1459,6437
Vasai,2019,838,2852,1361,5051
Thane,2018,1786,2659,1152,5597
Solapur,2018,1962,2842,585,5389
Bangalore,2018,1586,1770,1961,5317
Meerut,2018,1332,3315,1627,6274
Nagpur,2017,834,3165,1472,5471
Chennai,2017,2781,2007,708,5496
Patna,2017,525,1361,975,2861
Raipur,2017,667,1502,1163,3332
Lucknow,2017,1518,2839,967,5324
Kolkata,2017,1190,3924,974,6088
Amritsar,2017,2158,1564,1532,5254
Ranchi,2019,2275,4846,586,7707
Vadodara,2017,818,2955,1363,5136
Lucknow,2018,1891,3410,913,6214
Varanasi,2019,2536,2362,1525,6423
Jaipur,2019,1819,2253,1479,5551
Gwalior,2017,1518,976,1185,3679
Vadodara,2018,2978,2257,1476,6711
Coimbatore,2018,1384,3393,917,5694
Rajkot,2017,1594,4108,1275,6977
Lucknow,2018,2608,2722,1829,7159
Vadodara,2017,1476,4319,674,6469
Rajkot,2019,2859,4209,1546,8614
Nashik,2019,1426,1488,1927,4841
Srinagar,2019,1383,2704,748,4835
Coimbatore,2018,534,2164,519,3217
Indore,2017,873,1215,1262,3350
Mumbai,2017,2987,3079,1969,8035
Ranchi,2019,2477,2387,1377,6241
Hubli,2018,2703,4099,385,7187
Patna,2019,2704,4387,1197,8288
Rajkot,2017,2789,3235,1935,7959
Indore,2019,1330,2950,1521,5801
Thane,2019,2517,3355,432,6304
Navi Mumbai,2019,1167,4213,1278,6658
Raipur,2019,1013,1436,1384,3833
Visakhapatnam,2019,629,3468,631,4728
Visakhapatnam,2019,2784,4947,1560,9291
Srinagar,2019,880,1203,1857,3940
Nagpur,2019,836,4551,1543,6930
Coimbatore,2019,1166,4013,848,6027
Meerut,2017,669,1216,420,2305
Mumbai,2019,2539,3753,1201,7493
Aurangabad,2019,2415,3995,1679,8089
Varanasi,2019,2714,1030,1548,5292
Visakhapatnam,2018,2963,1301,1641,5905
Delhi,2019,1404,4696,1679,7779
Ahmedabad,2019,1752,3042,1260,6054
Delhi,2017,2398,1850,1404,5652
Faridabad,2018,2774,1834,360,4968
Allahabad,2017,2266,1218,1320,4804
Faridabad,2019,2612,3861,1004,7477
Kanpur,2018,860,4631,1342,6833
Kanpur,2018,2194,2277,1433,5904
Kalyan,2017,1330,3597,1233,6160
Ghaziabad,2019,2563,2870,1463,6896
Navi Mumbai,2018,2714,2701,1332,6747
Hubli,2017,1992,1564,1444,5000
Ludhiana,2018,1809,4457,818,7084
Indore,2017,631,3606,1728,5965
Raipur,2018,1258,899,1391,3548
Pune,2018,1873,3646,1760,7279
Ludhiana,2017,2526,4759,1375,8660
Madurai,2018,1865,2122,824,4811
Howrah,2017,2374,3112,976,6462
Meerut,2018,1560,4173,1154,6887
Kanpur,2018,2926,1272,1623,5821
Ghaziabad,2019,2886,3021,1134,7041
Bangalore,2019,1377,1580,1921,4878
Pune,2017,2578,984,1592,5154
Kota,2019,555,2836,1850,5241
Jaipur,2018,1896,3692,433,6021
Kolkata,2017,2284,2948,328,5560
Lucknow,2017,2352,4574,759,7685
Hyderabad,2018,1087,3180,1923,6190
Ludhiana,2018,2154,3034,1901,7089
Jaipur,2018,2748,2015,491,5254
Jabalpur,2018,2610,4559,887,8056
Chennai,2017,2399,3701,876,6976
Jabalpur,2019,1144,3112,355,4611
Raipur,2019,1378,4128,636,6142
Rajkot,2017,2400,3468,1308,7176
Patna,2018,2054,4448,1437,7939
Solapur,2018,617,2883,1466,4966
Bangalore,2019,2463,3520,1526,7509
Visakhapatnam,2018,2713,1059,1594,5366
Vasai,2018,1622,3806,1230,6658
Solapur,2019,1497,4915,1688,8100
Chandigarh,2017,2682,3082,1929,7693
Agra,2018,799,1115,1358,3272
Ranchi,2017,1608,1117,682,3407
Ghaziabad,2017,2345,805,305,3455
Faridabad,2017,1385,1617,926,3928
Faridabad,2018,1091,2087,1248,4426
Vadodara,2018,1514,1287,1885,4686
Lucknow,2018,1502,1250,460,3212
Agra,2018,1790,4287,1893,7970
Rajkot,2018,2231,3676,1738,7645
Thane,2019,1182,3167,949,5298
Allahabad,2018,659,4475,1560,6694
Jaipur,2017,2313,1304,1588,5205
Indore,2019,782,3564,1548,5894
Bhopal,2019,2472,3376,1574,7422
Lucknow,2019,2402,4404,580,7386
Vadodara,2019,1041,2770,635,4446
Jaipur,2019,2210,1568,1322,5100
Hyderabad,2017,1705,2383,466,4554
Nashik,2018,2212,2354,439,5005
Bhopal,2017,864,4509,1327,6700
Kota,2019,2878,3446,1960,8284
Jaipur,2018,888,3057,488,4433
Pune,2019,2552,2767,1339,6658
Kota,2017,1726,1244,444,3414
Kolkata,2018,1372,3606,1930,6908
Ahmedabad,2017,1491,3736,784,6011
Howrah,2018,1670,1284,1754,4708
Rajkot,2018,744,4664,1404,6812
Navi Mumbai,2019,1427,1165,1695,4287
Lucknow,2019,2642,4943,1887,9472
Agra,2019,1348,2131,1293,4772
Faridabad,2017,1505,3289,1117,5911
Kolkata,2018,1345,2903,882,5130
Nagpur,2017,2261,1002,1279,4542
Raipur,2018,644,4843,775,6262
Hubli,2019,1060,3940,1169,6169
Hyderabad,2017,1665,2255,1265,5185
Amritsar,2017,2505,3337,1117,6959
Vijayawada,2018,1268,2429,1830,5527
Howrah,2019,1548,4152,1013,6713
Bhopal,2018,1639,2030,723,4392
Bangalore,2018,2073,2865,890,5828
Varanasi,2018,1823,3918,471,6212
Indore,2017,2587,3008,1626,7221
Dhanbad,2017,2962,1654,694,5310
Vadodara,2018,2457,4104,1894,8455
Pune,2019,2920,806,745,4471
Chennai,2019,2627,4987,505,8119
Indore,2019,1481,2638,1280,5399
Agra,2019,617,3024,541,4182
Ludhiana,2019,1638,1344,1271,4253
Thane,2019,2343,4313,1719,8375
Jabalpur,2019,2239,2639,644,5522
Solapur,2017,1124,3814,713,5651
Kanpur,2017,1060,1370,1486,3916
Jodhpur,2018,2922,1923,1393,6238
Mumbai,2017,1765,1574,1688,5027
Aurangabad,2019,1639,2355,533,4527
Rajkot,2017,2790,3522,500,6812
Ludhiana,2018,1992,1259,737,3988
Allahabad,2018,2651,4610,1441,8702
Mumbai,2017,2691,3486,1292,7469
Srinagar,2017,1514,4012,860,6386
Patna,2018,706,3127,437,4270
Kalyan,2017,1910,1223,633,3766
Raipur,2017,1145,2908,1834,5887
Lucknow,2018,698,4422,785,5905
Kolkata,2019,2990,1148,1345,5483
Ahmedabad,2019,2175,1723,521,4419
Thane,2019,1587,2367,1864,5818
Bangalore,2018,1754,3940,641,6335
Hyderabad,2018,844,3353,876,5073
Ludhiana,2017,2044,1874,1643,5561
Ahmedabad,2018,1241,1553,1864,4658
Jabalpur,2017,2470,2892,1229,6591
Lucknow,2017,1904,1797,1549,5250
Raipur,2019,799,2528,1090,4417
Madurai,2019,542,4619,1474,6635
Visakhapatnam,2018,1343,2497,1288,5128
Meerut,2018,1835,2821,918,5574
Gwalior,2019,2674,2268,788,5730
Coimbatore,2018,2069,2382,315,4766
Madurai,2018,2876,2221,1263,6360
Varanasi,2017,1038,1368,343,2749
Jodhpur,2017,2713,2370,1889,6972
Vadodara,2017,2681,957,628,4266
Thane,2019,2059,4434,973,7466
Ludhiana,2017,1778,2655,447,4880
Jaipur,2019,1629,2645,1314,5588
Allahabad,2018,1400,4352,353,6105
Bangalore,2019,1010,1828,1441,4279
Kolkata,2018,1305,3551,1930,6786
Madurai,2019,2059,2646,1028,5733
Nagpur,2017,2983,2358,1521,6862
Guwahati,2017,2727,3867,1080,7674
Thane,2017,1434,3540,1969,6943
Aurangabad,2018,2452,1579,655,4686
Mumbai,2017,2289,4138,1441,7868
Kolkata,2017,1478,4340,1667,7485
Chennai,2019,2905,2937,628,6470
Jabalpur,2017,1931,4135,1646,7712
Agra,2018,2753,1864,1793,6410
Indore,2019,1166,1911,377,3454
Ahmedabad,2017,2011,2755,1212,5978
Navi Mumbai,2018,2791,4001,683,7475
Howrah,2017,1288,4386,1572,7246
Kolkata,2017,1687,4704,930,7321
Faridabad,2018,1610,2815,1060,5485
Dhanbad,2017,613,3288,1212,5113
Raipur,2017,1634,2093,1481,5208
Guwahati,2019,2318,3066,1127,6511
Vijayawada,2017,586,3183,784,4553
Indore,2018,2038,1806,1517,5361
Nagpur,2019,1672,2541,1566,5779
Nashik,2018,2868,1534,351,4753
Kalyan,2017,2737,2330,1334,6401
Navi Mumbai,2019,1754,2410,428,4592
Coimbatore,2019,700,4877,1562,7139
Nashik,2018,705,2449,374,3528
Lucknow,2018,1374,3345,1782,6501
Jabalpur,2019,573,2288,694,3555
Kalyan,2018,710,2805,710,4225
Dhanbad,2018,1842,4844,1155,7841
Mumbai,2019,2047,3391,1057,6495
Raipur,2018,2520,3890,719,7129
Kolkata,2018,1413,1410,638,3461
Ranchi,2019,916,958,1652,3526
Meerut,2019,1394,1652,680,3726
Coimbatore,2018,2228,4199,1365,7792
Indore,2018,2533,2114,1406,6053
Solapur,2017,680,3157,1497,5334
Hyderabad,2019,2016,1291,818,4125
Coimbatore,2017,2465,2461,1924,6850
Kalyan,2017,2997,3467,1135,7599
Howrah,2019,2213,3146,1026,6385
Ranchi,2018,2046,2240,1696,5982
Ahmedabad,2018,777,4452,1017,6246
Lucknow,2018,881,1067,579,2527
Visakhapatnam,2017,1786,2115,1395,5296
Gwalior,2018,1558,3287,382,5227
Ahmedabad,2017,2160,2271,1533,5964
Visakhapatnam,2017,762,847,1319,2928
Ghaziabad,2018,2972,4785,1606,9363
Vasai,2019,1647,3197,583,5427
Kota,2017,2199,1096,1874,5169
Chennai,2017,2359,2294,618,5271
Hyderabad,2017,1592,4252,1576,7420
Ghaziabad,2018,2283,1003,1626,4912
Kalyan,2018,749,1726,933,3408
Lucknow,2018,2106,3055,526,5687
Howrah,2019,2518,4732,443,7693
Dhanbad,2017,2305,3929,1671,7905
Meerut,2017,810,1038,1287,3135
Raipur,2017,1428,3455,691,5574
Faridabad,2019,2213,1587,1715,5515
Jaipur,2019,1808,1797,456,4061
Patna,2017,585,4746,1717,7048
Kanpur,2019,993,1863,529,3385
Vasai,2019,1088,1670,881,3639
Chandigarh,2019,1843,3208,1550,6601
Raipur,2019,790,2321,1129,4240
Ranchi,2017,2055,1349,448,3852
Faridabad,2017,1316,2834,506,4656
Vasai,2018,609,3423,1514,5546
Meerut,2018,1893,3189,1492,6574
Agra,2019,524,2970,697,4191
Madurai,2018,1951,1837,1557,5345
Ranchi,2019,1866,1944,1167,4977
Guwahati,2017,2265,3125,1849,7239
Howrah,2017,1956,3300,1149,6405
Pune,2017,2599,1975,1053,5627
Bhopal,2017,1087,4980,1906,7973
Howrah,2018,2533,3552,1637,7722
Jaipur,2018,1185,2380,1862,5427
Guwahati,2017,2246,2370,649,5265
Jabalpur,2018,2771,4972,569,8312
Chandigarh,2017,2832,2757,1768,7357
Meerut,2019,2292,3559,1322,7173
Gwalior,2018,1557,1172,1495,4224
Kalyan,2017,1020,2046,1009,4075
Faridabad,2018,2650,2848,1565,7063
Jaipur,2019,2291,4081,1301,7673
Thane,2019,2220,1631,377,4228
Lucknow,2018,2296,4917,1560,8773
Dhanbad,2018,561,4234,855,5650
Thane,2018,854,2066,1692,4612
Kota,2017,2506,4959,969,8434
Agra,2018,2088,4424,1087,7599
Nagpur,2017,1844,3535,1269,6648
Ranchi,2019,2908,4422,572,7902
Mumbai,2019,2923,4345,624,7892
Indore,2017,2529,2155,1009,5693
Ahmedabad,2019,2273,3081,1905,7259
Navi Mumbai,2019,1761,4232,711,6704
Ludhiana,2017,1940,4794,588,7322
Solapur,2019,1729,4986,1825,8540
Agra,2019,759,954,1880,3593
Faridabad,2019,2641,1747,313,4701
Raipur,2019,627,2702,1202,4531
Mumbai,2017,2211,4067,1057,7335
Mumbai,2017,1626,1637,439,3702
Lucknow,2017,2862,3237,1540,7639
Patna,2018,2185,3848,1474,7507
Amritsar,2019,2614,2985,1996,7595
Aurangabad,2019,1291,1663,1245,4199
Ghaziabad,2018,2919,4436,1455,8810
Madurai,2018,1539,3358,835,5732
Vasai,2018,2183,2814,1180,6177
Bhopal,2017,2484,4690,734,7908
Nagpur,2018,2711,1390,539,4640
Allahabad,2017,1276,4572,1864,7712
Ahmedabad,2019,2816,4494,389,7699
Pune,2019,2938,4319,1431,8688
Srinagar,2019,529,2651,1480,4660
Hyderabad,2018,2021,1258,374,3653
Howrah,2018,2187,3106,452,5745
Chennai,2019,1655,4409,1928,7992
Madurai,2017,1550,1811,1360,4721
Kolkata,2018,2890,4003,1134,8027
Kota,2018,2740,3274,636,6650
Allahabad,2019,2663,4919,985,8567
Coimbatore,2019,1457,4579,310,6346
Raipur,2017,2402,4914,1925,9241
Madurai,2017,598,2232,1195,4025
Jabalpur,2019,1661,2864,385,4910
Bhopal,2019,1400,4169,670,6239
Rajkot,2019,892,1202,964,3058
Vijayawada,2018,762,3511,1183,5456
Vasai,2019,1832,3428,432,5692
Jabalpur,2019,1159,4399,1776,7334
Vadodara,2017,871,894,832,2597
Kota,2017,1436,4719,1464,7619
Amritsar,2019,2294,3641,1593,7528
Kota,2018,796,2720,1781,5297
Jaipur,2018,2219,3057,341,5617
Vijayawada,2017,1055,3037,1843,5935
Howrah,2018,2942,3028,1201,7171
Vasai,2018,875,2404,1530,4809
Varanasi,2017,2787,2548,598,5933
Varanasi,2017,1244,3967,369,5580
Howrah,2019,1758,3366,1956,7080
Bhopal,2018,1261,3504,1623,6388
Kanpur,2019,1537,4571,1901,8009
Dhanbad,2018,1694,2066,863,4623
Kanpur,2017,902,4814,821,6537
Howrah,2017,2318,900,839,4057
Nagpur,2018,2937,3666,1881,8484
Hubli,2019,2128,2976,1912,7016
Vijayawada,2017,2841,1711,1898,6450
Jaipur,2018,1469,4520,412,6401
Meerut,2018,1643,4416,1964,8023
Jaipur,2019,1901,3607,1335,6843
Dhanbad,2018,528,3212,1605,5345
Kanpur,2017,2482,4721,1270,8473
Bangalore,2018,622,921,1140,2683
Gwalior,2018,1706,3525,1979,7210
Bangalore,2019,1408,2786,1492,5686
Delhi,2019,700,3249,382,4331
Kota,2017,1315,4831,895,7041
Faridabad,2018,2424,1546,862,4832
Kanpur,2019,581,4340,928,5849
Faridabad,2018,1975,2512,1353,5840
Navi Mumbai,2018,2267,2816,1017,6100
Nashik,2017,1573,883,1105,3561
Guwahati,2019,2907,4575,1337,8819
Vadodara,2017,2219,4932,1715,8866
Lucknow,2018,1686,4482,1823,7991
Kolkata,2017,2720,1954,618,5292
Chennai,2019,1920,2416,645,4981
Amritsar,2019,503,4868,1828,7199
Jabalpur,2019,2980,1663,648,5291
Jaipur,2019,1975,849,1199,4023
Delhi,2019,2066,3900,1016,6982
Ranchi,2018,1397,1998,1888,5283
Delhi,2017,1565,1765,1509,4839
Delhi,2019,2077,3133,1115,6325
Nashik,2019,998,2381,1870,5249
Agra,2019,1975,3720,1252,6947
Faridabad,2018,2978,1610,1074,5662
Ghaziabad,2018,2580,1235,1015,4830
Vijayawada,2019,2203,4439,1262,7904
Agra,2018,1823,4822,892,7537
Patna,2018,2763,926,538,4227
Dhanbad,2017,1510,2100,454,4064
Amritsar,2018,968,3115,757,4840
Jodhpur,2019,1884,3397,1736,7017
Bhopal,2017,1235,3289,1833,6357
Guwahati,2019,1571,2487,597,4655
Patna,2018,874,2698,1420,4992
Delhi,2019,1114,4674,743,6531
Solapur,2017,2991,4618,1425,9034
Chennai,2019,789,2303,1614,4706
Vasai,2018,2711,4385,809,7905
Coimbatore,2017,1580,3638,451,5669
Nashik,2018,2813,4322,1376,8511
Guwahati,2018,1798,826,1273,3897
Bangalore,2019,2446,3180,1449,7075
Agra,2017,1904,1380,1574,4858
Coimbatore,2019,2755,2174,355,5284
Raipur,2017,2386,1066,771,4223
Jabalpur,2018,1229,4637,1483,7349
Gwalior,2017,754,1286,898,2938
Madurai,2019,2829,4889,1782,9500
Chennai,2017,940,3731,979,5650
Raipur,2018,577,1383,1666,3626
Vasai,2019,1746,2051,639,4436
Mumbai,2018,1694,1285,1265,4244
Patna,2017,2500,2161,524,5185
Pune,2019,1228,1651,1889,4768
Patna,2018,2955,2009,689,5653
Kota,2018,760,888,1044,2692
Bangalore,2017,1781,2745,944,5470
Aurangabad,2017,1199,4611,1859,7669
Vadodara,2017,1993,3359,1279,6631
Faridabad,2018,2361,1399,984,4744
Ahmedabad,2017,2307,4245,1104,7656
Ranchi,2018,1714,3848,1838,7400
Amritsar,2018,2399,2431,694,5524
Faridabad,2018,817,4580,1861,7258
Ludhiana,2017,665,1024,1454,3143
Agra,2019,1132,2475,935,4542
Kota,2019,1878,1156,1753,4787
Visakhapatnam,2018,1400,959,1982,4341
Ranchi,2018,1328,1559,1600,4487
Howrah,2018,1790,2424,924,5138
Ahmedabad,2019,2741,2221,1793,6755
Pune,2018,710,1364,1993,4067
Kolkata,2018,2583,4063,1581,8227
Raipur,2018,603,3413,1335,5351
Guwahati,2017,2359,1839,923,5121
Ludhiana,2019,1600,3746,1215,6561
Madurai,2017,1628,1723,1327,4678
Jaipur,2019,2074,2486,915,5475
Visakhapatnam,2017,1889,3810,1767,7466
Ahmedabad,2019,1296,3147,1228,5671
Jabalpur,2019,2453,1609,1265,5327
Ghaziabad,2017,2557,2024,1936,6517
Gwalior,2017,1508,3462,903,5873
Delhi,2019,1673,2158,1756,5587
Chennai,2018,1957,4901,1389,8247
Allahabad,2017,2497,1248,1384,5129
Jodhpur,2019,1262,3695,1897,6854
Ghaziabad,2019,1283,932,1275,3490
Jabalpur,2018,551,3733,1698,5982
Gwalior,2018,695,2924,975,4594
Guwahati,2018,2447,4402,1861,8710
Meerut,2017,1681,2657,1974,6312
Vijayawada,2018,2509,4190,675,7374
Bangalore,2019,1854,1219,1162,4235
Ranchi,2017,1462,2383,1768,5613
Jaipur,2017,711,1279,440,2430
Jodhpur,2018,2982,4794,423,8199
Dhanbad,2017,595,845,1265,2705
Pune,2019,1515,2798,1136,5449
Allahabad,2019,901,2484,652,4037
Ghaziabad,2019,1040,3815,826,5681
Chennai,2019,2907,2085,780,5772
Vijayawada,2019,2530,848,433,3811
Kanpur,2019,2822,3238,1020,7080
Lucknow,2019,2157,3487,757,6401
Lucknow,2019,1667,1580,1317,4564
Nagpur,2018,517,2796,892,4205
Hyderabad,2017,1146,2120,855,4121
Mumbai,2019,1791,1648,647,4086
Vasai,2018,1288,2334,451,4073
Dhanbad,2018,1398,3202,929,5529
Gwalior,2017,2165,4644,1024,7833
Ahmedabad,2019,2252,1095,1430,4777
Aurangabad,2019,622,3648,1720,5990
Jaipur,2017,1391,4590,1725,7706
Guwahati,2019,1229,834,508,2571
Aurangabad,2019,1622,3551,557,5730
Bangalore,2019,2085,2995,432,5512
Thane,2017,1493,4606,941,7040
Rajkot,2018,1513,2104,565,4182
Jabalpur,2017,2586,2408,1766,6760
Aurangabad,2018,576,2273,626,3475
Solapur,2017,1413,4313,1427,7153
Chennai,2017,2939,3436,849,7224
Howrah,2017,2232,946,1129,4307
Nagpur,2018,2672,2646,824,6142
Kalyan,2018,2106,928,657,3691
Lucknow,2019,1765,2849,339,4953
Coimbatore,2019,2826,2535,490,5851
Aurangabad,2019,2656,3547,1252,7455
Hyderabad,2017,2275,4129,1201,7605
Rajkot,2017,2901,1628,1401,5930
Gwalior,2017,2785,1405,1542,5732
Ranchi,2018,1192,4609,1219,7020
Chennai,2018,1023,855,1469,3347
Nashik,2018,995,813,1832,3640
Indore,2017,1562,2127,1398,5087
Gwalior,2017,2540,3035,1760,7335
Chandigarh,2019,2795,2201,1993,6989
Howrah,2017,1290,996,649,2935
Vadodara,2017,2178,3514,461,6153
Kalyan,2017,821,4097,1811,6729
Lucknow,2018,1026,4936,1269,7231
Vadodara,2019,2029,4553,1818,8400
Hyderabad,2017,2809,4754,883,8446
Chandigarh,2019,1980,2134,1646,5760
Vasai,2019,2045,2954,925,5924
Ludhiana,2018,2589,2816,1169,6574
Patna,2019,2186,3086,781,6053
Bhopal,2017,1668,874,1427,3969
Allahabad,2017,1026,1240,1361,3627
Faridabad,2018,1492,2425,1644,5561
Coimbatore,2018,2432,1517,1183,5132
Hubli,2017,2404,3072,708,6184
Patna,2018,2821,4434,1386,8641
Coimbatore,2018,1024,4687,370,6081
Kolkata,2018,924,4435,1425,6784
Kolkata,2018,1319,3781,1540,6640
Nagpur,2017,564,2292,1008,3864
Kanpur,2017,2475,4794,755,8024
Ghaziabad,2019,733,3420,1376,5529
Vijayawada,2018,1153,3139,1215,5507
Meerut,2019,2920,2020,1973,6913
Ghaziabad,2019,650,4094,1834,6578
Meerut,2017,1210,4346,1437,6993
Aurangabad,2018,1617,1344,1648,4609
Kanpur,2018,585,2164,1057,3806
Coimbatore,2019,1926,1451,1420,4797
Vijayawada,2017,1316,1353,762,3431
Nashik,2018,2039,4991,649,7679
Lucknow,2018,2374,3678,1349,7401
Aurangabad,2019,2358,3611,1880,7849
Varanasi,2017,2544,3827,1419,7790
Amritsar,2019,1887,4553,1026,7466
Rajkot,2018,1352,2795,938,5085
Mumbai,2019,2374,3818,1357,7549
Meerut,2017,865,1752,747,3364
Meerut,2019,526,4047,1274,5847
Aurangabad,2018,1376,850,853,3079
Ludhiana,2018,790,3128,1252,5170
Thane,2017,1462,4398,1791,7651
Chandigarh,2017,990,1544,1925,4459
Jaipur,2019,1781,4983,771,7535
Jodhpur,2019,1679,2939,1514,6132
Ranchi,2019,1824,2508,1395,5727
Kota,2019,1977,4202,885,7064
Rajkot,2017,2526,3662,1165,7353
Jaipur,2019,1948,1150,922,4020
Pune,2018,1838,4019,737,6594
Thane,2017,2718,2873,1180,6771
Kanpur,2018,1452,3239,908,5599
Indore,2017,2886,1115,1343,5344
Gwalior,2017,2028,3462,1281,6771
Vasai,2019,2067,2410,1788,6265
Kanpur,2019,2605,3958,713,7276
Vijayawada,2018,2481,3242,936,6659
Ranchi,2019,1117,1630,953,3700
Dhanbad,2019,1121,2624,1932,5677
Meerut,2019,968,2200,345,3513
Faridabad,2018,1062,3208,634,4904
Kolkata,2019,1456,4723,1741,7920
Guwahati,2018,2584,1410,329,4323
Raipur,2017,973,1779,1785,4537
Delhi,2018,1074,1918,1146,4138
Rajkot,2019,667,3091,353,4111
Howrah,2017,708,1558,820,3086
Kalyan,2019,1199,3670,814,5683
Chandigarh,2017,1353,1498,1506,4357
Faridabad,2019,1878,4834,1842,8554
Kalyan,2018,886,2604,1610,5100
Aurangabad,2019,2152,3527,870,6549
Chandigarh,2017,2992,4853,662,8507
Ghaziabad,2018,2546,2233,509,5288
Faridabad,2017,2927,1045,1938,5910
Nashik,2017,1828,4020,1115,6963
Navi Mumbai,2017,2727,3462,884,7073
Pune,2019,1558,3969,1742,7269
Thane,2018,2134,2392,1378,5904
Bhopal,2019,1960,1892,665,4517
Raipur,2017,2486,4029,1625,8140
Srinagar,2019,737,1982,1126,3845
Bhopal,2018,1630,831,897,3358
Jodhpur,2017,2947,1223,1715,5885
Kota,2019,1031,2302,1874,5207
Chennai,2017,755,4832,1680,7267
Coimbatore,2018,894,865,320,2079
Agra,2017,2397,1413,361,4171
Bangalore,2017,1016,1295,1702,4013
Ranchi,2018,1711,1965,716,4392
Jodhpur,2019,1953,841,995,3789
Visakhapatnam,2017,2009,3089,1220,6318
Vijayawada,2018,2023,4352,1943,8318
Patna,2019,2636,3258,1417,7311
Thane,2017,1679,4791,1816,8286
Vijayawada,2018,2203,2802,1700,6705
Ahmedabad,2019,892,4413,1613,6918
Guwahati,2017,2387,2040,557,4984
Vadodara,2019,2092,3209,1738,7039
Jabalpur,2017,2634,4314,1237,8185
Allahabad,2018,881,2601,774,4256
Kota,2018,818,3699,1586,6103
Nashik,2019,2936,3264,1235,7435
Nashik,2018,2838,3765,1991,8594
Jodhpur,2018,2340,2684,1879,6903
Bhopal,2019,2839,2115,1420,6374
Hubli,2019,2999,2521,704,6224
Guwahati,2018,2431,4947,1317,8695
Pune,2017,1494,3777,676,5947
Guwahati,2018,2360,1903,1757,6020
Lucknow,2017,1454,2300,1699,5453
Mumbai,2018,1170,804,1029,3003
Ranchi,2019,1962,1637,1989,5588
Chandigarh,2018,2229,3186,1614,7029
Jabalpur,2017,1644,4343,1966,7953
Hubli,2017,1846,2399,1379,5624
Allahabad,2017,1229,2060,1907,5196
Kalyan,2017,2010,4283,1866,8159
Faridabad,2019,720,1186,1420,3326
Chennai,2017,514,1257,1948,3719
Jaipur,2019,604,4417,544,5565
Rajkot,2017,2702,2594,1330,6626
Ludhiana,2019,779,4592,1676,7047
Coimbatore,2019,1758,1609,1867,5234
Raipur,2017,1802,2420,1746,5968
Chandigarh,2019,2321,4231,1954,8506
Rajkot,2017,2538,1448,1463,5449
Delhi,2018,1178,1359,1706,4243
Lucknow,2017,1764,911,1657,4332
Aurangabad,2017,1525,4725,854,7104
Jabalpur,2018,2122,2461,1335,5918
Varanasi,2019,2101,3478,594,6173
Chennai,2019,2445,1362,530,4337
Bhopal,2019,2247,4108,867,7222
Kota,2019,680,3349,1984,6013
Navi Mumbai,2018,2212,3455,1023,6690
Chennai,2018,2879,4154,1324,8357
Lucknow,2018,601,1084,438,2123
Bangalore,2017,1497,2526,917,4940
Varanasi,2018,2330,2241,334,4905
Visakhapatnam,2019,2632,1197,1843,5672
Ahmedabad,2018,2532,3416,712,6660
Patna,2017,2011,3117,565,5693
Jodhpur,2019,1423,1359,1719,4501
Ludhiana,2019,1494,3656,467,5617
Ghaziabad,2017,2657,3062,937,6656
Vasai,2019,2333,1867,1579,5779
Vijayawada,2019,2315,2981,1186,6482
Lucknow,2017,1207,4907,1745,7859
Howrah,2019,602,1627,1252,3481
Raipur,2017,923,3720,1962,6605
Lucknow,2019,1176,1124,1309,3609
Lucknow,2017,1233,3963,1007,6203
Hubli,2019,513,3351,1448,5312
Ahmedabad,2019,2316,4742,938,7996
Jaipur,2019,532,1215,1643,3390
Kota,2019,1144,1151,1797,4092
Hubli,2019,2675,3383,1248,7306
Kolkata,2019,1956,1705,688,4349
Ludhiana,2019,2394,3119,607,6120
Dhanbad,2017,2263,1133,513,3909
Jodhpur,2017,1266,1480,978,3724
Bhopal,2019,540,4036,673,5249
Vijayawada,2018,2219,843,1868,4930
Kalyan,2017,2494,4067,1399,7960
Varanasi,2019,1013,4380,908,6301
Bangalore,2019,2148,1959,1643,5750
Chandigarh,2019,2578,3374,1211,7163
Bangalore,2019,2017,4688,795,7500
Kanpur,2019,1847,1296,1327,4470
Bhopal,2017,902,1711,1673,4286
Dhanbad,2019,1113,954,1000,3067
Guwahati,2019,2728,2470,1335,6533
Thane,2018,825,893,1669,3387
Delhi,2019,2621,1081,1695,5397
Ahmedabad,2017,1541,3063,1128,5732
Nashik,2019,2198,810,583,3591
Madurai,2017,624,3354,616,4594
Kalyan,2019,827,4663,1082,6572
Howrah,2018,1996,2520,1151,5667
Ghaziabad,2018,2823,1426,1742,5991
Agra,2019,887,2436,1982,5305
Delhi,2018,2395,3853,317,6565
Kolkata,2019,2673,3054,313,6040
Howrah,2019,1702,1928,1572,5202
Jabalpur,2019,1422,3955,1131,6508
Nashik,2018,1465,1874,856,4195
Kolkata,2018,626,2835,1802,5263
Ludhiana,2018,1486,2164,1460,5110
Navi Mumbai,2018,2094,1716,442,4252
Jodhpur,2018,2634,1791,1684,6109
Raipur,2019,2872,2321,385,5578
Jabalpur,2019,646,4315,1951,6912
Kalyan,2017,2609,3229,1851,7689
Aurangabad,2019,2622,1072,1675,5369
Patna,2018,1061,3464,646,5171
Kota,2018,2226,3331,1697,7254
Mumbai,2018,2550,1500,696,4746
Nagpur,2018,1104,4437,1688,7229
Chandigarh,2019,1870,4535,353,6758
Pune,2018,2894,1618,923,5435
Mumbai,2019,2923,1672,355,4950
Chandigarh,2017,2106,4082,1953,8141
Mumbai,2018,1940,4689,1005,7634
Guwahati,2018,1865,1740,653,4258
Kalyan,2019,1517,3697,953,6167
Mumbai,2019,2641,1702,1301,5644
Allahabad,2017,779,2113,1702,4594
Srinagar,2018,2328,4154,870,7352
Visakhapatnam,2018,2502,2406,1040,5948
Pune,2017,2658,3939,1445,8042
Hubli,2017,2312,4901,1270,8483
Mumbai,2017,1394,3409,1065,5868
Jaipur,2019,1554,2654,1342,5550
Vasai,2019,2064,886,622,3572
Vadodara,2017,1677,3948,1991,7616
Aurangabad,2019,2872,4364,1084,8320
Madurai,2019,2673,1251,1772,5696
Vadodara,2017,2174,3494,1207,6875
Raipur,2017,2952,2884,633,6469
Hyderabad,2018,989,1795,689,3473
Chandigarh,2019,1032,2972,498,4502
Hubli,2019,1914,4102,684,6700
Jabalpur,2019,2209,1131,679,4019
Jabalpur,2019,583,3153,1693,5429
Howrah,2018,572,2434,1527,4533
Thane,2017,2450,2857,1031,6338
Lucknow,2019,965,1882,616,3463
Meerut,2017,1895,4433,1410,7738
Thane,2019,1442,3471,1837,6750
Raipur,2019,2251,3750,1149,7150
Howrah,2019,1626,4068,1866,7560
Hyderabad,2018,511,4071,522,5104
Chandigarh,2018,2158,2068,1579,5805
Kanpur,2017,1526,1655,1610,4791
Jodhpur,2019,1875,1999,529,4403
Thane,2019,1211,3680,1296,6187
Solapur,2017,1024,1656,558,3238
Navi Mumbai,2017,897,3520,367,4784
Navi Mumbai,2019,2817,4973,1458,9248
Meerut,2017,1357,1360,1184,3901
Ghaziabad,2018,2898,4897,1952,9747
Vasai,2017,1073,3228,1114,5415
Bhopal,2018,1173,1582,1231,3986
Vadodara,2017,1941,2867,475,5283
Pune,2018,733,1313,521,2567
Ludhiana,2017,2742,2986,1278,7006
Solapur,2019,845,2534,1567,4946
Jaipur,2018,1047,4568,1292,6907
Amritsar,2019,954,1531,673,3158
Allahabad,2019,2109,3862,1523,7494
Chandigarh,2019,2544,4632,1665,8841
Bangalore,2019,679,2175,723,3577
Ludhiana,2018,2361,3566,1648,7575
Kalyan,2019,1710,823,536,3069
Srinagar,2018,1703,4871,1470,8044
Rajkot,2019,949,3144,345,4438
Raipur,2019,2744,3952,885,7581
Indore,2019,1823,2799,1293,5915
Srinagar,2017,1447,3999,543,5989
Madurai,2017,500,2870,1017,4387
Faridabad,2019,1399,3958,667,6024
Kota,2019,920,4225,1198,6343
Rajkot,2018,1620,2386,1397,5403
Navi Mumbai,2017,603,3529,1495,5627
Indore,2018,2319,1489,424,4232
Allahabad,2018,1129,2672,641,4442
Rajkot,2017,828,2810,709,4347
Solapur,2018,2507,2955,1955,7417
Delhi,2017,1407,1947,608,3962
Srinagar,2019,2583,4780,1089,8452
Mumbai,2019,762,1370,1364,3496
Allahabad,2018,2101,846,893,3840
Mumbai,2018,1757,1162,603,3522
Meerut,2017,2819,906,926,4651
Guwahati,2018,2997,1224,1621,5842
Agra,2018,555,3927,1785,6267
Bangalore,2017,2082,1071,1041,4194
Gwalior,2019,2884,3563,1219,7666
Gwalior,2018,2689,972,1400,5061
Dhanbad,2017,1340,2309,461,4110
Howrah,2017,1320,1649,1652,4621
Lucknow,2018,2258,1257,1646,5161
Chennai,2018,2265,3374,1441,7080
Ghaziabad,2017,2111,2733,675,5519
Amritsar,2017,2425,1381,802,4608
Meerut,2019,2199,4847,481,7527
Nagpur,2018,2136,4798,504,7438
Raipur,2018,1822,3117,556,5495
Hyderabad,2019,722,2966,1240,4928
Varanasi,2018,1939,4384,1992,8315
Varanasi,2018,2620,3760,1063,7443
Chandigarh,2018,2915,1505,1159,5579
Ludhiana,2018,1757,1204,596,3557
Gwalior,2019,1180,2096,1442,4718
Dhanbad,2018,1643,2896,994,5533
Delhi,2018,594,3243,1474,5311
Chandigarh,2017,2890,2150,1864,6904
Varanasi,2018,853,3330,672,4855
Thane,2017,1810,2413,1387,5610
Ahmedabad,2018,2868,3207,352,6427
Hyderabad,2018,1530,4713,1793,8036
Ahmedabad,2018,827,3253,1592,5672
Mumbai,2017,1304,4715,821,6840
Varanasi,2018,1234,920,1155,3309
Raipur,2017,2339,1454,1428,5221
Ahmedabad,2019,2467,1980,883,5330
Jodhpur,2018,2757,3776,1930,8463
Patna,2019,2516,3319,1509,7344
Chennai,2018,1162,2779,799,4740
Ludhiana,2018,2454,1002,1541,4997
Bhopal,2019,776,1815,716,3307
Ranchi,2019,2136,4002,677,6815
Jodhpur,2017,1517,979,1446,3942
Solapur,2018,1428,1549,736,3713
Kota,2019,817,1544,1850,4211
Agra,2017,758,3278,770,4806
Hyderabad,2018,1633,1681,1826,5140
Bhopal,2017,2911,2337,1226,6474
Navi Mumbai,2017,1566,1327,932,3825
Varanasi,2019,1391,1610,519,3520
Ranchi,2018,2363,4397,952,7712
Aurangabad,2019,2150,3547,918,6615
Nagpur,2017,2521,2233,300,5054
Allahabad,2017,2698,3805,1762,8265
Gwalior,2018,1359,3874,1013,6246
Bangalore,2018,1108,4299,1021,6428
Lucknow,2019,1502,1797,1053,4352
Srinagar,2018,2735,2705,1324,6764
Allahabad,2018,548,3656,1538,5742
Ludhiana,2018,1343,1249,1159,3751
Nagpur,2019,1876,3412,1886,7174
Ahmedabad,2018,1934,2791,588,5313
Ranchi,2017,2143,1364,1163,4670
Rajkot,2017,2894,4737,1666,9297
Solapur,2017,2845,847,913,4605
Allahabad,2018,2957,4035,576,7568
Ranchi,2018,1747,3868,1219,6834
Vijayawada,2018,1982,4896,1752,8630
Raipur,2018,2764,1956,1558,6278
Ghaziabad,2018,2075,2006,907,4988
Navi Mumbai,2017,1864,4943,1272,8079
Kolkata,2017,1523,2519,1186,5228
Chandigarh,2019,2709,3722,1132,7563
Guwahati,2019,1617,4220,1620,7457
Indore,2019,2345,3928,1993,8266
Raipur,2019,2131,2007,1129,5267
Madurai,2018,1307,1065,467,2839
Raipur,2017,2314,4041,1675,8030
Indore,2017,2123,3252,1467,6842
Meerut,2019,2434,3498,1557,7489
Visakhapatnam,2017,1818,3591,627,6036
Chennai,2017,2775,1666,1061,5502
Chennai,2018,830,4949,1122,6901
Solapur,2017,2785,4868,1874,9527
Meerut,2019,1279,1669,1695,4643
Kalyan,2018,2620,2124,1618,6362
Vadodara,2018,2422,4135,1976,8533
Srinagar,2017,2898,3156,689,6743
Dhanbad,2018,2583,1465,1993,6041
Kanpur,2019,1426,1149,1480,4055
Dhanbad,2019,979,1507,1641,4127
Srinagar,2019,2778,4630,1467,8875
Hubli,2019,2540,4252,1036,7828
Thane,2017,663,4434,371,5468
Coimbatore,2019,1979,4594,314,6887
Kanpur,2018,1124,2323,365,3812
Kota,2017,849,2337,790,3976
Chandigarh,2018,1875,949,651,3475
Ahmedabad,2018,626,2264,1995,4885
Kota,2019,2539,1739,1330,5608
Pune,2018,2147,4660,1614,8421
Vadodara,2017,2195,1111,337,3643
Varanasi,2019,571,3035,1017,4623
Madurai,2018,2192,4110,1565,7867
Kota,2018,2080,4687,1372,8139
Lucknow,2017,1778,4150,1426,7354
Amritsar,2018,1224,2110,1296,4630
Rajkot,2017,2458,3402,675,6535
Ghaziabad,2018,1246,1041,339,2626
Hyderabad,2018,1934,1013,353,3300
Thane,2017,626,3539,1055,5220
Aurangabad,2017,2688,4013,407,7108
Navi Mumbai,2017,1637,3574,1498,6709
Coimbatore,2018,2992,3817,604,7413
Chennai,2018,1738,3378,874,5990
Ahmedabad,2018,773,3345,721,4839
Ghaziabad,2019,560,3861,1977,6398
Solapur,2019,1099,3519,1770,6388
Aurangabad,2018,2975,1929,904,5808
Pune,2017,2798,3245,1501,7544
Indore,2019,1050,4940,450,6440
Allahabad,2017,2770,2543,372,5685
Rajkot,2017,2142,1688,1825,5655
Indore,2017,2376,1751,1676,5803
Ludhiana,2018,1207,2277,579,4063
Navi Mumbai,2017,1544,1307,1075,3926
Vijayawada,2019,636,3452,1881,5969
Jodhpur,2018,1540,1404,711,3655
Nashik,2017,2147,2953,1305,6405
Srinagar,2017,1307,3898,1247,6452
Kanpur,2019,1407,2763,393,4563
Kota,2019,714,2918,379,4011
Amritsar,2019,541,1237,1652,3430
Ranchi,2017,546,3563,1347,5456
Ahmedabad,2019,942,1479,1211,3632
Aurangabad,2017,1069,3715,912,5696
Kota,2017,601,4315,673,5589
Meerut,2019,2913,842,1066,4821
Lucknow,2017,2411,1806,1719,5936
Aurangabad,2017,2949,1947,1783,6679
Allahabad,2019,1765,3699,1339,6803
Nashik,2018,2219,3660,1136,7015
Vasai,2018,1857,3872,1338,7067
Srinagar,2017,2377,2451,1807,6635
Pune,2017,1374,2980,1140,5494
Jabalpur,2017,592,1675,1311,3578
Bhopal,2018,2283,1179,1209,4671
Solapur,2017,1406,4537,1939,7882
Ludhiana,2017,572,2879,711,4162
Lucknow,2018,649,1174,751,2574
Thane,2018,1807,1859,1704,5370
Vasai,2017,2218,1202,1860,5280
Hyderabad,2018,558,2334,1900,4792
Chandigarh,2017,1862,800,813,3475
Ahmedabad,2017,2695,4738,1693,9126
Nashik,2018,2140,3704,1230,7074
Indore,2018,2672,2513,874,6059
Pune,2019,1147,2896,602,4645
Coimbatore,2017,2382,2341,1247,5970
Meerut,2017,2375,983,674,4032
Pune,2017,524,1035,1685,3244
Visakhapatnam,2017,658,2092,573,3323
Coimbatore,2018,2469,4438,1157,8064
Thane,2018,1639,4181,1558,7378
Chennai,2019,1785,3418,1278,6481
Aurangabad,2017,571,2702,1494,4767
Solapur,2019,1824,3663,1344,6831
Chennai,2018,2498,1248,1599,5345
Nashik,2018,2863,4438,1846,9147
Kota,2019,2035,3156,1287,6478
Guwahati,2017,2845,1705,1583,6133
Kanpur,2017,1307,3056,870,5233
Nagpur,2019,1877,3285,588,5750
Agra,2018,1444,1871,1193,4508
Nagpur,2019,2456,2338,818,5612
Chandigarh,2019,1731,2283,1761,5775
Chennai,2019,2755,2889,1643,7287
Jodhpur,2018,1615,2935,1315,5865
Ludhiana,2019,2959,3998,499,7456
Visakhapatnam,2017,510,1065,460,2035
Kalyan,2019,1116,2051,1157,4324
Kolkata,2017,2073,3414,1435,6922
Chennai,2017,1827,2543,1988,6358
Navi Mumbai,2017,905,4741,1669,7315
Pune,2019,2557,2082,535,5174
Meerut,2017,2676,883,1221,4780
Jaipur,2019,948,2419,941,4308
Kanpur,2018,1232,1365,383,2980
Indore,2018,2613,1017,1520,5150
Jabalpur,2017,2979,1210,1175,5364
Kota,2019,2854,2451,1156,6461
Thane,2019,751,3770,1039,5560
Chennai,2018,1064,2981,853,4898
Kolkata,2017,1179,3351,827,5357
Indore,2019,827,2665,1492,4984
Srinagar,2017,1033,2397,632,4062
Amritsar,2018,1045,3949,1115,6109
Indore,2017,1314,4969,654,6937
Bhopal,2018,1707,3970,1572,7249
Patna,2018,791,4818,417,6026
Allahabad,2019,2137,1498,1476,5111
Kanpur,2018,2499,4662,1457,8618
Kota,2018,1415,2008,1609,5032
Coimbatore,2019,1261,3361,469,5091
Madurai,2019,2108,4246,1650,8004
Rajkot,2017,2396,1559,1320,5275
Ahmedabad,2019,2348,1350,1259,4957
Madurai,2019,2548,2304,1491,6343
Guwahati,2017,2025,3938,1975,7938
Hubli,2018,627,1369,1499,3495
Indore,2019,533,3879,686,5098
Hyderabad,2018,1283,1983,1936,5202
Kota,2017,1960,3018,669,5647
Delhi,2017,1413,4365,601,6379
Nashik,2019,1035,3786,741,5562
Bangalore,2018,1998,4451,646,7095
Vadodara,2017,2456,3396,1116,6968
Visakhapatnam,2017,732,1889,567,3188
Patna,2019,2318,1014,312,3644
Kota,2017,967,1287,1070,3324
Jodhpur,2017,1183,1823,562,3568
Hubli,2018,2153,2121,457,4731
Ahmedabad,2019,1230,1935,1943,5108
Rajkot,2017,2814,3862,946,7622
Jaipur,2019,2851,3975,1080,7906
Solapur,2018,985,1877,1772,4634
Lucknow,2017,2185,1670,620,4475
Kolkata,2017,699,2277,1614,4590
Dhanbad,2018,545,3974,464,4983
Jodhpur,2019,2205,996,858,4059
Guwahati,2017,1176,3890,700,5766
Delhi,2018,1763,3212,662,5637
Navi Mumbai,2018,547,4718,835,6100
Bangalore,2017,2734,2810,395,5939
Ghaziabad,2019,2546,4027,701,7274
Madurai,2019,1083,4436,947,6466
Kota,2018,1514,1357,1838,4709
Thane,2017,2897,1583,1260,5740
Delhi,2017,2390,3547,584,6521
Howrah,2019,2823,4447,1508,8778
Ahmedabad,2019,520,4055,1984,6559
Rajkot,2019,2497,1037,525,4059
Mumbai,2019,866,2790,1603,5259
Faridabad,2017,2212,3118,1744,7074
Delhi,2018,2742,3922,659,7323
Ranchi,2018,2599,1565,1378,5542
Kalyan,2018,536,1291,1302,3129
Nagpur,2019,806,4542,783,6131
Nashik,2018,1900,4601,1487,7988
Hyderabad,2018,1252,3441,1062,5755
Madurai,2019,2161,2548,1926,6635
Hubli,2017,2490,1813,454,4757
Aurangabad,2019,2974,2058,687,5719
Vadodara,2018,2998,4771,1271,9040
Allahabad,2019,1844,4859,540,7243
Jaipur,2017,2396,1090,1981,5467
Patna,2018,2618,894,804,4316
Kota,2017,2776,1214,1590,5580
Amritsar,2017,1545,3938,898,6381
Gwalior,2019,2927,2996,1199,7122
Ghaziabad,2019,1088,3538,856,5482
Pune,2019,656,1850,797,3303
Jabalpur,2017,779,2352,346,3477
Varanasi,2017,2401,4738,1662,8801
Jaipur,2017,2050,1367,643,4060
Chandigarh,2018,564,3453,830,4847
Chennai,2017,2815,4129,1861,8805
Nashik,2018,2300,816,327,3443
Mumbai,2018,1944,4306,1542,7792
Vasai,2017,2770,3293,1053,7116
Jabalpur,2017,1307,2073,352,3732
Coimbatore,2019,938,1052,1127,3117
Raipur,2019,716,2663,603,3982
Vasai,2019,2810,4272,1347,8429
Ahmedabad,2019,2296,2107,1195,5598
Vasai,2019,2469,2187,706,5362
Raipur,2017,2407,4689,447,7543
Dhanbad,2019,1253,1595,552,3400
Rajkot,2019,533,2730,1397,4660
Kolkata,2019,1255,4288,1656,7199
Jodhpur,2017,2614,1887,1119,5620
Navi Mumbai,2019,1752,3158,1711,6621
Madurai,2019,999,2277,1476,4752
Solapur,2017,1505,4999,549,7053
Kanpur,2019,2034,3091,1528,6653
Kalyan,2019,1738,3519,811,6068
Aurangabad,2017,2730,3702,1115,7547
Ranchi,2017,1508,1738,848,4094
Ranchi,2018,610,2571,1495,4676
Srinagar,2017,2484,2331,1790,6605
Meerut,2019,2457,4478,875,7810
Howrah,2017,2671,1204,1065,4940
Vasai,2017,1043,1023,466,2532
Srinagar,2019,1676,4479,1914,8069
Navi Mumbai,2019,567,1174,890,2631
Hubli,2019,847,4937,1007,6791
Pune,2019,2036,1241,662,3939
Solapur,2018,1993,4401,488,6882
Ghaziabad,2019,2585,3677,1079,7341
Dhanbad,2019,1586,4601,1109,7296
Aurangabad,2019,2078,3552,596,6226
Meerut,2018,2930,2176,1849,6955
Kolkata,2017,1972,2791,989,5752
Kolkata,2019,2833,4971,1517,9321
Vijayawada,2019,1138,2881,439,4458
Vasai,2018,2431,3738,853,7022
Raipur,2017,1054,969,889,2912
Vasai,2019,2697,3814,743,7254
Chandigarh,2017,2567,4154,475,7196
Gwalior,2017,1696,1038,1201,3935
Jaipur,2019,1236,3081,1713,6030
Coimbatore,2018,1497,892,1580,3969
Vijayawada,2018,1520,2231,474,4225
Solapur,2019,2296,4654,666,7616
Varanasi,2018,763,2937,1637,5337
Vijayawada,2019,2760,3322,1773,7855
Bhopal,2017,1982,1966,1721,5669
Delhi,2017,2423,806,1693,4922
Howrah,2017,2806,4817,768,8391
Srinagar,2019,1096,3804,1542,6442
Jabalpur,2017,1047,3035,1810,5892
Varanasi,2018,513,980,633,2126
Kalyan,2018,1132,4644,462,6238
Hyderabad,2017,940,1802,792,3534
Amritsar,2018,529,3878,783,5190
Jaipur,2017,902,2867,1058,4827
Dhanbad,2017,1185,3064,946,5195
Vijayawada,2018,1654,3938,540,6132
Hubli,2017,1901,2784,931,5616
Srinagar,2018,1789,3127,1344,6260
Mumbai,2018,1613,2948,1657,6218
Howrah,2017,2592,1015,657,4264
Kalyan,2017,1820,3846,1251,6917
Rajkot,2018,559,2445,1590,4594
Vadodara,2017,2751,3141,948,6840
Vijayawada,2018,1699,3820,1900,7419
Chennai,2018,1134,2897,810,4841
Solapur,2019,2159,4681,329,7169
Varanasi,2017,685,4304,841,5830
Faridabad,2018,1009,1315,1796,4120
Vadodara,2019,1364,3794,685,5843
Ranchi,2019,2641,4154,1000,7795
Nashik,2017,1831,4520,1498,7849
Aurangabad,2017,1100,4455,620,6175
Patna,2017,1849,844,856,3549
Agra,2019,1797,2850,1483,6130
Navi Mumbai,2018,2125,3914,857,6896
Srinagar,2018,2012,3289,1525,6826
Meerut,2019,2967,2478,1918,7363
Amritsar,2017,1495,4726,458,6679
Bangalore,2018,1804,1731,1794,5329
Delhi,2018,2547,3095,1875,7517
Aurangabad,2018,2572,2270,1583,6425
Jaipur,2017,1953,3473,1297,6723
Kolkata,2019,1831,4795,1041,7667
Jodhpur,2017,2252,4353,565,7170
Jabalpur,2017,606,1594,1917,4117
Jodhpur,2018,2808,3945,1466,8219
Ahmedabad,2018,1610,1706,625,3941
Kanpur,2019,580,4088,1357,6025
Chandigarh,2018,2985,1625,776,5386
Mumbai,2019,1651,3616,743,6010
Bhopal,2019,1680,1337,1673,4690
Vadodara,2018,835,3940,1310,6085
Vadodara,2017,1799,4180,568,6547
Lucknow,2018,1495,3617,648,5760
Agra,2017,1391,4527,761,6679
Rajkot,2018,2861,1075,502,4438
Chennai,2018,1435,4932,428,6795
Nashik,2019,2479,1339,1229,5047
Aurangabad,2019,2409,1597,412,4418
Chandigarh,2018,1774,4929,964,7667
Srinagar,2017,2529,2310,1921,6760
Jodhpur,2017,2550,2311,1505,6366
Coimbatore,2019,737,4648,1795,7180
Howrah,2019,2838,3895,310,7043
Mumbai,2017,1540,1623,1534,4697
Ahmedabad,2017,2509,4263,1682,8454
Meerut,2019,2271,1873,332,4476
Varanasi,2017,1993,2958,491,5442
Guwahati,2017,1571,1701,1086,4358
Lucknow,2019,774,1730,1855,4359
Coimbatore,2017,600,2160,1873,4633
Hyderabad,2018,2274,3603,1402,7279
Ghaziabad,2017,1564,1057,878,3499
Vadodara,2018,1056,2312,1325,4693
Kanpur,2017,2939,3444,772,7155
Jabalpur,2018,1159,4559,1994,7712
Vadodara,2018,1946,1121,1255,4322
Navi Mumbai,2018,2055,2505,441,5001
Vijayawada,2017,2517,4500,1693,8710
Nagpur,2017,896,3457,1068,5421
Vijayawada,2018,1396,3768,1308,6472
Faridabad,2019,2737,2192,439,5368
Kanpur,2017,643,4889,1487,7019
Vasai,2018,998,1990,879,3867
Vasai,2019,2956,2779,1760,7495
Hubli,2017,2835,2836,739,6410
Indore,2018,597,2403,1251,4251
Ranchi,2019,1057,1224,1072,3353
Mumbai,2018,2065,4956,780,7801
Nagpur,2019,2573,3467,1084,7124
Raipur,2018,2222,4685,1913,8820
Jabalpur,2018,1342,2703,1767,5812
Chandigarh,2017,2733,3959,407,7099
Kanpur,2018,1148,1331,1161,3640
Lucknow,2019,1981,1448,604,4033
Nashik,2019,1165,4708,774,6647
Gwalior,2018,1029,2459,874,4362
Aurangabad,2018,585,911,1178,2674
Vasai,2018,622,2982,1663,5267
Kota,2017,2144,4652,1803,8599
Madurai,2019,2218,3566,887,6671
Ludhiana,2019,1993,2852,1878,6723
Solapur,2017,1205,2947,1499,5651
Thane,2017,2709,2387,621,5717
Delhi,2019,2734,3977,1368,8079
Meerut,2017,1898,3008,1677,6583
Pune,2019,2988,4461,1475,8924
Delhi,2019,967,3384,594,4945
Rajkot,2017,2771,2670,388,5829
Jaipur,2017,797,1875,474,3146
Bangalore,2017,1431,3968,1209,6608
Vadodara,2017,555,4202,1950,6707
Madurai,2019,1279,1177,452,2908
Bhopal,2019,2349,4907,1542,8798
Agra,2017,2531,4783,978,8292
Ghaziabad,2018,1775,1728,1901,5404
Kota,2018,790,4925,1485,7200
Bhopal,2017,840,1136,1116,3092
Ahmedabad,2019,2009,1115,1805,4929
Navi Mumbai,2017,2741,4479,1213,8433
Nagpur,2019,1269,4921,1666,7856
Rajkot,2017,2231,2170,440,4841
Vasai,2017,1650,2352,954,4956
Coimbatore,2017,1307,4628,587,6522
Hyderabad,2018,1010,4689,451,6150
Dhanbad,2019,2996,3207,1590,7793
Lucknow,2019,814,1285,338,2437
Gwalior,2017,1206,3227,1813,6246
Vijayawada,2018,950,3084,1062,5096
Pune,2018,2182,3198,1522,6902
Vijayawada,2017,879,2470,941,4290
Kota,2019,1256,4752,1980,7988
Hubli,2017,1172,4935,1621,7728
Gwalior,2017,2423,3522,508,6453
Varanasi,2019,1632,2625,1522,5779
Nashik,2017,1758,2389,1938,6085
Varanasi,2018,1793,4721,1949,8463
Amritsar,2019,2744,3161,1890,7795
Indore,2017,972,2923,1536,5431
Ranchi,2019,2177,1125,1825,5127
Kolkata,2017,772,4120,1590,6482
Raipur,2019,1338,1783,509,3630
Bangalore,2019,713,4126,1915,6754
Bhopal,2017,1651,4398,447,6496
Solapur,2017,1212,3445,1425,6082
Mumbai,2018,1446,4293,881,6620
Thane,2017,2497,3500,1925,7922
Indore,2018,2847,4031,1547,8425
Chandigarh,2018,2197,988,383,3568
Gwalior,2017,756,2075,1860,4691
Kolkata,2017,2117,1140,1028,4285
Srinagar,2018,1902,1681,1732,5315
Patna,2019,965,4090,1345,6400
Srinagar,2017,2392,3338,1146,6876
Vasai,2019,1151,2533,901,4585
Guwahati,2019,2768,4791,1509,9068
Visakhapatnam,2017,2312,3158,1462,6932
Lucknow,2018,1523,3615,582,5720
Bangalore,2019,1649,2101,1559,5309
Bhopal,2019,578,1493,1525,3596
Kalyan,2019,1452,2399,1336,5187
Faridabad,2018,1179,3862,1682,6723
Vijayawada,2018,2711,4913,1726,9350
Faridabad,2018,781,1637,400,2818
Kota,2019,905,2890,835,4630
Patna,2018,2866,4965,1451,9282
Visakhapatnam,2017,839,3592,306,4737
Jabalpur,2017,1671,4345,437,6453
Agra,2019,2178,2661,1660,6499
Patna,2018,700,1763,1912,4375
Howrah,2017,2010,4860,782,7652
Chennai,2018,828,3190,567,4585
Varanasi,2017,2140,4153,725,7018
Patna,2017,799,3084,915,4798
Kolkata,2017,2694,880,1740,5314
Coimbatore,2018,1942,3198,458,5598
Jodhpur,2019,2403,3837,1104,7344
Mumbai,2017,505,2374,1692,4571
Amritsar,2019,650,1111,1705,3466
Jabalpur,2018,2111,2613,358,5082
Kolkata,2018,821,1763,476,3060
Navi Mumbai,2019,1769,1953,1430,5152
Lucknow,2017,941,1163,632,2736
Kanpur,2019,1395,2582,721,4698
Thane,2019,1808,4110,765,6683
Amritsar,2019,2480,1641,1205,5326
Visakhapatnam,2019,2815,3503,384,6702
Bangalore,2017,535,3756,1045,5336
Vijayawada,2017,1218,2282,1075,4575
Hyderabad,2018,2377,2440,866,5683
Bhopal,2019,1848,917,1848,4613
Kota,2017,2701,2363,1127,6191
Madurai,2017,1601,3527,1117,6245
Coimbatore,2019,1074,3663,1344,6081
Jodhpur,2019,2628,4963,627,8218
Mumbai,2019,2816,2545,578,5939
Solapur,2018,2169,3334,499,6002
Mumbai,2017,1754,3469,484,5707
Faridabad,2018,603,3545,908,5056
Pune,2017,780,3190,457,4427
Pune,2019,2659,1050,1706,5415
Vijayawada,2017,662,3145,1268,5075
Kota,2019,1086,2741,1854,5681
Aurangabad,2017,2554,1614,1093,5261
Bhopal,2019,2757,4745,1724,9226
Agra,2018,1638,920,1496,4054
Gwalior,2019,526,2291,719,3536
Lucknow,2018,2005,2981,668,5654
Visakhapatnam,2018,1321,3653,1808,6782
Patna,2018,2376,1141,1777,5294
Allahabad,2018,1584,3379,1593,6556
Navi Mumbai,2017,521,1497,1039,3057
Jabalpur,2017,1703,1270,652,3625
Rajkot,2019,2739,2860,1087,6686
Srinagar,2019,2345,1695,1807,5847
Dhanbad,2019,1594,4475,1924,7993
Ranchi,2018,1850,2566,1630,6046
Thane,2017,1530,1369,1266,4165
Nashik,2019,2307,2168,1734,6209
Kolkata,2017,871,3636,1660,6167
Kolkata,2018,1822,3380,1227,6429
Ghaziabad,2019,843,2865,1487,5195
Ahmedabad,2017,1063,1638,1160,3861
Navi Mumbai,2017,2968,3623,384,6975
Srinagar,2017,2970,2125,1451,6546
Bangalore,2018,827,4635,1326,6788
Vasai,2018,2665,1277,1345,5287
Kolkata,2018,2555,3601,349,6505
Guwahati,2018,1453,1539,1976,4968
Chennai,2018,2937,4536,935,8408
Solapur,2018,1796,2173,983,4952
Agra,2017,2238,3215,730,6183
Kolkata,2019,783,4650,559,5992
Visakhapatnam,2018,2876,2103,1896,6875
Bhopal,2017,605,3959,1231,5795
Nashik,2018,1495,3333,1087,5915
Ranchi,2017,2372,4746,565,7683
Rajkot,2017,2313,3018,1099,6430
Solapur,2018,2953,1836,404,5193
Dhanbad,2017,1317,2133,1346,4796
Delhi,2019,2702,4627,1527,8856
Meerut,2019,2867,1138,1237,5242
Coimbatore,2019,791,2426,577,3794
Guwahati,2017,2198,1983,985,5166
Solapur,2017,1581,4351,471,6403
Coimbatore,2018,1255,1385,1050,3690
Amritsar,2018,1001,2788,676,4465
Jabalpur,2019,1369,2413,445,4227
Ahmedabad,2018,728,1485,743,2956
Allahabad,2019,937,4824,535,6296
Bhopal,2018,2662,3889,1035,7586
Ghaziabad,2019,2721,1803,1771,6295
Jabalpur,2017,1207,1113,1931,4251
Bangalore,2017,1190,1163,849,3202
Raipur,2018,1486,3792,1408,6686
Thane,2017,1198,1949,1854,5001
Jabalpur,2019,2039,4433,1692,8164
Varanasi,2018,989,3072,732,4793
Kanpur,2019,1508,3356,1576,6440
Mumbai,2017,1725,2779,976,5480
Pune,2018,1085,4556,1925,7566
Patna,2019,2449,1268,1128,4845
Madurai,2018,1042,3605,1989,6636
Vadodara,2017,2547,1944,1417,5908
Navi Mumbai,2018,831,3931,732,5494
Howrah,2017,1219,3286,629,5134
Visakhapatnam,2017,2700,2056,395,5151
Guwahati,2019,676,1556,1496,3728
Gwalior,2017,1036,1273,903,3212
Vijayawada,2018,2268,4502,1615,8385
Nagpur,2017,2480,4348,564,7392
Indore,2017,597,3717,1989,6303
Srinagar,2019,2603,2498,1329,6430
Ludhiana,2018,655,1865,1717,4237
Indore,2019,1325,1681,973,3979
Lucknow,2018,2551,4518,452,7521
Vadodara,2019,2368,1055,941,4364
Varanasi,2018,1024,1415,482,2921
Faridabad,2017,2649,1916,1874,6439
Guwahati,2017,1756,4966,715,7437
Mumbai,2019,949,3632,1172,5753
Allahabad,2017,2669,1454,598,4721
Solapur,2019,2801,4418,990,8209
Agra,2018,2415,3052,1454,6921
Jodhpur,2018,820,2346,1058,4224
Navi Mumbai,2018,1133,3305,680,5118
Allahabad,2018,1983,820,807,3610
Pune,2019,2224,4824,941,7989
Varanasi,2017,515,3733,486,4734
Guwahati,2017,2822,3757,967,7546
Vadodara,2017,1901,1836,587,4324
Agra,2017,2394,4145,1550,8089
Delhi,2017,1311,2986,1578,5875
Rajkot,2017,700,2870,1849,5419
Lucknow,2018,2512,4444,1748,8704
Agra,2017,1328,1790,1787,4905
Ahmedabad,2019,2182,3814,1970,7966
Jodhpur,2017,2966,940,1430,5336
Gwalior,2017,1209,4126,1735,7070
Hyderabad,2018,1325,1134,1922,4381
Faridabad,2018,861,3986,1379,6226
Gwalior,2019,2701,885,734,4320
Aurangabad,2018,2886,3350,1172,7408
Nagpur,2017,1016,2889,1257,5162
Solapur,2019,2506,1422,588,4516
Bangalore,2018,2928,2149,971,6048
Bangalore,2017,1987,2333,834,5154
Dhanbad,2018,2833,1089,1050,4972
Jodhpur,2017,1711,3559,804,6074
Howrah,2017,2442,2052,1386,5880
Raipur,2018,731,2712,1231,4674
Srinagar,2017,2374,3307,1964,7645
Chennai,2018,844,4014,866,5724
Raipur,2018,2044,3661,1913,7618
Nagpur,2019,2058,3207,1923,7188
Agra,2017,1866,806,525,3197
Allahabad,2018,552,3757,1643,5952
Hyderabad,2017,2669,2542,1275,6486
Agra,2019,559,1074,529,2162
Vasai,2017,1320,1291,392,3003
Jodhpur,2018,1247,3347,1201,5795
Ludhiana,2017,2482,4983,661,8126
Vasai,2018,692,2261,1538,4491
Kanpur,2018,2556,3073,863,6492
Aurangabad,2017,2130,4724,1970,8824
Chennai,2018,943,2292,1801,5036
Visakhapatnam,2018,2844,2934,1840,7618
Kanpur,2018,1884,4627,336,6847
Gwalior,2019,1050,2722,937,4709
Agra,2017,1354,2555,1465,5374
Chennai,2017,1229,2524,1971,5724
Aurangabad,2018,1260,3233,1257,5750
Navi Mumbai,2017,2187,2601,317,5105
Allahabad,2019,1961,2053,1650,5664
Srinagar,2017,1784,2617,1382,5783
Chennai,2017,1771,1144,1263,4178
Vadodara,2018,1885,3828,1554,7267
Dhanbad,2017,769,1642,1971,4382
Lucknow,2019,2033,3783,1854,7670
Ranchi,2017,1989,3762,449,6200
Gwalior,2017,2656,4126,1831,8613
Bhopal,2017,1668,4515,1205,7388
Varanasi,2019,1504,1256,928,3688
Nashik,2017,1143,1603,1815,4561
Chennai,2017,1538,3494,377,5409
Lucknow,2019,539,1803,564,2906
Vasai,2017,1872,4741,691,7304
Dhanbad,2018,1280,1147,671,3098
Vijayawada,2018,2432,2373,1170,5975
Nashik,2018,1672,2950,1524,6146
Ahmedabad,2019,2806,3271,1646,7723
Hubli,2017,647,1930,1634,4211
Aurangabad,2017,2990,1076,803,4869
Gwalior,2017,1234,2242,1592,5068
Jabalpur,2019,886,3679,978,5543
Bangalore,2017,993,900,1879,3772
Howrah,2018,2613,882,1926,5421
Delhi,2019,597,1879,1303,3779
Dhanbad,2017,2175,4242,1276,7693
Dhanbad,2018,2181,2827,1542,6550
Thane,2018,1382,3795,1769,6946
Rajkot,2019,2033,4724,820,7577
Chandigarh,2019,2904,3420,952,7276
Kolkata,2018,1063,1095,499,2657
Nashik,2018,2825,1148,1497,5470
Mumbai,2018,2688,2260,589,5537
Visakhapatnam,2017,2242,2841,337,5420
Meerut,2018,589,1958,793,3340
Jodhpur,2019,1639,2563,1135,5337
Vadodara,2019,1952,968,439,3359
Vadodara,2018,2506,1027,684,4217
Madurai,2018,2446,3786,467,6699
Coimbatore,2018,1202,2790,741,4733
Jabalpur,2018,554,4617,1013,6184
Delhi,2019,1005,3936,1023,5964
Kota,2018,2698,1954,1994,6646
Howrah,2019,2202,3753,1248,7203
Kalyan,2019,1396,2018,855,4269
Delhi,2018,1371,4997,1925,8293
Ludhiana,2018,2122,1440,842,4404
Vasai,2019,1977,2520,1260,5757
Agra,2019,1275,1469,1228,3972
Hyderabad,2019,2880,1656,1317,5853
Bhopal,2019,1279,3526,1340,6145
Dhanbad,2018,983,3361,1185,5529
Amritsar,2018,1214,929,1301,3444
Indore,2019,2052,4809,793,7654
Raipur,2017,894,1806,383,3083
Vijayawada,2018,2665,2530,317,5512
Patna,2017,580,4814,685,6079
Dhanbad,2019,1241,914,1687,3842
Madurai,2018,2340,3840,502,6682
Kolkata,2017,1993,2073,1449,5515
Navi Mumbai,2019,1639,3554,1236,6429
Hubli,2017,2760,2338,758,5856
Mumbai,2018,1849,1003,1610,4462
Kalyan,2017,1148,2434,723,4305
Meerut,2019,2251,1501,1713,5465
Indore,2019,2924,2759,912,6595
Chandigarh,2017,2757,2573,387,5717
Lucknow,2017,2945,3931,1790,8666
Meerut,2017,1502,4326,1431,7259
Madurai,2017,1735,2207,1745,5687
Madurai,2019,2960,1979,1852,6791
Vasai,2017,2311,4650,826,7787
Guwahati,2018,2910,2609,604,6123
Hubli,2018,2691,1019,1261,4971
Mumbai,2019,1021,2575,302,3898
Jabalpur,2017,1517,1976,1648,5141
Allahabad,2019,1566,3312,1078,5956
Hubli,2019,2030,4442,1648,8120
Patna,2019,2999,2937,1023,6959
Hubli,2017,2754,4235,1684,8673
Nagpur,2017,2846,4826,1533,9205
Vijayawada,2019,2140,3381,311,5832
Indore,2018,1541,1985,450,3976
Ghaziabad,2018,1164,2844,888,4896
Coimbatore,2018,2222,975,1272,4469
Kanpur,2019,1171,3042,733,4946
Ludhiana,2018,2096,3968,1377,7441
Vijayawada,2019,1113,829,1805,3747
Chennai,2017,2242,2285,1724,6251
Ranchi,2019,1736,4551,1799,8086
Srinagar,2019,1861,4062,358,6281
Kota,2017,2340,809,685,3834
Faridabad,2018,557,3866,1486,5909
Gwalior,2019,1707,4779,1970,8456
Meerut,2018,550,958,618,2126
Chennai,2017,1696,4779,1042,7517
Guwahati,2018,1154,3036,1011,5201
Howrah,2019,1801,1583,1883,5267
Ranchi,2019,2736,2737,1662,7135
Allahabad,2019,1634,1629,459,3722
Amritsar,2019,2097,1422,448,3967
Ahmedabad,2019,2022,4493,352,6867
Chandigarh,2018,817,2990,574,4381
Meerut,2019,1245,4876,1724,7845
Navi Mumbai,2019,2887,4683,769,8339
Faridabad,2017,2572,868,756,4196
Ahmedabad,2018,1866,4249,1725,7840
Bangalore,2018,1028,2390,1518,4936
Agra,2018,943,3942,1501,6386
Vijayawada,2019,2205,2455,1114,5774
Solapur,2018,1543,1059,1358,3960
Jodhpur,2018,1009,1371,1081,3461
Thane,2017,2561,2670,378,5609
Vasai,2018,1780,1768,386,3934
Agra,2017,556,2571,1567,4694
Kalyan,2018,2983,1927,1400,6310
Delhi,2018,2205,1593,1388,5186
Solapur,2017,606,2409,1012,4027
Amritsar,2017,2615,2796,483,5894
Vijayawada,2017,2744,3731,375,6850
Indore,2017,788,2982,1409,5179
Mumbai,2018,2514,2731,1845,7090
Howrah,2019,990,2807,1215,5012
Chandigarh,2018,2243,2810,1074,6127
Jodhpur,2019,1630,3676,1209,6515
Ghaziabad,2019,701,4126,1228,6055
Hubli,2017,2595,2125,739,5459
Ranchi,2018,1917,1399,1798,5114
Jaipur,2018,1516,4939,1530,7985
Chennai,2017,931,3740,1364,6035
Ranchi,2019,2456,4913,1418,8787
Guwahati,2017,1728,828,1928,4484
Varanasi,2018,2622,4764,1321,8707
Kalyan,2019,683,1786,466,2935
Lucknow,2018,1270,3162,471,4903
Rajkot,2017,659,4983,1714,7356
Ranchi,2019,2326,4224,1124,7674
Patna,2017,2072,3865,551,6488
Dhanbad,2017,796,1756,1822,4374
Hyderabad,2019,1937,1871,713,4521
Indore,2018,2441,2681,1633,6755
Rajkot,2018,2284,2324,1806,6414
Jodhpur,2018,1295,1004,926,3225
Agra,2018,2370,1253,785,4408
Agra,2019,1999,3414,1314,6727
Ludhiana,2017,1377,3037,1368,5782
Varanasi,2017,2476,4955,1604,9035
Navi Mumbai,2017,1939,2175,1462,5576
Kanpur,2019,1615,4703,1780,8098
Chennai,2017,1126,4823,1404,7353
Madurai,2018,2209,3579,826,6614
Lucknow,2017,918,3802,374,5094
Vadodara,2018,1511,2741,1814,6066
Rajkot,2017,2773,3511,1435,7719
Pune,2019,2922,3556,439,6917
Jaipur,2017,2469,860,1198,4527
Delhi,2019,1209,3710,1774,6693
Jabalpur,2018,2397,3000,947,6344
Delhi,2017,1268,937,1058,3263
Ahmedabad,2018,1907,1562,387,3856
Dhanbad,2018,1243,834,728,2805
Madurai,2018,1247,1729,1665,4641
Kolkata,2019,2162,4679,1842,8683
Ludhiana,2018,2724,1036,1877,5637
Ghaziabad,2018,1699,4053,600,6352
Raipur,2019,2893,4108,1558,8559
Thane,2017,696,1502,442,2640
Ahmedabad,2017,2383,1616,1865,5864
Bhopal,2018,1598,1575,450,3623
Navi Mumbai,2017,1002,3748,1743,6493
Jaipur,2017,887,4060,519,5466
Mumbai,2017,919,3458,478,4855
Nagpur,2017,2656,3058,1955,7669
Vadodara,2019,1983,4149,1112,7244
Jabalpur,2017,911,3832,1500,6243
Kanpur,2017,2672,1392,1893,5957
Kalyan,2019,1842,3253,738,5833
Howrah,2019,595,3770,550,4915
Madurai,2017,2976,3297,1144,7417
Pune,2018,2555,1231,504,4290
Meerut,2017,1951,4119,1823,7893
Amritsar,2019,2950,1723,568,5241
Bangalore,2019,1461,3798,1496,6755
Raipur,2019,2372,4997,884,8253
Raipur,2018,2579,868,1778,5225
Hubli,2017,1687,1940,552,4179
Hyderabad,2018,1874,878,930,3682
Chennai,2017,512,3370,1978,5860
Madurai,2019,1427,919,563,2909
Dhanbad,2017,2196,1705,330,4231
Kanpur,2018,1557,3857,641,6055
Agra,2017,812,1155,1479,3446
Ahmedabad,2017,2398,4648,1124,8170
Hyderabad,2019,885,2274,1006,4165
Hyderabad,2017,2096,4254,1944,8294
Indore,2018,700,3621,1368,5689
Agra,2019,1320,2674,462,4456
Coimbatore,2018,2651,2692,1317,6660
Delhi,2019,2114,2429,1864,6407
Kolkata,2019,2170,4875,1934,8979
Gwalior,2017,2893,2287,720,5900
Vasai,2017,2109,2196,1730,6035
Guwahati,2018,959,3585,1026,5570
Thane,2018,1438,4152,1819,7409
Coimbatore,2017,729,3998,540,5267
Vijayawada,2017,1896,1107,1941,4944
Raipur,2017,792,1641,1667,4100
Coimbatore,2017,2169,3693,998,6860
Kota,2017,555,4498,978,6031
Varanasi,2018,2077,2419,664,5160
Srinagar,2018,891,3678,1194,5763
Ludhiana,2017,2475,1481,855,4811
Hubli,2019,1927,1406,1767,5100
Visakhapatnam,2018,2735,2220,1317,6272
Nagpur,2017,2859,2275,1850,6984
Chennai,2019,2561,1873,634,5068
Raipur,2018,2781,4641,1903,9325
Allahabad,2018,671,3638,1920,6229
Bhopal,2019,1603,1227,770,3600
Ghaziabad,2017,715,1269,1767,3751
Nagpur,2019,776,1350,1225,3351
Rajkot,2018,2493,879,1808,5180
Chandigarh,2018,1550,2629,960,5139
Jabalpur,2018,1079,4569,1758,7406
Kolkata,2017,911,2157,1439,4507
Vijayawada,2018,1660,4409,403,6472
Jodhpur,2017,1465,2962,1677,6104
Vadodara,2017,2060,1881,783,4724
Hubli,2018,2690,3450,978,7118
Varanasi,2017,2469,3885,987,7341
Howrah,2018,2417,2650,1997,7064
Aurangabad,2017,2453,4365,383,7201
Chandigarh,2019,2227,3282,1662,7171
Chandigarh,2017,1909,2498,1611,6018
Jaipur,2017,621,2554,1799,4974
Raipur,2018,1156,2784,1830,5770
Mumbai,2019,678,4753,1041,6472
Hubli,2018,2522,3690,1977,8189
Raipur,2018,2612,4153,327,7092
Bhopal,2017,1711,3019,960,5690
Meerut,2017,2274,3733,904,6911
Vadodara,2019,1597,949,875,3421
Jodhpur,2018,814,3815,410,5039
Pune,2019,2710,2443,1195,6348
Aurangabad,2019,2411,4306,743,7460
Guwahati,2017,1632,4575,826,7033
Vadodara,2019,2221,1960,751,4932
Rajkot,2019,1598,3889,1393,6880
Howrah,2019,1635,1710,1080,4425
Kolkata,2018,1421,4664,1738,7823
Mumbai,2017,2580,3538,1452,7570
Meerut,2018,873,3356,323,4552
Howrah,2017,2586,1826,1380,5792
Agra,2019,2064,4199,476,6739
Ludhiana,2017,2975,2923,1198,7096
Kanpur,2018,1731,1297,1933,4961
Ahmedabad,2017,2161,929,581,3671
Pune,2019,982,3962,1854,6798
Delhi,2019,2935,1651,496,5082
Aurangabad,2019,2504,1027,1201,4732
Jaipur,2019,812,4248,1233,6293
Raipur,2017,2033,2742,1154,5929
Jodhpur,2019,773,1104,1607,3484
Agra,2019,727,3439,1783,5949
Jaipur,2019,2097,3672,1603,7372
Hubli,2017,685,2804,941,4430
Mumbai,2018,1476,937,1462,3875
Jaipur,2018,1003,3736,449,5188
Hubli,2019,1545,2382,1574,5501
Hubli,2018,1021,3809,1829,6659
Kanpur,2017,2625,1540,1508,5673
Kalyan,2017,1319,2265,1203,4787
Coimbatore,2019,2386,2175,1996,6557
Coimbatore,2019,948,3257,1027,5232
Indore,2017,2828,2773,1259,6860
Solapur,2018,1075,2900,1601,5576
Hyderabad,2017,2250,2600,1072,5922
Hyderabad,2017,2609,4986,1983,9578
Srinagar,2019,660,813,1161,2634
Chennai,2018,2065,2617,985,5667
Kolkata,2018,691,3675,1040,5406
Dhanbad,2018,1869,1687,323,3879
Hubli,2018,1317,3115,1134,5566
Vasai,2017,2060,2955,1449,6464
Vijayawada,2017,1705,3045,674,5424
Lucknow,2019,2943,1764,615,5322
Nagpur,2019,1576,1103,1798,4477
Ranchi,2018,797,4417,1197,6411
Vasai,2018,1328,4230,961,6519
Patna,2019,1729,2149,835,4713
Mumbai,2019,1874,2236,1658,5768
Pune,2018,1621,3586,453,5660
Faridabad,2019,582,2985,1838,5405
Meerut,2017,1589,1025,1276,3890
Raipur,2018,2680,1389,1294,5363
Kanpur,2017,1063,2587,931,4581
Rajkot,2019,2615,2835,1434,6884
Ludhiana,2019,1442,3500,1366,6308
Chandigarh,2018,966,3378,1216,5560
Lucknow,2017,2456,1555,746,4757
Vadodara,2019,597,2459,310,3366
Gwalior,2019,2432,3761,1269,7462
Solapur,2019,1648,2950,1081,5679
Mumbai,2019,2669,1301,1497,5467
Visakhapatnam,2017,1424,2763,1196,5383
Madurai,2019,616,1207,1531,3354
Madurai,2017,2066,1295,920,4281
Jaipur,2017,663,1903,1770,4336
Bangalore,2017,813,4399,1893,7105
Aurangabad,2019,2446,1696,336,4478
Navi Mumbai,2019,1107,1710,1107,3924
Jabalpur,2018,555,3337,465,4357
Aurangabad,2017,1409,3649,1469,6527
Dhanbad,2018,1602,3946,1261,6809
Jodhpur,2018,622,1405,1810,3837
Solapur,2019,1054,2589,1732,5375
Gwalior,2018,914,4970,932,6816
Raipur,2018,898,1039,344,2281
Aurangabad,2017,1912,1758,347,4017
Ranchi,2018,2701,4841,1643,9185
Srinagar,2017,2972,1718,456,5146
Thane,2018,2293,4876,769,7938
Srinagar,2019,1319,3338,367,5024
Delhi,2018,2501,2343,1800,6644
Nashik,2019,1495,2508,699,4702
Kolkata,2017,728,2348,462,3538
Kolkata,2017,1413,4469,1075,6957
Delhi,2019,1034,1505,1122,3661
Pune,2018,1260,4919,1594,7773
Vadodara,2019,2594,2174,995,5763
Kalyan,2019,1826,1289,1263,4378
Vijayawada,2018,2287,2394,711,5392
Kota,2019,2511,4936,1668,9115
Bangalore,2018,2862,3231,304,6397
Ahmedabad,2018,650,4870,1600,7120
Chandigarh,2017,1726,4666,1858,8250
Nagpur,2018,999,4965,497,6461
Mumbai,2018,2348,3031,1483,6862
Raipur,2017,1459,2166,1458,5083
Vadodara,2019,667,1410,1423,3500
Vasai,2017,723,1330,743,2796
Bangalore,2018,619,2942,1179,4740
Rajkot,2018,590,1451,1052,3093
Meerut,2017,1098,3464,1840,6402
Kalyan,2018,749,1786,1014,3549
Ahmedabad,2019,1976,2842,1503,6321
Chennai,2017,1008,966,1993,3967
Thane,2017,1263,4847,761,6871
Howrah,2019,532,3707,1707,5946
Rajkot,2017,1848,4979,1265,8092
Ludhiana,2019,669,4522,1650,6841
Thane,2018,2710,2199,1309,6218
Visakhapatnam,2019,2472,1243,1366,5081
Agra,2017,1686,2290,1600,5576
Vasai,2018,1252,2796,1561,5609
Nashik,2019,2267,4472,1790,8529
Guwahati,2019,1386,1707,1150,4243
Chennai,2018,1042,3859,1906,6807
Raipur,2018,507,3165,1202,4874
Mumbai,2019,1098,2075,1218,4391
Kota,2017,612,2613,1318,4543
Jaipur,2018,1906,3769,1427,7102
Indore,2018,2404,3961,493,6858
Amritsar,2017,1458,4592,318,6368
Meerut,2019,987,2619,836,4442
Jodhpur,2019,1870,2109,1189,5168
Kota,2019,1940,3237,933,6110
Ludhiana,2018,1777,4144,1513,7434
Dhanbad,2017,2293,2984,420,5697
Solapur,2019,2235,819,320,3374
Bangalore,2017,2091,2803,892,5786
Meerut,2018,2180,2932,700,5812
Coimbatore,2017,2888,2301,1570,6759
Indore,2017,2201,4029,1549,7779
Solapur,2019,2364,3850,1242,7456
Mumbai,2018,1023,3101,527,4651
Ranchi,2017,1581,2027,380,3988
Patna,2017,636,3597,1318,5551
Aurangabad,2018,604,4596,712,5912
Meerut,2017,2758,4309,1821,8888
Howrah,2017,2396,2596,1262,6254
Ranchi,2018,2397,2227,1195,5819
Faridabad,2019,1606,3392,431,5429
Coimbatore,2018,520,1428,877,2825
Jabalpur,2018,1637,2464,848,4949
Ahmedabad,2019,968,1478,1514,3960
Pune,2017,1200,3945,1907,7052
Patna,2018,1996,2173,1203,5372
Meerut,2018,1419,1961,1122,4502
Jaipur,2019,1586,2439,1184,5209
Navi Mumbai,2019,1517,4643,502,6662
Vadodara,2017,2652,3202,1672,7526
Nashik,2017,1079,4268,1524,6871
Jabalpur,2019,1129,4622,1580,7331
Nashik,2019,2124,1099,334,3557
Lucknow,2018,1951,3597,1759,7307
Ahmedabad,2018,2744,3670,1277,7691
Delhi,2018,1156,4472,1668,7296
Agra,2018,2379,1546,328,4253
Kalyan,2017,1638,2005,1903,5546
Raipur,2017,725,4002,1452,6179
Lucknow,2018,2195,2291,1630,6116
Guwahati,2017,2619,1790,973,5382
Ghaziabad,2019,2804,942,645,4391
Jodhpur,2018,512,4533,766,5811
Vasai,2018,2385,1946,623,4954
Chennai,2017,1052,2958,1574,5584
Jaipur,2017,834,2691,650,4175
Jaipur,2018,1477,2586,978,5041
Ludhiana,2019,2282,3825,457,6564
Lucknow,2018,628,3769,1096,5493
Mumbai,2018,2937,923,1401,5261
Varanasi,2018,2362,1991,1358,5711
Nagpur,2019,2986,3781,585,7352
Jabalpur,2017,1628,1604,686,3918
Jaipur,2019,1085,1983,785,3853
Ludhiana,2018,2569,4386,1622,8577
Ranchi,2019,2974,3573,1499,8046
Nagpur,2019,538,1596,1250,3384
Madurai,2018,2833,3873,1652,8358
Delhi,2019,1378,4162,443,5983
Kolkata,2019,1831,2477,1026,5334
Rajkot,2019,2875,3606,1856,8337
Vasai,2017,1018,3153,1067,5238
Bangalore,2019,2205,1841,1135,5181
Kalyan,2017,2862,3106,1337,7305
Kota,2017,2244,1979,731,4954
Bhopal,2019,1036,3043,1101,5180
Pune,2018,2220,1151,744,4115
Lucknow,2018,1136,998,1211,3345
Bhopal,2018,2862,2254,492,5608
Hubli,2019,1359,853,683,2895
Lucknow,2018,2285,1054,810,4149
Pune,2017,2203,4190,1899,8292
Dhanbad,2017,896,3651,1751,6298
Raipur,2018,652,2202,1032,3886
Rajkot,2017,1027,1373,1122,3522
Faridabad,2018,2730,1699,1456,5885
Mumbai,2019,1776,2561,1723,6060
Hubli,2018,2779,1836,392,5007
Allahabad,2018,2304,3788,1744,7836
Ludhiana,2017,2835,4924,607,8366
Patna,2017,1328,1889,435,3652
Chandigarh,2018,2957,3593,886,7436
Guwahati,2017,635,1702,1089,3426
Jaipur,2018,1026,2320,1055,4401
Hubli,2019,2790,4807,1240,8837
Kalyan,2018,2115,4680,1998,8793
Visakhapatnam,2019,1380,2387,1965,5732
Ludhiana,2017,2624,4678,1399,8701
Raipur,2018,1524,2101,1287,4912
Aurangabad,2019,1899,1577,879,4355
Allahabad,2018,1039,4233,1630,6902
Delhi,2019,774,1983,766,3523
Bangalore,2019,2596,2887,1073,6556
Aurangabad,2019,2339,3884,1842,8065
Kota,2019,1293,3996,822,6111
Kalyan,2017,1440,4061,832,6333
Varanasi,2018,2122,3679,424,6225
Patna,2019,2937,2796,1629,7362
Hyderabad,2017,1856,1022,656,3534
Howrah,2019,976,2600,1561,5137
Mumbai,2017,2162,2569,1171,5902
Vadodara,2017,2763,3868,1931,8562
Jabalpur,2017,830,4910,1212,6952
Vijayawada,2018,824,2835,1027,4686
Delhi,2019,2224,4665,1368,8257
Vadodara,2019,1768,3634,1847,7249
Kanpur,2017,821,1953,1342,4116
Jaipur,2017,2834,1514,1103,5451
Chennai,2019,1563,1253,1045,3861
Lucknow,2018,662,3156,841,4659
Faridabad,2018,1447,4433,927,6807
Hyderabad,2017,1450,3652,864,5966
Pune,2018,1847,3922,904,6673
Jodhpur,2019,1517,1477,351,3345
Ghaziabad,2018,1501,3668,853,6022
Rajkot,2017,2582,4615,991,8188
Meerut,2017,2186,1799,1480,5465
Solapur,2017,918,2233,1047,4198
Chennai,2018,2856,2437,1303,6596
Pune,2019,800,3624,1228,5652
Meerut,2018,799,1810,339,2948
Indore,2018,1249,4041,1072,6362
Varanasi,2018,1201,4976,1035,7212
Srinagar,2018,1719,3836,591,6146
Bhopal,2019,2185,2709,1570,6464
Solapur,2019,1366,2349,861,4576
Jaipur,2018,2081,2247,930,5258
Jaipur,2017,514,3263,987,4764
Vadodara,2017,2957,1690,766,5413
Kota,2018,1277,2413,1138,4828
Nagpur,2019,2638,3004,1543,7185
Rajkot,2017,1539,3903,767,6209
Kalyan,2019,1644,4219,1692,7555
Agra,2017,2590,4319,390,7299
Kota,2018,2774,924,697,4395
Kalyan,2017,1931,2554,1715,6200
Mumbai,2019,2988,4125,1475,8588
Faridabad,2019,824,1285,1545,3654
Visakhapatnam,2018,1557,2860,1089,5506
Indore,2018,2946,3798,1049,7793
Vijayawada,2017,1253,4922,1730,7905
Navi Mumbai,2017,1039,2023,768,3830
Patna,2017,1672,2610,1012,5294
Patna,2017,1746,3341,765,5852
Aurangabad,2018,903,2071,938,3912
Howrah,2017,1173,1801,407,3381
Faridabad,2018,2500,3232,1485,7217
Kanpur,2019,1474,3763,1960,7197
Jodhpur,2017,1148,1564,773,3485
Jabalpur,2018,2022,2428,1409,5859
Ludhiana,2019,596,4421,525,5542
Raipur,2018,2434,1952,588,4974
Guwahati,2017,2286,1667,642,4595
Indore,2018,609,4246,1247,6102
Kolkata,2019,885,3059,1387,5331
Delhi,2018,1989,4948,429,7366
Kota,2018,1530,1136,1900,4566
Faridabad,2019,1724,3017,332,5073
Hubli,2019,2039,1427,1167,4633
Delhi,2017,1991,1047,1221,4259
Vasai,2017,2901,3780,1165,7846
Bhopal,2019,522,3390,547,4459
Kanpur,2017,759,3233,1819,5811
Kolkata,2018,1594,3157,1822,6573
Vadodara,2018,1904,2209,1187,5300
Jabalpur,2019,1856,2662,1812,6330
Ghaziabad,2018,1338,2585,1106,5029
Thane,2017,1641,3487,1130,6258
Aurangabad,2019,1547,2699,1159,5405
Chennai,2017,1556,1797,1788,5141
Visakhapatnam,2017,1107,2468,719,4294
Nagpur,2017,1331,2736,1950,6017
Bangalore,2018,2314,2791,988,6093
Nagpur,2018,1983,1635,1017,4635
Solapur,2019,1959,2786,529,5274
Vasai,2017,796,1471,856,3123
Ludhiana,2017,1474,3848,999,6321
Visakhapatnam,2019,993,4117,1441,6551
Chennai,2017,2276,2418,1445,6139
Srinagar,2019,1636,4594,836,7066
Rajkot,2018,2297,4514,776,7587
Nashik,2018,754,2002,1309,4065
Howrah,2017,2415,2607,1190,6212
Chennai,2018,1527,3610,946,6083
Jaipur,2017,2467,1247,1853,5567
Howrah,2017,2970,3665,545,7180
Bangalore,2019,637,1804,1409,3850
Mumbai,2019,1993,3441,1730,7164
Ahmedabad,2018,509,1359,1837,3705
Nashik,2017,2724,2100,1822,6646
Allahabad,2018,618,2302,1701,4621
Allahabad,2019,2971,4453,1191,8615
Jaipur,2018,1543,1006,930,3479
Ghaziabad,2017,1364,2105,338,3807
Amritsar,2018,2758,4185,477,7420
Aurangabad,2018,1112,3228,1538,5878
Vasai,2017,1067,2617,1372,5056
Bangalore,2018,2128,1956,1494,5578
Vasai,2019,2688,3122,976,6786
Agra,2017,2436,3351,904,6691
Lucknow,2019,2359,3043,1134,6536
Varanasi,2017,2076,1222,1167,4465
Rajkot,2019,2138,2583,1655,6376
Aurangabad,2018,2103,4042,1837,7982
Bhopal,2017,1846,1609,1438,4893
Nashik,2017,2524,2194,1377,6095
Patna,2018,1928,822,688,3438
Meerut,2019,1853,2717,1129,5699
Ghaziabad,2019,2524,2422,675,5621
Gwalior,2017,2600,4052,1417,8069
Raipur,2018,1688,896,773,3357
Madurai,2019,1644,4807,320,6771
Aurangabad,2019,2474,4134,369,6977
Agra,2018,2217,3058,1230,6505
Chennai,2017,1007,3164,1733,5904
Jabalpur,2019,2013,1560,1580,5153
Faridabad,2019,814,4264,586,5664
Srinagar,2018,1296,3716,539,5551
Ahmedabad,2019,2581,1829,1014,5424
Gwalior,2017,2754,3601,1199,7554
Vijayawada,2019,511,2740,1801,5052
Faridabad,2017,2634,3287,562,6483
Guwahati,2019,1048,4174,753,5975
Madurai,2018,2052,4793,596,7441
Madurai,2019,2433,3520,359,6312
Nashik,2018,1610,3854,1940,7404
Jaipur,2017,573,3374,644,4591
Lucknow,2017,2859,4890,330,8079
Nashik,2019,1116,4721,1669,7506
Hubli,2017,1111,1295,422,2828
Lucknow,2018,1207,944,1012,3163
Vasai,2017,507,4305,1282,6094
Kota,2018,2717,1884,1019,5620
Jodhpur,2017,2691,1054,424,4169
Madurai,2017,1924,2885,875,5684
Varanasi,2019,2494,2933,1941,7368
Vadodara,2017,2901,3574,1315,7790
Varanasi,2017,2412,4871,1117,8400
Thane,2019,2515,3760,729,7004
Aurangabad,2018,2074,4072,945,7091
Faridabad,2018,2924,4533,1057,8514
Navi Mumbai,2018,2607,4390,433,7430
Vasai,2018,2627,3360,823,6810
Coimbatore,2019,2002,1142,1119,4263
Jabalpur,2017,2208,2776,1487,6471
Hubli,2017,2310,3731,673,6714
Mumbai,2019,815,2350,808,3973
Kota,2018,1244,2199,624,4067
Kota,2018,1874,2220,447,4541
Solapur,2017,1343,4911,783,7037
Navi Mumbai,2018,1753,4050,1906,7709
Vijayawada,2018,564,828,1408,2800
Guwahati,2019,1186,1176,1235,3597
Kolkata,2018,2565,4579,596,7740
Patna,2019,2852,3398,1725,7975
Jaipur,2019,736,4519,1561,6816
Allahabad,2018,2732,1024,640,4396
Navi Mumbai,2017,2189,2006,1905,6100
Aurangabad,2019,1234,1430,1965,4629
Pune,2017,522,1430,382,2334
Gwalior,2017,2326,4620,351,7297
Jodhpur,2017,655,4535,1352,6542
Jaipur,2019,2270,1824,571,4665
Vasai,2018,1432,2960,767,5159
Indore,2019,530,2752,1072,4354
Agra,2018,2772,3904,1196,7872
Amritsar,2018,2286,4789,1429,8504
Bangalore,2019,2761,3600,749,7110
Allahabad,2019,1489,2822,898,5209
Thane,2017,2561,2707,409,5677
Jabalpur,2017,1954,2852,373,5179
Vasai,2019,1593,4629,1398,7620
Madurai,2017,834,2956,1594,5384
Visakhapatnam,2017,736,2063,1641,4440
Agra,2017,2931,3504,1085,7520
Jodhpur,2018,693,1813,594,3100
Chandigarh,2019,2145,3574,1397,7116
Jodhpur,2017,722,1396,1757,3875
Kota,2018,882,1793,1128,3803
Pune,2019,1002,2919,1121,5042
Nagpur,2017,2269,4485,1930,8684
Bhopal,2019,567,822,1685,3074
Kota,2017,739,3620,348,4707
Pune,2018,1608,3200,917,5725
Hyderabad,2019,1774,4713,456,6943
Indore,2018,1027,2231,1775,5033
Howrah,2018,811,1082,1115,3008
Meerut,2019,1614,3752,869,6235
Bangalore,2019,2292,4430,1386,8108
Allahabad,2018,2343,1152,1045,4540
Bangalore,2017,855,3121,1017,4993
Vasai,2018,1569,3417,1721,6707
Vadodara,2017,1507,4758,792,7057
Chandigarh,2019,1747,3265,506,5518
Raipur,2018,997,4771,560,6328
Chennai,2019,1491,4166,1553,7210
Jodhpur,2017,2104,2146,1114,5364
Raipur,2019,1547,4706,380,6633
Aurangabad,2019,717,1547,607,2871
Meerut,2019,1032,1722,1630,4384
Delhi,2018,1241,3069,1929,6239
Navi Mumbai,2019,2315,1442,347,4104
Bangalore,2018,536,1110,1060,2706
Patna,2017,1592,4053,865,6510
Srinagar,2018,2243,4127,720,7090
Kanpur,2019,2610,4244,1153,8007
Jodhpur,2018,1271,3133,1904,6308
Kanpur,2018,1288,2952,1802,6042
Ghaziabad,2017,2023,3261,581,5865
Guwahati,2018,2974,4276,888,8138
Patna,2017,2513,3155,643,6311
Howrah,2019,1862,1353,1611,4826
Jabalpur,2018,1780,1520,333,3633
Kolkata,2017,2542,2353,1021,5916
Kanpur,2019,1812,4694,1332,7838
Bhopal,2019,1876,4258,1993,8127
Navi Mumbai,2019,769,4439,1441,6649
Jabalpur,2017,986,1941,820,3747
Vadodara,2018,2311,1036,1957,5304
Vijayawada,2017,1782,2018,1434,5234
Ranchi,2019,2916,1022,467,4405
Srinagar,2017,503,3674,392,4569
Kolkata,2018,2279,2813,1472,6564
Nagpur,2019,686,2453,1959,5098
Ahmedabad,2018,1710,4550,689,6949
Dhanbad,2019,2266,1212,713,4191
Visakhapatnam,2019,1559,1410,1868,4837
Kanpur,2019,1970,4280,482,6732
Thane,2017,2541,4670,1232,8443
Solapur,2019,1744,1134,1903,4781
Aurangabad,2019,2057,4612,357,7026
Jaipur,2017,1127,3264,536,4927
Delhi,2017,2569,2276,853,5698
Chandigarh,2018,1067,4073,871,6011
Delhi,2017,1444,4166,835,6445
Ghaziabad,2019,671,4096,762,5529
Nagpur,2019,2244,1639,1358,5241
Meerut,2018,899,1262,1717,3878
Delhi,2019,2689,3275,1774,7738
Hubli,2017,1427,4657,1961,8045
Raipur,2019,608,1737,1534,3879
Dhanbad,2018,2246,4551,1149,7946
Jabalpur,2018,1827,3944,1986,7757
Chennai,2019,2706,1683,1138,5527
Jodhpur,2018,926,1030,431,2387
Nagpur,2019,1327,4211,1874,7412
Madurai,2017,1045,4845,1638,7528
Patna,2019,1231,3998,1955,7184
Raipur,2017,2864,3637,399,6900
Meerut,2018,1525,3564,1843,6932
Srinagar,2018,1110,1776,1372,4258
Aurangabad,2019,940,3759,1359,6058
Jabalpur,2017,1316,838,678,2832
Aurangabad,2018,967,3456,1542,5965
Ranchi,2019,1304,1216,1880,4400
Nashik,2018,2369,4703,513,7585
Amritsar,2019,1440,1273,1985,4698
Vijayawada,2018,1457,1556,1183,4196
Pune,2019,993,3301,1738,6032
Jabalpur,2018,1106,4581,1126,6813
Kanpur,2019,2098,1243,1055,4396
Solapur,2018,586,2265,1746,4597
Amritsar,2018,1764,1913,1310,4987
Kota,2017,2121,1727,427,4275
Mumbai,2019,2359,2818,1027,6204
Ahmedabad,2019,2966,2823,419,6208
Patna,2018,2065,4326,477,6868
Kolkata,2018,1237,2244,1335,4816
Srinagar,2017,1521,2108,1861,5490
Rajkot,2018,1870,4749,1438,8057
Jodhpur,2019,2732,1742,319,4793
Ranchi,2019,2887,3981,1953,8821
Patna,2019,1912,2557,868,5337
Vadodara,2017,2522,2858,1871,7251
Nagpur,2019,1615,1035,1989,4639
Madurai,2018,2010,2323,1562,5895
Gwalior,2017,2038,1036,698,3772
Srinagar,2017,2168,1640,678,4486
Ghaziabad,2019,2162,4562,1622,8346
Solapur,2018,592,1629,1925,4146
Vijayawada,2019,731,4979,687,6397
Patna,2019,2914,2446,868,6228
Gwalior,2018,1629,4655,1901,8185
Pune,2017,876,1308,387,2571
Solapur,2019,2378,4931,485,7794
Varanasi,2018,2373,4473,1288,8134
Hyderabad,2019,1579,2468,1598,5645
Mumbai,2018,2708,3137,1832,7677
Kota,2017,1259,1444,1222,3925
Vadodara,2018,995,2168,1218,4381
Chandigarh,2018,2754,2138,1581,6473
Vadodara,2018,1148,4628,1854,7630
Patna,2018,1317,1429,1676,4422
Gwalior,2017,2101,3989,794,6884
Kolkata,2018,715,4686,644,6045
Agra,2017,1458,3139,826,5423
Chennai,2018,2741,1403,807,4951
Jabalpur,2018,1351,4688,1109,7148
Kolkata,2019,1178,3807,1418,6403
Vadodara,2017,2399,804,686,3889
Chandigarh,2017,2130,2697,1255,6082
Kalyan,2018,2210,850,1484,4544
Bhopal,2018,2886,3630,1346,7862
Navi Mumbai,2019,2848,1618,660,5126
Guwahati,2017,1252,3001,1946,6199
Bangalore,2017,1601,3830,928,6359
Coimbatore,2018,1891,1587,907,4385
Kolkata,2019,1759,2055,573,4387
Faridabad,2019,1821,1573,1068,4462
Solapur,2017,2829,2249,675,5753
Navi Mumbai,2017,2931,3562,639,7132
Hubli,2019,1788,4568,1177,7533
Vasai,2018,1641,2488,1839,5968
Hyderabad,2018,2297,1361,1036,4694
Solapur,2018,1600,1410,563,3573
Mumbai,2019,833,3789,562,5184
Solapur,2019,725,1357,856,2938
Guwahati,2019,1285,4293,765,6343
Varanasi,2018,1406,1522,1867,4795
Delhi,2018,2050,4415,1266,7731
Navi Mumbai,2019,2950,4485,307,7742
Pune,2019,1567,2090,1844,5501
Navi Mumbai,2018,2467,1635,1627,5729
Vasai,2019,2908,1499,1802,6209
Jabalpur,2017,1946,2822,1815,6583
Chandigarh,2017,1921,3843,1679,7443
Ludhiana,2018,719,3290,1944,5953
Jabalpur,2018,2593,2670,1959,7222
Mumbai,2017,1231,2646,1223,5100
Guwahati,2019,1630,1864,1247,4741
Indore,2018,1871,2881,355,5107
Ranchi,2019,1516,4151,532,6199
Kalyan,2017,2708,3191,1926,7825
Vasai,2019,2190,4150,1446,7786
Faridabad,2018,2143,1676,1632,5451
Chennai,2019,1142,1643,984,3769
Nashik,2018,2017,1594,391,4002
Ranchi,2019,1753,1279,1133,4165
Hubli,2018,1857,1780,982,4619
Visakhapatnam,2019,735,4794,1076,6605
Jodhpur,2019,658,2831,405,3894
Hyderabad,2018,2980,4839,491,8310
Mumbai,2017,2367,1383,1336,5086
Ghaziabad,2019,1416,4641,461,6518
Amritsar,2018,1676,2507,1682,5865
Vasai,2018,1310,1067,1412,3789
Guwahati,2018,1340,2443,648,4431
Nagpur,2018,1691,1688,1776,5155
Ludhiana,2018,1913,3852,1056,6821
Raipur,2019,1547,3493,379,5419
Pune,2019,2171,2437,1818,6426
Solapur,2017,2820,3051,1956,7827
Varanasi,2019,2267,3376,983,6626
Vijayawada,2017,1853,2256,1090,5199
Thane,2019,2732,927,1013,4672
Ludhiana,2017,2803,3806,1359,7968
Vadodara,2018,2930,2650,382,5962
Amritsar,2019,2543,898,701,4142
Navi Mumbai,2017,1157,1165,1946,4268
Varanasi,2019,2528,2777,1713,7018
Kalyan,2018,2939,2650,1729,7318
Jabalpur,2019,1832,3138,1745,6715
Jaipur,2017,2698,848,357,3903
Ahmedabad,2017,2161,3923,1048,7132
Ahmedabad,2019,865,1114,923,2902
Chandigarh,2017,2829,1633,396,4858
Nagpur,2017,790,1635,1319,3744
Mumbai,2019,2333,2422,1265,6020
Varanasi,2019,1852,3967,646,6465
Nashik,2019,2443,1257,1996,5696
Kanpur,2017,1699,3121,1390,6210
Jodhpur,2018,2988,4423,898,8309
Gwalior,2019,1754,4515,1026,7295
Visakhapatnam,2017,1637,2163,1841,5641
Guwahati,2017,2197,3762,1374,7333
Navi Mumbai,2018,2698,4473,1360,8531
Guwahati,2018,2219,3197,1300,6716
Lucknow,2017,2979,3875,714,7568
Ranchi,2019,1194,3269,402,4865
Varanasi,2019,1527,1273,1731,4531
Meerut,2019,2232,3568,1557,7357
Allahabad,2019,1958,4788,1235,7981
Nagpur,2019,1831,3436,1454,6721
Rajkot,2018,2222,3585,1854,7661
Rajkot,2017,649,1002,429,2080
Jaipur,2017,1760,3407,1942,7109
Ranchi,2019,2708,1804,343,4855
Ghaziabad,2018,1001,2959,404,4364
Navi Mumbai,2017,1921,2676,987,5584
Chandigarh,2018,1194,1769,1977,4940
Vasai,2018,733,3466,1179,5378
Rajkot,2018,601,2496,608,3705
Hubli,2018,889,2658,448,3995
Meerut,2017,2642,3257,1272,7171
Delhi,2019,2415,2458,472,5345
Ahmedabad,2019,1051,2058,429,3538
Ranchi,2019,661,4140,1547,6348
Kalyan,2019,1986,4208,1883,8077
Dhanbad,2017,1275,853,918,3046
Allahabad,2017,2040,3122,1252,6414
Meerut,2019,2528,3349,1358,7235
Jaipur,2019,1241,2866,774,4881
Coimbatore,2017,1520,1664,960,4144
Bhopal,2018,2961,1427,1825,6213
Gwalior,2019,995,4655,498,6148
Guwahati,2018,519,2467,1082,4068
Coimbatore,2018,1857,3519,1947,7323
Kota,2019,2616,2189,1772,6577
Jodhpur,2019,1610,4193,352,6155
Jaipur,2019,654,993,1007,2654
Rajkot,2018,764,3112,1025,4901
Coimbatore,2017,1199,2749,1131,5079
Jaipur,2019,1863,1815,643,4321
Jaipur,2018,831,3858,1943,6632
Indore,2018,1551,4567,1090,7208
Vasai,2018,1504,3855,1930,7289
Jodhpur,2019,620,2021,758,3399
Faridabad,2019,2785,3602,1629,8016
Kolkata,2019,2638,2961,1993,7592
Solapur,2017,1258,4708,329,6295
Navi Mumbai,2018,1502,4716,805,7023
Bhopal,2019,880,1202,1411,3493
Guwahati,2019,2071,1641,1314,5026
Nashik,2018,1933,4739,1952,8624
Hyderabad,2018,1374,1057,1016,3447
Rajkot,2017,1233,1390,1028,3651
Chandigarh,2017,1833,1660,1025,4518
Mumbai,2019,1025,1694,1808,4527
Hyderabad,2018,1380,4443,1322,7145
Chennai,2017,2705,2616,655,5976
Kota,2018,1859,3691,987,6537
Bhopal,2019,2783,1935,1561,6279
Solapur,2019,916,2862,427,4205
Nashik,2019,786,1944,1689,4419
Jabalpur,2017,2619,2955,1835,7409
Madurai,2019,1007,4090,793,5890
Meerut,2019,2989,4149,1532,8670
Faridabad,2019,2367,2088,1456,5911
Delhi,2019,1573,4997,389,6959
Kolkata,2019,2836,3805,1914,8555
Mumbai,2018,1406,2684,1410,5500
Ahmedabad,2019,1535,3004,1709,6248
Srinagar,2019,2221,1553,439,4213
Ludhiana,2018,737,2612,1975,5324
Delhi,2017,1195,4746,822,6763
Solapur,2018,1982,2651,1487,6120
Howrah,2019,2441,4131,1512,8084
Kolkata,2018,2448,3352,968,6768
Ahmedabad,2017,679,3240,1301,5220
Patna,2019,2002,4784,402,7188
Nashik,2019,2432,2568,552,5552
Coimbatore,2017,1810,3957,1155,6922
Jodhpur,2018,620,4332,1450,6402
Indore,2019,746,2378,1977,5101
Bhopal,2017,2295,2813,958,6066
Bhopal,2017,2250,3299,336,5885
Meerut,2019,574,3067,1157,4798
Kalyan,2018,1498,4294,1822,7614
Kolkata,2019,2594,4135,599,7328
Jodhpur,2018,726,2508,1595,4829
Raipur,2018,1834,3648,842,6324
Guwahati,2018,685,4761,1712,7158
Jaipur,2017,2352,2168,613,5133
Chandigarh,2018,2860,2348,506,5714
Ludhiana,2017,1528,1762,965,4255
Visakhapatnam,2017,2537,1888,359,4784
Ghaziabad,2018,1299,1963,1508,4770
Chennai,2018,2534,1011,1718,5263
Faridabad,2019,553,2269,1980,4802
Gwalior,2018,2084,1667,902,4653
Visakhapatnam,2019,1777,2280,905,4962
Madurai,2018,2925,2594,1464,6983
Kanpur,2018,1967,4796,1420,8183
Delhi,2017,655,4303,361,5319
Meerut,2019,2588,2415,920,5923
Varanasi,2018,2616,3925,1373,7914
Raipur,2018,1123,1140,893,3156
Kota,2018,2591,4675,1042,8308
Jabalpur,2017,1678,1642,332,3652
Ahmedabad,2019,595,4850,557,6002
Ranchi,2018,888,2131,1130,4149
Nashik,2017,2483,4544,1187,8214
Gwalior,2018,2530,4810,621,7961
Kanpur,2017,926,1266,1071,3263
Raipur,2018,998,1046,936,2980
Hyderabad,2019,2231,4458,1532,8221
Ranchi,2017,2630,1968,1295,5893
Nagpur,2019,1699,3964,1965,7628
Jaipur,2019,2622,4975,804,8401
Agra,2017,1666,1285,764,3715
Vijayawada,2017,1887,2352,1697,5936
Faridabad,2019,2168,1187,1957,5312
Dhanbad,2018,2225,3294,1070,6589
Kota,2018,1395,2870,821,5086
Amritsar,2018,887,861,516,2264
Amritsar,2017,2527,4171,325,7023
Nagpur,2017,1706,1179,944,3829
Lucknow,2018,728,1334,810,2872
Amritsar,2018,1932,3303,1552,6787
Raipur,2018,1274,3890,1652,6816
Srinagar,2017,2976,4361,1538,8875
Vijayawada,2018,2729,4039,979,7747
Bangalore,2018,2642,3449,1306,7397
Mumbai,2019,1922,4678,1899,8499
Chennai,2017,1905,2698,1532,6135
Vasai,2017,1336,3335,1864,6535
Mumbai,2017,1873,4492,1638,8003
Vijayawada,2018,2005,3203,728,5936
Kanpur,2018,1421,3842,1661,6924
Hubli,2019,2122,3632,392,6146
Srinagar,2017,2513,1959,1601,6073
Faridabad,2017,2526,4722,1964,9212
Dhanbad,2018,713,2296,699,3708
Chennai,2019,701,4994,1423,7118
Hubli,2017,1663,4704,1871,8238
Navi Mumbai,2018,1098,3720,1217,6035
Pune,2017,2204,3740,1911,7855
Ranchi,2017,2579,1360,929,4868
Jaipur,2019,1517,2083,1070,4670
Rajkot,2018,2152,1191,1139,4482
Bhopal,2018,1898,3726,821,6445
Kolkata,2019,592,3805,1896,6293
Kota,2017,1444,1544,313,3301
Kalyan,2017,1101,4489,1518,7108
Agra,2017,1089,4240,559,5888
Coimbatore,2017,1742,1146,792,3680
Madurai,2019,501,2174,711,3386
Kota,2017,1591,2701,481,4773
Aurangabad,2018,1774,3911,1507,7192
Ghaziabad,2019,965,1780,1436,4181
Solapur,2017,636,4984,1780,7400
Chandigarh,2019,1449,4020,1934,7403
Srinagar,2017,2119,2761,908,5788
Bangalore,2017,1422,1485,503,3410
Chennai,2019,636,2950,1336,4922
Howrah,2018,1598,3874,1123,6595
Amritsar,2017,658,3947,1077,5682
Lucknow,2017,735,1660,1940,4335
Gwalior,2019,1907,4229,1911,8047
Kota,2017,1968,1705,1313,4986
Gwalior,2017,2841,2812,1761,7414
Ghaziabad,2017,2712,1036,578,4326
Howrah,2017,980,4354,1954,7288
Varanasi,2018,751,3486,410,4647
Allahabad,2019,2155,1735,1847,5737
Kalyan,2019,1145,4051,787,5983
Coimbatore,2019,2812,1873,420,5105
Vadodara,2017,2315,2784,812,5911
Visakhapatnam,2018,668,2284,334,3286
Vasai,2019,2225,4178,1633,8036
Ranchi,2018,2086,3828,707,6621
Ludhiana,2017,1649,1332,1967,4948
Bangalore,2017,2839,4053,735,7627
Chennai,2018,699,1314,1364,3377
Lucknow,2018,2730,2530,477,5737
Kalyan,2019,1292,4742,1450,7484
Navi Mumbai,2017,1235,2447,637,4319
Chandigarh,2018,2378,4297,1752,8427
Rajkot,2017,730,1270,1756,3756
Jabalpur,2017,2772,3170,1489,7431
Allahabad,2017,1428,1261,1351,4040
Allahabad,2019,1709,1900,984,4593
Ludhiana,2018,838,3087,811,4736
Kolkata,2017,2128,3235,424,5787
Amritsar,2018,2258,1586,1323,5167
Vadodara,2018,1678,2413,1793,5884
Srinagar,2017,968,3470,1377,5815
Amritsar,2018,1062,971,1824,3857
Guwahati,2019,2820,901,1453,5174
Vadodara,2018,2881,3240,1796,7917
Jabalpur,2019,1861,4186,730,6777
Bangalore,2019,1342,3617,978,5937
Ludhiana,2018,792,3857,584,5233
Guwahati,2019,2782,2438,812,6032
Srinagar,2019,1363,2466,1821,5650
Vijayawada,2018,1641,1234,1070,3945
Mumbai,2019,618,1788,1812,4218
Faridabad,2018,551,2743,735,4029
Hyderabad,2018,2140,4271,1457,7868
Jaipur,2017,2715,4876,1651,9242
Jabalpur,2019,1559,3195,1526,6280
Nashik,2018,1674,1832,1471,4977
Amritsar,2019,2087,3809,590,6486
Ghaziabad,2019,985,2356,573,3914
Nashik,2017,770,1868,1545,4183
Kolkata,2018,2258,2224,1685,6167
Varanasi,2018,535,1175,858,2568
Ludhiana,2017,762,834,1174,2770
Guwahati,2017,2111,2390,1945,6446
Aurangabad,2017,2780,1989,1497,6266
Vasai,2019,2732,2510,351,5593
Meerut,2017,2302,4911,1244,8457
Vasai,2019,1795,3375,1929,7099
Allahabad,2018,899,3945,958,5802
Kota,2017,2931,3033,813,6777
Hyderabad,2018,2600,3341,992,6933
Srinagar,2017,959,1401,992,3352
Varanasi,2019,1874,2297,1998,6169
Jabalpur,2019,2434,3337,919,6690
Nashik,2018,2778,4855,837,8470
Meerut,2017,1018,4293,1925,7236
Mumbai,2017,1037,3436,492,4965
Gwalior,2019,999,4981,349,6329
Patna,2017,1367,4279,928,6574
Pune,2017,2377,4204,698,7279
Delhi,2019,1465,1195,1172,3832
Guwahati,2019,1931,4527,372,6830
Vijayawada,2017,877,4507,1094,6478
Bhopal,2017,863,3162,701,4726
Vadodara,2018,2558,1788,1242,5588
Rajkot,2017,2295,4348,844,7487
Solapur,2019,1391,2195,1826,5412
Vasai,2018,502,3226,1526,5254
Nagpur,2017,2816,4762,475,8053
Ranchi,2018,923,1141,1109,3173
Gwalior,2017,1498,3813,676,5987
Kanpur,2019,2873,4868,1036,8777
Bhopal,2019,1185,1635,732,3552
Chandigarh,2017,2363,2044,1731,6138
Mumbai,2018,2734,2786,700,6220
Kalyan,2018,1769,854,941,3564
Nashik,2018,2759,2012,1093,5864
Guwahati,2017,1452,1217,1321,3990
Patna,2019,505,4573,1414,6492
Ranchi,2018,1200,4250,896,6346
Meerut,2018,2427,4402,1340,8169
Madurai,2018,2707,3610,1132,7449
Madurai,2018,1314,3571,326,5211
Nagpur,2019,2962,3235,1684,7881
Dhanbad,2019,1879,2209,1680,5768
Allahabad,2018,2849,3306,1884,8039
Jodhpur,2018,2145,3353,737,6235
Delhi,2018,2823,4402,1135,8360
Allahabad,2018,1623,3410,647,5680
Srinagar,2019,854,1925,1498,4277
Ahmedabad,2019,2359,3357,1623,7339
Jaipur,2018,1983,2896,690,5569
Navi Mumbai,2017,2139,3823,1889,7851
Kota,2017,2449,4465,1006,7920
Meerut,2019,1247,1891,449,3587
Nagpur,2018,2314,2205,1167,5686
Vasai,2018,2919,4245,501,7665
Dhanbad,2017,2664,2905,1802,7371
Aurangabad,2017,2807,901,1886,5594
Kanpur,2017,2166,2695,1271,6132
Faridabad,2018,2866,4853,559,8278
Aurangabad,2017,1563,4005,1031,6599
Allahabad,2017,2931,980,957,4868
Mumbai,2018,1222,3495,1933,6650
Nashik,2017,965,2273,1128,4366
Ghaziabad,2018,2029,2388,548,4965
Madurai,2018,1328,3921,1230,6479
Ghaziabad,2019,1140,2719,787,4646
Navi Mumbai,2017,2218,3397,572,6187
Solapur,2018,1572,1482,673,3727
Aurangabad,2017,1530,2966,693,5189
Chandigarh,2017,1944,1065,529,3538
Meerut,2018,2763,4206,666,7635
Ludhiana,2018,532,4631,1676,6839
Patna,2017,2847,4949,1772,9568
Srinagar,2017,2447,1730,367,4544
Faridabad,2019,2463,1297,920,4680
Vasai,2019,2858,2072,1750,6680
Guwahati,2019,2796,4118,1699,8613
Delhi,2017,770,2431,693,3894
Coimbatore,2018,668,4253,1022,5943
Srinagar,2017,2267,3014,1649,6930
Kota,2019,584,3851,1933,6368
Ludhiana,2018,2559,4780,1885,9224
Srinagar,2018,2589,3659,494,6742
Jodhpur,2018,550,4830,823,6203
Lucknow,2018,2676,2988,866,6530
Ranchi,2019,2352,2180,1899,6431
Nagpur,2017,2067,2108,396,4571
Mumbai,2017,1040,3640,1037,5717
Vasai,2019,1674,1112,1139,3925
Ahmedabad,2019,2922,4526,845,8293
Hubli,2018,2890,1985,1022,5897
Dhanbad,2019,1110,2195,966,4271
Chandigarh,2019,1199,2764,1471,5434
Chandigarh,2018,2770,3379,695,6844
Lucknow,2019,1928,3123,1926,6977
Ahmedabad,2018,1693,3394,1268,6355
Mumbai,2018,808,4326,1821,6955
Ghaziabad,2018,703,1608,1854,4165
Faridabad,2018,1567,2691,1252,5510
Srinagar,2019,2702,4410,868,7980
Raipur,2018,1591,4621,1898,8110
Srinagar,2017,1366,4676,710,6752
Navi Mumbai,2018,1590,2553,1470,5613
Patna,2019,1006,2225,871,4102
Guwahati,2018,2181,3379,532,6092
Raipur,2019,779,2211,914,3904
Bhopal,2018,1417,2957,1622,5996
Allahabad,2019,804,4504,1364,6672
Hubli,2018,1875,2619,1483,5977
Solapur,2017,579,4428,361,5368
Aurangabad,2019,734,1367,840,2941
Faridabad,2017,1823,3063,721,5607
Vadodara,2019,2173,1360,1914,5447
Srinagar,2018,1461,3855,1124,6440
Mumbai,2017,1666,3043,1466,6175
Hyderabad,2018,1900,2796,847,5543
Hyderabad,2019,553,3795,1138,5486
Madurai,2018,2507,2479,1032,6018
Ludhiana,2018,1287,3199,1616,6102
Mumbai,2017,2142,3941,1416,7499
Ghaziabad,2018,753,1265,926,2944
Vasai,2017,871,1210,1987,4068
Raipur,2018,1155,1968,1961,5084
Aurangabad,2017,2229,879,1570,4678
Vadodara,2018,2569,1755,1725,6049
Varanasi,2017,859,2688,1652,5199
Vijayawada,2019,2318,2301,751,5370
Indore,2018,2008,2775,1138,5921
Vasai,2019,2509,3395,1801,7705
Meerut,2018,873,2338,1364,4575
Patna,2017,1639,3383,363,5385
Dhanbad,2019,2707,1779,1924,6410
Kolkata,2017,2802,4539,1355,8696
Ludhiana,2017,2118,806,1737,4661
Dhanbad,2019,951,3728,1593,6272
Nagpur,2017,1622,1392,1809,4823
Kalyan,2018,1924,4324,467,6715
Indore,2019,2212,2378,435,5025
Guwahati,2017,2446,3843,975,7264
Patna,2017,569,2233,825,3627
Vijayawada,2019,2640,1724,1608,5972
Ahmedabad,2017,2629,4098,760,7487
Kota,2017,2904,4122,1782,8808
Bhopal,2018,1238,3035,913,5186
Kolkata,2017,671,916,1407,2994
Raipur,2019,2217,2587,1384,6188
Navi Mumbai,2018,842,1392,1120,3354
Hubli,2017,1165,1331,616,3112
Madurai,2017,2046,878,1284,4208
Solapur,2019,639,4122,1666,6427
Aurangabad,2019,1302,2779,390,4471
Howrah,2017,1039,2300,1255,4594
Raipur,2018,2797,3219,1341,7357
Dhanbad,2018,781,4900,1214,6895
Howrah,2019,2794,2365,1039,6198
Vasai,2017,1198,3727,1532,6457
Visakhapatnam,2018,2124,3706,562,6392
Ghaziabad,2017,2336,3882,417,6635
Ranchi,2018,2041,3724,1479,7244
Solapur,2017,2191,3278,1107,6576
Patna,2019,1184,2007,491,3682
Nashik,2019,2013,2213,1340,5566
Ranchi,2017,1024,1076,519,2619
Nagpur,2017,1174,3755,669,5598
Howrah,2019,1169,4028,568,5765
Solapur,2017,687,4200,1222,6109
Kolkata,2018,940,3389,1179,5508
Navi Mumbai,2018,1761,4439,682,6882
Rajkot,2017,2347,3716,1920,7983
Agra,2018,2897,3969,1749,8615
Patna,2018,646,4810,977,6433
Visakhapatnam,2017,1952,4493,957,7402
Ludhiana,2017,2557,4217,324,7098
Jodhpur,2019,1987,3531,664,6182
Kalyan,2018,1747,1848,1262,4857
Patna,2018,2258,4307,1805,8370
Rajkot,2019,2762,2707,1203,6672
Raipur,2019,709,2604,797,4110
Thane,2017,810,3701,1365,5876
Patna,2019,1928,2070,336,4334
Solapur,2017,654,1788,1316,3758
Indore,2018,2729,801,392,3922
Guwahati,2017,1177,3910,403,5490
Madurai,2019,2651,1652,1098,5401
Ranchi,2017,2745,2845,1496,7086
Madurai,2019,2465,1128,1734,5327
Agra,2018,1587,892,1829,4308
Bhopal,2018,2074,1823,1261,5158
Amritsar,2019,1206,2390,802,4398
Delhi,2018,1174,1526,976,3676
Kanpur,2017,1000,2232,1524,4756
Vijayawada,2017,2780,3626,1797,8203
Vasai,2018,2712,4592,1904,9208
Patna,2018,2015,1511,1333,4859
Bangalore,2019,2178,3983,448,6609
Visakhapatnam,2017,1256,2681,1530,5467
Thane,2017,2620,1677,1972,6269
Bhopal,2019,2064,2797,1257,6118
Raipur,2017,516,1852,1982,4350
Srinagar,2019,2249,3027,803,6079
Indore,2019,2606,1413,830,4849
Vasai,2017,2838,4308,1675,8821
Chennai,2017,550,1115,1408,3073
Patna,2018,1740,3784,360,5884
Kalyan,2017,1319,4937,948,7204
Dhanbad,2018,1288,4528,1748,7564
Vijayawada,2018,2501,4246,601,7348
Kalyan,2017,848,3397,471,4716
Guwahati,2017,2518,2484,1138,6140
Madurai,2018,831,906,1640,3377
Jodhpur,2017,882,4097,1781,6760
Coimbatore,2018,1409,4194,1073,6676
Agra,2017,1796,2045,875,4716
Ludhiana,2017,942,3423,918,5283
Vasai,2017,2865,4746,1520,9131
Jabalpur,2019,615,4177,1554,6346
Ghaziabad,2019,2378,800,890,4068
Jaipur,2018,793,1933,522,3248
Meerut,2018,2945,1177,708,4830
Varanasi,2018,2217,1741,775,4733
Bangalore,2017,1556,1133,1587,4276
Chandigarh,2018,2612,886,1935,5433
Varanasi,2017,1652,3067,1427,6146
Chennai,2018,1868,3347,710,5925
Vijayawada,2018,2290,1461,1423,5174
Jabalpur,2017,2998,4367,1780,9145
Agra,2017,1030,2365,1080,4475
Kolkata,2017,2028,4024,636,6688
Varanasi,2018,2264,3242,406,5912
Kalyan,2018,1380,2119,1664,5163
Kanpur,2019,1701,1836,641,4178
Indore,2019,713,3538,628,4879
Faridabad,2017,2010,932,1316,4258
Vijayawada,2019,715,2369,1969,5053
Dhanbad,2019,1333,4091,1595,7019
Navi Mumbai,2018,1955,1912,1176,5043
Indore,2019,2820,3374,581,6775
Madurai,2017,2643,3863,1734,8240
Solapur,2018,1509,4071,625,6205
Nashik,2018,2088,3782,640,6510
Indore,2018,898,2247,819,3964
Vijayawada,2019,1023,4405,1327,6755
Varanasi,2017,1752,1713,513,3978
Nashik,2019,672,1320,1337,3329
Gwalior,2019,1784,2870,1405,6059
Kolkata,2017,1344,4402,933,6679
Agra,2017,1128,1457,1126,3711
Ahmedabad,2017,2252,3434,1568,7254
Rajkot,2017,1095,1985,1719,4799
Thane,2018,2292,1714,786,4792
Ahmedabad,2019,1080,4365,1542,6987
Guwahati,2017,2535,1920,1417,5872
Raipur,2019,981,2181,1379,4541
Allahabad,2017,2533,862,1758,5153
Raipur,2018,1560,4444,374,6378
Allahabad,2019,2093,1271,701,4065
Pune,2018,2568,4467,790,7825
Hubli,2018,1505,4617,414,6536
Hubli,2017,863,3901,444,5208
Jodhpur,2018,2245,1244,1411,4900
Pune,2019,2550,1306,1147,5003
Ahmedabad,2017,1851,1639,895,4385
Solapur,2017,700,848,1004,2552
Kolkata,2017,1386,3553,1852,6791
Srinagar,2019,509,3792,537,4838
Meerut,2018,942,3217,762,4921
Jabalpur,2018,1002,3132,1267,5401
Kanpur,2019,613,4345,1562,6520
Kota,2018,1008,4309,1589,6906
Ghaziabad,2017,2954,1784,679,5417
Ahmedabad,2017,1313,2146,1404,4863
Vijayawada,2019,1865,1387,592,3844
Ludhiana,2019,2581,2047,1161,5789
Nashik,2017,603,3452,1147,5202
Agra,2019,867,2218,1045,4130
Ahmedabad,2017,915,4205,1645,6765
Delhi,2019,2515,1810,608,4933
Meerut,2017,1354,3623,757,5734
Aurangabad,2017,2584,2470,950,6004
Madurai,2019,550,1843,591,2984
Chennai,2019,2804,3206,329,6339
Faridabad,2019,1437,3904,1689,7030
Bhopal,2017,1486,3624,1562,6672
Kota,2018,1088,3690,363,5141
Kolkata,2017,2185,2395,1051,5631
Thane,2017,1230,4382,1787,7399
Rajkot,2018,1660,4200,1870,7730
Kalyan,2019,2700,1360,1658,5718
Faridabad,2018,2938,1900,472,5310
Vasai,2017,2210,4448,1174,7832
Aurangabad,2019,2849,3067,881,6797
Hyderabad,2017,1290,2069,600,3959
Amritsar,2018,1228,1729,448,3405
Meerut,2019,2253,3659,472,6384
Gwalior,2017,1039,3424,1465,5928
Kolkata,2018,2468,4603,1118,8189
Lucknow,2017,2097,3378,1595,7070
Rajkot,2017,1498,1966,1867,5331
Vadodara,2017,1342,3039,720,5101
Thane,2018,2377,3397,958,6732
Jabalpur,2019,723,1328,731,2782
Chandigarh,2019,1774,3057,1130,5961
Vasai,2018,1180,3037,728,4945
Ranchi,2017,1181,3011,393,4585
Vadodara,2018,2575,3174,613,6362
Jaipur,2018,2058,4104,431,6593
Raipur,2017,1388,1664,488,3540
Bangalore,2018,2300,2048,993,5341
Meerut,2017,853,1259,1527,3639
Ludhiana,2017,1531,3240,529,5300
Faridabad,2018,1120,1198,869,3187
Chandigarh,2019,857,1858,918,3633
Hyderabad,2018,1445,3346,1254,6045
Mumbai,2019,1468,901,1738,4107
Madurai,2018,1830,4477,1026,7333
Vadodara,2018,2506,3652,489,6647
Nashik,2019,1868,2802,1049,5719
Rajkot,2019,2460,1587,716,4763
Vijayawada,2019,1804,1781,1257,4842
Nashik,2019,788,4623,711,6122
Visakhapatnam,2017,713,2596,733,4042
Patna,2019,2340,2375,1573,6288
Raipur,2018,1211,2409,500,4120
Lucknow,2018,1184,1626,1530,4340
Madurai,2018,1915,3882,1968,7765
Solapur,2018,609,1464,483,2556
Bangalore,2018,547,4271,1599,6417
Navi Mumbai,2018,2286,1192,1052,4530
Varanasi,2017,2785,1926,1202,5913
Kota,2019,2572,1145,492,4209
Delhi,2017,1189,4251,1776,7216
Ludhiana,2017,1596,4455,302,6353
Vijayawada,2018,1248,1558,729,3535
Dhanbad,2019,1580,1967,1894,5441
Hubli,2017,568,4072,883,5523
Ahmedabad,2019,2697,2615,1340,6652
Chennai,2019,1720,4099,899,6718
Faridabad,2019,770,1093,386,2249
Jodhpur,2019,1190,2784,1496,5470
Rajkot,2018,922,2807,1965,5694
Ghaziabad,2018,2955,4939,473,8367
Nagpur,2018,1149,2224,1319,4692
Rajkot,2017,2490,3358,1888,7736
Pune,2017,1774,2122,1273,5169
Ranchi,2017,2905,1075,534,4514
Raipur,2019,1111,3778,1544,6433
Chandigarh,2019,1236,4560,1425,7221
Patna,2019,1947,913,487,3347
Vijayawada,2018,2115,3278,698,6091
Pune,2018,1987,1509,1045,4541
Kota,2019,2031,3788,620,6439
Chandigarh,2019,1434,3060,1221,5715
Patna,2018,1762,1051,1933,4746
Solapur,2019,502,1247,926,2675
Kolkata,2019,2968,1718,1843,6529
Pune,2018,2653,3472,1704,7829
Bangalore,2017,967,2663,1735,5365
Jodhpur,2019,1754,2170,808,4732
Nashik,2017,1194,2425,1039,4658
Bhopal,2018,1524,2610,1391,5525
Indore,2017,2830,3092,874,6796
Vijayawada,2018,834,4035,1486,6355
Mumbai,2018,1374,3601,1087,6062
Delhi,2018,1422,3125,1557,6104
Visakhapatnam,2017,2100,4571,1809,8480
Chennai,2017,965,3161,1282,5408
Kolkata,2018,2548,1004,1037,4589
Coimbatore,2018,691,1067,734,2492
Vasai,2017,1491,2183,1311,4985
Bhopal,2018,1265,2310,440,4015
Thane,2017,1643,3781,1635,7059
Madurai,2017,627,1975,1009,3611
Raipur,2018,2764,3102,881,6747
Aurangabad,2017,1211,1051,1646,3908
Madurai,2018,1700,3712,1803,7215
Jodhpur,2018,705,2673,825,4203
Madurai,2017,2785,2521,1195,6501
Thane,2019,833,2465,713,4011
Visakhapatnam,2019,906,4402,1340,6648
Aurangabad,2017,1968,4803,1062,7833
Jodhpur,2019,637,4168,950,5755
Solapur,2019,838,2789,601,4228
Jabalpur,2018,2459,2755,1872,7086
Ranchi,2019,1679,3223,1841,6743
Ranchi,2018,2172,1831,775,4778
Jaipur,2019,911,1116,1017,3044
Mumbai,2018,787,1631,1589,4007
Ghaziabad,2018,2875,3047,1617,7539
Faridabad,2019,1592,3784,1787,7163
Chennai,2019,2252,4920,1045,8217
Visakhapatnam,2017,2585,4703,632,7920
Pune,2017,2847,4970,792,8609
Madurai,2019,2281,4085,1802,8168
Nashik,2018,1235,3209,1231,5675
Guwahati,2017,2059,2576,1287,5922
Bhopal,2019,648,2253,389,3290
Nagpur,2019,1394,1145,1152,3691
Thane,2018,2269,2320,1630,6219
Guwahati,2019,2376,2178,1249,5803
Chandigarh,2017,602,2473,1371,4446
Chennai,2017,1450,4243,470,6163
Hubli,2017,1427,3692,1272,6391
Agra,2018,2982,2599,446,6027
Ghaziabad,2017,2287,1825,1531,5643
Mumbai,2019,2949,4856,358,8163
Ahmedabad,2017,1739,4220,1921,7880
Vadodara,2019,2816,3602,898,7316
Chandigarh,2017,1367,3457,1659,6483
Kota,2019,1570,3911,744,6225
Vijayawada,2018,2957,4830,562,8349
Hyderabad,2019,2827,3648,1793,8268
Varanasi,2019,1246,4482,1518,7246
Visakhapatnam,2017,734,1553,542,2829
Ludhiana,2017,1877,1815,598,4290
Raipur,2017,678,1632,509,2819
Hyderabad,2017,1597,1355,1124,4076
Delhi,2018,1436,1280,697,3413
Gwalior,2019,2493,1687,1964,6144
Hyderabad,2019,1357,2228,366,3951
Aurangabad,2018,1081,3268,1222,5571
Gwalior,2019,2817,1913,702,5432
Delhi,2017,2305,1630,1622,5557
Delhi,2017,537,1306,1782,3625
Nashik,2019,2307,928,997,4232
Vasai,2017,643,4862,1140,6645
Gwalior,2018,927,3684,428,5039
Ranchi,2019,907,3571,1935,6413
Solapur,2017,2913,2038,1896,6847
Allahabad,2017,601,3474,741,4816
Gwalior,2019,1600,4355,1015,6970
Jabalpur,2019,2237,1392,756,4385
Amritsar,2018,1971,1070,1944,4985
Pune,2017,1385,3737,1667,6789
Varanasi,2018,967,4598,1581,7146
Jabalpur,2019,1165,2251,679,4095
Jaipur,2019,2235,3640,1396,7271
Agra,2018,2212,1672,1785,5669
Ranchi,2018,2930,1372,1727,6029
Thane,2019,2172,1437,350,3959
Navi Mumbai,2019,2662,1798,1516,5976
Hyderabad,2017,1499,3076,886,5461
Mumbai,2018,1886,1027,1462,4375
Nashik,2019,1059,4288,1840,7187
Ranchi,2018,2212,3024,897,6133
Madurai,2019,1567,3806,1172,6545
Gwalior,2018,541,4091,1204,5836
Delhi,2017,1856,1105,1399,4360
Kanpur,2017,1615,4867,1278,7760
Mumbai,2018,1625,2016,1040,4681
Jodhpur,2019,2112,2518,747,5377
Guwahati,2017,991,2255,525,3771
Vadodara,2017,2023,4939,1512,8474
Kota,2018,737,4197,1695,6629
Kolkata,2018,590,4368,510,5468
Patna,2018,1067,4269,1245,6581
Raipur,2018,1279,4374,1036,6689
Amritsar,2019,2795,4236,1519,8550
Dhanbad,2017,1989,1262,1435,4686
Srinagar,2019,2393,1029,693,4115
Pune,2018,639,4603,1361,6603
Varanasi,2019,2447,4043,1503,7993
Meerut,2019,2738,1871,978,5587
Patna,2017,2582,1973,1227,5782
Kanpur,2017,2026,4767,471,7264
Bhopal,2018,2956,2354,429,5739
Kota,2019,2185,4735,1065,7985
Amritsar,2019,2716,1836,1827,6379
Jodhpur,2018,2779,4323,1276,8378
Hyderabad,2019,1228,2457,1412,5097
Jabalpur,2018,1142,4809,922,6873
Lucknow,2018,2310,4553,1325,8188
Kalyan,2019,632,3477,346,4455
Kanpur,2017,2714,4760,1028,8502
Hyderabad,2018,2198,1846,1484,5528
Bhopal,2017,654,4548,450,5652
Hyderabad,2017,2891,3315,956,7162
Guwahati,2019,1123,2062,823,4008
Amritsar,2019,533,1308,1011,2852
Hubli,2017,1701,3091,586,5378
Mumbai,2017,549,1160,1716,3425
Bhopal,2019,2050,1223,1705,4978
Agra,2017,1739,3083,844,5666
Vadodara,2018,2765,2128,375,5268
Pune,2018,1921,3167,1553,6641
Varanasi,2018,933,3224,934,5091
Coimbatore,2018,2500,1823,878,5201
Meerut,2019,2965,2857,367,6189
Vasai,2019,2222,1613,1222,5057
Delhi,2018,1958,1283,355,3596
Vadodara,2018,2278,3659,490,6427
Bhopal,2019,1820,3321,589,5730
Mumbai,2019,1316,4544,550,6410
Srinagar,2017,1295,3726,796,5817
Ranchi,2019,2455,3541,1885,7881
Howrah,2018,2930,1761,439,5130
Allahabad,2019,2357,2903,487,5747
Ahmedabad,2019,898,3548,1832,6278
Allahabad,2019,1987,1077,640,3704
Faridabad,2018,1418,827,1679,3924
Howrah,2017,2570,4153,1664,8387
Agra,2017,1038,4350,1611,6999
Nagpur,2017,1512,2923,586,5021
Navi Mumbai,2018,2412,4631,1593,8636
Madurai,2019,1533,1090,1058,3681
Ludhiana,2018,1739,2869,987,5595
Delhi,2019,1344,3019,1397,5760
Meerut,2018,2856,4794,1325,8975
Aurangabad,2019,835,2719,1760,5314
Indore,2017,2980,3831,1931,8742
Lucknow,2017,576,4390,663,5629
Nashik,2017,2736,844,1153,4733
Jabalpur,2019,1154,4405,1590,7149
Howrah,2019,2921,1507,1094,5522
Guwahati,2017,1458,1625,1146,4229
Jabalpur,2017,1395,3711,516,5622
Chandigarh,2017,1925,3314,387,5626
Dhanbad,2017,1205,3207,1505,5917
Kalyan,2017,1730,4373,1185,7288
Vasai,2017,1835,4329,462,6626
Pune,2019,2755,4443,412,7610
Chandigarh,2018,2840,3807,1865,8512
Bangalore,2018,1312,4658,1190,7160
Faridabad,2019,579,4017,1407,6003
Coimbatore,2019,837,4775,1604,7216
Kalyan,2019,1971,3428,648,6047
Guwahati,2017,687,1294,526,2507
Bhopal,2018,1716,4247,1321,7284
Navi Mumbai,2018,2302,3344,923,6569
Bhopal,2019,2749,1680,1925,6354
Jodhpur,2017,1112,2591,657,4360
Nashik,2017,1501,1438,1915,4854
Amritsar,2017,2629,4843,983,8455
Vijayawada,2019,876,1174,1158,3208
Vijayawada,2018,629,3986,1752,6367
Hyderabad,2017,2722,2250,516,5488
Visakhapatnam,2018,786,4058,1487,6331
Faridabad,2019,1005,1147,495,2647
Ludhiana,2019,1378,4066,1549,6993
Raipur,2019,2878,4852,348,8078
Ludhiana,2019,2196,975,1565,4736
Nashik,2018,1541,1397,1209,4147
Gwalior,2017,736,4329,611,5676
Madurai,2017,2318,2696,1869,6883
Rajkot,2018,1445,945,577,2967
Solapur,2018,1778,3096,1421,6295
Faridabad,2017,2422,4722,728,7872
Patna,2019,984,4098,1977,7059
Amritsar,2019,1034,1213,1598,3845
Bangalore,2017,1072,2062,1061,4195
Patna,2018,673,3520,1308,5501
Meerut,2019,1285,3974,1512,6771
Faridabad,2018,1299,1334,764,3397
Thane,2019,1895,1837,856,4588
Rajkot,2018,1662,3635,372,5669
Srinagar,2018,968,2797,1479,5244
Amritsar,2018,551,862,1268,2681
Raipur,2017,1946,1270,856,4072
Kanpur,2017,1112,4541,980,6633
Ludhiana,2017,2120,4851,1959,8930
Thane,2019,2858,4067,952,7877
Gwalior,2018,1266,4680,657,6603
Jodhpur,2017,2992,4198,1747,8937
Pune,2019,2142,869,1976,4987
Nashik,2018,1944,4833,1004,7781
Aurangabad,2019,1523,2838,556,4917
Visakhapatnam,2017,2250,4935,1357,8542
Gwalior,2019,1235,3159,1396,5790
Delhi,2017,2364,2237,324,4925
Kalyan,2018,2316,4902,822,8040
Ahmedabad,2018,1675,4258,1326,7259
Srinagar,2019,2157,4948,1934,9039
Delhi,2019,2594,3095,1495,7184
Gwalior,2018,1262,1621,1408,4291
Kota,2017,2543,4002,1507,8052
Ghaziabad,2018,1252,3650,1819,6721
Gwalior,2018,2412,3166,1156,6734
Pune,2019,865,1751,1154,3770
Kolkata,2019,2326,1734,658,4718
Nagpur,2019,1411,1683,1082,4176
Vasai,2019,2882,3362,1381,7625
Aurangabad,2017,1837,2152,693,4682
Howrah,2017,864,4424,1195,6483
Allahabad,2019,2732,3913,1050,7695
Nagpur,2017,1951,1063,1188,4202
Faridabad,2018,1204,1571,308,3083
Bangalore,2019,1183,4781,943,6907
Kalyan,2018,1146,1414,513,3073
Varanasi,2019,2543,3380,497,6420
Kanpur,2018,2016,3905,843,6764
Kolkata,2018,2975,2056,433,5464
Delhi,2017,1790,2298,1388,5476
Madurai,2018,2521,1667,1395,5583
Varanasi,2019,598,3670,713,4981
Varanasi,2017,2846,3199,1095,7140
Pune,2017,997,862,1432,3291
Solapur,2017,1834,2897,1696,6427
Faridabad,2019,2494,4850,1016,8360
Amritsar,2018,618,2710,953,4281
Howrah,2017,1726,3741,1164,6631
Nagpur,2018,2597,4478,454,7529
Chennai,2017,698,3392,1944,6034
Ghaziabad,2019,2394,1490,1626,5510
Meerut,2018,712,4627,1155,6494
Rajkot,2018,1716,3267,1186,6169
Agra,2017,1858,3890,332,6080
Nagpur,2019,2497,4635,563,7695
Delhi,2017,2068,3406,736,6210
Kota,2018,1849,1225,308,3382
Ranchi,2019,686,3047,1254,4987
Nagpur,2019,1926,1781,1697,5404
Navi Mumbai,2017,2700,4941,1662,9303
Guwahati,2018,1852,3899,1855,7606
Rajkot,2018,1673,1102,1154,3929
Solapur,2019,1437,3636,1103,6176
Jodhpur,2019,859,4014,1129,6002
Srinagar,2018,651,3758,1396,5805
Gwalior,2017,2069,4565,1744,8378
Faridabad,2019,2590,2840,1841,7271
Ghaziabad,2017,2490,4066,607,7163
Ghaziabad,2018,2450,2787,775,6012
Amritsar,2019,1178,1492,979,3649
Thane,2018,2173,2335,1202,5710
Vijayawada,2019,2203,2343,838,5384
Hyderabad,2018,2362,4160,870,7392
Kota,2018,2855,4476,1446,8777
Amritsar,2017,2272,1660,418,4350
Navi Mumbai,2019,2817,2561,637,6015
Kalyan,2017,2722,3567,535,6824
Indore,2019,1437,4352,1063,6852
Howrah,2017,1288,4208,1523,7019
Vasai,2017,1304,2575,867,4746
Jabalpur,2018,1009,2159,691,3859
Madurai,2017,1506,1788,940,4234
Chandigarh,2017,1643,1476,561,3680
Nagpur,2017,953,3782,494,5229
Varanasi,2019,989,4103,432,5524
Coimbatore,2018,638,1065,1280,2983
Meerut,2017,1767,3405,1765,6937
Coimbatore,2019,917,1216,827,2960
Meerut,2018,1307,3632,667,5606
Indore,2019,1226,3150,1045,5421
Delhi,2019,840,1566,785,3191
Hubli,2019,1760,3255,1298,6313
Solapur,2018,1270,4574,661,6505
Kanpur,2017,2593,3053,415,6061
Solapur,2017,864,3921,1590,6375
Ranchi,2019,694,2315,589,3598
Hyderabad,2018,1948,3845,1145,6938
Ludhiana,2019,2889,3126,573,6588
Kanpur,2017,2197,3061,1453,6711
Srinagar,2019,2502,1325,1600,5427
Indore,2019,2901,4311,652,7864
Nagpur,2017,622,4207,1658,6487
Amritsar,2018,691,1326,1499,3516
Thane,2019,2858,2404,985,6247
Varanasi,2017,893,1114,818,2825
Faridabad,2018,1149,4125,720,5994
Allahabad,2019,1016,2808,1822,5646
Solapur,2017,1782,1734,1303,4819
Vasai,2017,2846,806,1098,4750
Vasai,2018,862,1977,508,3347
Coimbatore,2019,1921,3948,1152,7021
Solapur,2018,851,2974,1278,5103
Patna,2017,1908,3889,1724,7521
Bangalore,2017,740,1624,1063,3427
Aurangabad,2018,2244,2967,1556,6767
Patna,2018,2568,4073,1793,8434
Navi Mumbai,2017,1183,3047,1245,5475
Madurai,2018,1935,2411,1403,5749
Visakhapatnam,2018,2816,2362,736,5914
Delhi,2018,1398,3198,667,5263
Agra,2019,2627,4138,764,7529
Guwahati,2017,1258,1314,851,3423
Navi Mumbai,2017,1752,1548,560,3860
Rajkot,2018,2123,2828,1502,6453
Ghaziabad,2017,661,1632,1090,3383
Bhopal,2019,1512,4488,1187,7187
Allahabad,2017,2287,2308,1162,5757
Pune,2018,603,3999,1729,6331
Gwalior,2019,1452,2728,817,4997
Ludhiana,2017,554,4918,1463,6935
Agra,2018,2336,2159,1162,5657
Nashik,2018,2891,2719,1143,6753
Coimbatore,2017,913,4010,1555,6478
Dhanbad,2017,1286,4950,1983,8219
Hubli,2019,2422,4481,1195,8098
Solapur,2018,2205,944,1197,4346
Faridabad,2019,722,4565,1179,6466
Agra,2019,2750,2351,1927,7028
Hubli,2019,2097,3088,379,5564
Howrah,2019,2868,1977,1788,6633
Srinagar,2017,1323,3460,1806,6589
Rajkot,2019,2453,4467,1646,8566
Chandigarh,2019,675,4083,1950,6708
Coimbatore,2017,577,4794,849,6220
Ludhiana,2018,2967,1881,1875,6723
Kalyan,2017,2195,1330,379,3904
Ranchi,2018,707,1504,324,2535
Kolkata,2017,2192,1646,1280,5118
Vijayawada,2018,1215,1199,1003,3417
Patna,2019,693,2491,1271,4455
Nashik,2017,1623,2686,1404,5713
Meerut,2018,2048,3465,752,6265
Aurangabad,2019,2603,4045,1049,7697
Ranchi,2019,1117,4492,1385,6994
Lucknow,2017,852,1643,878,3373
Pune,2019,2270,2689,1700,6659
Lucknow,2018,2107,2797,1842,6746
Kalyan,2018,1994,931,1659,4584
Pune,2017,777,3400,1021,5198
Mumbai,2018,1353,1469,1136,3958
Howrah,2019,2575,1401,1730,5706
Hyderabad,2017,1589,2204,435,4228
Jabalpur,2018,1965,1058,834,3857
Chennai,2019,1632,1031,1876,4539
Solapur,2017,1849,4491,1959,8299
Kota,2018,2833,1398,1078,5309
Solapur,2018,2838,806,701,4345
Ahmedabad,2017,2914,1030,1887,5831
Solapur,2017,1346,4403,1886,7635
Aurangabad,2019,1521,1411,508,3440
Ahmedabad,2018,1417,3920,638,5975
Agra,2018,1926,1805,1510,5241
Vasai,2017,2487,1204,1873,5564
Lucknow,2019,1398,3241,1916,6555
Raipur,2019,1803,1445,313,3561
Hyderabad,2018,1637,3027,966,5630
Madurai,2019,2323,3954,1691,7968
Pune,2017,2040,4743,1841,8624
Pune,2017,2091,3005,770,5866
Gwalior,2017,2223,4751,603,7577
Kota,2019,2796,4536,871,8203
Raipur,2018,1332,1426,450,3208
Delhi,2019,2708,2115,1084,5907
Pune,2017,1254,4081,1287,6622
Aurangabad,2018,610,4713,1658,6981
Delhi,2017,1010,1272,1879,4161
Coimbatore,2017,1916,3405,1330,6651
Patna,2019,1463,930,742,3135
Hyderabad,2018,924,2060,1890,4874
Agra,2019,2387,2190,1253,5830
Guwahati,2018,2371,3076,724,6171
Dhanbad,2018,2522,4008,1313,7843
Kolkata,2018,1086,2133,1822,5041
Faridabad,2018,1798,2126,1712,5636
Jabalpur,2019,1509,3097,976,5582
Agra,2017,2526,2599,1459,6584
Jabalpur,2018,2393,3756,1390,7539
Agra,2018,955,1714,1004,3673
Nagpur,2018,2879,4941,1062,8882
Lucknow,2018,1027,1735,918,3680
Madurai,2018,2669,1131,1532,5332
Thane,2017,1206,4308,910,6424
Ahmedabad,2018,1564,3259,734,5557
Patna,2018,1104,4497,907,6508
Madurai,2019,2063,1411,696,4170
Srinagar,2018,671,2874,1081,4626
Navi Mumbai,2018,1985,3540,1429,6954
Indore,2019,2183,3513,1365,7061
Dhanbad,2018,510,4847,376,5733
Aurangabad,2017,1646,4047,1195,6888
Vijayawada,2018,1437,3434,1759,6630
Gwalior,2018,1235,3776,1735,6746
Thane,2019,2694,1044,1265,5003
Vadodara,2018,2311,3578,838,6727
Navi Mumbai,2017,1562,1464,744,3770
Kota,2017,2925,4627,948,8500
Kalyan,2017,683,1003,859,2545
Hubli,2019,1141,3787,1802,6730
Bangalore,2018,2056,2494,1249,5799
Kota,2018,2493,4649,985,8127
Navi Mumbai,2019,2609,2062,1227,5898
Madurai,2018,656,2075,529,3260
Meerut,2019,2260,1833,866,4959
Ranchi,2017,1133,4476,1521,7130
Vadodara,2018,692,1697,1595,3984
Solapur,2017,2932,4046,1582,8560
Hyderabad,2019,2240,4112,576,6928
Srinagar,2018,1176,2979,1569,5724
Howrah,2018,2770,1905,699,5374
Bangalore,2018,831,1262,573,2666
Jabalpur,2018,1648,3154,1288,6090
Pune,2019,2192,1129,1025,4346
Hyderabad,2019,1201,3701,377,5279
Bangalore,2018,1858,3893,719,6470
Madurai,2017,1910,2422,1778,6110
Pune,2019,1051,4036,529,5616
Jodhpur,2017,878,2114,1471,4463
Ludhiana,2018,2538,2093,1074,5705
Meerut,2017,1218,2440,638,4296
Indore,2017,1244,3085,735,5064
Patna,2018,876,2641,1482,4999
Mumbai,2017,1420,3725,1998,7143
Guwahati,2018,1054,2594,1226,4874
Ludhiana,2018,622,4968,1237,6827
Agra,2019,1198,2356,1391,4945
Ahmedabad,2018,2643,2737,1668,7048
Ghaziabad,2018,2159,3699,661,6519
Jabalpur,2017,2625,4302,1572,8499
Kalyan,2017,1899,1630,558,4087
Bhopal,2017,696,1042,1877,3615
Navi Mumbai,2019,2745,4821,895,8461
Ludhiana,2017,1505,3199,1161,5865
Kolkata,2019,2794,3961,981,7736
Ludhiana,2017,541,4621,1731,6893
Hyderabad,2017,2810,4814,1992,9616
Ahmedabad,2019,2202,4556,393,7151
Kalyan,2019,1375,4432,1402,7209
Ghaziabad,2019,614,1854,357,2825
Aurangabad,2019,1949,4961,1479,8389
Bangalore,2019,2245,4299,1855,8399
Kanpur,2019,834,2199,1237,4270
Ahmedabad,2019,1424,3072,1683,6179
Allahabad,2019,1271,3646,722,5639
Raipur,2019,558,2923,760,4241
Lucknow,2018,2079,4477,1209,7765
Agra,2018,537,1190,1855,3582
Kalyan,2019,2880,3103,816,6799
Indore,2017,1134,4103,489,5726
Solapur,2019,640,994,1870,3504
Jodhpur,2019,1632,1180,1798,4610
Pune,2018,1100,1716,1643,4459
Kota,2018,2354,2337,410,5101
Faridabad,2019,2313,2918,682,5913
Vasai,2017,2046,3098,1434,6578
Vijayawada,2018,798,2035,1856,4689
Hubli,2017,1107,1120,1977,4204
Vijayawada,2019,1528,4744,979,7251
Chandigarh,2019,1688,1227,1743,4658
Bangalore,2017,2309,1435,824,4568
Guwahati,2017,540,1531,1618,3689
Lucknow,2017,1307,4875,1500,7682
Jaipur,2017,688,3791,950,5429
Pune,2017,1838,2154,1256,5248
Faridabad,2017,2390,2583,356,5329
Patna,2018,1956,4154,1503,7613
Raipur,2018,903,2938,1071,4912
Chandigarh,2018,742,1656,1344,3742
Kanpur,2019,693,2522,1821,5036
Bhopal,2019,738,3787,1825,6350
Hubli,2019,1329,3577,1820,6726
Vasai,2017,1944,2613,1763,6320
Hubli,2017,699,4086,967,5752
Agra,2017,880,1580,647,3107
Madurai,2019,783,4056,1712,6551
Kota,2017,2959,1458,754,5171
Gwalior,2019,885,3112,1291,5288
Bhopal,2019,846,1640,903,3389
Nashik,2019,2005,1384,1964,5353
Chandigarh,2019,1566,945,856,3367
Agra,2017,2746,4709,1449,8904
Mumbai,2017,2959,3728,1451,8138
Kolkata,2018,2495,909,1954,5358
Faridabad,2018,2293,3352,1312,6957
Hubli,2017,1546,1145,768,3459
Nashik,2018,2395,4891,1057,8343
Faridabad,2019,635,3138,1822,5595
Meerut,2019,2927,3810,1628,8365
Navi Mumbai,2018,2800,1365,1302,5467
Varanasi,2018,1432,1081,1493,4006
Amritsar,2017,1654,4714,842,7210
Agra,2017,1548,1607,648,3803
Chandigarh,2019,1516,3917,1058,6491
Ghaziabad,2019,901,2535,356,3792
Ahmedabad,2018,2175,3590,821,6586
Vasai,2018,1939,861,692,3492
Vasai,2018,1372,1076,884,3332
Bangalore,2017,1665,3352,1085,6102
Bhopal,2018,1460,4376,946,6782
Kanpur,2018,2350,4772,848,7970
Amritsar,2017,533,2506,1777,4816
Vijayawada,2019,2434,3510,1326,7270
Howrah,2017,1347,4729,556,6632
Chennai,2018,2483,1773,496,4752
Chennai,2017,2785,3538,1715,8038
Kalyan,2018,2077,1654,1020,4751
Indore,2019,2282,1267,417,3966
Jaipur,2018,1084,3683,1114,5881
Indore,2019,1277,1761,1279,4317
Kolkata,2019,2193,4542,1235,7970
Chennai,2018,2390,4471,1789,8650
Bangalore,2019,1258,3497,948,5703
Howrah,2018,823,2288,1580,4691
Vadodara,2018,1638,4805,644,7087
Bhopal,2017,615,2636,1700,4951
Indore,2018,531,3342,1080,4953
Ludhiana,2018,1526,4713,374,6613
Visakhapatnam,2018,1890,2617,1010,5517
Amritsar,2017,1141,1932,1020,4093
Visakhapatnam,2019,2967,2429,1573,6969
Nashik,2019,900,2073,1696,4669
Allahabad,2018,1608,3875,460,5943
Rajkot,2019,2987,4371,475,7833
Nashik,2017,2770,3444,698,6912
Meerut,2018,888,3046,1238,5172
Coimbatore,2019,1855,1518,1603,4976
Hubli,2019,941,4188,1763,6892
Ranchi,2017,1890,1463,1757,5110
Patna,2017,730,1730,793,3253
Bhopal,2018,1508,1069,1663,4240
Howrah,2019,2265,2355,1585,6205
Kalyan,2019,2560,1996,1764,6320
Patna,2019,831,4916,1013,6760
Srinagar,2017,1720,3371,925,6016
Vasai,2019,2394,835,1066,4295
Jabalpur,2017,1135,4812,1652,7599
Vasai,2019,548,3473,1676,5697
Delhi,2019,2553,1192,759,4504
Chennai,2019,2509,4939,1063,8511
Chandigarh,2017,2098,3480,1451,7029
Raipur,2018,1309,2481,1744,5534
Lucknow,2017,910,3009,1008,4927
Raipur,2017,919,4340,405,5664
Kota,2019,1822,2824,1656,6302
Chennai,2019,2014,4333,1566,7913
Thane,2019,1522,2296,1389,5207
Dhanbad,2018,1179,4344,432,5955
Lucknow,2018,2826,1290,1334,5450
Solapur,2017,1323,1027,737,3087
Bangalore,2019,860,3752,1156,5768
Guwahati,2017,2333,3435,628,6396
Visakhapatnam,2018,2595,3594,1121,7310
Ahmedabad,2017,962,3531,1820,6313
Gwalior,2017,2597,865,696,4158
Navi Mumbai,2017,1382,2445,1917,5744
Ranchi,2018,1623,983,732,3338
Aurangabad,2017,2734,3082,1548,7364
Patna,2018,2750,3478,1543,7771
Ghaziabad,2019,1399,2898,1697,5994
Chennai,2019,1658,3541,1805,7004
Nashik,2017,2879,1798,893,5570
Agra,2019,1814,3075,1451,6340
Agra,2018,1022,1475,663,3160
Indore,2018,990,4689,1864,7543
Solapur,2019,950,1051,1179,3180
Varanasi,2019,640,1501,645,2786
Hyderabad,2019,1817,2768,912,5497
Howrah,2017,1875,2421,904,5200
Hyderabad,2019,2113,4389,704,7206
Madurai,2018,2444,3752,1906,8102
Chennai,2019,2999,2790,1047,6836
Jodhpur,2019,1913,2305,544,4762
Navi Mumbai,2017,1195,2175,1356,4726
Kolkata,2017,1732,4125,334,6191
Ludhiana,2019,2486,3165,371,6022
Bhopal,2019,1397,2112,944,4453
Meerut,2019,1223,3768,673,5664
Vadodara,2017,1746,4937,304,6987
Guwahati,2017,2965,2921,609,6495
Dhanbad,2018,1095,3290,983,5368
Coimbatore,2019,2480,3514,788,6782
Amritsar,2019,540,3298,1655,5493
Vijayawada,2019,2827,1431,1995,6253
Visakhapatnam,2018,714,3269,627,4610
Gwalior,2018,2467,4798,482,7747
Kolkata,2018,1657,3414,943,6014
Amritsar,2017,1418,2368,627,4413
Nashik,2017,2885,3854,624,7363
Chennai,2017,1310,3211,617,5138
Amritsar,2019,1685,4122,415,6222
Madurai,2018,876,994,866,2736
Aurangabad,2018,1266,1707,632,3605
Srinagar,2017,1444,4609,1758,7811
Agra,2019,2572,2633,949,6154
Jaipur,2018,2177,4941,1085,8203
Gwalior,2019,1952,2479,809,5240
Raipur,2018,1499,4804,1700,8003
Patna,2017,500,2106,1270,3876
Vijayawada,2019,1719,3039,571,5329
Srinagar,2019,1518,4158,859,6535
Lucknow,2017,2751,969,604,4324
Varanasi,2017,942,2019,836,3797
Vijayawada,2017,1090,3416,851,5357
Rajkot,2018,2562,1479,1701,5742
Aurangabad,2017,1040,883,1672,3595
Ludhiana,2018,679,3167,1961,5807
Allahabad,2017,2605,3452,1527,7584
Vijayawada,2017,1212,3738,1676,6626
Raipur,2019,2389,1229,387,4005
Lucknow,2019,2560,3855,1403,7818
Pune,2017,1589,954,396,2939
Vadodara,2018,530,2950,980,4460
Visakhapatnam,2019,778,1984,1008,3770
Delhi,2017,1323,990,630,2943
Patna,2017,2848,3921,564,7333
Madurai,2018,1446,958,1786,4190
Jabalpur,2019,1367,2992,978,5337
Jaipur,2019,2275,3754,1417,7446
Guwahati,2018,939,2361,1654,4954
Kota,2018,1697,3192,528,5417
Gwalior,2018,2522,4138,946,7606
Vasai,2018,2015,1325,1281,4621
Aurangabad,2018,1317,1066,1319,3702
Kota,2019,2947,1959,1449,6355
Guwahati,2018,1844,3838,1624,7306
Delhi,2019,693,3956,1899,6548
Kanpur,2017,1797,4889,975,7661
Gwalior,2018,996,3909,1418,6323
Raipur,2018,2881,2141,1908,6930
Thane,2017,1495,1586,766,3847
Meerut,2018,1797,4772,1150,7719
Ranchi,2017,2861,1749,792,5402
Allahabad,2018,1577,2823,411,4811
Guwahati,2018,2199,1938,1597,5734
Dhanbad,2019,1720,1254,899,3873
Dhanbad,2018,2664,4630,1985,9279
Vadodara,2019,1276,1016,716,3008
Amritsar,2018,2009,1236,538,3783
Hyderabad,2019,775,815,1415,3005
Kolkata,2017,821,3863,323,5007
Visakhapatnam,2017,2155,2276,794,5225
Thane,2018,1366,1204,1566,4136
Agra,2018,1781,4036,1028,6845
Bangalore,2018,2051,3849,584,6484
Vadodara,2017,2563,2908,751,6222
Bangalore,2017,2694,3589,517,6800
Faridabad,2017,1562,4300,1757,7619
Bangalore,2017,1562,3593,677,5832
Jodhpur,2017,659,4990,737,6386
Chennai,2018,2939,3492,1331,7762
Chennai,2019,2585,4113,1259,7957
Nagpur,2017,2865,3695,712,7272
Bhopal,2019,2313,3964,1223,7500
Pune,2019,1073,2922,1630,5625
Kolkata,2018,2340,3541,1604,7485
Ranchi,2017,2184,3082,1115,6381
Guwahati,2018,922,4588,639,6149
Jabalpur,2017,651,1824,737,3212
Ahmedabad,2019,1097,3277,1019,5393
Pune,2018,1677,1527,1127,4331
Bangalore,2018,1551,3687,1189,6427
Dhanbad,2018,1949,3080,506,5535
Jodhpur,2019,2391,2070,380,4841
Allahabad,2017,2198,3470,309,5977
Agra,2017,2978,4895,897,8770
Chandigarh,2019,756,1567,317,2640
Aurangabad,2019,1921,1265,546,3732
Patna,2019,1942,4861,465,7268
Ghaziabad,2018,1396,4991,488,6875
Coimbatore,2017,2248,4073,1446,7767
Patna,2018,1282,2780,1179,5241
Ranchi,2018,1225,4523,1760,7508
Jabalpur,2019,2029,3160,1951,7140
Thane,2019,809,3570,1536,5915
Visakhapatnam,2019,2639,2713,678,6030
Faridabad,2019,1062,4385,766,6213
Hubli,2017,501,1797,849,3147
Bhopal,2019,2666,2747,1704,7117
Meerut,2018,1805,2933,1419,6157
Aurangabad,2018,1169,4811,1652,7632
Ranchi,2019,2648,1048,1826,5522
Varanasi,2019,2223,2233,742,5198
Ghaziabad,2019,2463,4269,1553,8285
Bangalore,2017,2790,3008,769,6567
Hyderabad,2019,1437,4478,1249,7164
Kalyan,2018,943,2356,1216,4515
Meerut,2018,2532,3670,1913,8115
Kota,2019,2545,1444,1489,5478
Nagpur,2019,1413,1298,1977,4688
Solapur,2018,1728,1104,1228,4060
Patna,2018,1228,2301,1277,4806
Pune,2019,514,4900,1918,7332
Visakhapatnam,2019,2678,2708,1989,7375
Meerut,2017,1574,942,483,2999
Vadodara,2017,1445,4070,1000,6515
Raipur,2019,1210,4880,1110,7200
Raipur,2018,513,3519,703,4735
Amritsar,2017,2757,1782,1042,5581
Jaipur,2019,801,2486,1920,5207
Indore,2018,1536,1971,1501,5008
Ghaziabad,2019,1018,4241,1307,6566
Aurangabad,2018,2672,2642,1668,6982
Agra,2018,2954,3786,1186,7926
Pune,2019,659,2371,1809,4839
Ahmedabad,2019,792,3822,1055,5669
Ghaziabad,2018,1354,1402,408,3164
Ludhiana,2019,1361,2355,1235,4951
Mumbai,2018,2064,1401,974,4439
Mumbai,2019,2443,3789,1710,7942
Solapur,2018,1869,1925,1003,4797
Howrah,2019,2262,3000,1632,6894
Navi Mumbai,2019,656,3346,1895,5897
Nashik,2017,1294,3545,435,5274
Raipur,2019,2610,4035,532,7177
Dhanbad,2018,1212,1098,907,3217
Vasai,2019,2402,2725,1656,6783
Bangalore,2019,842,3456,1789,6087
Jodhpur,2018,2584,1690,1729,6003
Delhi,2018,2366,3721,373,6460
Madurai,2019,2170,4516,1540,8226
Hyderabad,2017,2630,2652,1740,7022
Agra,2019,1716,1210,362,3288
Ludhiana,2018,2184,3543,954,6681
Kota,2017,2925,1424,1518,5867
Solapur,2018,2494,1520,913,4927
Delhi,2017,1598,4065,1078,6741
Kanpur,2017,878,4541,377,5796
Hubli,2018,1208,3275,683,5166
Bangalore,2017,581,2927,1795,5303
Vijayawada,2018,2505,4035,582,7122
Amritsar,2019,1922,850,456,3228
Vasai,2017,1967,2576,805,5348
Mumbai,2018,1271,1799,1414,4484
Chennai,2017,983,2847,1205,5035
Ahmedabad,2018,1793,2073,676,4542
Raipur,2019,1581,3152,1539,6272
Srinagar,2019,1601,1657,410,3668
Ghaziabad,2017,2728,3198,1671,7597
Amritsar,2018,1063,1619,1859,4541
Dhanbad,2019,581,4052,1552,6185
Hyderabad,2019,763,3381,584,4728
Nagpur,2017,1088,1878,485,3451
Raipur,2019,2913,2179,1258,6350
Ranchi,2018,683,3711,356,4750
Indore,2017,1825,3780,531,6136
Nashik,2017,2495,2554,907,5956
Jaipur,2017,601,2011,447,3059
Chennai,2017,2039,4910,1420,8369
Raipur,2019,846,2127,506,3479
Thane,2017,1816,1353,1231,4400
Kolkata,2017,1243,3378,858,5479
Mumbai,2017,1281,4162,545,5988
Ghaziabad,2018,773,2036,855,3664
Vasai,2019,1479,2629,1816,5924
Guwahati,2018,1363,4108,1256,6727
Patna,2019,2396,4411,1893,8700
Solapur,2018,1218,4077,1596,6891
Rajkot,2018,801,3191,1692,5684
Srinagar,2019,863,2175,1270,4308
Ludhiana,2017,1275,1241,990,3506
Hyderabad,2019,2154,4956,1231,8341
Ahmedabad,2017,1808,2368,1014,5190
Ludhiana,2019,1839,2473,495,4807
Jaipur,2017,1794,4611,1071,7476
Jodhpur,2017,895,4507,1942,7344
Chandigarh,2017,1892,2637,411,4940
Faridabad,2017,2402,4146,615,7163
Jabalpur,2019,903,2616,1645,5164
Solapur,2018,2085,3622,375,6082
Bangalore,2018,1683,4997,1241,7921
Jabalpur,2017,2323,4062,1311,7696
Ranchi,2017,1469,2532,482,4483
Patna,2017,1319,2379,839,4537
Agra,2019,2215,4846,427,7488
Howrah,2018,2535,3707,1982,8224
Kolkata,2019,1976,4311,1431,7718
Chennai,2018,1435,1774,1901,5110
Jodhpur,2019,2269,3678,1884,7831
Allahabad,2018,2086,4425,727,7238
Delhi,2017,1557,2122,1267,4946
Faridabad,2017,2502,1075,1521,5098
Faridabad,2019,624,4934,1830,7388
Allahabad,2018,2148,2802,1486,6436
Vadodara,2019,1529,1008,800,3337
Navi Mumbai,2018,2702,4652,1001,8355
Ranchi,2018,2172,1609,1973,5754
Ranchi,2018,1407,2566,1029,5002
Jodhpur,2017,724,1838,1844,4406
Raipur,2017,827,1115,1131,3073
Rajkot,2017,967,1574,808,3349
Navi Mumbai,2019,2780,4308,1151,8239
Nagpur,2018,1845,2703,561,5109
Meerut,2019,593,1971,834,3398
Srinagar,2017,1858,2749,634,5241
Jodhpur,2017,2067,2787,765,5619
Gwalior,2017,1101,1759,531,3391
Kalyan,2017,666,2336,1257,4259
Jabalpur,2019,2509,2960,1679,7148
Amritsar,2019,2546,1162,943,4651
Gwalior,2019,1273,3866,1347,6486
Raipur,2018,2049,1092,1726,4867
Hyderabad,2017,687,3267,886,4840
Navi Mumbai,2018,603,2016,1796,4415
Bhopal,2018,1654,2369,1941,5964
Solapur,2017,1362,4957,900,7219
Hubli,2018,1100,1801,634,3535
Pune,2017,1323,1237,1934,4494
Jaipur,2018,1221,2378,1018,4617
Hyderabad,2017,1132,2289,1022,4443
Guwahati,2019,551,3314,695,4560
Coimbatore,2019,661,2435,1237,4333
Madurai,2017,1122,4930,1899,7951
Navi Mumbai,2019,711,2043,1035,3789
Varanasi,2018,2091,4549,1939,8579
Hyderabad,2018,1676,1814,995,4485
Lucknow,2019,1277,4016,977,6270
Allahabad,2018,811,2798,656,4265
Madurai,2017,2107,4200,1313,7620
Kota,2017,2494,4717,1686,8897
Hyderabad,2018,1301,2567,1549,5417
Guwahati,2018,1649,876,803,3328
Howrah,2018,651,1913,1904,4468
Raipur,2017,1317,3194,1378,5889
Ghaziabad,2017,2587,807,1851,5245
Aurangabad,2019,2079,2837,461,5377
Varanasi,2018,1117,2023,797,3937
Chandigarh,2018,2418,2685,646,5749
Lucknow,2017,2104,1420,1691,5215
Chennai,2019,2848,2943,1913,7704
Srinagar,2018,1293,973,1134,3400
Vijayawada,2017,673,2166,461,3300
Kota,2018,826,1673,824,3323
Raipur,2018,1159,2746,422,4327
Faridabad,2017,2852,2888,1642,7382
Solapur,2019,1885,3858,1703,7446
Jaipur,2019,2086,4050,634,6770
Mumbai,2017,2065,2350,1485,5900
Visakhapatnam,2019,578,2224,897,3699
Nagpur,2019,1208,2805,655,4668
Delhi,2019,2148,3220,1301,6669
Vijayawada,2018,2876,2521,384,5781
Coimbatore,2017,2115,3514,1981,7610
Delhi,2019,1403,1890,1737,5030
Vadodara,2019,1154,1786,823,3763
Pune,2019,1747,4765,604,7116
Jaipur,2019,1971,1063,1161,4195
Bangalore,2019,1031,1623,654,3308
Kalyan,2019,2976,1759,1514,6249
Kolkata,2019,2153,2013,1808,5974
Dhanbad,2017,1745,3796,1108,6649
Aurangabad,2017,1853,3343,468,5664
Lucknow,2018,1466,2944,1807,6217
Rajkot,2018,1851,1787,739,4377
Agra,2017,1656,2463,739,4858
Kota,2017,2307,4206,470,6983
Aurangabad,2019,2504,3956,1097,7557
Mumbai,2018,1323,2624,656,4603
Solapur,2018,2308,939,748,3995
Ahmedabad,2019,1516,4792,1006,7314
Mumbai,2019,901,1477,1502,3880
Guwahati,2019,2729,3521,930,7180
Faridabad,2017,1290,1945,1929,5164
Pune,2017,1857,3134,991,5982
Bhopal,2018,2731,3457,1768,7956
Faridabad,2017,968,2542,1655,5165
Kota,2018,2509,4548,515,7572
Pune,2018,2624,1287,368,4279
Nagpur,2017,1394,4170,1251,6815
Coimbatore,2017,1414,964,1638,4016
Agra,2018,1190,2727,1046,4963
Indore,2018,1073,1144,1227,3444
Chandigarh,2017,954,1271,1577,3802
Raipur,2019,2956,4638,407,8001
Varanasi,2017,1000,4988,447,6435
Rajkot,2017,2865,2250,361,5476
Lucknow,2018,968,1809,1883,4660
Kanpur,2018,1656,2616,1011,5283
Ghaziabad,2017,1379,1195,1227,3801
Meerut,2018,725,2658,877,4260
Solapur,2018,1537,3917,980,6434
Kanpur,2018,2514,4981,1018,8513
Navi Mumbai,2019,2480,4104,1384,7968
Jaipur,2019,1516,2656,1254,5426
Raipur,2017,658,4639,845,6142
Ranchi,2018,2446,3491,1912,7849
Ahmedabad,2018,830,1897,1211,3938
Nagpur,2018,2882,3415,1337,7634
Chandigarh,2017,714,1349,535,2598
Visakhapatnam,2019,2766,4731,1333,8830
Madurai,2019,1928,2279,429,4636
Pune,2019,1121,1600,1640,4361
Delhi,2019,1937,4718,1331,7986
Ghaziabad,2019,1686,3543,1090,6319
Howrah,2017,1673,1868,538,4079
Nagpur,2019,711,3047,1589,5347
Delhi,2018,1988,4582,1807,8377
Vijayawada,2017,2573,3835,410,6818
Solapur,2019,1079,911,1727,3717
Vadodara,2018,1292,2244,857,4393
Vadodara,2018,886,4915,1706,7507
Gwalior,2018,2128,4628,1995,8751
Kota,2019,1700,4562,1697,7959
Solapur,2019,1117,2579,1263,4959
Navi Mumbai,2018,2666,3239,329,6234
Kota,2018,2621,3030,656,6307
Bhopal,2018,1428,1770,1241,4439
Dhanbad,2017,2732,1985,868,5585
Pune,2018,1275,3284,362,4921
Kanpur,2018,2209,2501,1474,6184
Faridabad,2018,1733,3157,1634,6524
Varanasi,2017,2805,1773,1537,6115
Coimbatore,2018,1095,2856,1882,5833
Nashik,2018,1028,1398,1006,3432
Navi Mumbai,2019,2034,2335,562,4931
Faridabad,2019,1062,4580,1730,7372
Delhi,2019,2969,4905,308,8182
Delhi,2018,2030,3111,1477,6618
Lucknow,2017,2768,3628,1807,8203
Pune,2017,2835,4930,1654,9419
Chandigarh,2018,1209,2514,1401,5124
Dhanbad,2019,565,4399,1843,6807
Coimbatore,2018,1496,4642,1893,8031
Howrah,2019,2402,3694,964,7060
Howrah,2019,1597,1593,945,4135
Coimbatore,2018,1518,4701,1950,8169
Kolkata,2018,1791,2279,1853,5923
Gwalior,2018,759,1712,1580,4051
Gwalior,2017,2553,2542,340,5435
Ahmedabad,2018,2852,1470,1356,5678
Coimbatore,2018,1409,3606,312,5327
Raipur,2017,2455,4299,1212,7966
Ghaziabad,2017,2982,2480,304,5766
Agra,2017,1101,4131,856,6088
Bhopal,2019,1983,3721,1539,7243
Vasai,2018,980,4639,1088,6707
Jabalpur,2018,1883,2897,1388,6168
Howrah,2019,980,4553,341,5874
Kanpur,2018,2209,1773,1583,5565
Navi Mumbai,2019,2605,3355,555,6515
Howrah,2019,733,2639,1669,5041
Chennai,2019,2677,4071,1249,7997
Thane,2017,792,1267,1675,3734
Nagpur,2017,2270,3728,1935,7933
Agra,2019,1894,3194,466,5554
Allahabad,2017,2708,3504,1886,8098
Bangalore,2019,1587,1399,1460,4446
Bangalore,2019,2879,2049,1826,6754
Rajkot,2017,2072,4552,883,7507
Aurangabad,2017,1105,1369,1445,3919
Kota,2018,723,3684,776,5183
Bhopal,2018,1718,2088,822,4628
Jodhpur,2019,1778,1184,832,3794
Madurai,2018,841,3207,1931,5979
Hyderabad,2017,1721,4585,846,7152
Guwahati,2018,2544,2137,1967,6648
Bangalore,2017,1049,2994,422,4465
Bhopal,2018,1668,2347,309,4324
Jabalpur,2019,2262,1926,1199,5387
Howrah,2018,2597,1585,904,5086
Lucknow,2017,2982,821,1268,5071
Hyderabad,2019,1675,2275,962,4912
Amritsar,2017,1010,4351,875,6236
Amritsar,2018,1305,4690,1362,7357
Solapur,2018,2935,898,1546,5379
Bhopal,2019,1785,2828,458,5071
Varanasi,2017,2442,3571,1769,7782
Solapur,2018,2766,3427,846,7039
Aurangabad,2017,2663,919,811,4393
Madurai,2019,1054,4007,596,5657
Indore,2019,1265,882,1422,3569
Aurangabad,2017,1342,1307,959,3608
Jodhpur,2018,684,2905,1585,5174
Indore,2017,2810,958,1070,4838
Coimbatore,2019,2753,4713,1600,9066
Kalyan,2018,1092,4418,1401,6911
Chennai,2017,835,912,315,2062
Bhopal,2017,919,2731,763,4413
Vijayawada,2017,1443,1881,1454,4778
Hubli,2019,633,1955,1876,4464
Hyderabad,2017,772,3515,1247,5534
Thane,2017,874,1017,507,2398
Gwalior,2017,512,1017,532,2061
Pune,2019,1404,1252,1624,4280
Kolkata,2017,955,2495,470,3920
Srinagar,2019,2561,4734,1544,8839
Indore,2019,1030,3381,1860,6271
Kanpur,2018,816,2407,746,3969
Aurangabad,2017,1095,3809,1773,6677
Delhi,2019,1670,1259,1888,4817
Jodhpur,2019,2627,3868,1926,8421
Nashik,2018,2619,4328,1326,8273
Jaipur,2019,1325,3366,1468,6159
Kanpur,2019,2588,2618,589,5795
Meerut,2017,1808,1153,816,3777
Raipur,2018,1384,3811,1570,6765
Indore,2019,1296,4745,717,6758
Nagpur,2019,1257,2854,930,5041
Aurangabad,2017,1014,2676,798,4488
Aurangabad,2018,2724,1425,1179,5328
Ludhiana,2018,886,4835,364,6085
Delhi,2017,2622,3570,1102,7294
Agra,2018,1054,1369,707,3130
Thane,2017,1272,1486,1538,4296
Patna,2018,937,1566,1310,3813
Amritsar,2018,872,3543,1667,6082
Delhi,2017,1010,4689,1248,6947
Rajkot,2018,1886,2005,1016,4907
Hyderabad,2017,2175,4388,1230,7793
Meerut,2018,1853,2071,719,4643
Ludhiana,2018,668,1349,869,2886
Nashik,2017,1326,2812,1102,5240
Guwahati,2017,1314,1038,1349,3701
Srinagar,2019,805,1432,557,2794
Jaipur,2019,2515,3470,629,6614
Allahabad,2019,2519,2178,773,5470
Chennai,2018,2419,2519,930,5868
Allahabad,2017,1653,2482,1552,5687
Ranchi,2017,1782,883,1315,3980
Aurangabad,2019,1496,2476,854,4826
Vadodara,2019,2867,2940,1852,7659
Agra,2018,574,2890,910,4374
Guwahati,2017,2105,1863,1561,5529
Ahmedabad,2018,506,4313,1265,6084
Chandigarh,2018,1808,4121,365,6294
Bangalore,2019,2799,3036,1543,7378
Kanpur,2018,1300,1419,551,3270
Thane,2017,2890,2076,1167,6133
Visakhapatnam,2017,587,2819,394,3800
Ghaziabad,2019,1698,3630,1065,6393
Madurai,2018,1758,4532,325,6615
Nagpur,2019,918,3885,1204,6007
Nagpur,2018,804,3554,315,4673
Amritsar,2019,2410,1668,364,4442
Hubli,2017,707,2619,1709,5035
Rajkot,2018,2001,1219,1334,4554
Rajkot,2019,1621,4379,1597,7597
Gwalior,2017,555,2282,1018,3855
Patna,2019,913,4142,1446,6501
Allahabad,2019,516,2643,485,3644
Coimbatore,2019,1413,900,828,3141
Gwalior,2019,2672,4987,753,8412
Ranchi,2019,2168,3103,1753,7024
Vadodara,2018,1651,4715,1796,8162
Ranchi,2017,1839,4575,342,6756
Vijayawada,2018,2617,1949,473,5039
Mumbai,2019,933,3674,1488,6095
Guwahati,2017,1616,3043,579,5238
Jodhpur,2017,763,1500,449,2712
Srinagar,2019,1355,2590,573,4518
Indore,2017,1161,4236,1477,6874
Jodhpur,2017,1844,2509,1675,6028
Nashik,2017,2890,2204,331,5425
Raipur,2019,607,2367,1238,4212
Hubli,2018,1174,2546,1952,5672
Coimbatore,2018,1704,3035,417,5156
Bangalore,2018,2938,1405,1369,5712
Navi Mumbai,2018,2194,3194,675,6063
Gwalior,2019,704,4023,754,5481
Lucknow,2019,2097,4200,692,6989
Allahabad,2018,1166,2761,813,4740
Ahmedabad,2018,1390,1339,1146,3875
Kalyan,2018,2410,3977,654,7041
Srinagar,2018,1649,961,641,3251
Aurangabad,2017,2901,2315,1340,6556
Madurai,2019,1033,1635,765,3433
Pune,2019,1383,4196,1769,7348
Hyderabad,2019,1365,4968,1372,7705
Bangalore,2017,744,3892,1076,5712
Varanasi,2019,2368,1039,1742,5149
Chennai,2017,726,2121,1393,4240
Chennai,2017,1439,2959,1469,5867
Kota,2019,1427,3236,1585,6248
Nashik,2017,2034,3200,1502,6736
Jabalpur,2017,2123,3020,1330,6473
Ranchi,2019,1200,4985,938,7123
Srinagar,2017,1657,2751,622,5030
Allahabad,2019,1766,2768,1107,5641
Delhi,2018,1250,2656,1506,5412
Kota,2019,1221,3046,558,4825
Rajkot,2017,2129,3387,1504,7020
Pune,2018,650,2181,1715,4546
Delhi,2018,2328,4353,1231,7912
Kolkata,2018,1564,2652,1936,6152
Bhopal,2018,2312,3054,1785,7151
Rajkot,2018,2393,3183,574,6150
Hyderabad,2017,2951,4612,1575,9138
Vasai,2019,2416,2926,1611,6953
Kota,2017,619,2431,1173,4223
Nagpur,2019,2356,2598,1515,6469
Agra,2017,2265,3622,1520,7407
Srinagar,2018,2442,3108,1565,7115
Mumbai,2018,871,2301,367,3539
Ghaziabad,2019,2805,3485,651,6941
Meerut,2019,1107,2989,1642,5738
Lucknow,2019,1688,4888,1847,8423
Kanpur,2019,638,1564,759,2961
Patna,2019,2134,1048,1704,4886
Srinagar,2018,834,2826,1234,4894
Jabalpur,2017,2293,2672,1104,6069
Vasai,2019,643,4065,517,5225
Srinagar,2017,1796,3521,1263,6580
Chennai,2017,2520,1230,350,4100
Bhopal,2017,1242,875,1988,4105
Jabalpur,2017,1585,3108,447,5140
Vasai,2019,989,2330,1410,4729
Kota,2019,2540,4067,1826,8433
Faridabad,2018,951,2925,763,4639
Indore,2017,1572,4734,509,6815
Amritsar,2019,863,1273,664,2800
Bhopal,2018,1315,2248,1977,5540
Ghaziabad,2019,2975,4004,1949,8928
Ahmedabad,2019,1407,2771,1819,5997
Kanpur,2017,2817,4818,1878,9513
Varanasi,2019,1296,4190,979,6465
Vasai,2019,1258,2519,521,4298
Ranchi,2018,1880,1096,1755,4731
Solapur,2019,1498,4755,453,6706
Indore,2018,2230,981,1154,4365
Amritsar,2018,595,2710,887,4192
Guwahati,2017,1930,2758,758,5446
Ludhiana,2019,2911,1600,1015,5526
Vijayawada,2017,1452,2348,1199,4999
Chandigarh,2019,689,907,1886,3482
Kota,2018,945,4618,1557,7120
Ranchi,2017,2893,888,1361,5142
Ghaziabad,2017,1683,1792,608,4083
Aurangabad,2019,2639,4364,1227,8230
Madurai,2018,705,4201,1319,6225
Ghaziabad,2017,2823,2225,1054,6102
Amritsar,2017,1622,3951,903,6476
Varanasi,2018,2289,1501,1683,5473
Rajkot,2019,2236,1747,731,4714
Kota,2019,933,1908,1673,4514
Chennai,2018,1657,4879,1032,7568
Ranchi,2018,2330,1795,345,4470
Navi Mumbai,2017,656,2033,1779,4468
Meerut,2019,1759,2511,1180,5450
Delhi,2017,1410,3418,1544,6372
Lucknow,2017,2842,4560,869,8271
Dhanbad,2019,975,3954,310,5239
Ludhiana,2017,2504,2920,1200,6624
Chandigarh,2018,2905,4651,667,8223
Varanasi,2017,1819,949,1915,4683
Indore,2017,2430,4722,1622,8774
Jodhpur,2017,2031,2031,332,4394
Guwahati,2017,2502,866,896,4264
Patna,2019,2745,4327,670,7742
Vijayawada,2019,2799,3371,1621,7791
Visakhapatnam,2019,2125,4014,474,6613
Solapur,2018,563,998,1547,3108
Jodhpur,2019,2724,3105,559,6388
Kalyan,2018,911,3782,1864,6557
Delhi,2017,2036,2029,1770,5835
Kota,2019,1428,2419,1010,4857
Jaipur,2019,1841,3987,1480,7308
Jodhpur,2019,2676,2318,601,5595
Lucknow,2019,1225,1242,1013,3480
Bhopal,2018,2945,1031,626,4602
Rajkot,2017,1155,1342,1834,4331
Vasai,2017,782,4707,1629,7118
Thane,2019,2015,1804,621,4440
Jaipur,2017,1067,1081,616,2764
Hubli,2018,1092,3687,709,5488
Jabalpur,2018,900,2299,1880,5079
Ahmedabad,2018,2685,1089,1654,5428
Jaipur,2019,2230,826,1362,4418
Meerut,2017,2934,2954,1176,7064
Vadodara,2018,685,826,1924,3435
Varanasi,2018,553,4097,1353,6003
Nashik,2017,702,2450,1847,4999
Lucknow,2017,1094,1369,412,2875
Chennai,2018,2677,2762,1117,6556
Mumbai,2017,1648,1590,1833,5071
Ranchi,2018,2223,4878,682,7783
Nashik,2017,1723,3847,1931,7501
Navi Mumbai,2017,718,1442,839,2999
Solapur,2018,2482,3863,364,6709
Kanpur,2018,2528,3364,500,6392
Kota,2018,670,4272,1122,6064
Rajkot,2019,928,4615,1333,6876
Jabalpur,2019,1640,3736,1882,7258
Delhi,2017,1790,2310,1161,5261
Navi Mumbai,2018,1529,4156,1360,7045
Madurai,2017,1066,901,1741,3708
Meerut,2019,1955,2551,1752,6258
Ahmedabad,2019,971,4711,538,6220
Ghaziabad,2017,1115,2686,1368,5169
Bangalore,2017,1068,2812,1352,5232
Mumbai,2018,910,4361,643,5914
Kolkata,2019,703,4464,1636,6803
Kanpur,2019,2938,4843,1266,9047
Jaipur,2017,591,3943,465,4999
Mumbai,2019,1746,1281,679,3706
Visakhapatnam,2019,939,3950,1418,6307
Solapur,2017,1352,2842,1036,5230
Delhi,2018,1917,4184,1237,7338
Lucknow,2019,2010,2399,1211,5620
Howrah,2017,1681,4850,1977,8508
Kanpur,2019,1959,2468,1623,6050
Visakhapatnam,2018,935,4171,442,5548
Thane,2019,2312,3071,1506,6889
Visakhapatnam,2018,2995,4320,404,7719
Allahabad,2019,1679,1824,585,4088
Solapur,2019,1763,3444,728,5935
Chennai,2019,2032,3854,405,6291
Ludhiana,2017,1503,3475,1019,5997
Varanasi,2017,1892,3265,646,5803
Mumbai,2018,975,3672,1057,5704
Nagpur,2018,554,3134,1571,5259
Madurai,2018,2311,3207,1580,7098
Madurai,2017,924,4322,1176,6422
Bangalore,2018,615,1074,1264,2953
Bangalore,2019,653,4399,747,5799
Bhopal,2018,2482,3408,1582,7472
Guwahati,2018,933,3726,1577,6236
Agra,2017,705,2094,1759,4558
Thane,2019,835,4370,1201,6406
Jabalpur,2017,2702,2254,1440,6396
Kalyan,2019,1271,4394,1383,7048
Visakhapatnam,2017,1633,2942,1091,5666
Madurai,2017,2783,2955,1450,7188
Madurai,2017,2498,4508,1031,8037
Nagpur,2018,1597,3731,1076,6404
Guwahati,2017,898,3580,427,4905
Nagpur,2019,816,3882,1543,6241
Jaipur,2017,1704,4025,1980,7709
Kota,2018,2171,1625,1154,4950
Bhopal,2018,666,1877,1813,4356
Solapur,2017,2389,2470,746,5605
Kanpur,2019,2009,1676,988,4673
Aurangabad,2018,2091,4461,649,7201
Ahmedabad,2017,2637,4043,346,7026
Vadodara,2018,2279,2500,1669,6448
Srinagar,2018,1960,859,1194,4013
Chennai,2017,2386,1527,731,4644
Chennai,2018,1291,4636,818,6745
Bhopal,2018,1002,4195,1101,6298
Pune,2017,1166,1942,1620,4728
Howrah,2017,2333,1846,1603,5782
Visakhapatnam,2017,865,861,1432,3158
Amritsar,2018,813,1642,934,3389
Ahmedabad,2017,953,4935,1431,7319
Dhanbad,2017,1817,2288,1001,5106
Howrah,2017,570,3050,742,4362
Dhanbad,2018,584,4508,399,5491
Jabalpur,2018,1202,4119,601,5922
Jaipur,2017,737,1605,1377,3719
Coimbatore,2019,2033,3386,1891,7310
Lucknow,2019,1693,3999,1390,7082
Nashik,2018,2563,2110,723,5396
Navi Mumbai,2019,1761,4947,1771,8479
Vadodara,2017,618,2318,433,3369
Allahabad,2018,2613,3997,481,7091
Lucknow,2017,1062,2327,1307,4696
Hubli,2019,2735,2609,1399,6743
Thane,2019,2707,4165,1204,8076
Bhopal,2017,1742,3491,1514,6747
Howrah,2019,763,981,1489,3233
Madurai,2018,2754,2334,1868,6956
Howrah,2019,2207,1722,1905,5834
Mumbai,2018,2062,1057,1854,4973
Vadodara,2019,2265,2993,1178,6436
Indore,2019,1094,4844,702,6640
Ludhiana,2017,2121,4370,421,6912
Jaipur,2018,2546,3496,1410,7452
Bhopal,2017,1123,2950,1478,5551
Nagpur,2019,2602,4289,499,7390
Gwalior,2017,1537,1081,1592,4210
Kota,2017,1527,2161,1145,4833
Amritsar,2018,1045,1630,1891,4566
Nashik,2019,1754,2998,573,5325
Amritsar,2017,2377,1365,1849,5591
Bangalore,2017,1289,1035,1903,4227
Amritsar,2017,877,3188,518,4583
Indore,2017,2321,1909,1753,5983
Kota,2019,2375,3472,489,6336
Ranchi,2019,1920,2985,408,5313
Nagpur,2018,1385,1888,1780,5053
Ranchi,2018,2092,4760,980,7832
Delhi,2017,1713,3657,752,6122
Nashik,2017,2874,1119,1072,5065
Bangalore,2017,1405,4420,1582,7407
Navi Mumbai,2018,1624,4954,1909,8487
Kota,2017,2629,4678,1880,9187
Vijayawada,2019,886,4633,1343,6862
Ahmedabad,2017,1353,3678,862,5893
Jaipur,2019,2308,4182,1332,7822
Nagpur,2019,2206,3490,1949,7645
Chandigarh,2019,2753,2595,1323,6671
Visakhapatnam,2019,1063,2868,1340,5271
Vadodara,2018,2750,1289,1654,5693
Delhi,2019,2439,1974,1929,6342
Nashik,2017,2484,3331,319,6134
Mumbai,2017,2414,4478,643,7535
Thane,2017,2560,4384,919,7863
Indore,2019,2398,4683,1852,8933
Aurangabad,2018,1765,2293,1414,5472
Bangalore,2017,2893,1703,1811,6407
Rajkot,2017,2735,1704,764,5203
Raipur,2018,679,3389,310,4378
Coimbatore,2018,2709,3877,1596,8182
Vadodara,2017,2151,1309,876,4336
Visakhapatnam,2017,2616,3261,1383,7260
Faridabad,2019,2973,3694,1963,8630
Mumbai,2019,1844,4525,1617,7986
Meerut,2017,2644,2325,971,5940
Hyderabad,2019,1105,4684,1183,6972
Patna,2018,602,1921,788,3311
Visakhapatnam,2017,2100,3037,1001,6138
Vadodara,2019,722,3611,940,5273
Navi Mumbai,2017,1863,4163,503,6529
Kolkata,2018,849,1402,1563,3814
Kolkata,2019,1250,2476,1943,5669
Delhi,2017,1954,2895,1314,6163
Dhanbad,2019,589,966,898,2453
Amritsar,2018,1965,3864,1303,7132
Vijayawada,2019,1483,4145,1577,7205
Kanpur,2018,1251,1954,1524,4729
Raipur,2018,516,1547,640,2703
Vadodara,2019,2160,1379,932,4471
Aurangabad,2018,1739,2312,1741,5792
Hubli,2018,824,2443,795,4062
Srinagar,2017,1018,3412,915,5345
Gwalior,2017,2913,1747,1056,5716
Raipur,2017,714,4394,473,5581
Pune,2019,2638,4986,1014,8638
Chandigarh,2017,2876,2214,521,5611
Ahmedabad,2017,2971,2111,791,5873
Allahabad,2017,742,2024,832,3598
Madurai,2019,2736,4204,1839,8779
Amritsar,2017,1349,1194,1027,3570
Nashik,2017,2289,3252,1388,6929
Ghaziabad,2019,2414,3161,1715,7290
Ahmedabad,2019,1163,1238,1451,3852
Bhopal,2017,1490,1704,826,4020
Srinagar,2017,1798,948,612,3358
Jodhpur,2019,935,1308,1537,3780
Visakhapatnam,2019,2580,3988,775,7343
Indore,2018,517,1508,1955,3980
Vasai,2017,1962,1860,422,4244
Patna,2017,640,1373,753,2766
Jaipur,2019,1489,1842,618,3949
Dhanbad,2019,2732,2842,965,6539
Ranchi,2018,2359,1832,1687,5878
Srinagar,2019,1877,2099,570,4546
Raipur,2017,2554,1811,1097,5462
Indore,2019,2305,2851,1316,6472
Coimbatore,2017,2000,2310,471,4781
Mumbai,2019,1114,2584,1963,5661
Meerut,2018,2025,4379,1363,7767
Amritsar,2017,2380,4748,615,7743
Ghaziabad,2018,664,3852,519,5035
Hyderabad,2017,1882,1015,493,3390
Ahmedabad,2019,2945,2265,1430,6640
Pune,2018,2871,890,1728,5489
Agra,2018,1884,1507,564,3955
Vasai,2018,2980,4138,931,8049
Vasai,2017,1470,1059,1367,3896
Dhanbad,2019,2916,2928,1415,7259
Srinagar,2018,1212,2688,1670,5570
Rajkot,2018,2635,2351,949,5935
Amritsar,2019,912,3829,1565,6306
Meerut,2018,1532,2257,1223,5012
Kalyan,2017,2676,2999,1112,6787
Mumbai,2018,2094,1734,1790,5618
Jodhpur,2017,596,3801,781,5178
Gwalior,2017,2102,1521,1022,4645
Ranchi,2019,1994,3174,301,5469
Amritsar,2018,2857,2883,1249,6989
Coimbatore,2019,2473,1759,940,5172
Kota,2017,2919,4528,1914,9361
Lucknow,2018,748,2749,832,4329
Lucknow,2019,2231,2947,1576,6754
Jodhpur,2019,2494,2578,828,5900
Kota,2019,853,1328,1817,3998
Navi Mumbai,2019,1190,1293,535,3018
Varanasi,2019,2261,4826,1868,8955
Kanpur,2018,2207,3553,317,6077
Kota,2017,545,2456,524,3525
Rajkot,2019,505,992,651,2148
Ahmedabad,2018,2507,3548,304,6359
Varanasi,2019,611,2524,1931,5066
Amritsar,2018,1861,3684,539,6084
Vijayawada,2019,1220,1541,789,3550
Ghaziabad,2019,940,4286,1406,6632
Vasai,2019,749,4863,827,6439
Solapur,2017,2421,2820,1863,7104
Lucknow,2017,2767,4814,805,8386
Hyderabad,2019,1273,2773,1402,5448
Hubli,2017,888,3028,1014,4930
Bhopal,2019,1872,3350,1217,6439
Indore,2019,1079,1313,371,2763
Thane,2017,1779,4521,1751,8051
Chennai,2019,739,4874,1551,7164
Jabalpur,2018,2361,3323,964,6648
Delhi,2017,2229,1630,1349,5208
Vijayawada,2018,638,2714,1725,5077
Aurangabad,2018,695,3396,1719,5810
Agra,2019,835,3621,1942,6398
Allahabad,2018,758,1279,1299,3336
Lucknow,2018,1633,2709,637,4979
Nagpur,2018,2736,4907,1632,9275
Agra,2019,1692,4026,1129,6847
Allahabad,2018,1137,3726,1400,6263
Jaipur,2017,2514,4968,1765,9247
Ranchi,2017,2489,3666,517,6672
Kolkata,2018,771,1643,887,3301
Allahabad,2017,2381,2566,940,5887
Jodhpur,2017,612,1022,1878,3512
Dhanbad,2018,1084,1170,1080,3334
Nashik,2017,2037,4400,1066,7503
Amritsar,2017,1113,868,702,2683
Allahabad,2017,1164,1300,1301,3765
Jabalpur,2018,1216,3052,1757,6025
Guwahati,2019,926,2917,1341,5184
Dhanbad,2018,1423,4711,1003,7137
Mumbai,2019,1527,1824,1681,5032
Ranchi,2017,2528,3839,722,7089
Ahmedabad,2019,2400,4999,822,8221
Dhanbad,2019,805,3571,1245,5621
Faridabad,2019,597,1848,893,3338
Solapur,2019,574,1394,753,2721
Lucknow,2017,2037,927,565,3529
Ahmedabad,2018,1444,1992,1205,4641
Coimbatore,2018,1788,2673,604,5065
Allahabad,2019,2194,4627,1766,8587
Pune,2018,2730,2688,1455,6873
Jaipur,2017,1522,3976,474,5972
Vasai,2019,2596,842,322,3760
Kota,2017,568,1703,1460,3731
Pune,2018,2667,3142,948,6757
Bangalore,2017,2068,4122,1872,8062
Vasai,2019,1905,2211,387,4503
Ahmedabad,2017,2749,2681,708,6138
Gwalior,2019,1559,4704,1758,8021
Allahabad,2017,1670,1986,515,4171
Mumbai,2018,1275,4999,933,7207
Vijayawada,2018,2169,2873,1470,6512
Patna,2017,2623,882,1210,4715
Nashik,2018,1305,4522,1682,7509
Kolkata,2017,1587,4053,1318,6958
Jaipur,2017,2176,4493,404,7073
Nashik,2019,2195,2714,647,5556
Nashik,2018,1945,4194,558,6697
Hubli,2018,1555,1279,1924,4758
Srinagar,2019,2187,4700,1629,8516
Jabalpur,2019,1993,893,1201,4087
Hubli,2018,1544,1290,1135,3969
Faridabad,2019,2125,2224,1668,6017
Kota,2017,2503,2964,1446,6913
Vijayawada,2018,647,4079,1962,6688
Guwahati,2018,1405,2419,700,4524
Pune,2017,1340,906,1866,4112
Rajkot,2018,554,2025,552,3131
Rajkot,2017,1594,4356,1565,7515
Jaipur,2019,2877,4824,1585,9286
Bangalore,2019,1265,1557,772,3594
Aurangabad,2018,788,2057,308,3153
Ahmedabad,2019,640,4226,1348,6214
Delhi,2018,2214,2450,1728,6392
Solapur,2018,1107,3675,1276,6058
Srinagar,2019,1721,4571,910,7202
Solapur,2017,798,2440,1577,4815
Allahabad,2019,2043,4935,712,7690
Ghaziabad,2017,828,2535,1090,4453
Ahmedabad,2017,2113,3220,898,6231
Mumbai,2018,1343,2737,421,4501
Navi Mumbai,2019,1914,4442,593,6949
Faridabad,2017,1892,4717,992,7601
Jaipur,2019,1086,3737,1089,5912
Navi Mumbai,2018,2406,3484,982,6872
Meerut,2019,967,1303,1421,3691
Gwalior,2019,1763,866,519,3148
Thane,2019,2348,4807,1009,8164
Madurai,2019,1185,2392,645,4222
Vadodara,2018,2037,1554,1485,5076
Amritsar,2017,2276,4641,1422,8339
Allahabad,2019,2169,3299,1982,7450
Nagpur,2018,2669,4220,1163,8052
Kota,2017,730,2055,1174,3959
Indore,2018,535,1842,889,3266
Rajkot,2018,2009,4094,459,6562
Agra,2017,2608,862,1906,5376
Visakhapatnam,2017,2241,1917,1188,5346
Raipur,2019,2105,1207,1468,4780
Indore,2018,2928,1072,1932,5932
Aurangabad,2019,1118,4848,302,6268
Delhi,2019,1864,1378,1819,5061
Kalyan,2018,2518,3530,1962,8010
Amritsar,2018,2891,2469,681,6041
Bhopal,2017,1244,1906,1472,4622
Kalyan,2018,2551,4209,625,7385
Faridabad,2018,1875,2998,371,5244
Kalyan,2017,651,2437,1324,4412
Ahmedabad,2017,649,4721,1680,7050
Nashik,2019,2937,823,1880,5640
Srinagar,2018,2462,2482,1656,6600
Srinagar,2019,726,2280,1649,4655
Chandigarh,2017,1828,2275,1137,5240
Delhi,2018,1676,3317,1458,6451
Raipur,2017,1309,2659,1714,5682
Delhi,2017,1077,4085,1208,6370
Navi Mumbai,2018,1815,2900,1893,6608
Solapur,2018,2696,3554,1140,7390
Ahmedabad,2019,1906,1131,1710,4747
Amritsar,2018,793,2606,1612,5011
Navi Mumbai,2019,769,828,1607,3204
Navi Mumbai,2019,2088,2027,1565,5680
Kolkata,2019,1247,2838,686,4771
Chennai,2017,2916,2249,495,5660
Vadodara,2017,2766,1548,1572,5886
Coimbatore,2019,2456,2374,1526,6356
Amritsar,2019,1231,4328,1344,6903
Madurai,2019,2178,3923,1948,8049
Jaipur,2019,2378,1047,1848,5273
Vadodara,2019,1462,2649,1162,5273
Hyderabad,2017,2862,4143,343,7348
Faridabad,2019,1794,1458,1024,4276
Vasai,2019,1276,2806,1760,5842
Delhi,2018,2401,2998,1250,6649
Raipur,2018,1096,4053,1938,7087
Kanpur,2017,662,1339,697,2698
Kanpur,2018,1120,2594,1470,5184
Vasai,2019,800,4115,330,5245
Hyderabad,2018,1720,4849,380,6949
Mumbai,2019,1212,3356,370,4938
Raipur,2019,1208,2698,1107,5013
Kalyan,2019,1438,1342,730,3510
Visakhapatnam,2019,2838,2201,1537,6576
Srinagar,2018,2128,3307,375,5810
Kalyan,2019,2385,1994,314,4693
Chandigarh,2017,828,4639,753,6220
Navi Mumbai,2018,872,2392,1918,5182
Ranchi,2018,2325,2879,1770,6974
Meerut,2018,2921,3425,638,6984
Ghaziabad,2018,1729,2619,610,4958
Navi Mumbai,2018,1910,4534,848,7292
Dhanbad,2018,2067,3062,1879,7008
Jabalpur,2017,2820,2577,1799,7196
Visakhapatnam,2017,1632,4982,926,7540
Dhanbad,2019,2111,1978,603,4692
Guwahati,2018,2418,1765,1947,6130
Allahabad,2019,2760,2438,641,5839
Gwalior,2017,1171,2682,1781,5634
Dhanbad,2017,923,1271,484,2678
Jodhpur,2018,2234,1094,1859,5187
Jodhpur,2019,2170,4898,1604,8672
Nashik,2019,2111,4967,1669,8747
Guwahati,2019,2532,849,1867,5248
Vadodara,2018,2228,976,1506,4710
Pune,2018,1620,3469,1871,6960
Jaipur,2017,2254,2309,303,4866
Nashik,2018,1631,4843,846,7320
Ludhiana,2019,2184,2462,403,5049
Hubli,2019,2290,4707,1953,8950
Indore,2019,2576,1177,1153,4906
Agra,2019,952,2535,1512,4999
Delhi,2018,1553,2318,1473,5344
Aurangabad,2019,1873,3166,562,5601
Varanasi,2018,1609,1897,668,4174
Lucknow,2018,562,1841,1727,4130
Navi Mumbai,2017,608,3922,1383,5913
Kalyan,2018,823,1793,1690,4306
Madurai,2018,2697,4022,1866,8585
Chennai,2019,1149,4844,803,6796
Nagpur,2018,1777,1473,1857,5107
Bhopal,2019,2071,1453,1388,4912
Kota,2017,1099,3263,1892,6254
Vadodara,2019,1939,2334,466,4739
Hubli,2019,922,3822,1148,5892
Lucknow,2017,1652,3216,828,5696
Jabalpur,2017,886,2717,1646,5249
Jodhpur,2019,2425,3323,444,6192
Meerut,2018,660,4944,756,6360
Jodhpur,2019,2004,3697,980,6681
Patna,2018,2039,4097,1825,7961
Howrah,2018,2546,3581,1777,7904
Jabalpur,2019,2867,1589,953,5409
Delhi,2018,564,1067,1573,3204
Aurangabad,2017,1690,4109,823,6622
Ranchi,2017,1683,2491,1644,5818
Delhi,2019,2496,1187,1523,5206
Kota,2018,721,4129,896,5746
Varanasi,2018,2736,4085,1449,8270
Amritsar,2018,1450,4154,1360,6964
Dhanbad,2019,1632,4237,797,6666
Gwalior,2017,2720,1125,828,4673
Dhanbad,2019,1879,4580,1577,8036
Nagpur,2018,2543,3569,1837,7949
Meerut,2018,2592,2664,485,5741
Jodhpur,2019,1112,911,655,2678
Rajkot,2019,815,2556,926,4297
Nagpur,2019,813,3239,1277,5329
Pune,2019,1915,3488,1050,6453
Delhi,2017,1560,3213,1182,5955
Delhi,2018,2262,4865,334,7461
Vadodara,2019,1865,1940,995,4800
Bangalore,2017,759,4691,1893,7343
Raipur,2019,574,966,1837,3377
Dhanbad,2017,2387,1868,941,5196
Ghaziabad,2017,705,1162,499,2366
Coimbatore,2017,1967,4582,354,6903
Jabalpur,2017,810,4428,1274,6512
Gwalior,2017,1490,1158,584,3232
Nashik,2019,902,1971,880,3753
Amritsar,2018,1257,965,1578,3800
Allahabad,2019,2115,1892,1799,5806
Bhopal,2018,592,2334,1870,4796
Meerut,2018,2567,3536,832,6935
Dhanbad,2018,1082,2410,457,3949
Howrah,2019,566,2076,1507,4149
Jodhpur,2017,2582,4053,1261,7896
Indore,2017,587,4734,1878,7199
Aurangabad,2019,1334,3183,663,5180
Madurai,2018,1222,2137,1114,4473
Vadodara,2019,2470,1402,1491,5363
Hyderabad,2017,1697,4849,1292,7838
Dhanbad,2017,1242,1662,1076,3980
Thane,2018,2482,1452,1829,5763
Dhanbad,2017,2944,4589,646,8179
Ahmedabad,2018,1763,4831,1577,8171
Meerut,2017,1199,3521,1728,6448
Chennai,2018,1523,2520,943,4986
Lucknow,2018,2827,4395,1104,8326
Madurai,2019,1393,3255,1322,5970
Jaipur,2017,1769,957,1214,3940
Lucknow,2018,701,1721,1346,3768
Solapur,2017,2015,3007,1304,6326
Coimbatore,2019,1394,3759,1739,6892
Navi Mumbai,2018,2229,2635,1013,5877
Faridabad,2019,2969,1971,649,5589
Kolkata,2019,2313,1751,476,4540
Jabalpur,2018,1733,2272,1317,5322
Nagpur,2019,1606,2010,1147,4763
Vadodara,2018,605,2249,1059,3913
Varanasi,2017,821,1471,1518,3810
Delhi,2019,579,2001,445,3025
Solapur,2019,981,4071,1158,6210
Vijayawada,2018,797,3876,1972,6645
Howrah,2018,2304,4255,1948,8507
Vadodara,2019,2387,4977,968,8332
Vijayawada,2018,2414,2970,1911,7295
Vasai,2017,1739,3670,1898,7307
Kanpur,2018,2278,1276,1517,5071
Hubli,2019,2837,3350,1030,7217
Ahmedabad,2017,2934,4403,1228,8565
Jodhpur,2018,2963,4786,1929,9678
Ahmedabad,2019,898,2808,1716,5422
Allahabad,2017,1943,3467,992,6402
Madurai,2019,2692,3809,1345,7846
Hubli,2019,2735,4277,711,7723
Pune,2017,2821,897,1846,5564
Rajkot,2017,2525,3218,1681,7424
Srinagar,2017,569,3139,1799,5507
Gwalior,2019,690,3438,678,4806
Navi Mumbai,2018,2403,2944,1930,7277
Visakhapatnam,2019,639,3602,751,4992
Indore,2019,2147,2975,842,5964
Jabalpur,2017,2715,3432,578,6725
Jaipur,2019,1059,4801,636,6496
Faridabad,2017,1329,1292,627,3248
Navi Mumbai,2019,687,4578,793,6058
Ghaziabad,2017,1362,4607,1681,7650
Visakhapatnam,2019,1291,4487,1490,7268
Hubli,2017,1524,2866,627,5017
Srinagar,2018,2040,2093,1401,5534
Meerut,2017,825,4625,1213,6663
Vadodara,2017,2797,4206,1594,8597
Navi Mumbai,2018,1437,3866,1120,6423
Thane,2017,1677,1259,431,3367
Agra,2017,2079,2551,1966,6596
Kalyan,2019,1599,1509,367,3475
Kalyan,2017,2722,1244,1538,5504
Indore,2019,2004,1174,1027,4205
Bhopal,2018,921,1931,310,3162
Vijayawada,2018,2249,3342,1407,6998
Vasai,2018,2466,4289,778,7533
Ludhiana,2018,1654,4978,849,7481
Chandigarh,2017,1571,1568,793,3932
Chennai,2017,2750,3350,758,6858
Gwalior,2017,1645,1251,1399,4295
Vijayawada,2018,1825,2806,1785,6416
Kota,2018,2514,1916,1308,5738
Srinagar,2018,505,2892,983,4380
Varanasi,2019,1049,2218,1939,5206
Lucknow,2017,1596,3040,1744,6380
Jabalpur,2019,2014,4805,1396,8215
Ludhiana,2018,1001,3587,1167,5755
Howrah,2019,1067,985,1386,3438
Navi Mumbai,2019,2307,1156,582,4045
Vasai,2019,658,1790,1451,3899
Hyderabad,2019,1827,1897,1639,5363
Howrah,2017,1303,1896,971,4170
Patna,2017,516,1392,1825,3733
Madurai,2017,1589,2883,404,4876
Vadodara,2018,2361,1034,354,3749
Solapur,2018,1677,2670,1971,6318
Gwalior,2018,2344,3767,1764,7875
Visakhapatnam,2019,790,1587,405,2782
Kota,2019,1670,3515,649,5834
Pune,2017,1806,2365,710,4881
Dhanbad,2018,905,4341,605,5851
Vasai,2017,1226,2182,404,3812
Srinagar,2018,1876,3651,1701,7228
Coimbatore,2019,2960,930,1354,5244
Jabalpur,2017,545,1356,1567,3468
Hyderabad,2019,2772,1614,1954,6340
Vijayawada,2019,2404,4661,361,7426
Faridabad,2018,774,4885,824,6483
Ghaziabad,2017,1406,4001,406,5813
Varanasi,2019,1646,1619,832,4097
Delhi,2019,2984,4366,916,8266
Vasai,2017,1565,2598,999,5162
Kalyan,2019,958,818,1851,3627
Hubli,2017,1370,1113,1521,4004
Gwalior,2017,1504,3826,877,6207
Visakhapatnam,2017,1935,3399,1072,6406
Jodhpur,2018,2413,4518,1560,8491
Aurangabad,2017,2083,2267,532,4882
Jabalpur,2018,2298,4261,703,7262
Vadodara,2018,1071,1649,524,3244
Kota,2017,1889,1991,625,4505
Jabalpur,2017,1099,3362,1266,5727
Rajkot,2018,2171,4958,1683,8812
Hubli,2017,2578,4135,1944,8657
Meerut,2018,630,3171,1657,5458
Kolkata,2017,2572,1424,1593,5589
Thane,2018,2713,3345,917,6975
Faridabad,2017,699,4176,1174,6049
Ahmedabad,2018,1121,4647,617,6385
Vasai,2017,2002,4472,1101,7575
Thane,2019,1064,4405,353,5822
Amritsar,2017,2553,2800,330,5683
Thane,2018,2053,4680,1473,8206
Pune,2018,1837,2010,381,4228
Agra,2018,1767,1663,1933,5363
Ghaziabad,2018,891,3832,1143,5866
Chandigarh,2017,1387,2922,1051,5360
Solapur,2017,2130,3226,1873,7229
Kolkata,2019,960,4846,1464,7270
Madurai,2018,1443,2528,1197,5168
Nagpur,2019,2659,1037,1452,5148
Hubli,2018,2651,4071,496,7218
Madurai,2019,1144,2048,1477,4669
Nagpur,2017,2257,4980,1756,8993
Rajkot,2017,1662,2919,1380,5961
Guwahati,2018,1319,852,340,2511
Nashik,2017,1085,1203,695,2983
Pune,2017,1130,2626,848,4604
Chandigarh,2017,1210,3608,1623,6441
Ranchi,2017,562,2713,1225,4500
Amritsar,2019,2463,3803,1630,7896
Varanasi,2017,2857,3177,459,6493
Guwahati,2018,1598,3323,1255,6176
Kalyan,2019,2009,2703,1992,6704
Chennai,2017,1118,3695,1169,5982
Faridabad,2019,2186,4602,1532,8320
Vadodara,2017,1093,824,998,2915
Thane,2019,2086,1529,435,4050
Indore,2019,542,2205,1857,4604
Chennai,2019,2562,1186,978,4726
Dhanbad,2017,2499,1891,324,4714
Pune,2018,2261,2923,1211,6395
Ahmedabad,2019,1817,1037,1947,4801
Chandigarh,2019,2436,4153,1070,7659
Hubli,2019,1823,2367,1866,6056
Delhi,2018,1587,4524,1462,7573
Lucknow,2018,1311,4356,1717,7384
Varanasi,2019,2640,1545,1416,5601
Gwalior,2017,2709,2540,968,6217
Mumbai,2017,2062,1646,1606,5314
Navi Mumbai,2017,2094,874,552,3520
Pune,2019,2449,4773,1360,8582
Kota,2019,1757,2856,417,5030
Jodhpur,2017,2231,3841,1860,7932
Kolkata,2017,2416,3225,1823,7464
Guwahati,2019,2971,2873,462,6306
Visakhapatnam,2018,2420,869,1056,4345
Hyderabad,2018,1550,2016,586,4152
Visakhapatnam,2017,1110,1206,1169,3485
Guwahati,2019,562,4255,1722,6539
Kanpur,2019,2475,2044,372,4891
Bhopal,2018,1638,2095,1771,5504
Ludhiana,2019,1276,3543,1549,6368
Vadodara,2019,1187,1788,790,3765
Nagpur,2018,1753,3514,1974,7241
Ludhiana,2019,1539,1794,1223,4556
Raipur,2018,2794,4255,1338,8387
Jabalpur,2018,1791,3587,1984,7362
Madurai,2017,2827,4180,1735,8742
Lucknow,2019,1312,3329,689,5330
Vadodara,2018,2876,4990,541,8407
Gwalior,2019,1346,848,1068,3262
Rajkot,2017,1828,1589,1536,4953
Solapur,2017,2157,2542,307,5006
Navi Mumbai,2018,657,3585,1099,5341
Jaipur,2019,784,1523,931,3238
Srinagar,2019,1961,1747,368,4076
Srinagar,2018,1453,2536,1421,5410
Pune,2019,2491,1064,1001,4556
Ghaziabad,2017,1605,2621,1438,5664
Agra,2017,2751,3407,1846,8004
Kota,2019,2412,2363,474,5249
Hyderabad,2019,2606,3424,1622,7652
Guwahati,2017,1549,4365,825,6739
Navi Mumbai,2017,731,2031,1563,4325
Patna,2019,732,4472,817,6021
Amritsar,2019,1572,3293,647,5512
Pune,2017,967,1301,1517,3785
Kanpur,2018,1582,3804,1685,7071
Nagpur,2019,2508,3070,1236,6814
Dhanbad,2018,811,2950,1415,5176
Kalyan,2018,2827,3781,846,7454
Jodhpur,2017,1786,2776,463,5025
Faridabad,2017,973,3475,376,4824
Srinagar,2017,1084,2434,930,4448
Raipur,2018,1557,1188,1591,4336
Hubli,2019,739,959,1058,2756
Hyderabad,2018,630,2629,1863,5122
Vasai,2018,1361,2683,864,4908
Amritsar,2017,2825,3755,830,7410
Kota,2018,1411,4207,1691,7309
Chennai,2019,1398,4573,1263,7234
Bhopal,2017,1769,1684,1475,4928
Chandigarh,2018,2963,2682,1544,7189
Mumbai,2017,976,3037,1543,5556
Ghaziabad,2018,1205,2244,1954,5403
Jaipur,2019,1118,1715,582,3415
Navi Mumbai,2019,2563,4344,912,7819
Jabalpur,2017,1094,1983,763,3840
Pune,2019,1812,865,607,3284
Thane,2019,1967,1333,603,3903
Raipur,2017,2428,3999,1053,7480
Bangalore,2018,2498,4967,949,8414
Thane,2018,918,4072,1136,6126
Hyderabad,2017,1304,4450,1783,7537
Aurangabad,2018,2875,1617,917,5409
Agra,2019,2049,1240,987,4276
Ranchi,2018,1881,4782,899,7562
Delhi,2018,2005,866,1709,4580
Ghaziabad,2018,2393,1743,504,4640
Jaipur,2018,2747,3352,1553,7652
Kolkata,2019,1785,3056,1696,6537
Patna,2018,1838,1316,1806,4960
Lucknow,2018,629,810,1962,3401
Madurai,2019,2561,2612,348,5521
Bangalore,2018,1928,4617,1941,8486
Bhopal,2018,2000,4603,1696,8299
Kolkata,2018,837,4968,1192,6997
Kolkata,2018,2342,3936,771,7049
Hyderabad,2018,1469,3518,968,5955
Patna,2019,2293,4489,1188,7970
Chandigarh,2019,2346,1292,1015,4653
Navi Mumbai,2017,2779,1702,722,5203
Allahabad,2017,875,2123,748,3746
Dhanbad,2019,2905,2719,1844,7468
Faridabad,2019,1413,2254,899,4566
Thane,2017,2796,934,780,4510
Faridabad,2019,2200,3680,1606,7486
Gwalior,2019,2099,3799,627,6525
Bhopal,2019,2771,4274,1953,8998
Jabalpur,2018,1213,2489,1844,5546
Ghaziabad,2018,1862,3226,1228,6316
Gwalior,2017,1660,3251,463,5374
Solapur,2019,1650,4806,898,7354
Hubli,2018,2629,2978,1335,6942
Ludhiana,2017,1570,1912,928,4410
Thane,2018,1604,3648,1112,6364
Jabalpur,2018,1413,1203,1470,4086
Srinagar,2018,1922,1756,1011,4689
Nashik,2018,2598,3475,1154,7227
Visakhapatnam,2019,2184,1865,837,4886
Dhanbad,2019,1774,4410,903,7087
Kolkata,2017,2565,3904,1169,7638
Kanpur,2018,745,2747,1349,4841
Kota,2017,716,3644,1627,5987
Chennai,2019,2626,1033,966,4625
Bangalore,2017,1291,2700,757,4748
Pune,2017,1652,2950,1158,5760
Nagpur,2017,1209,1952,1506,4667
Solapur,2019,2089,3630,1848,7567
Rajkot,2019,2112,2761,1446,6319
Howrah,2019,2605,2123,764,5492
Raipur,2017,2469,4317,1781,8567
Ghaziabad,2018,1820,3860,1932,7612
Bangalore,2019,2335,3549,1212,7096
Chandigarh,2018,1290,4919,1093,7302
Gwalior,2017,1296,1655,920,3871
Vadodara,2018,751,1982,660,3393
Pune,2017,1605,2664,1888,6157
Solapur,2019,1269,3769,1906,6944
Aurangabad,2017,1357,3032,811,5200
Rajkot,2019,1683,858,1059,3600
Coimbatore,2017,2625,4906,1654,9185
Vijayawada,2017,2037,1725,416,4178
Hyderabad,2018,2421,3095,1396,6912
Pune,2019,2757,4218,1094,8069
Delhi,2018,1684,4603,1924,8211
Ghaziabad,2017,1096,1014,1658,3768
Vijayawada,2018,1155,1246,512,2913
Jodhpur,2017,527,3110,1130,4767
Chennai,2017,2381,1193,1824,5398
Hyderabad,2017,1274,3143,811,5228
Gwalior,2017,1347,4131,1013,6491
Coimbatore,2019,2296,4720,1828,8844
Navi Mumbai,2018,1304,1265,1517,4086
Dhanbad,2017,2404,3207,1778,7389
Aurangabad,2017,1016,2123,1696,4835
Patna,2018,1415,1724,1529,4668
Amritsar,2018,2141,3529,1207,6877
Howrah,2018,659,4143,1418,6220
Jabalpur,2017,889,4949,1517,7355
Howrah,2017,1216,2381,322,3919
Vasai,2019,741,4765,1760,7266
Bangalore,2018,1870,1670,1050,4590
Visakhapatnam,2017,1654,4670,1623,7947
Bhopal,2018,2063,4139,1395,7597
Nagpur,2017,999,1603,1400,4002
Coimbatore,2019,1179,4089,1557,6825
Mumbai,2018,1040,4991,1410,7441
Gwalior,2017,922,1017,913,2852
Nashik,2019,821,2309,974,4104
Guwahati,2018,2318,1879,1454,5651
Raipur,2017,2402,2625,1180,6207
Ludhiana,2018,1405,4521,1585,7511
Gwalior,2017,1596,3419,783,5798
Aurangabad,2017,2235,3832,1239,7306
Dhanbad,2018,2948,1652,680,5280
Jaipur,2018,1284,4047,936,6267
Kota,2017,2561,1309,1669,5539
Mumbai,2019,1563,4438,1820,7821
Indore,2017,640,4955,974,6569
Guwahati,2017,1637,3025,1578,6240
Nashik,2018,2360,1034,1351,4745
Agra,2017,2146,3491,1162,6799
Indore,2019,2754,2717,1655,7126
Jabalpur,2019,2657,4021,375,7053
Patna,2018,1116,4682,1699,7497
Vijayawada,2018,1913,4744,1283,7940
Kolkata,2018,2153,2917,1059,6129
Hyderabad,2019,2629,2464,450,5543
Jaipur,2017,2062,2366,612,5040
Srinagar,2017,1781,2982,1750,6513
Vadodara,2018,1268,1607,1078,3953
Navi Mumbai,2019,742,1403,1536,3681
Jaipur,2018,2625,4449,1000,8074
Thane,2018,1449,2269,1720,5438
Chennai,2017,1609,1153,406,3168
Chandigarh,2017,620,1826,1675,4121
Solapur,2019,2124,1745,672,4541
Coimbatore,2018,2026,2457,1535,6018
Allahabad,2017,1688,4653,606,6947
Vadodara,2019,2308,2951,1453,6712
Vasai,2018,2001,949,1030,3980
Hubli,2018,2945,4538,1838,9321
Allahabad,2019,2117,2402,726,5245
Coimbatore,2019,1559,4731,688,6978
Agra,2019,2502,4962,1023,8487
Amritsar,2018,1121,2726,1276,5123
Patna,2017,1895,1380,690,3965
Kanpur,2019,1933,4302,363,6598
Kolkata,2018,2732,1242,1663,5637
Faridabad,2019,1785,890,1361,4036
Bhopal,2019,1752,4411,1990,8153
Raipur,2018,1755,1402,1100,4257
Jabalpur,2018,2710,1434,963,5107
Kota,2018,1455,3480,1627,6562
Madurai,2017,988,3373,1022,5383
Srinagar,2018,2051,2158,1120,5329
Srinagar,2018,1045,2434,824,4303
Srinagar,2019,1598,2370,765,4733
Solapur,2017,1003,4481,1057,6541
Ahmedabad,2019,2752,2141,901,5794
Kalyan,2018,913,2435,616,3964
Madurai,2019,2700,1895,1924,6519
Lucknow,2018,2194,1207,1267,4668
Jabalpur,2017,2238,4754,1780,8772
Hyderabad,2018,583,1925,628,3136
Coimbatore,2019,2049,1915,1470,5434
Madurai,2018,632,3188,1127,4947
Ranchi,2018,1106,3908,904,5918
Dhanbad,2017,2116,4775,745,7636
Howrah,2018,1839,4342,1116,7297
Patna,2018,1474,4136,995,6605
Howrah,2018,2413,4297,390,7100
Mumbai,2018,1181,2676,1488,5345
Ranchi,2017,2865,4871,1972,9708
Meerut,2019,1019,4492,1021,6532
Ghaziabad,2017,1599,2129,303,4031
Agra,2017,1437,3283,1771,6491
Ludhiana,2018,1923,853,1610,4386
Agra,2018,2912,1812,1126,5850
Thane,2017,1752,3916,867,6535
Lucknow,2019,1810,4465,1688,7963
Coimbatore,2019,1391,3348,988,5727
Lucknow,2019,1047,3786,1813,6646
Thane,2019,2230,2487,1977,6694
Kota,2017,1438,1565,1565,4568
Faridabad,2017,778,3781,1635,6194
Kota,2019,2774,2567,1948,7289
Ahmedabad,2017,1758,2993,1646,6397
Allahabad,2018,2129,1141,889,4159
Ghaziabad,2017,2427,4904,1402,8733
Meerut,2019,1254,3361,359,4974
Vasai,2017,1709,3164,406,5279
Patna,2018,1002,4394,1397,6793
Ludhiana,2019,2704,2406,1785,6895
Visakhapatnam,2017,2076,4425,802,7303
Kota,2019,1199,886,1996,4081
Guwahati,2018,1050,3542,713,5305
Kalyan,2018,2041,2649,937,5627
Chandigarh,2019,1795,1672,1807,5274
Bangalore,2019,973,4747,1994,7714
Dhanbad,2018,2624,1449,1511,5584
Rajkot,2018,1432,3891,1412,6735
Gwalior,2017,1660,4760,1981,8401
Hubli,2017,2465,1982,555,5002
Ranchi,2017,2039,979,484,3502
Srinagar,2018,2197,3197,1410,6804
Srinagar,2017,751,1664,808,3223
Faridabad,2018,861,2523,1945,5329
Rajkot,2018,2140,2485,903,5528
Patna,2018,2061,1123,428,3612
Solapur,2018,921,1062,419,2402
Ahmedabad,2017,1661,2111,1180,4952
Jabalpur,2017,749,4671,1609,7029
Coimbatore,2018,565,2852,1074,4491
Kolkata,2017,2837,2435,1748,7020
Aurangabad,2019,1204,2365,332,3901
Meerut,2017,538,1159,1925,3622
Kalyan,2017,2758,3479,1855,8092
Ranchi,2018,1844,2349,717,4910
Nashik,2018,2600,4229,1143,7972
Vadodara,2018,2883,1090,1375,5348
Delhi,2017,959,4040,1760,6759
Bangalore,2019,1053,4003,857,5913
Navi Mumbai,2019,1835,1667,1474,4976
Jabalpur,2017,1634,2727,393,4754
Coimbatore,2018,924,3029,1034,4987
Meerut,2017,2444,2346,1881,6671
Jaipur,2018,1274,4179,1596,7049
Jaipur,2017,2422,846,618,3886
Jaipur,2017,1669,3151,1486,6306
Dhanbad,2018,2171,4840,928,7939
Chennai,2018,1057,1326,1992,4375
Jodhpur,2019,571,4034,1235,5840
Dhanbad,2019,1482,839,1763,4084
Nashik,2018,2276,3354,428,6058
Nagpur,2018,1528,3986,1114,6628
Kota,2017,825,3724,395,4944
Gwalior,2018,977,2338,671,3986
Coimbatore,2018,2260,2685,1976,6921
Varanasi,2017,574,2186,1890,4650
Vijayawada,2017,1481,1983,1064,4528
Visakhapatnam,2018,2803,4226,854,7883
Kolkata,2017,890,1062,1257,3209
Gwalior,2019,2794,3547,1632,7973
Kalyan,2017,676,869,896,2441
Ranchi,2019,1952,4614,1777,8343
Dhanbad,2017,1407,1814,1234,4455
Patna,2018,2881,3513,451,6845
Vadodara,2019,2581,2941,1803,7325
Nagpur,2017,2335,2331,1095,5761
Ludhiana,2017,1767,4317,972,7056
Bangalore,2018,2942,3489,689,7120
Indore,2019,2571,4950,1417,8938
Bhopal,2017,1173,4884,738,6795
Mumbai,2017,607,1554,915,3076
Madurai,2017,955,1611,1612,4178
Vasai,2019,722,1764,1726,4212
Agra,2017,1495,1217,1699,4411
Vasai,2018,1640,1781,641,4062
Rajkot,2019,1904,1028,1140,4072
Thane,2019,2669,1845,954,5468
Kota,2017,1771,3903,366,6040
Coimbatore,2018,1592,4383,1556,7531
Indore,2019,1797,4345,867,7009
Bhopal,2017,1390,2102,1186,4678
Raipur,2017,2069,4398,1849,8316
Nashik,2018,2798,3221,374,6393
Ranchi,2018,1853,1950,892,4695
Kolkata,2017,2606,2190,851,5647
Allahabad,2018,1754,1710,888,4352
Dhanbad,2017,1536,809,1018,3363
Navi Mumbai,2018,2228,3643,467,6338
Vasai,2019,2604,980,1514,5098
Aurangabad,2017,1542,4476,962,6980
Dhanbad,2019,1696,3355,1564,6615
Thane,2017,1807,3936,1398,7141
Kolkata,2018,2451,3985,1035,7471
Bhopal,2019,2031,4541,820,7392
Kanpur,2019,738,4065,1009,5812
Ahmedabad,2019,2614,2805,1874,7293
Indore,2019,1409,2134,455,3998
Dhanbad,2019,790,3846,925,5561
Chandigarh,2018,1662,3154,575,5391
Patna,2019,2742,4324,758,7824
Ahmedabad,2018,984,4848,524,6356
Agra,2018,1715,1705,933,4353
Hubli,2017,1943,2104,843,4890
Navi Mumbai,2017,771,1662,1327,3760
Allahabad,2018,2645,4543,1814,9002
Hubli,2017,1159,3175,1726,6060
Jaipur,2019,2754,1915,343,5012
Ahmedabad,2019,2367,1836,1472,5675
Jaipur,2018,1467,3275,1421,6163
Delhi,2017,2344,4004,1982,8330
Vadodara,2018,2398,806,1794,4998
Nagpur,2018,2929,2828,651,6408
Lucknow,2019,1765,3344,473,5582
Navi Mumbai,2019,924,1612,564,3100
Guwahati,2017,1269,1589,1613,4471
Varanasi,2017,624,1651,332,2607
Vasai,2019,1127,3841,317,5285
Agra,2018,1387,3194,1070,5651
Kolkata,2019,2006,1770,1923,5699
Vasai,2019,2349,2960,573,5882
Chandigarh,2019,2093,4356,418,6867
Faridabad,2017,2042,2546,1110,5698
Lucknow,2018,2689,1711,913,5313
Chandigarh,2018,2300,1690,633,4623
Visakhapatnam,2019,2432,3975,907,7314
Patna,2017,2790,1448,1836,6074
Madurai,2019,1379,1758,1098,4235
Hubli,2019,2842,1963,1474,6279
Kota,2019,1047,4982,1001,7030
Rajkot,2018,2231,2736,1205,6172
Allahabad,2019,1875,1494,752,4121
Pune,2017,2950,1767,1668,6385
Gwalior,2018,2400,2115,1879,6394
Kalyan,2018,1743,4589,678,7010
Faridabad,2019,1604,1438,1773,4815
Chandigarh,2018,1875,2169,1214,5258
Chennai,2018,616,2763,1861,5240
Thane,2017,1641,3405,1314,6360
Varanasi,2018,2366,2045,1030,5441
Pune,2017,1156,1913,1012,4081
Vijayawada,2019,2833,4945,1402,9180
Visakhapatnam,2017,1808,1070,1823,4701
Ranchi,2017,1892,4393,1054,7339
Indore,2017,1193,1082,488,2763
Allahabad,2017,1392,3728,1235,6355
Solapur,2017,2127,2977,1455,6559
Kota,2017,1488,2589,1005,5082
Jabalpur,2019,1805,1437,841,4083
Jodhpur,2019,2101,4441,821,7363
Ahmedabad,2018,2093,2688,1908,6689
Gwalior,2018,1335,4019,1618,6972
Visakhapatnam,2018,1263,4721,519,6503
Bangalore,2018,2006,1286,1393,4685
Jodhpur,2018,800,939,1631,3370
Visakhapatnam,2018,2707,3763,636,7106
Chennai,2018,1495,3001,452,4948
Jodhpur,2018,1257,4922,1329,7508
Vasai,2018,1700,1366,1845,4911
Bhopal,2018,1790,3994,1388,7172
Amritsar,2019,1193,2277,1648,5118
Madurai,2018,1761,1477,699,3937
Amritsar,2018,2712,1357,1869,5938
Nagpur,2019,599,1951,718,3268
Raipur,2019,1359,3112,1405,5876
Nashik,2019,1611,3537,1331,6479
Madurai,2017,1882,1023,1771,4676
Raipur,2017,533,1647,874,3054
Thane,2019,2000,2779,1168,5947
Visakhapatnam,2019,599,1390,818,2807
Visakhapatnam,2018,1421,3807,1533,6761
Madurai,2018,2920,3409,812,7141
Solapur,2019,1613,2260,1473,5346
Chandigarh,2018,762,4283,1248,6293
Delhi,2018,2593,4400,1547,8540
Kalyan,2018,2937,4080,553,7570
Gwalior,2018,547,2000,966,3513
Rajkot,2018,2889,1068,1535,5492
Madurai,2017,2484,3028,305,5817
Agra,2017,2985,1102,339,4426
Jodhpur,2018,745,2785,481,4011
Patna,2018,1504,2115,1199,4818
Rajkot,2018,1458,1633,733,3824
Thane,2018,947,1203,1434,3584
Meerut,2018,599,3814,1684,6097
Varanasi,2019,1938,4023,586,6547
Jaipur,2017,976,4206,1841,7023
Bangalore,2019,2142,3927,1774,7843
Mumbai,2019,2027,2349,426,4802
Ludhiana,2019,2736,1855,827,5418
Srinagar,2019,2962,3141,899,7002
Hyderabad,2019,1608,2451,658,4717
Ranchi,2017,1659,1033,1722,4414
Srinagar,2017,1902,3230,1378,6510
Vasai,2017,2970,2245,1798,7013
Jabalpur,2018,1269,3793,1917,6979
Vasai,2019,1022,1309,1116,3447
Bangalore,2018,2105,1435,1126,4666
Agra,2018,512,4584,787,5883
Ludhiana,2019,1885,2810,1606,6301
Raipur,2019,1224,4018,1026,6268
Jabalpur,2017,2109,3441,1029,6579
Vijayawada,2017,2924,4846,1054,8824
Ludhiana,2018,718,888,578,2184
Solapur,2018,2745,3542,857,7144
Kanpur,2019,1350,1354,476,3180
Coimbatore,2018,2961,4191,1244,8396
Visakhapatnam,2018,2667,3487,1076,7230
Ahmedabad,2017,2469,1112,1827,5408
Coimbatore,2018,2434,2231,1020,5685
Solapur,2019,2121,4210,744,7075
Lucknow,2017,555,2760,1823,5138
Rajkot,2019,2067,1327,890,4284
Chandigarh,2017,2589,1508,1822,5919
Vadodara,2019,2388,2062,1065,5515
Hyderabad,2019,2467,4943,404,7814
Mumbai,2018,2837,1538,823,5198
Kolkata,2019,711,4998,964,6673
Faridabad,2019,937,2201,1544,4682
Raipur,2017,2510,4713,1472,8695
Jabalpur,2018,1741,2977,1554,6272
Hyderabad,2017,2131,4457,1427,8015
Kolkata,2018,1099,4880,1879,7858
Hubli,2019,1826,2141,526,4493
Nagpur,2018,2783,2553,955,6291
Agra,2017,2318,2380,1721,6419
Ranchi,2017,866,1997,1435,4298
Pune,2019,2496,3954,358,6808
Nagpur,2019,991,1295,1692,3978
Madurai,2017,2519,3555,1831,7905
Howrah,2017,1478,4215,1999,7692
Madurai,2019,2552,2837,637,6026
Ghaziabad,2019,2293,3252,1423,6968
Patna,2018,716,2968,434,4118
Madurai,2019,1897,3932,542,6371
Kanpur,2017,2024,911,1406,4341
Rajkot,2018,548,3033,911,4492
Visakhapatnam,2017,1176,4111,1121,6408
Rajkot,2019,719,844,360,1923
Kanpur,2018,505,3699,1902,6106
Chennai,2017,968,4515,509,5992
Vadodara,2019,766,3030,1062,4858
Allahabad,2019,2941,2016,483,5440
Hyderabad,2017,1815,846,944,3605
Navi Mumbai,2017,2758,1391,1410,5559
Jabalpur,2019,2108,801,1303,4212
Delhi,2019,751,4967,832,6550
Amritsar,2017,1042,4521,553,6116
Aurangabad,2017,725,2754,910,4389
Visakhapatnam,2017,1196,3316,1593,6105
Aurangabad,2017,1640,2774,574,4988
Varanasi,2019,2193,3290,1987,7470
Madurai,2017,1739,3398,922,6059
Rajkot,2019,1868,3971,1461,7300
Allahabad,2019,934,4672,1942,7548
Ahmedabad,2018,859,4146,640,5645
Aurangabad,2019,1420,1465,661,3546
Bhopal,2019,509,4629,922,6060
Delhi,2018,1208,2863,1459,5530
Navi Mumbai,2019,2213,825,1302,4340
Amritsar,2017,1522,2398,763,4683
Coimbatore,2019,566,3710,655,4931
Madurai,2018,522,1508,972,3002
Howrah,2017,2105,4904,1770,8779
Kota,2019,2449,2613,408,5470
Howrah,2018,2777,2757,1568,7102
Gwalior,2019,2392,2337,1379,6108
Gwalior,2019,1357,4901,550,6808
Hyderabad,2018,1284,1953,681,3918
Visakhapatnam,2017,2692,1395,1881,5968
Jaipur,2018,2657,4822,357,7836
Nashik,2018,574,4269,1130,5973
Hubli,2019,2738,2350,1307,6395
Chennai,2017,2901,4542,1544,8987
Chennai,2018,2044,3634,577,6255
Meerut,2017,649,1140,1384,3173
Guwahati,2017,2697,2205,865,5767
Aurangabad,2019,2420,862,1074,4356
Ludhiana,2017,1210,3243,1264,5717
Kolkata,2019,1237,1773,988,3998
Lucknow,2018,1103,2321,1396,4820
Indore,2018,846,1670,992,3508
Allahabad,2019,1804,1597,771,4172
Kota,2018,910,2180,1450,4540
Kolkata,2019,2013,4767,1112,7892
Agra,2018,616,1980,522,3118
Nagpur,2018,1909,3319,1083,6311
Chandigarh,2018,1032,4022,1387,6441
Vasai,2017,1421,3480,649,5550
Madurai,2019,1216,2919,1542,5677
Ranchi,2019,951,1248,1390,3589
Howrah,2019,1090,2833,787,4710
Kolkata,2019,609,3477,1688,5774
Bhopal,2018,1006,3429,1353,5788
Allahabad,2018,2209,1256,1863,5328
Hubli,2017,1387,3072,1433,5892
Agra,2019,2124,1993,1175,5292
Patna,2018,682,2603,1471,4756
Allahabad,2018,2485,1795,543,4823
Indore,2019,1475,3195,1034,5704
Agra,2019,1081,1999,481,3561
Patna,2019,1861,4483,361,6705
Varanasi,2018,1842,3102,1638,6582
Lucknow,2019,2648,4690,1946,9284
Vadodara,2019,2741,3624,1696,8061
Kalyan,2019,1087,3319,1247,5653
Ludhiana,2018,2591,4559,1957,9107
Ranchi,2018,1264,4614,1519,7397
Delhi,2019,1836,853,1754,4443
Allahabad,2017,2775,3987,1446,8208
Bangalore,2018,1270,1307,901,3478
Madurai,2018,1422,2325,503,4250
Ahmedabad,2018,2571,2453,1433,6457
Nagpur,2019,1720,2069,308,4097
Kalyan,2019,1293,2841,1880,6014
Allahabad,2018,2422,4657,1738,8817
Raipur,2018,2016,3961,409,6386
Madurai,2017,902,3344,1286,5532
Rajkot,2019,962,2085,385,3432
Lucknow,2019,790,4976,1591,7357
Meerut,2017,2916,2220,1005,6141
Aurangabad,2017,1882,2820,675,5377
Meerut,2017,760,2193,1089,4042
Madurai,2018,696,4894,1358,6948
Kalyan,2019,2042,1299,388,3729
Lucknow,2017,1542,2912,1140,5594
Solapur,2019,1880,1398,1563,4841
Rajkot,2019,1895,4359,1590,7844
Ghaziabad,2018,1715,3587,944,6246
Vijayawada,2019,773,4639,998,6410
Allahabad,2019,1405,824,1174,3403
Chennai,2017,2420,4438,1210,8068
Srinagar,2017,1795,4641,1570,8006
Pune,2019,519,1191,776,2486
Gwalior,2019,2129,1434,1951,5514
Howrah,2019,2641,3780,302,6723
Visakhapatnam,2018,2804,2899,1213,6916
Ludhiana,2019,2811,2450,576,5837
Ranchi,2019,2556,1195,1470,5221
Nagpur,2018,2616,1773,379,4768
Kota,2018,2097,4007,418,6522
Nashik,2017,555,2551,958,4064
Hubli,2017,1117,3893,1519,6529
Srinagar,2018,667,1726,1978,4371
Visakhapatnam,2017,734,4941,1044,6719
Kolkata,2017,2917,3726,1851,8494
Indore,2017,1726,2120,1260,5106
Chennai,2017,1376,2993,1999,6368
Thane,2017,2028,2451,1407,5886
Ahmedabad,2019,1075,4361,786,6222
Mumbai,2018,756,1396,977,3129
Visakhapatnam,2017,1146,1800,1995,4941
Navi Mumbai,2017,2715,2010,1236,5961
Pune,2018,1830,2597,1688,6115
Agra,2017,1889,4193,1168,7250
Patna,2018,1001,3815,984,5800
Delhi,2017,2542,3179,1637,7358
Patna,2018,594,2534,974,4102
Aurangabad,2018,2464,4769,1487,8720
Bhopal,2019,2663,1689,466,4818
Gwalior,2017,798,2346,778,3922
Madurai,2017,2566,4654,998,8218
Thane,2017,1222,3014,446,4682
Ahmedabad,2018,1644,2418,1574,5636
Nashik,2019,1112,3027,1298,5437
Kanpur,2018,2772,1266,1570,5608
Navi Mumbai,2017,2694,4011,943,7648
Patna,2019,2941,4203,1483,8627
Nashik,2018,937,3885,680,5502
Bhopal,2017,1652,1686,1391,4729
Bangalore,2019,1547,3480,434,5461
Kalyan,2018,2031,3215,652,5898
Howrah,2017,1823,4360,1326,7509
Kolkata,2018,1051,4828,1629,7508
Ludhiana,2017,1236,855,445,2536
Varanasi,2017,1423,4943,1546,7912
Solapur,2019,2961,4951,1781,9693
Ranchi,2019,2188,1026,1937,5151
Raipur,2018,2487,4920,641,8048
Rajkot,2018,644,1761,477,2882
Solapur,2018,864,4042,657,5563
Aurangabad,2018,750,3360,1396,5506
Jabalpur,2017,1982,4697,1962,8641
Ghaziabad,2018,1517,858,679,3054
Bhopal,2019,1853,812,1960,4625
Howrah,2019,1067,3217,655,4939
Hyderabad,2019,2135,1528,1370,5033
Bangalore,2018,1679,1947,1647,5273
Kolkata,2019,613,1043,784,2440
Hubli,2017,862,1433,816,3111
Kanpur,2018,2418,2913,756,6087
Ahmedabad,2018,888,4266,1923,7077
Dhanbad,2018,1524,2012,1208,4744
Nashik,2017,2194,2391,1554,6139
Ranchi,2017,940,4921,572,6433
Dhanbad,2018,1087,2135,848,4070
Dhanbad,2018,1808,981,1068,3857
Hubli,2019,920,3710,1214,5844
Visakhapatnam,2018,2884,3302,705,6891
Aurangabad,2018,656,3480,1818,5954
Hyderabad,2018,2479,4041,1840,8360
Vijayawada,2018,2419,975,1244,4638
Visakhapatnam,2018,2189,2152,1365,5706
Delhi,2019,1817,1357,936,4110
Gwalior,2018,2575,2260,1909,6744
Srinagar,2017,2186,2007,389,4582
Solapur,2017,1997,2979,1042,6018
Ahmedabad,2018,2993,4122,1631,8746
Ghaziabad,2017,1567,1776,1626,4969
Dhanbad,2019,2281,3698,1566,7545
Agra,2019,1497,3655,1970,7122
Navi Mumbai,2017,1946,3289,983,6218
Meerut,2017,636,4526,887,6049
Aurangabad,2017,2328,4020,1879,8227
Ahmedabad,2019,824,1453,811,3088
Ahmedabad,2017,1622,4029,1143,6794
Kota,2017,1914,4499,1221,7634
Lucknow,2017,639,839,1763,3241
Lucknow,2018,2939,1247,1240,5426
Vadodara,2017,1343,4247,1230,6820
Kalyan,2019,805,3104,1466,5375
Kota,2017,609,2178,491,3278
Hyderabad,2019,2978,3004,901,6883
Aurangabad,2019,2301,2015,662,4978
Kolkata,2017,2734,1056,463,4253
Ghaziabad,2018,1421,3866,868,6155
Pune,2019,2504,2779,643,5926
Bhopal,2019,2728,3770,1001,7499
Chandigarh,2017,1626,4347,506,6479
Mumbai,2017,2787,4871,935,8593
Solapur,2019,904,3232,1884,6020
Mumbai,2019,1217,3708,1355,6280
Delhi,2017,1759,1013,684,3456
Srinagar,2017,2151,2240,943,5334
Kalyan,2019,1727,2602,1747,6076
Varanasi,2019,530,2917,1563,5010
Indore,2018,2007,4948,1087,8042
Ranchi,2017,930,4928,1489,7347
Indore,2018,2881,1286,1325,5492
Kolkata,2017,1688,1845,1752,5285
Jabalpur,2017,2439,3030,1812,7281
Chandigarh,2018,2821,831,1236,4888
Kolkata,2018,2419,3762,826,7007
Hyderabad,2019,1424,2135,446,4005
Indore,2019,2705,1050,1244,4999
Madurai,2018,2437,3911,1021,7369
Thane,2019,2673,3140,548,6361
Kalyan,2018,1453,1833,804,4090
Kanpur,2018,711,1832,1147,3690
Vasai,2017,2573,3770,1266,7609
Kota,2018,876,3059,1691,5626
Kanpur,2019,2259,2970,680,5909
Chandigarh,2017,1519,4560,772,6851
Jabalpur,2017,1429,2420,1291,5140
Agra,2017,1044,4809,577,6430
Kota,2017,1720,2044,409,4173
Ranchi,2018,507,844,491,1842
Hubli,2019,2484,2917,348,5749
Hyderabad,2019,2638,2047,452,5137
Nashik,2017,713,2254,584,3551
Bangalore,2017,583,1822,1138,3543
Kota,2018,2688,4544,653,7885
Faridabad,2018,645,2129,1188,3962
Vijayawada,2019,1340,3696,401,5437
Kolkata,2018,622,3236,512,4370
Vijayawada,2018,2810,1231,1879,5920
Howrah,2017,1388,2604,663,4655
Coimbatore,2019,2519,1125,1091,4735
Hyderabad,2017,1123,3391,1536,6050
Meerut,2017,2894,1548,1385,5827
Ahmedabad,2017,2074,1542,1975,5591
Faridabad,2017,1698,1719,1446,4863
Bhopal,2018,1738,4566,1952,8256
Raipur,2019,1879,948,1267,4094
Jodhpur,2019,2982,3182,1743,7907
Jabalpur,2018,1847,1210,693,3750
Kota,2018,1572,1319,958,3849
Vadodara,2018,888,2872,570,4330
Guwahati,2018,2818,4853,423,8094
Ghaziabad,2018,1396,1845,661,3902
Coimbatore,2018,2333,4184,353,6870
Vijayawada,2018,2068,4581,1440,8089
Ranchi,2018,2348,3820,1285,7453
Vadodara,2018,1589,4150,504,6243
Bangalore,2018,2854,3782,1247,7883
Kanpur,2019,1830,3320,1798,6948
Ranchi,2019,1810,2400,1893,6103
Agra,2017,611,1982,1032,3625
Visakhapatnam,2019,979,836,533,2348
Ranchi,2017,1701,1526,1453,4680
Navi Mumbai,2018,2559,1383,835,4777
Bangalore,2018,1533,1806,1109,4448
Ludhiana,2019,2260,1153,1052,4465
Varanasi,2018,665,3609,1035,5309
Vasai,2018,796,4829,443,6068
Meerut,2017,2559,4078,833,7470
Vasai,2017,1937,1472,988,4397
Jodhpur,2018,557,2734,669,3960
Bangalore,2019,2527,4138,867,7532
Jabalpur,2019,2020,2418,1952,6390
Jodhpur,2018,2544,1165,905,4614
Ranchi,2017,2923,3943,454,7320
Lucknow,2019,2980,2396,434,5810
Guwahati,2017,2125,1511,1923,5559
Patna,2019,2870,2041,1398,6309
Pune,2019,2184,4192,1697,8073
Mumbai,2017,1821,1251,469,3541
Hubli,2019,2008,3329,941,6278
Kolkata,2019,2081,3891,977,6949
Vijayawada,2017,2594,4252,1218,8064
Ahmedabad,2017,1497,3430,809,5736
Allahabad,2018,1662,2756,479,4897
Lucknow,2018,1736,3990,870,6596
Rajkot,2017,2837,4283,1140,8260
Kota,2019,593,2616,1591,4800
Chandigarh,2017,1278,4068,1032,6378
Kota,2018,1382,1590,1521,4493
Srinagar,2019,891,1530,1041,3462
Lucknow,2018,2158,4187,587,6932
Dhanbad,2017,1394,1311,566,3271
Aurangabad,2019,1614,4976,1502,8092
Guwahati,2017,2254,3328,1084,6666
Bhopal,2019,1646,2882,1886,6414
Navi Mumbai,2018,687,2209,375,3271
Meerut,2018,2240,4816,1893,8949
Pune,2017,1149,2738,458,4345
Bangalore,2017,933,4959,308,6200
Kota,2018,2404,2298,1495,6197
Mumbai,2019,982,3862,681,5525
Nashik,2019,883,2661,760,4304
Thane,2018,1677,4108,1588,7373
Ahmedabad,2018,1025,1999,1724,4748
Amritsar,2018,2916,1700,1388,6004
Lucknow,2019,1811,2309,448,4568
Kanpur,2018,611,4874,1197,6682
Bhopal,2019,1082,2092,711,3885
Kalyan,2018,639,3924,1461,6024
Guwahati,2017,724,2028,1865,4617
Hubli,2017,1659,2693,565,4917
Raipur,2018,2233,1645,366,4244
Ghaziabad,2017,2020,4868,489,7377
Bhopal,2017,2967,1749,426,5142
Mumbai,2019,2736,4811,691,8238
Bangalore,2017,713,3806,386,4905
Agra,2017,2006,3632,646,6284
Jaipur,2018,924,3094,1616,5634
Rajkot,2019,1943,3160,1475,6578
Dhanbad,2018,2980,2681,345,6006
Indore,2018,598,3905,1117,5620
Chandigarh,2018,1058,2025,598,3681
Nashik,2017,1910,3736,1383,7029
Faridabad,2018,1135,2744,907,4786
Solapur,2017,2670,1056,1784,5510
Bhopal,2017,1279,1618,1607,4504
Thane,2019,858,1886,908,3652
Nagpur,2019,2515,4946,893,8354
Gwalior,2017,2262,1337,584,4183
Raipur,2018,1638,1304,595,3537
Visakhapatnam,2019,2155,4433,909,7497
Madurai,2017,2444,3984,920,7348
Delhi,2017,2170,2013,852,5035
Guwahati,2017,1391,4972,1566,7929
Amritsar,2018,1069,1322,1251,3642
Dhanbad,2018,2652,850,1861,5363
Ghaziabad,2019,968,1151,1047,3166
Bangalore,2017,2822,4542,1127,8491
Lucknow,2019,2185,2504,628,5317
Dhanbad,2018,927,4119,676,5722
Raipur,2017,724,3879,1926,6529
Vijayawada,2017,2176,4888,1531,8595
Agra,2019,702,2849,925,4476
Jodhpur,2018,542,3340,671,4553
Vasai,2017,1246,2631,1120,4997
Navi Mumbai,2018,635,881,393,1909
Kota,2017,1382,4978,1616,7976
Ranchi,2019,2980,2884,1707,7571
Bangalore,2019,516,3184,1399,5099
Madurai,2017,2942,1654,1042,5638
Patna,2018,1504,2450,849,4803
Bhopal,2017,2148,3723,463,6334
Pune,2019,962,4581,861,6404
Coimbatore,2019,1758,1949,1993,5700
Ghaziabad,2017,1885,1195,927,4007
Ludhiana,2019,930,4044,1468,6442
Chennai,2018,880,3860,675,5415
Thane,2019,1564,3406,1929,6899
Hubli,2018,2333,820,1222,4375
Gwalior,2019,577,2370,585,3532
Thane,2018,2405,1236,1966,5607
Nagpur,2017,2669,1057,933,4659
Amritsar,2017,2842,4106,1496,8444
Ranchi,2018,987,1196,1299,3482
Vasai,2019,1170,1410,1981,4561
Ahmedabad,2017,1608,1816,1197,4621
Nashik,2019,1029,2579,622,4230
Madurai,2018,2738,1205,1499,5442
Ranchi,2018,2901,1543,1285,5729
Vadodara,2019,1465,4445,1305,7215
Jodhpur,2018,1569,3311,1728,6608
Kanpur,2019,575,2450,1640,4665
Thane,2019,1881,850,1101,3832
Visakhapatnam,2018,1581,4718,1840,8139
Ranchi,2019,2766,2566,1008,6340
Delhi,2017,1531,2393,1686,5610
Ghaziabad,2017,2286,4742,1806,8834
Jodhpur,2017,2084,4835,1576,8495
Coimbatore,2017,643,2660,1977,5280
Nagpur,2018,2980,4816,695,8491
Howrah,2017,1076,3370,1034,5480
Jabalpur,2017,558,3595,1982,6135
Meerut,2019,1689,3111,1522,6322
Vijayawada,2017,1553,4915,1690,8158
Vadodara,2019,2954,3463,374,6791
Raipur,2017,1566,1747,464,3777
Bangalore,2018,2775,1479,597,4851
Jaipur,2019,2824,913,1198,4935
Amritsar,2018,1395,4221,916,6532
Indore,2019,1139,1170,637,2946
Madurai,2017,2061,4919,1774,8754
Vadodara,2019,1023,2250,1647,4920
Meerut,2017,1334,4180,534,6048
Varanasi,2017,1551,1104,1272,3927
Faridabad,2018,2499,3319,1334,7152
Nagpur,2018,2991,4371,1904,9266
Guwahati,2017,2536,2310,1217,6063
Amritsar,2019,1810,3615,1181,6606
Ahmedabad,2017,1657,3290,636,5583
Jabalpur,2018,971,2572,1890,5433
Agra,2017,2038,1282,1612,4932
Nashik,2017,2552,3603,1486,7641
Madurai,2018,2515,3939,1676,8130
Varanasi,2018,2158,4568,1160,7886
Jodhpur,2018,1362,1813,1700,4875
Gwalior,2019,997,4568,1550,7115
Gwalior,2019,945,4110,866,5921
Ahmedabad,2019,2581,2022,1724,6327
Srinagar,2019,2109,3912,1783,7804
Vasai,2019,2231,3749,1046,7026
Howrah,2017,2743,1399,605,4747
Aurangabad,2019,2368,1544,1209,5121
Chandigarh,2019,1216,2417,1760,5393
Lucknow,2019,2475,2591,1742,6808
Vijayawada,2017,2498,2564,1023,6085
Indore,2017,2513,4338,1178,8029
Visakhapatnam,2019,2942,2206,750,5898
Vasai,2019,1004,2545,1700,5249
Raipur,2017,2189,4232,1812,8233
Patna,2019,1333,2988,1163,5484
Mumbai,2017,1357,1095,1770,4222
Srinagar,2018,589,2506,500,3595
Delhi,2018,547,1725,1929,4201
Jabalpur,2019,1066,3325,613,5004
Ahmedabad,2019,2464,3754,1986,8204
Amritsar,2017,1230,2241,887,4358
Nagpur,2017,919,3588,977,5484
Srinagar,2019,1872,2002,1594,5468
Vasai,2018,653,1173,918,2744
Solapur,2019,1572,1356,718,3646
Solapur,2019,1182,1907,1499,4588
Hubli,2019,953,4122,1593,6668
Allahabad,2018,1371,4119,674,6164
Jabalpur,2017,1652,815,849,3316
Bhopal,2018,925,2779,1904,5608
Rajkot,2017,641,2443,438,3522
Faridabad,2017,1390,4386,626,6402
Agra,2019,1462,2936,1745,6143
Chennai,2017,821,3669,987,5477
Chennai,2019,1358,1739,835,3932
Ahmedabad,2019,2103,941,843,3887
Jaipur,2017,1157,4721,935,6813
Delhi,2017,2779,2936,1112,6827
Rajkot,2019,2409,945,1769,5123
Vijayawada,2019,1097,1363,1671,4131
Thane,2018,505,3104,1537,5146
Kota,2018,820,3316,1867,6003
Pune,2018,530,1371,1387,3288
Ranchi,2018,2361,4988,359,7708
Varanasi,2019,2822,1815,1366,6003
Meerut,2017,1133,2766,587,4486
Mumbai,2018,1017,3706,1692,6415
Gwalior,2019,2084,2410,1373,5867
Gwalior,2018,2969,2446,347,5762
Solapur,2019,1084,3092,752,4928
Madurai,2019,2382,3064,1085,6531
Varanasi,2018,2411,1569,673,4653
Rajkot,2017,750,4765,1908,7423
Kalyan,2017,1349,1414,1676,4439
Vijayawada,2019,2078,1780,643,4501
Lucknow,2018,2253,1734,553,4540
Chennai,2018,1464,1041,963,3468
Thane,2017,2702,4521,1410,8633
Delhi,2019,1221,1529,1364,4114
Solapur,2017,761,4025,1260,6046
Delhi,2019,769,4420,1953,7142
Ahmedabad,2018,1514,822,1055,3391
Ghaziabad,2019,1605,2754,1715,6074
Indore,2018,1462,1634,987,4083
Visakhapatnam,2018,678,4549,1383,6610
Thane,2017,867,910,690,2467
Guwahati,2019,1437,3739,1880,7056
Kota,2017,2557,1459,1145,5161
Mumbai,2019,1565,2269,467,4301
Ludhiana,2019,2434,3703,1153,7290
Guwahati,2017,2559,2534,1901,6994
Faridabad,2017,2344,1775,532,4651
Faridabad,2019,2045,2264,858,5167
Hubli,2019,2724,2476,960,6160
Ghaziabad,2018,1568,2390,1351,5309
Allahabad,2017,1646,3111,697,5454
Srinagar,2018,901,2550,1854,5305
Meerut,2017,1679,1089,410,3178
Vadodara,2018,2630,2258,1500,6388
Pune,2019,2212,1382,1491,5085
Raipur,2018,1059,3800,1601,6460
Jaipur,2019,2632,2252,1902,6786
Howrah,2018,2191,3344,369,5904
Guwahati,2019,715,3795,619,5129
Chandigarh,2019,2873,3791,1322,7986
Pune,2018,2918,3673,674,7265
Ranchi,2019,614,3668,575,4857
Delhi,2018,1846,1242,1401,4489
Jaipur,2019,922,1598,974,3494
Raipur,2019,993,1091,891,2975
Madurai,2019,1777,821,726,3324
Nashik,2018,2994,1647,395,5036
Thane,2019,1075,1230,1249,3554
Pune,2018,1999,4837,1556,8392
Bangalore,2018,1634,870,1219,3723
Vasai,2018,890,1529,723,3142
Mumbai,2018,1210,1241,756,3207
Pune,2017,1789,4067,861,6717
Gwalior,2018,882,3131,1993,6006
Faridabad,2017,826,4357,1178,6361
Kalyan,2017,2425,3088,885,6398
Raipur,2018,2943,4561,428,7932
Allahabad,2019,827,1087,526,2440
Kalyan,2019,1993,2699,1496,6188
Allahabad,2018,2436,3258,772,6466
Amritsar,2017,1601,3895,1722,7218
Coimbatore,2018,674,1237,1443,3354
Amritsar,2019,811,3032,442,4285
Visakhapatnam,2018,677,2010,863,3550
Bangalore,2017,1232,4777,914,6923
Hyderabad,2019,2955,2408,1132,6495
Aurangabad,2017,2801,2204,415,5420
Kolkata,2017,2983,2227,1098,6308
Navi Mumbai,2018,1304,1051,600,2955
Howrah,2019,1524,3376,1995,6895
Aurangabad,2018,712,1582,1685,3979
Indore,2018,2239,1377,1586,5202
Pune,2017,1275,4032,1774,7081
Raipur,2019,1677,3876,1663,7216
Chennai,2019,839,1019,984,2842
Vadodara,2018,2029,4875,938,7842
Meerut,2019,2181,1159,1809,5149
Pune,2018,656,3667,1810,6133
Dhanbad,2018,1392,1830,441,3663
Amritsar,2017,1840,1401,1969,5210
Jaipur,2017,1250,2688,1750,5688
Aurangabad,2018,1416,2703,1758,5877
Faridabad,2018,2277,4494,1726,8497
Indore,2019,744,2906,1218,4868
Ranchi,2017,2581,1983,1497,6061
Meerut,2017,2542,2704,854,6100
Coimbatore,2019,2495,916,958,4369
Kota,2019,787,4582,1978,7347
Chandigarh,2019,782,3032,1216,5030
Kalyan,2017,1244,2808,1357,5409
Dhanbad,2018,1740,2264,448,4452
Kanpur,2018,861,4850,500,6211
Kalyan,2017,2422,1502,1759,5683
Chennai,2017,1069,4764,443,6276
Jabalpur,2018,1733,3408,1253,6394
Ranchi,2018,1303,2841,1021,5165
Hubli,2019,2881,3489,991,7361
Coimbatore,2019,2574,4174,1972,8720
Chandigarh,2017,2997,4195,1354,8546
Bangalore,2018,1379,834,1742,3955
Navi Mumbai,2018,2080,2779,1912,6771
Vijayawada,2019,2189,2368,1404,5961
Kanpur,2018,1669,2967,1685,6321
Ranchi,2018,1929,4857,718,7504
Hubli,2018,1778,1052,1355,4185
Agra,2019,2044,4045,1835,7924
Pune,2019,798,3781,1283,5862
Lucknow,2017,676,4818,613,6107
Raipur,2019,1895,4473,805,7173
Visakhapatnam,2018,506,4060,903,5469
Chandigarh,2017,1932,1021,439,3392
Bangalore,2017,2493,4072,483,7048
Jabalpur,2017,2455,3179,1771,7405
Meerut,2018,1395,1675,1760,4830
Gwalior,2019,774,2706,547,4027
Agra,2018,564,3996,1273,5833
Jodhpur,2018,2692,2511,1099,6302
Indore,2017,2464,1938,1289,5691
Kolkata,2017,2944,4409,926,8279
Jaipur,2019,1737,1611,1940,5288
Hyderabad,2017,2233,3938,1007,7178
Jabalpur,2019,584,4353,854,5791
Allahabad,2018,1432,2743,1541,5716
Madurai,2017,903,1512,669,3084
Jabalpur,2018,2583,2516,936,6035
Navi Mumbai,2019,2787,2841,1612,7240
Vadodara,2018,708,2899,414,4021
Howrah,2018,1595,3797,1008,6400
Coimbatore,2017,2825,3947,703,7475
Visakhapatnam,2019,563,4421,1329,6313
Varanasi,2019,1497,2895,1080,5472
Vasai,2017,593,4507,967,6067
Kanpur,2017,2012,1618,1157,4787
Faridabad,2017,1423,1564,561,3548
Guwahati,2018,588,4756,407,5751
Faridabad,2019,1315,4521,914,6750
Kolkata,2018,859,3164,1207,5230
Chandigarh,2017,2151,4650,377,7178
Amritsar,2018,600,1975,1535,4110
Dhanbad,2019,2146,3524,1750,7420
Madurai,2018,1477,1826,1141,4444
Visakhapatnam,2018,1941,3790,573,6304
Delhi,2017,2967,935,368,4270
Kanpur,2017,526,4804,614,5944
Ludhiana,2017,698,1884,1856,4438
Nagpur,2018,1910,4444,1043,7397
Srinagar,2019,2975,2618,1026,6619
Howrah,2018,2357,1297,657,4311
Madurai,2018,2625,1827,1262,5714
Ghaziabad,2017,2483,3616,1198,7297
Nagpur,2017,1520,3130,1581,6231
Bhopal,2017,2996,1789,894,5679
Vijayawada,2017,1586,4397,534,6517
Guwahati,2017,1202,2055,1727,4984
Vasai,2017,1605,825,355,2785
Solapur,2018,2789,1532,356,4677
Solapur,2018,1468,2258,1238,4964
Agra,2018,1251,2428,430,4109
Pune,2017,1905,1605,970,4480
Patna,2019,2723,1223,1788,5734
Coimbatore,2018,1729,1292,1918,4939
Amritsar,2017,1589,1568,1277,4434
Ahmedabad,2017,562,1092,1118,2772
Vijayawada,2019,2584,1594,1890,6068
Navi Mumbai,2019,1594,1031,590,3215
Nashik,2019,1641,2951,1998,6590
Nagpur,2018,950,1002,1178,3130
Ghaziabad,2017,963,2252,1801,5016
Vasai,2019,2339,4180,1813,8332
Visakhapatnam,2018,779,4494,522,5795
Madurai,2018,1667,1013,1573,4253
Bangalore,2017,2613,3909,754,7276
Howrah,2017,2108,1488,370,3966
Chennai,2017,2649,4010,1445,8104
Patna,2017,767,2995,501,4263
Guwahati,2018,1491,1223,1244,3958
Ghaziabad,2017,814,4139,537,5490
Rajkot,2017,1261,2221,401,3883
Ludhiana,2017,2169,2855,1927,6951
Chennai,2017,2399,2911,762,6072
Ranchi,2019,1121,3969,1312,6402
Vasai,2018,2961,800,750,4511
Raipur,2017,2363,4179,499,7041
Kolkata,2017,2324,965,409,3698
Coimbatore,2019,1535,1109,446,3090
Kota,2018,1252,3081,941,5274
Dhanbad,2017,2829,2831,1596,7256
Kota,2018,1872,3686,1616,7174
Madurai,2018,1785,1405,690,3880
Rajkot,2017,1822,4185,963,6970
Jodhpur,2018,1506,3379,1041,5926
Indore,2019,981,3180,832,4993
Ghaziabad,2019,965,1486,1421,3872
Varanasi,2017,1097,1637,1206,3940
Visakhapatnam,2018,540,2290,711,3541
Howrah,2019,2592,1511,541,4644
Bhopal,2019,926,3435,798,5159
Rajkot,2019,2873,3378,1838,8089
Mumbai,2017,1424,4775,1412,7611
Madurai,2019,2595,3986,1524,8105
Agra,2017,1204,1523,681,3408
Hyderabad,2019,2721,2071,1381,6173
Indore,2017,2754,4837,1791,9382
Bhopal,2018,2934,3069,1707,7710
Patna,2018,2345,2363,992,5700
Nagpur,2019,796,4433,828,6057
Ghaziabad,2017,1606,964,810,3380
Hubli,2017,835,4033,1235,6103
Bangalore,2017,1463,3184,910,5557
Vijayawada,2018,2975,1830,1267,6072
Bangalore,2018,2238,2260,1889,6387
Guwahati,2019,1407,3341,958,5706
Solapur,2018,1856,3617,1079,6552
Chennai,2019,1402,2479,829,4710
Madurai,2019,2669,2101,1499,6269
Madurai,2018,1608,4927,586,7121
Vasai,2018,1400,933,767,3100
Hubli,2017,811,1112,673,2596
Madurai,2017,1981,1678,1197,4856
Thane,2018,2233,4224,745,7202
Srinagar,2018,504,3096,686,4286
Navi Mumbai,2019,781,3677,523,4981
Jodhpur,2019,2409,1082,1399,4890
Jodhpur,2019,1274,2996,1056,5326
Vasai,2017,2629,3454,614,6697
Vasai,2019,670,4891,732,6293
Navi Mumbai,2017,511,2031,610,3152
Mumbai,2019,1926,4666,1825,8417
Jaipur,2018,1357,1643,1572,4572
Patna,2019,1495,1765,1013,4273
Patna,2019,2644,4677,1859,9180
Vasai,2019,2383,1381,1373,5137
Amritsar,2018,1079,3781,661,5521
Ludhiana,2018,1843,3368,1211,6422
Vijayawada,2017,2646,985,1841,5472
Mumbai,2019,500,1876,1877,4253
Pune,2017,1931,4938,852,7721
Allahabad,2017,2021,2076,659,4756
Mumbai,2019,2763,4793,797,8353
Varanasi,2019,1597,3434,1550,6581
Kalyan,2017,1519,1185,1469,4173
Vasai,2017,2310,1145,1339,4794
Kanpur,2018,1723,4890,637,7250
Faridabad,2019,1035,2011,473,3519
Madurai,2017,2362,2692,1795,6849
Ahmedabad,2019,2366,1238,1169,4773
Meerut,2019,692,1107,1653,3452
Navi Mumbai,2017,2534,2540,1668,6742
Rajkot,2017,934,4731,1816,7481
Nagpur,2019,2384,2771,904,6059
Lucknow,2019,2727,3472,426,6625
Kalyan,2017,2557,3424,419,6400
Ahmedabad,2017,2093,2341,519,4953
Bhopal,2017,2329,4883,1448,8660
Patna,2018,1074,3184,1915,6173
Kalyan,2018,2055,2321,1734,6110
Coimbatore,2017,1429,3946,593,5968
Coimbatore,2018,585,2979,1294,4858
Madurai,2017,1318,3618,655,5591
Coimbatore,2019,1832,2281,1912,6025
Pune,2019,887,2129,904,3920
Aurangabad,2017,1710,2185,1226,5121
Visakhapatnam,2018,895,3536,438,4869
Varanasi,2018,2383,836,812,4031
Madurai,2019,1453,3305,1302,6060
Nagpur,2019,2532,1151,1402,5085
Navi Mumbai,2018,2459,1496,849,4804
Raipur,2017,1922,3168,1655,6745
Ghaziabad,2017,1879,4787,1621,8287
Ludhiana,2019,2760,3154,1173,7087
Indore,2018,1713,1702,1064,4479
Guwahati,2018,677,912,474,2063
Jodhpur,2019,2142,1625,1536,5303
Visakhapatnam,2018,1068,1456,322,2846
Bangalore,2018,1369,4405,475,6249
Varanasi,2019,1581,4637,976,7194
Guwahati,2018,1753,2911,1950,6614
Chandigarh,2018,770,3943,921,5634
Guwahati,2019,1247,3879,1270,6396
Rajkot,2017,2031,4426,1684,8141
Indore,2019,2150,3710,1200,7060
Madurai,2018,1935,1584,1567,5086
Nagpur,2017,1785,4886,1058,7729
Thane,2019,2137,2665,728,5530
Ludhiana,2019,1553,3121,622,5296
Bhopal,2019,2473,1284,1733,5490
Coimbatore,2018,1009,1133,1666,3808
Coimbatore,2017,1633,4704,1034,7371
Hyderabad,2019,1839,3470,907,6216
Indore,2019,2156,4870,1587,8613
Kota,2017,2579,1862,1439,5880
Varanasi,2018,1847,2838,676,5361
Bhopal,2017,2861,2417,1786,7064
Srinagar,2017,2112,4063,402,6577
Solapur,2017,1219,4988,1327,7534
Nashik,2019,748,1479,1435,3662
Vadodara,2017,1325,3492,919,5736
Amritsar,2017,1742,4867,436,7045
Jabalpur,2019,2789,4268,1752,8809
Kolkata,2018,696,2493,1425,4614
Thane,2018,2667,2458,1894,7019
Delhi,2017,1616,4700,1260,7576
Nashik,2018,1735,3456,806,5997
Jabalpur,2019,1039,1754,302,3095
Thane,2019,2288,991,1471,4750
Guwahati,2017,1662,3393,1616,6671
Jabalpur,2017,2538,3720,895,7153
Chennai,2017,2286,4946,1888,9120
Patna,2019,2515,3681,305,6501
Ranchi,2017,2696,3708,1077,7481
Allahabad,2019,1636,3451,1299,6386
Ghaziabad,2017,1608,2154,1874,5636
Rajkot,2019,1596,3290,1839,6725
Hubli,2017,2149,4786,1823,8758
Nagpur,2018,2299,1533,1615,5447
Amritsar,2019,1008,4134,1137,6279
Aurangabad,2018,1721,2358,343,4422
Ghaziabad,2018,2328,2534,456,5318
Ghaziabad,2018,2980,1539,526,5045
Kota,2019,1599,4639,792,7030
Lucknow,2018,1484,4073,893,6450
Thane,2017,1809,4266,1094,7169
Visakhapatnam,2019,2765,1642,1213,5620
Indore,2019,1747,3131,1436,6314
Pune,2019,1418,2218,971,4607
Navi Mumbai,2019,2401,4504,712,7617
Vijayawada,2017,2793,2493,1541,6827
Guwahati,2018,2029,4172,1011,7212
Vijayawada,2018,2482,3090,752,6324
Aurangabad,2017,2281,2248,518,5047
Srinagar,2017,2112,4502,1141,7755
Faridabad,2017,1033,1773,1666,4472
Meerut,2018,1520,2972,685,5177
Jaipur,2018,2818,2423,1839,7080
Aurangabad,2017,946,1411,1707,4064
Varanasi,2017,2052,3288,1759,7099
Srinagar,2017,1331,4389,1595,7315
Kalyan,2018,2246,958,1797,5001
Varanasi,2018,1189,2003,621,3813
Ranchi,2018,2570,4806,1453,8829
Kolkata,2019,2987,2460,728,6175
Jabalpur,2017,2580,4575,1386,8541
Rajkot,2019,1687,2346,1682,5715
Bhopal,2018,2618,4417,926,7961
Faridabad,2019,1425,2891,1223,5539
Chennai,2018,2805,1309,1679,5793
Rajkot,2017,2727,4345,341,7413
Jabalpur,2017,2417,2546,1486,6449
Navi Mumbai,2019,774,1045,477,2296
Allahabad,2019,1933,4091,1123,7147
Madurai,2017,713,3152,1367,5232
Pune,2017,579,2645,1411,4635
Guwahati,2019,1079,3021,1305,5405
Indore,2017,1312,4662,810,6784
Ludhiana,2018,1969,1327,1964,5260
Allahabad,2017,1295,3055,1490,5840
Vijayawada,2018,2935,953,1912,5800
Mumbai,2017,2492,4519,1272,8283
Vijayawada,2019,2369,2399,519,5287
Meerut,2019,2792,2780,858,6430
Mumbai,2017,2592,4479,732,7803
Thane,2018,787,3158,1167,5112
Nashik,2018,1946,1517,893,4356
Allahabad,2017,2381,2432,448,5261
Patna,2019,789,1900,1401,4090
Varanasi,2017,673,1146,1266,3085
Solapur,2018,955,4403,1207,6565
Ludhiana,2018,1772,4605,476,6853
Lucknow,2018,2999,2453,1269,6721
Thane,2019,924,4749,400,6073
Kalyan,2017,2156,3674,679,6509
Bhopal,2017,2841,2660,481,5982
Kota,2017,662,3708,826,5196
Aurangabad,2017,1084,3399,1474,5957
Vasai,2017,1532,1237,1183,3952
Howrah,2019,1757,1779,1907,5443
Navi Mumbai,2019,1007,1171,1356,3534
Agra,2019,2873,3106,318,6297
Chandigarh,2019,1219,1178,1056,3453
Vijayawada,2017,1932,4556,438,6926
Allahabad,2018,853,3824,509,5186
Vasai,2018,1255,3166,1437,5858
Hyderabad,2018,1794,3828,1327,6949
Lucknow,2018,928,816,455,2199
Delhi,2017,2223,4935,1101,8259
Varanasi,2018,2960,2986,590,6536
Bhopal,2019,2359,4744,908,8011
Hubli,2019,678,2670,1081,4429
Raipur,2019,1403,3701,1570,6674
Kota,2017,2782,3271,420,6473
Varanasi,2017,1220,1410,557,3187
Vasai,2019,831,3367,1011,5209
Thane,2019,2766,995,841,4602
Rajkot,2019,1912,4582,1043,7537
Ghaziabad,2017,1506,2038,843,4387
Chennai,2019,517,3428,1007,4952
Meerut,2018,1472,908,1348,3728
Raipur,2017,1002,2688,1781,5471
Chennai,2018,2129,3274,375,5778
Meerut,2019,2718,923,1379,5020
Lucknow,2019,1601,4575,1215,7391
Vijayawada,2019,2494,1142,549,4185
Aurangabad,2019,542,1284,454,2280
Hubli,2019,2592,936,1719,5247
Visakhapatnam,2017,1779,4155,1334,7268
Varanasi,2019,2892,4762,1736,9390
Ludhiana,2018,1671,1918,890,4479
Kota,2019,1428,3086,687,5201
Srinagar,2017,2244,3859,1543,7646
Jaipur,2018,2346,4262,1092,7700
Allahabad,2017,2589,4237,962,7788
Jaipur,2019,1838,2792,725,5355
Thane,2019,1336,2328,1596,5260
Indore,2018,1311,977,686,2974
Nagpur,2018,1468,1007,695,3170
Thane,2018,2747,4242,1327,8316
Nagpur,2017,1281,3404,1483,6168
Raipur,2019,2374,2705,553,5632
Guwahati,2018,2136,1072,663,3871
Jaipur,2017,2903,3458,411,6772
Kanpur,2018,2271,898,1308,4477
Allahabad,2017,1240,4663,1402,7305
Meerut,2018,1659,2755,1866,6280
Patna,2018,1980,4228,493,6701
Delhi,2017,1066,4240,1166,6472
Jaipur,2019,1353,953,1728,4034
Jodhpur,2019,2974,3681,1522,8177
Vijayawada,2019,1291,3008,1417,5716
Amritsar,2019,2491,4540,1423,8454
Vijayawada,2018,2341,1515,311,4167
Hyderabad,2019,1915,3073,1681,6669
Allahabad,2018,2229,3351,1483,7063
Vijayawada,2018,1008,4579,1514,7101
Chennai,2018,2110,4094,1585,7789
Raipur,2019,2751,4403,1511,8665
Meerut,2019,1201,2707,853,4761
Kalyan,2019,2132,3340,892,6364
Raipur,2018,1960,2866,1357,6183
Madurai,2017,1676,2588,1099,5363
Indore,2018,1179,4950,1640,7769
Srinagar,2017,2073,3483,574,6130
Chandigarh,2019,704,2105,1207,4016
Jabalpur,2018,1299,871,672,2842
Faridabad,2019,2919,3698,347,6964
Indore,2019,1051,3602,1629,6282
Agra,2017,2457,3056,654,6167
Ludhiana,2019,1684,4822,999,7505
Jodhpur,2017,1552,3393,481,5426
Meerut,2018,2828,2211,624,5663
Vadodara,2017,1516,2983,710,5209
Patna,2018,2317,3531,374,6222
Ludhiana,2019,2562,2561,1482,6605
Rajkot,2018,957,1204,1174,3335
Kota,2018,1076,4527,720,6323
Nagpur,2019,2709,938,762,4409
Visakhapatnam,2017,1242,1841,834,3917
Navi Mumbai,2019,598,1787,477,2862
Aurangabad,2019,1534,3221,1830,6585
Madurai,2017,2620,4595,1075,8290
Gwalior,2019,2061,2573,466,5100
Patna,2017,857,1657,771,3285
Allahabad,2018,2998,4688,1753,9439
Hyderabad,2018,1862,4285,1318,7465
Kanpur,2019,2805,2358,919,6082
Kolkata,2017,1233,1984,573,3790
Indore,2019,2130,4903,1254,8287
Kanpur,2019,531,1365,1947,3843
Bhopal,2017,1896,3490,336,5722
Varanasi,2019,638,1901,534,3073
Kanpur,2018,1443,3793,1170,6406
Jodhpur,2019,2578,3167,1847,7592
Kota,2018,893,1325,1289,3507
Patna,2018,2380,1207,421,4008
Vadodara,2017,1621,4400,493,6514
Solapur,2017,503,884,1817,3204
Hyderabad,2019,671,1290,1630,3591
Mumbai,2017,2173,2602,1451,6226
Solapur,2018,2098,2889,1798,6785
Thane,2018,1017,849,1334,3200
Madurai,2017,2558,946,1836,5340
Visakhapatnam,2017,2220,2998,1878,7096
Kota,2017,1258,3706,1707,6671
Ghaziabad,2018,1228,1858,1611,4697
Thane,2019,1315,2132,1076,4523
Indore,2018,1849,1097,693,3639
Kota,2019,1495,1480,319,3294
Howrah,2017,2200,3853,1905,7958
Amritsar,2017,2122,4868,1697,8687
Delhi,2017,1759,2202,513,4474
Delhi,2018,1865,952,815,3632
Mumbai,2017,2098,1507,571,4176
Patna,2018,1133,2481,1743,5357
Rajkot,2018,1234,4647,1204,7085
Howrah,2018,2655,1120,1218,4993
Agra,2018,884,2665,759,4308
Meerut,2018,608,4413,1743,6764
Kalyan,2017,2148,4000,1639,7787
Nagpur,2018,651,3600,538,4789
Faridabad,2019,567,3244,1262,5073
Agra,2017,2129,1006,1385,4520
Kota,2018,2750,1577,1617,5944
Visakhapatnam,2019,2308,3752,1071,7131
Meerut,2019,1903,2013,1743,5659
Howrah,2017,864,1133,1601,3598
Bangalore,2017,2263,2978,1917,7158
Allahabad,2018,2379,4809,971,8159
Jaipur,2018,2074,4510,689,7273
Varanasi,2018,1336,2158,997,4491
Visakhapatnam,2018,1501,2516,1706,5723
Ranchi,2019,2291,2695,805,5791
Kolkata,2017,2584,4024,797,7405
Ranchi,2019,2608,1071,1493,5172
Bangalore,2018,1454,1158,444,3056
Srinagar,2019,2060,1114,1297,4471
Chandigarh,2017,512,1738,1647,3897
Coimbatore,2019,819,4413,1323,6555
Allahabad,2018,2284,3207,1932,7423
Jodhpur,2018,2420,2021,367,4808
Kanpur,2018,769,2376,1364,4509
Mumbai,2018,932,2835,1171,4938
Amritsar,2018,583,1400,1817,3800
Jabalpur,2018,2864,1141,1347,5352
Ghaziabad,2019,1369,4961,928,7258
Amritsar,2018,2204,1902,1739,5845
Kalyan,2017,1679,2020,700,4399
Meerut,2019,2998,2838,1605,7441
Dhanbad,2017,541,4100,1481,6122
Coimbatore,2018,510,3686,837,5033
Indore,2017,2331,3609,1993,7933
Varanasi,2019,2331,4954,1511,8796
Hyderabad,2017,729,3854,1907,6490
Bhopal,2018,1954,4478,1919,8351
Srinagar,2017,1683,1455,952,4090
Agra,2017,767,1068,1921,3756
Bhopal,2017,628,2601,1227,4456
Jodhpur,2018,2248,2850,553,5651
Delhi,2019,816,1059,1373,3248
Faridabad,2017,2543,2038,817,5398
Bangalore,2017,2663,3031,989,6683
Indore,2017,2660,1525,1718,5903
Bangalore,2017,1990,4365,823,7178
Madurai,2019,801,4947,1107,6855
Kalyan,2017,2158,3630,573,6361
Vijayawada,2019,2447,3078,1002,6527
Vasai,2018,841,1297,894,3032
Howrah,2017,1289,856,1909,4054
Kanpur,2019,2014,1339,532,3885
Visakhapatnam,2018,881,4599,1280,6760
Thane,2019,1413,2960,1563,5936
Jaipur,2019,1232,938,1155,3325
Jaipur,2019,1827,2183,1338,5348
Aurangabad,2019,625,948,410,1983
Allahabad,2019,1126,3239,768,5133
Ahmedabad,2017,2754,2904,896,6554
Allahabad,2017,1287,4912,1412,7611
Solapur,2018,2899,3511,801,7211
Bhopal,2018,1874,3117,1164,6155
Visakhapatnam,2018,2033,2338,1684,6055
Kolkata,2019,2976,4541,1147,8664
Chennai,2019,2565,1034,1018,4617
Amritsar,2018,574,3354,320,4248
Ranchi,2019,2380,4380,1748,8508
Kanpur,2017,1370,868,1070,3308
Mumbai,2017,1223,3967,526,5716
Vadodara,2018,1223,4377,1880,7480
Delhi,2017,1866,4362,1689,7917
Visakhapatnam,2019,568,989,443,2000
Ludhiana,2018,1453,3963,713,6129
Navi Mumbai,2018,1236,4367,1304,6907
Lucknow,2019,1938,851,552,3341
Dhanbad,2018,709,2102,361,3172
Gwalior,2018,608,2407,1163,4178
Varanasi,2019,2741,3089,681,6511
Jaipur,2019,847,4365,1036,6248
Delhi,2018,2604,4805,776,8185
Madurai,2017,1688,4700,1984,8372
Allahabad,2017,970,1983,1084,4037
Bangalore,2019,1741,1114,399,3254
Nashik,2017,2981,3454,1984,8419
Amritsar,2018,1812,3255,1962,7029
Chennai,2017,1233,4248,1565,7046
Kalyan,2017,889,1277,1393,3559
Nashik,2017,2240,4306,1067,7613
Hyderabad,2017,2470,926,1335,4731
Gwalior,2017,2056,3414,988,6458
Vasai,2017,1191,956,339,2486
Vasai,2017,1005,3216,769,4990
Chandigarh,2019,2767,899,1498,5164
Agra,2019,1405,4905,829,7139
Kolkata,2019,1734,1059,1893,4686
Lucknow,2017,2769,1368,1900,6037
Lucknow,2019,1949,2772,1602,6323
Howrah,2019,2004,1461,1960,5425
Chennai,2017,1054,1301,1101,3456
Vijayawada,2017,2128,1457,1215,4800
Guwahati,2018,1822,3501,1649,6972
Kota,2018,2418,1326,1346,5090
Navi Mumbai,2017,2566,1440,1058,5064
Hyderabad,2019,802,3978,881,5661
Pune,2017,1607,1736,804,4147
Navi Mumbai,2017,2483,2796,883,6162
Kolkata,2017,2478,1210,349,4037
Chandigarh,2019,1321,3061,301,4683
Srinagar,2019,2350,2840,1052,6242
Srinagar,2019,1515,3726,1880,7121
Mumbai,2017,2625,1278,833,4736
Amritsar,2018,914,4526,1904,7344
Bhopal,2017,1339,3032,1811,6182
Delhi,2019,1315,4660,593,6568
Visakhapatnam,2019,2985,3981,1472,8438
Kalyan,2019,2551,3037,306,5894
Navi Mumbai,2019,1286,2832,350,4468
Lucknow,2018,1109,2710,975,4794
Pune,2019,1656,3930,1260,6846
Mumbai,2018,2434,2461,1715,6610
Vadodara,2018,2975,4481,1296,8752
Chennai,2019,1365,1609,451,3425
Ranchi,2018,2513,2659,1138,6310
Amritsar,2019,576,3197,761,4534
Jabalpur,2017,2283,1892,1863,6038
Ahmedabad,2017,2593,4316,701,7610
Solapur,2019,1264,4982,1644,7890
Amritsar,2019,2854,1397,977,5228
Faridabad,2018,1348,1168,1664,4180
Agra,2018,1894,4760,1201,7855
Vadodara,2019,2587,2549,1763,6899
Indore,2017,1599,1958,780,4337
Lucknow,2017,708,2227,817,3752
Jodhpur,2018,1806,4827,442,7075
Nashik,2019,2241,3375,725,6341
Ludhiana,2019,733,885,405,2023
Bangalore,2019,797,2923,861,4581
Bangalore,2018,1024,2364,1770,5158
Jodhpur,2017,716,2229,1628,4573
Pune,2019,1463,2935,1133,5531
Meerut,2019,2387,1347,362,4096
Bangalore,2017,2352,1229,1957,5538
Ranchi,2017,2534,4641,426,7601
Thane,2019,1453,3166,810,5429
Hyderabad,2017,1192,4255,565,6012
Agra,2018,1531,3853,1781,7165
Varanasi,2018,2934,4507,1816,9257
Pune,2019,2462,1359,486,4307
Thane,2018,1888,4821,1649,8358
Visakhapatnam,2018,1105,1104,702,2911
Ghaziabad,2018,1230,2903,1836,5969
Vadodara,2018,1483,4384,1137,7004
Kalyan,2017,2704,2035,1550,6289
Coimbatore,2018,2242,4296,1696,8234
Kalyan,2017,1459,3665,428,5552
Patna,2018,2259,4094,347,6700
Kanpur,2019,1473,3774,1628,6875
Coimbatore,2019,1879,4293,1189,7361
Nashik,2018,2955,4462,435,7852
Jabalpur,2019,2684,4508,990,8182
Srinagar,2018,2843,1106,315,4264
Navi Mumbai,2017,2259,1319,1892,5470
Srinagar,2017,1468,1929,837,4234
Chandigarh,2018,2798,4771,1365,8934
Meerut,2017,1344,2163,476,3983
Gwalior,2018,2281,1403,1496,5180
Bhopal,2017,2731,2475,1437,6643
Hubli,2019,2439,996,489,3924
Hyderabad,2017,1085,3579,811,5475
Navi Mumbai,2019,1389,4899,1289,7577
Bangalore,2019,873,2538,543,3954
Ludhiana,2018,1195,1544,721,3460
Kolkata,2017,2035,4904,1114,8053
Dhanbad,2018,1144,4614,1091,6849
Vasai,2018,2855,2256,1001,6112
Bangalore,2019,1513,4281,1030,6824
Meerut,2019,2787,1805,1109,5701
Solapur,2019,595,2059,1165,3819
Aurangabad,2019,2533,4589,775,7897
Jaipur,2018,1634,2573,457,4664
Faridabad,2017,668,3224,1124,5016
Dhanbad,2017,2897,4054,1355,8306
Nagpur,2018,2085,2545,1111,5741
Lucknow,2019,903,4567,1913,7383
Madurai,2017,2362,1130,850,4342
Chandigarh,2018,960,1094,1368,3422
Raipur,2019,1762,839,582,3183
Raipur,2018,1374,2933,1499,5806
Gwalior,2018,1947,4817,1086,7850
Madurai,2019,1869,842,1810,4521
Visakhapatnam,2018,2078,4811,1778,8667
Gwalior,2019,789,3803,1960,6552
Chennai,2017,1707,1345,1977,5029
Amritsar,2018,2342,3024,1632,6998
Solapur,2017,1529,3663,924,6116
Allahabad,2017,2962,4065,508,7535
Allahabad,2019,2478,3500,1556,7534
Ghaziabad,2018,1569,1180,1157,3906
Dhanbad,2018,545,4407,531,5483
Vasai,2017,1568,4801,638,7007
Thane,2019,2190,972,557,3719
Kota,2019,2639,4298,1248,8185
Pune,2019,1608,3284,1181,6073
Faridabad,2019,2805,3466,1078,7349
Jabalpur,2018,2869,1651,1197,5717
Bhopal,2018,850,4517,1762,7129
Navi Mumbai,2019,2973,3823,703,7499
Delhi,2017,1884,1278,1771,4933
Dhanbad,2019,2869,3268,1517,7654
Rajkot,2017,2709,3618,1113,7440
Dhanbad,2019,676,4880,811,6367
Lucknow,2019,1897,941,521,3359
Allahabad,2018,2282,4197,589,7068
Mumbai,2019,1144,2514,1855,5513
Madurai,2019,790,3165,1580,5535
Delhi,2018,2810,1375,940,5125
Vasai,2017,2870,1062,1463,5395
Allahabad,2018,2618,4107,1720,8445
Jaipur,2019,2124,3273,463,5860
Ludhiana,2019,2383,4783,1864,9030
Visakhapatnam,2017,1090,1265,1515,3870
Patna,2018,945,2872,1031,4848
Faridabad,2019,1604,2604,1399,5607
Meerut,2018,2777,2513,1371,6661
Jabalpur,2018,1328,1008,739,3075
Guwahati,2019,1739,4596,676,7011
Vijayawada,2019,1135,1234,522,2891
Lucknow,2018,2924,3664,1479,8067
Gwalior,2017,716,1470,1497,3683
Agra,2019,2231,1259,1195,4685
Chandigarh,2017,2524,1704,520,4748
Kanpur,2019,1889,1093,1256,4238
Nagpur,2019,2077,4425,385,6887
Kalyan,2018,631,1970,1861,4462
Chandigarh,2018,2323,4167,1884,8374
Chennai,2018,1086,4357,1778,7221
Solapur,2017,649,4307,1592,6548
Guwahati,2019,2144,1314,586,4044
Faridabad,2017,874,2044,523,3441
Nagpur,2017,2493,1301,1207,5001
Coimbatore,2017,2092,1524,1268,4884
Kolkata,2019,1863,4812,1249,7924
Jabalpur,2019,576,2278,1003,3857
Chandigarh,2018,2629,4190,1300,8119
Solapur,2019,2529,4598,416,7543
Vasai,2017,2983,3332,645,6960
Delhi,2019,1494,1714,663,3871
Ludhiana,2017,2621,4147,751,7519
Madurai,2019,2698,2127,1805,6630
Kolkata,2019,1140,4090,852,6082
Pune,2019,1809,2432,550,4791
Aurangabad,2017,1297,3432,733,5462
Faridabad,2018,2480,900,1961,5341
Raipur,2017,2650,1165,890,4705
Chandigarh,2019,1175,2593,890,4658
Allahabad,2019,2271,4856,927,8054
Nagpur,2017,2480,3291,1655,7426
Delhi,2018,1194,4833,576,6603
Mumbai,2019,2149,2765,670,5584
Kalyan,2018,1547,2684,1493,5724
Vadodara,2019,1535,4696,886,7117
Jaipur,2018,1628,1570,631,3829
Chandigarh,2019,2601,4369,1246,8216
Raipur,2018,2847,3728,1518,8093
Pune,2018,898,1167,1497,3562
Guwahati,2017,982,3288,1223,5493
Hubli,2018,2837,3988,659,7484
Agra,2017,1881,1317,1020,4218
Kolkata,2017,2876,4735,1226,8837
Jodhpur,2017,1464,2283,371,4118
Ludhiana,2019,2879,2620,670,6169
Navi Mumbai,2018,1756,2114,1689,5559
Srinagar,2019,2706,4953,1527,9186
Srinagar,2019,2989,1030,1950,5969
Ahmedabad,2018,2077,827,527,3431
Madurai,2018,1973,1228,392,3593
Hubli,2019,2633,2288,1092,6013
Navi Mumbai,2018,1853,1108,984,3945
Lucknow,2019,1898,4806,1497,8201
Ranchi,2019,2304,2869,1068,6241
Nagpur,2017,1218,1666,554,3438
Kota,2018,2485,2436,1652,6573
Chennai,2018,1855,4430,1372,7657
Agra,2017,2406,2608,966,5980
Delhi,2017,1797,4297,1783,7877
Kanpur,2019,2094,1797,1563,5454
Ranchi,2018,2905,2084,1109,6098
Srinagar,2019,1315,2515,1734,5564
Allahabad,2017,2171,3709,1012,6892
Ludhiana,2018,2936,4683,347,7966
Srinagar,2017,1639,2429,1532,5600
Chennai,2019,961,4087,789,5837
Kalyan,2018,1965,1213,593,3771
Dhanbad,2019,2092,3514,1167,6773
Jaipur,2017,2808,4605,1473,8886
Madurai,2018,2057,1946,1593,5596
Bangalore,2019,2717,934,843,4494
Kanpur,2017,2717,1900,734,5351
Guwahati,2019,2372,3297,650,6319
Bhopal,2017,663,3770,467,4900
Chennai,2018,550,4114,1403,6067
Delhi,2019,1900,3980,1636,7516
Patna,2018,1107,3417,913,5437
Guwahati,2019,2416,2281,1109,5806
Kanpur,2017,2777,1463,1874,6114
Hyderabad,2017,1841,2766,1176,5783
Kanpur,2018,784,4636,938,6358
Chennai,2017,671,2276,1285,4232
Pune,2018,2847,1738,770,5355
Kanpur,2019,519,3159,1071,4749
Patna,2018,1630,4204,1627,7461
Lucknow,2019,532,2127,1182,3841
Chandigarh,2019,1366,4639,1886,7891
Kota,2017,1399,973,1761,4133
Nashik,2018,677,2625,1915,5217
Visakhapatnam,2019,2106,951,1915,4972
Guwahati,2019,2556,1553,533,4642
Ghaziabad,2019,2211,1356,1388,4955
Rajkot,2019,2133,2564,1984,6681
Hyderabad,2018,2225,4104,1819,8148
Raipur,2017,2691,2018,1916,6625
Nashik,2018,732,1586,846,3164
Dhanbad,2019,2853,4519,353,7725
Kanpur,2019,2146,1540,672,4358
Bhopal,2017,1211,1343,1881,4435
Srinagar,2019,1485,4577,1102,7164
Bhopal,2019,2894,2605,1579,7078
Howrah,2019,1056,820,1099,2975
Thane,2019,792,4806,1730,7328
Solapur,2018,1198,2461,1932,5591
Kota,2017,1127,4237,950,6314
Raipur,2018,2051,1989,1878,5918
Allahabad,2018,2089,3985,1764,7838
Hubli,2019,2114,4678,616,7408
Kota,2017,2490,2319,608,5417
Vasai,2017,1507,1305,391,3203
Howrah,2017,693,1467,1777,3937
Navi Mumbai,2019,2209,4360,746,7315
Gwalior,2019,1979,3169,1841,6989
Solapur,2019,2826,1435,1136,5397
Delhi,2018,1510,4691,627,6828
Lucknow,2018,564,3016,378,3958
Jodhpur,2018,1582,1931,1859,5372
Ahmedabad,2018,1123,2957,354,4434
Navi Mumbai,2019,2902,3327,1904,8133
Amritsar,2019,1548,3922,969,6439
Guwahati,2018,2597,1406,519,4522
Srinagar,2018,1039,3768,1877,6684
Raipur,2018,2621,3883,482,6986
Kolkata,2019,925,4481,424,5830
Srinagar,2019,2182,4562,1310,8054
Kalyan,2019,2484,2313,1076,5873
Varanasi,2017,685,907,619,2211
Ludhiana,2019,2865,4305,612,7782
Srinagar,2019,1225,1278,963,3466
Jaipur,2018,1022,4289,1283,6594
Rajkot,2018,2824,1463,1160,5447
Howrah,2018,1739,2559,1625,5923
Hyderabad,2018,2524,3012,1373,6909
Nagpur,2018,1675,960,741,3376
Faridabad,2017,2937,2254,1566,6757
Chandigarh,2019,1157,872,1696,3725
Chennai,2019,1886,4186,1259,7331
Agra,2019,2597,2572,1133,6302
Patna,2018,2770,4923,602,8295
Thane,2017,2765,3166,1971,7902
Howrah,2017,1009,1003,601,2613
Aurangabad,2019,1512,4766,967,7245
Srinagar,2018,2451,2988,1219,6658
Vasai,2017,2274,1432,1286,4992
Chennai,2019,2368,2995,1047,6410
Howrah,2018,2394,3983,1881,8258
Allahabad,2017,2764,1313,631,4708
Jabalpur,2019,2133,2725,1859,6717
Solapur,2018,2679,4274,1161,8114
Solapur,2017,1962,3476,1343,6781
Agra,2018,1853,4372,613,6838
Madurai,2018,2405,2315,904,5624
Agra,2018,1489,4722,1186,7397
Pune,2018,782,1991,1301,4074
Jodhpur,2017,588,4325,1830,6743
Ghaziabad,2017,2743,4172,543,7458
Vasai,2019,2254,4404,380,7038
Thane,2017,2550,3771,454,6775
Ludhiana,2019,2934,4025,949,7908
Indore,2017,1036,1942,646,3624
Faridabad,2018,1971,1490,1529,4990
Agra,2018,1832,2560,436,4828
Dhanbad,2018,2268,3373,523,6164
Bangalore,2019,1344,1499,474,3317
Varanasi,2017,2993,2060,860,5913
Guwahati,2017,2297,2881,617,5795
Indore,2018,825,3378,1645,5848
Gwalior,2017,1319,2353,300,3972
Kanpur,2019,568,2356,902,3826
Vijayawada,2018,2504,4408,1668,8580
Amritsar,2017,2102,2763,1725,6590
Jodhpur,2018,657,3280,565,4502
Ludhiana,2018,1444,2613,615,4672
Faridabad,2018,1401,1499,1898,4798
Vijayawada,2018,527,2786,1327,4640
Hubli,2019,896,2081,782,3759
Vijayawada,2018,1138,4589,797,6524
Meerut,2019,689,2568,1917,5174
Vasai,2017,684,2629,1807,5120
Jodhpur,2017,2605,3507,1429,7541
Kalyan,2017,1983,4681,459,7123
Solapur,2018,956,4060,979,5995
Ranchi,2019,1316,1636,603,3555
Dhanbad,2017,2415,3237,440,6092
Bhopal,2019,1473,2415,1025,4913
Howrah,2019,1143,2682,787,4612
Agra,2018,814,1766,1295,3875
Ghaziabad,2017,1732,4917,1142,7791
Nashik,2019,2151,867,1812,4830
Chennai,2017,827,4300,1607,6734
Mumbai,2018,2352,1769,1125,5246
Mumbai,2017,2162,2083,915,5160
Patna,2018,1122,2599,1517,5238
Srinagar,2018,1436,2284,1414,5134
Howrah,2019,1220,3577,1995,6792
Ghaziabad,2017,683,3234,504,4421
Pune,2017,1020,3812,338,5170
Lucknow,2017,1715,2855,1911,6481
Pune,2018,2140,1417,780,4337
Mumbai,2019,2069,2064,1292,5425
Kalyan,2019,2925,872,1082,4879
Bangalore,2018,1991,1250,1213,4454
Ahmedabad,2019,2230,4994,1766,8990
Nashik,2018,1938,4392,931,7261
Lucknow,2017,1614,1777,749,4140
Coimbatore,2017,2001,4832,1753,8586
Howrah,2019,2020,3767,870,6657
Delhi,2019,678,4256,609,5543
Patna,2019,1171,3760,1407,6338
Srinagar,2018,2625,3598,1226,7449
Bangalore,2017,2271,2948,344,5563
Varanasi,2018,1538,2226,1913,5677
Visakhapatnam,2017,2826,3236,1458,7520
Agra,2017,2830,2900,670,6400
Kanpur,2019,2892,1044,1570,5506
Vasai,2017,1947,1821,755,4523
Hyderabad,2017,943,4117,1203,6263
Srinagar,2019,717,2448,1804,4969
Nagpur,2018,2353,3722,525,6600
Gwalior,2019,713,3815,1109,5637
Rajkot,2017,553,841,1089,2483
Kolkata,2017,1074,1891,593,3558
Nashik,2019,1259,3441,1873,6573
Ghaziabad,2017,1658,4100,1822,7580
Solapur,2019,2301,3643,365,6309
Thane,2019,1739,1016,992,3747
Coimbatore,2019,2162,1495,1509,5166
Srinagar,2017,2163,2165,1152,5480
Guwahati,2018,1178,2529,1148,4855
Guwahati,2018,1029,846,1835,3710
Aurangabad,2018,2188,939,848,3975
Faridabad,2017,2425,3128,663,6216
Howrah,2017,908,2716,1336,4960
Howrah,2018,1283,1251,1266,3800
Varanasi,2019,2062,4991,1589,8642
Allahabad,2018,2341,940,1734,5015
Chennai,2018,2877,2493,1119,6489
Allahabad,2018,1083,2316,1885,5284
Vadodara,2019,1140,1042,1298,3480
Vadodara,2019,2308,4686,554,7548
Patna,2018,979,4133,1825,6937
Madurai,2017,1853,4014,631,6498
Madurai,2019,987,2264,1985,5236
Jodhpur,2019,1930,3745,1062,6737
Vadodara,2018,2463,3946,1572,7981
Vijayawada,2017,1071,4663,1497,7231
Aurangabad,2019,2858,2613,1922,7393
Kota,2017,2519,1525,1478,5522
Kalyan,2017,994,1076,914,2984
Hubli,2019,1486,4779,528,6793
Nashik,2019,2091,4050,738,6879
Kanpur,2018,1879,3207,1930,7016
Kolkata,2019,1632,4247,1594,7473
Lucknow,2018,924,2677,1109,4710
Aurangabad,2019,705,4031,798,5534
Bangalore,2019,2355,1018,1018,4391
Thane,2017,1800,3008,949,5757
Guwahati,2018,1608,3373,803,5784
Chennai,2017,1974,3864,1954,7792
Bhopal,2019,2683,4536,473,7692
Coimbatore,2019,2317,3263,1482,7062
Gwalior,2017,1096,4897,780,6773
Howrah,2017,1777,4597,1049,7423
Faridabad,2019,2985,4023,1480,8488
Dhanbad,2018,2878,4084,1811,8773
Nashik,2019,2881,3742,571,7194
Allahabad,2017,2484,819,1800,5103
Lucknow,2017,504,2151,1944,4599
Nagpur,2018,1027,2370,1930,5327
Mumbai,2019,1888,1768,885,4541
Howrah,2017,2988,2119,1311,6418
Patna,2017,1370,1950,1453,4773
Pune,2019,1501,2889,1102,5492
Srinagar,2019,2610,3221,684,6515
Vijayawada,2018,2024,2990,1344,6358
Hubli,2017,2290,2887,1254,6431
Raipur,2017,2900,2745,358,6003
Navi Mumbai,2018,2841,3751,1787,8379
Navi Mumbai,2018,2833,3534,1905,8272
Ahmedabad,2018,2793,3281,458,6532
Hubli,2018,2144,3647,1386,7177
Navi Mumbai,2019,758,3284,695,4737
Dhanbad,2019,1427,2252,811,4490
Vijayawada,2017,924,3323,862,5109
Delhi,2018,1457,2490,1134,5081
Hubli,2017,1235,2358,1407,5000
Jaipur,2019,883,1286,1103,3272
Kanpur,2018,1991,2998,1765,6754
Ludhiana,2019,2034,3847,685,6566
Allahabad,2019,2979,1061,967,5007
Coimbatore,2019,1807,3966,1706,7479
Jodhpur,2017,1107,1588,1073,3768
Delhi,2018,1692,2752,1340,5784
Vasai,2019,1662,4734,926,7322
Chennai,2019,523,4682,1002,6207
Indore,2017,2687,2659,333,5679
Kalyan,2018,1856,3046,1058,5960
Bangalore,2019,738,4751,1203,6692
Ludhiana,2018,2759,821,588,4168
Bangalore,2018,2092,2673,686,5451
Bhopal,2017,624,1461,477,2562
Delhi,2019,1830,2417,1711,5958
Howrah,2019,2699,1112,553,4364
Ghaziabad,2018,2767,1005,1753,5525
Chennai,2018,1885,1895,1301,5081
Nashik,2019,2051,2942,710,5703
Faridabad,2017,1054,2699,317,4070
Raipur,2017,1224,2395,1756,5375
Kanpur,2018,788,4443,1952,7183
Howrah,2017,814,1765,667,3246
Kanpur,2018,2023,4847,440,7310
Allahabad,2018,2032,3206,1117,6355
Ludhiana,2017,1851,811,1318,3980
Gwalior,2017,2375,2945,456,5776
Delhi,2018,617,2881,1875,5373
Bhopal,2018,777,3622,1870,6269
Ahmedabad,2019,1176,1294,1133,3603
Allahabad,2017,2069,2471,1328,5868
Aurangabad,2019,2941,3579,906,7426
Navi Mumbai,2018,2254,2860,1378,6492
Meerut,2018,515,845,1551,2911
Aurangabad,2019,1416,2607,1341,5364
Jabalpur,2017,691,4208,886,5785
Lucknow,2019,2188,3181,514,5883
Bangalore,2019,2297,4468,390,7155
Kolkata,2018,1693,4741,534,6968
Agra,2018,2668,4722,1771,9161
Vasai,2019,1816,2230,1464,5510
Meerut,2018,2536,2279,1807,6622
Patna,2018,2366,3898,1338,7602
Hyderabad,2018,2375,3526,577,6478
Allahabad,2017,2813,3924,788,7525
Visakhapatnam,2017,1976,4554,1635,8165
Solapur,2018,1516,3298,1368,6182
Bangalore,2019,2120,1766,1693,5579
Patna,2018,1770,3400,320,5490
Howrah,2019,1995,1486,1612,5093
Rajkot,2019,1556,3872,1372,6800
Delhi,2019,807,1029,424,2260
Allahabad,2018,2351,2994,1192,6537
Aurangabad,2017,2251,4231,856,7338
Patna,2017,1826,972,783,3581
Nagpur,2017,1959,4770,1549,8278
Jodhpur,2017,1129,903,950,2982
Jaipur,2018,827,3083,821,4731
Visakhapatnam,2017,1878,1304,1093,4275
Visakhapatnam,2019,2198,2502,1871,6571
Delhi,2017,574,803,471,1848
Indore,2019,2137,4041,876,7054
Allahabad,2017,1646,3886,1039,6571
Vadodara,2019,1922,1505,1332,4759
Aurangabad,2018,2532,4650,1400,8582
Chandigarh,2018,1125,3312,1844,6281
Kalyan,2017,538,2879,1271,4688
Gwalior,2018,1507,1162,1853,4522
Ranchi,2019,886,3122,1109,5117
Kota,2017,1681,2932,1838,6451
Varanasi,2019,2734,3197,1093,7024
Guwahati,2019,2868,3024,378,6270
Vijayawada,2019,2285,4691,1845,8821
Varanasi,2018,1848,1087,1261,4196
Jodhpur,2019,2785,4881,1278,8944
Chandigarh,2018,2169,4010,864,7043
Madurai,2017,608,2017,814,3439
Pune,2018,2735,1355,1966,6056
Bangalore,2019,1975,2538,587,5100
Thane,2017,2476,4601,1632,8709
Howrah,2017,2744,858,409,4011
Visakhapatnam,2017,2749,4159,1862,8770
Ahmedabad,2017,1598,2586,899,5083
Ghaziabad,2018,716,3366,511,4593
Howrah,2018,750,3237,944,4931
Ranchi,2018,2577,1113,1021,4711
Kota,2019,1743,3056,614,5413
Allahabad,2019,2609,2707,1855,7171
Ludhiana,2018,1427,2860,1871,6158
Bhopal,2018,871,3984,1706,6561
Howrah,2017,2121,2471,1282,5874
Hyderabad,2019,2127,2975,1211,6313
Varanasi,2018,1237,4313,652,6202
Hyderabad,2017,1161,2289,1578,5028
Howrah,2018,2706,3235,1290,7231
Chennai,2017,2903,3762,613,7278
Dhanbad,2019,1339,884,1939,4162
Varanasi,2018,2196,4272,546,7014
Rajkot,2019,1553,3470,1183,6206
Coimbatore,2019,2403,1629,793,4825
Chandigarh,2018,1230,4412,1796,7438
Vasai,2018,639,4188,1343,6170
Thane,2019,2955,2888,1439,7282
Allahabad,2017,2031,4181,799,7011
Solapur,2018,987,2018,833,3838
Thane,2018,1111,4501,1640,7252
Thane,2019,2133,4001,881,7015
Ghaziabad,2017,2590,4924,990,8504
Delhi,2018,2215,2815,1638,6668
Solapur,2018,1548,1323,739,3610
Guwahati,2019,1298,3534,697,5529
Vadodara,2017,1749,1895,893,4537
Hyderabad,2019,735,3305,530,4570
Guwahati,2018,1078,4488,1338,6904
Lucknow,2018,2116,1750,1403,5269
Nagpur,2017,744,1547,1752,4043
Coimbatore,2019,2654,1572,932,5158
Thane,2017,881,4372,1054,6307
Vijayawada,2019,937,4931,1825,7693
Mumbai,2018,1198,3721,661,5580
Vasai,2017,618,2500,1663,4781
Kanpur,2018,574,1694,1946,4214
Varanasi,2017,1136,4237,815,6188
Raipur,2019,2982,1049,904,4935
Amritsar,2017,1579,2440,1177,5196
Kota,2017,2071,924,592,3587
Chandigarh,2019,1230,2583,1711,5524
Howrah,2019,607,3395,375,4377
Hyderabad,2019,2630,1401,1097,5128
Ahmedabad,2018,1283,3915,749,5947
Howrah,2019,2479,2843,653,5975
Gwalior,2018,2938,2321,1116,6375
Kanpur,2017,1797,1331,547,3675
Jabalpur,2017,1256,2319,1705,5280
Kolkata,2018,1847,1828,1658,5333
Navi Mumbai,2017,2776,853,1997,5626
Nashik,2019,1751,3781,341,5873
Chandigarh,2018,697,3410,1093,5200
Jaipur,2019,2545,3643,1684,7872
Solapur,2018,1770,3637,1509,6916
Gwalior,2017,870,2687,1987,5544
Jabalpur,2019,1782,4907,992,7681
Aurangabad,2018,1589,4497,680,6766
Ghaziabad,2017,2752,3410,1777,7939
Howrah,2019,2256,3262,853,6371
Vadodara,2019,2050,2780,1754,6584
Agra,2017,2654,4388,429,7471
Meerut,2019,1914,2406,1031,5351
Chandigarh,2017,1132,4292,1281,6705
Nagpur,2017,1378,4975,507,6860
Dhanbad,2018,1808,3902,350,6060
Dhanbad,2019,693,2983,1082,4758
Vadodara,2018,1357,1782,667,3806
Kalyan,2018,645,3556,1489,5690
Agra,2018,2681,2934,1015,6630
Guwahati,2019,1905,4467,1537,7909
Ludhiana,2017,545,4162,995,5702
Howrah,2019,1717,944,1201,3862
Aurangabad,2018,1576,3952,300,5828
Vasai,2019,1693,3069,887,5649
Navi Mumbai,2018,2647,2847,728,6222
Delhi,2017,2237,4495,1258,7990
Chandigarh,2017,816,3399,1077,5292
Delhi,2017,1916,2080,552,4548
Chennai,2018,1038,1854,1681,4573
Jodhpur,2019,1090,3590,1500,6180
Faridabad,2017,1153,919,1125,3197
Srinagar,2019,2150,1041,301,3492
Gwalior,2018,1491,4455,563,6509
Jodhpur,2018,1374,3880,533,5787
Vadodara,2018,2760,4362,911,8033
Dhanbad,2017,2287,1342,1513,5142
Gwalior,2017,2275,4716,430,7421
Jabalpur,2017,1950,1848,571,4369
Kolkata,2017,934,3528,799,5261
Srinagar,2017,2617,2871,519,6007
Agra,2018,1241,3236,1641,6118
Kalyan,2019,2149,3191,1194,6534
Coimbatore,2019,1318,4838,851,7007
Madurai,2018,1222,4421,581,6224
Kota,2018,1637,1090,314,3041
Chandigarh,2018,821,1129,1282,3232
Nashik,2019,2235,4635,1978,8848
Ranchi,2019,1982,3306,1105,6393
Nagpur,2019,1776,873,922,3571
Vijayawada,2019,2874,4211,417,7502
Varanasi,2017,614,1143,589,2346
Ludhiana,2017,735,3637,519,4891
Aurangabad,2017,2583,879,1340,4802
Nagpur,2019,2908,1823,399,5130
Srinagar,2017,716,1269,542,2527
Faridabad,2018,2444,885,819,4148
Kalyan,2019,1358,2994,708,5060
Madurai,2017,2677,2951,1725,7353
Thane,2017,1825,3322,1959,7106
Hubli,2019,2839,1697,1908,6444
Pune,2017,1857,3784,1923,7564
Rajkot,2019,994,3778,630,5402
Jabalpur,2019,2384,3698,1053,7135
Ahmedabad,2017,2397,2941,1264,6602
Allahabad,2017,945,4460,356,5761
Vasai,2018,1766,1028,885,3679
Visakhapatnam,2017,592,2115,1961,4668
Thane,2018,1577,4489,806,6872
Dhanbad,2019,1741,2993,871,5605
Raipur,2018,2039,3018,762,5819
Patna,2018,1849,3244,892,5985
Ranchi,2017,2397,998,1140,4535
Allahabad,2017,1212,1550,489,3251
Faridabad,2018,2356,1496,1337,5189
Gwalior,2018,1592,3995,1554,7141
Indore,2019,784,907,805,2496
Ludhiana,2017,748,2745,1711,5204
Ludhiana,2019,1837,2773,953,5563
Allahabad,2017,2825,2893,1047,6765
Hubli,2019,638,1446,659,2743
Madurai,2018,636,1044,1566,3246
Ahmedabad,2017,2233,2317,870,5420
Allahabad,2017,2709,3857,1078,7644
Raipur,2017,2561,4918,1122,8601
Jodhpur,2017,1001,3637,1183,5821
Madurai,2017,1398,4953,933,7284
Thane,2018,2963,2105,590,5658
Jaipur,2018,2188,4385,1457,8030
Solapur,2018,1787,3012,524,5323
Amritsar,2018,2868,1432,696,4996
Nashik,2019,1416,3220,1111,5747
Gwalior,2018,501,3148,1078,4727
Agra,2018,2021,1456,1333,4810
Chandigarh,2019,1810,4809,1580,8199
Indore,2019,736,2893,972,4601
Rajkot,2017,1660,2351,1839,5850
Coimbatore,2018,1917,1741,1195,4853
Chandigarh,2018,2981,2674,740,6395
Madurai,2018,1918,3343,337,5598
Aurangabad,2017,849,3515,1893,6257
Madurai,2018,1983,1565,1053,4601
Nagpur,2018,1494,2564,810,4868
Aurangabad,2018,2496,4456,323,7275
Guwahati,2018,669,2627,1155,4451
Raipur,2019,2389,2891,922,6202
Ludhiana,2019,2943,4631,1740,9314
Vasai,2019,541,1997,933,3471
Rajkot,2018,780,906,1022,2708
Hyderabad,2019,2389,1995,1010,5394
Jabalpur,2019,2432,985,672,4089
Aurangabad,2017,1072,1959,1740,4771
Madurai,2019,1915,2651,596,5162
Indore,2018,1726,4527,749,7002
Meerut,2017,2023,2529,1622,6174
Rajkot,2019,2985,1862,1572,6419
Pune,2019,2426,4925,1625,8976
Thane,2017,2710,2897,676,6283
Gwalior,2018,1621,3389,1335,6345
Guwahati,2019,1767,2664,925,5356
Gwalior,2019,1180,974,379,2533
Ranchi,2019,1536,2987,698,5221
Navi Mumbai,2019,2724,4284,860,7868
Hubli,2018,2950,2991,1502,7443
Kalyan,2019,705,2964,328,3997
Ranchi,2019,1248,1577,1286,4111
Gwalior,2018,1715,3486,1835,7036
Delhi,2017,929,1944,1235,4108
Chennai,2019,1201,2414,1428,5043
Howrah,2018,1803,2176,1117,5096
Meerut,2019,1935,3524,1393,6852
Hubli,2019,1405,1001,859,3265
Vasai,2019,2236,4266,1528,8030
Visakhapatnam,2018,2050,4810,1112,7972
Rajkot,2018,2853,4718,574,8145
Kota,2017,1896,2911,1387,6194
Gwalior,2018,2528,2720,1116,6364
Kota,2019,2479,2450,1235,6164
Vasai,2018,733,1564,1163,3460
Solapur,2017,1258,3846,1108,6212
Guwahati,2018,1493,4755,555,6803
Nagpur,2019,1909,1567,1987,5463
Mumbai,2019,1281,4608,659,6548
Chennai,2017,2920,1175,1119,5214
Nashik,2017,1336,4200,1600,7136
Kanpur,2019,1987,1122,1228,4337
Chennai,2018,1283,1159,1566,4008
Indore,2018,1675,2873,490,5038
Lucknow,2019,1362,1525,771,3658
Chandigarh,2017,2812,4744,1617,9173
Navi Mumbai,2019,1393,2590,773,4756
Dhanbad,2019,2621,1335,882,4838
Dhanbad,2018,1984,4557,1544,8085
Hubli,2017,2714,1950,922,5586
Jodhpur,2018,1995,1501,1086,4582
Aurangabad,2019,2273,1037,779,4089
Vasai,2018,1514,1079,1487,4080
Guwahati,2019,2412,1826,1320,5558
Chennai,2018,1111,4095,1851,7057
Nashik,2018,1116,1747,1053,3916
Amritsar,2019,1746,2626,484,4856
Indore,2017,2859,1400,622,4881
Jaipur,2018,2641,3897,641,7179
Chennai,2018,2943,1783,991,5717
Delhi,2018,1142,4673,1459,7274
Ahmedabad,2019,1480,4048,1224,6752
Varanasi,2019,1749,3797,1914,7460
Indore,2017,1914,1375,796,4085
Nagpur,2017,1223,3964,925,6112
Srinagar,2017,1736,3562,1286,6584
Kota,2017,706,1876,727,3309
Hubli,2018,2525,2333,1702,6560
Vijayawada,2017,671,3734,761,5166
Guwahati,2019,1766,4062,1053,6881
Kolkata,2018,908,3168,695,4771
Visakhapatnam,2019,2510,4884,1897,9291
Patna,2017,2777,3890,1817,8484
Guwahati,2019,2139,3756,1190,7085
Ranchi,2017,957,1892,1670,4519
Kanpur,2018,1993,1987,759,4739
Vadodara,2017,916,4422,480,5818
Kanpur,2018,2705,1320,425,4450
Chennai,2017,1536,4809,1111,7456
Visakhapatnam,2017,2119,2521,301,4941
Jodhpur,2018,2888,997,568,4453
Madurai,2019,2520,3667,1864,8051
Meerut,2018,1474,2669,913,5056
Vasai,2017,2766,1543,1399,5708
Nagpur,2018,2607,4080,1738,8425
Kanpur,2018,1248,4225,1444,6917
Chennai,2017,2517,2791,872,6180
Agra,2018,2595,2289,999,5883
Raipur,2018,2805,4870,794,8469
Howrah,2019,2871,4709,1676,9256
Srinagar,2019,1670,3508,1454,6632
Raipur,2017,2058,1614,510,4182
Mumbai,2017,554,3910,1600,6064
Navi Mumbai,2018,507,3803,1928,6238
Kota,2017,2838,3395,491,6724
Meerut,2017,2863,1105,1357,5325
Bangalore,2017,920,4006,1583,6509
Raipur,2018,1123,4075,1081,6279
Guwahati,2017,894,2116,1455,4465
Indore,2018,1007,3326,1455,5788
Nagpur,2019,774,3158,358,4290
Ludhiana,2018,2692,4243,592,7527
Hubli,2019,2899,4894,1148,8941
Jaipur,2018,2732,4259,1125,8116
Pune,2018,1063,1604,1345,4012
Raipur,2017,2864,1317,1330,5511
Ranchi,2019,1609,3312,1525,6446
Chennai,2017,2287,954,1421,4662
Pune,2017,2964,811,1937,5712
Solapur,2019,1024,4820,1840,7684
Varanasi,2017,2953,868,1429,5250
Vadodara,2019,2676,1714,619,5009
Allahabad,2018,2730,4670,477,7877
Coimbatore,2019,2680,3794,1623,8097
Kalyan,2019,2052,1980,1649,5681
Guwahati,2019,2039,4949,1236,8224
Jaipur,2017,1368,4573,829,6770
Allahabad,2017,970,1164,905,3039
Coimbatore,2018,1821,4226,491,6538
Vijayawada,2019,1871,2436,1712,6019
Hubli,2019,1732,1828,1450,5010
Gwalior,2018,745,889,651,2285
Dhanbad,2018,1705,2476,1443,5624
Howrah,2018,1327,1312,1591,4230
Indore,2019,1570,4646,442,6658
Jodhpur,2017,1171,976,381,2528
Kalyan,2019,1507,1554,1557,4618
Navi Mumbai,2019,1589,819,1075,3483
Raipur,2018,2366,2375,1135,5876
Kalyan,2019,1038,2562,1902,5502
Vasai,2017,2077,4606,571,7254
Chennai,2019,2779,800,1149,4728
Nagpur,2019,1471,4729,1238,7438
Bangalore,2018,716,2571,1907,5194
Solapur,2019,1249,2374,454,4077
Navi Mumbai,2019,540,4983,1926,7449
Vadodara,2018,747,3650,1035,5432
Coimbatore,2017,1031,1040,1949,4020
Hubli,2017,1503,4884,651,7038
Kanpur,2017,1924,1209,680,3813
