hour,day_of_week,month,demand_mw,region
0,0,1,126978.26,National
0,0,2,135625.04,National
0,0,3,146526.64,National
0,0,4,160025.49,National
0,0,5,162736.92,National
0,0,6,165738.71,National
0,0,7,163398.49,National
0,0,8,161943.34,National
0,0,9,159513.6,National
0,0,10,143664.71,National
0,0,11,122833.0,National
0,0,12,121451.7,National
0,1,1,130994.17,National
0,1,2,141084.26,National
0,1,3,150929.67,National
0,1,4,163843.85,National
0,1,5,165915.78,National
0,1,6,170480.2,National
0,1,7,167298.31,National
0,1,8,169364.75,National
0,1,9,164786.3,National
0,1,10,144913.95,National
0,1,11,128342.65,National
0,1,12,126358.3,National
0,2,1,131447.6,National
0,2,2,141644.26,National
0,2,3,154406.46,National
0,2,4,159653.25,National
0,2,5,165872.75,National
0,2,6,174145.05,National
0,2,7,166415.84,National
0,2,8,170653.15,National
0,2,9,164232.26,National
0,2,10,144897.3,National
0,2,11,131317.9,National
0,2,12,126944.83,National
0,3,1,130404.21,National
0,3,2,142442.69,National
0,3,3,154676.19,National
0,3,4,160134.37,National
0,3,5,163246.06,National
0,3,6,174060.94,National
0,3,7,167002.61,National
0,3,8,169644.28,National
0,3,9,165157.85,National
0,3,10,145824.2,National
0,3,11,130393.95,National
0,3,12,128191.86,National
0,4,1,130748.3,National
0,4,2,141377.18,National
0,4,3,153759.5,National
0,4,4,162382.21,National
0,4,5,162143.64,National
0,4,6,172765.96,National
0,4,7,167251.16,National
0,4,8,166547.39,National
0,4,9,166502.49,National
0,4,10,147749.25,National
0,4,11,128602.52,National
0,4,12,128588.8,National
0,5,1,130984.74,National
0,5,2,141021.75,National
0,5,3,152872.18,National
0,5,4,163185.4,National
0,5,5,163964.3,National
0,5,6,173392.29,National
0,5,7,168023.81,National
0,5,8,167389.13,National
0,5,9,166484.98,National
0,5,10,147824.49,National
0,5,11,128762.12,National
0,5,12,128746.92,National
0,6,1,131026.26,National
0,6,2,141493.4,National
0,6,3,152554.09,National
0,6,4,162347.44,National
0,6,5,165923.24,National
0,6,6,172212.88,National
0,6,7,167587.36,National
0,6,8,166384.49,National
0,6,9,163492.13,National
0,6,10,148503.07,National
0,6,11,128100.4,National
0,6,12,127624.06,National
1,0,1,123800.63,National
1,0,2,132932.32,National
1,0,3,143779.58,National
1,0,4,156830.21,National
1,0,5,158910.2,National
1,0,6,161812.37,National
1,0,7,159541.02,National
1,0,8,158439.3,National
1,0,9,155663.98,National
1,0,10,140651.39,National
1,0,11,120368.52,National
1,0,12,118843.69,National
1,1,1,127530.97,National
1,1,2,138148.57,National
1,1,3,148063.15,National
1,1,4,160419.83,National
1,1,5,162175.9,National
1,1,6,166334.31,National
1,1,7,163576.42,National
1,1,8,165714.05,National
1,1,9,160877.35,National
1,1,10,141592.04,National
1,1,11,125795.12,National
1,1,12,123430.59,National
1,2,1,127997.54,National
1,2,2,138596.44,National
1,2,3,151509.11,National
1,2,4,156237.53,National
1,2,5,162184.45,National
1,2,6,170478.31,National
1,2,7,162657.31,National
1,2,8,167074.27,National
1,2,9,160421.9,National
1,2,10,141763.11,National
1,2,11,128590.65,National
1,2,12,124099.79,National
1,3,1,126879.64,National
1,3,2,139328.38,National
1,3,3,151924.32,National
1,3,4,156856.42,National
1,3,5,159187.76,National
1,3,6,170145.8,National
1,3,7,163016.75,National
1,3,8,166085.35,National
1,3,9,161421.85,National
1,3,10,142671.1,National
1,3,11,127543.87,National
1,3,12,125147.71,National
1,4,1,127304.76,National
1,4,2,138251.4,National
1,4,3,150728.57,National
1,4,4,158911.36,National
1,4,5,158495.84,National
1,4,6,168687.56,National
1,4,7,163294.91,National
1,4,8,163087.48,National
1,4,9,163003.03,National
1,4,10,144523.95,National
1,4,11,125873.88,National
1,4,12,125495.68,National
1,5,1,127607.94,National
1,5,2,137967.9,National
1,5,3,149930.09,National
1,5,4,159794.75,National
1,5,5,160147.71,National
1,5,6,169461.7,National
1,5,7,163844.11,National
1,5,8,163947.7,National
1,5,9,162635.42,National
1,5,10,144611.38,National
1,5,11,126065.18,National
1,5,12,125604.09,National
1,6,1,127563.73,National
1,6,2,138423.84,National
1,6,3,149393.8,National
1,6,4,158977.31,National
1,6,5,162102.69,National
1,6,6,168452.35,National
1,6,7,163628.57,National
1,6,8,162914.08,National
1,6,9,159754.07,National
1,6,10,145363.25,National
1,6,11,125337.02,National
1,6,12,124482.24,National
2,0,1,121578.36,National
2,0,2,130884.47,National
2,0,3,141486.32,National
2,0,4,153714.87,National
2,0,5,155281.38,National
2,0,6,158421.78,National
2,0,7,156134.59,National
2,0,8,155397.66,National
2,0,9,152472.74,National
2,0,10,138065.16,National
2,0,11,118393.59,National
2,0,12,116771.68,National
2,1,1,125164.46,National
2,1,2,136047.68,National
2,1,3,145365.84,National
2,1,4,157320.84,National
2,1,5,158392.68,National
2,1,6,162526.81,National
2,1,7,160167.85,National
2,1,8,162515.25,National
2,1,9,157384.52,National
2,1,10,138970.94,National
2,1,11,123374.33,National
2,1,12,121203.54,National
2,2,1,125679.84,National
2,2,2,136372.33,National
2,2,3,148936.77,National
2,2,4,153111.44,National
2,2,5,158619.04,National
2,2,6,166731.35,National
2,2,7,159036.17,National
2,2,8,163774.58,National
2,2,9,157129.34,National
2,2,10,139222.75,National
2,2,11,126466.61,National
2,2,12,121939.72,National
2,3,1,124658.08,National
2,3,2,137093.12,National
2,3,3,149511.85,National
2,3,4,153983.29,National
2,3,5,155446.65,National
2,3,6,166194.89,National
2,3,7,159251.83,National
2,3,8,162802.27,National
2,3,9,158312.68,National
2,3,10,140060.94,National
2,3,11,125077.96,National
2,3,12,122754.82,National
2,4,1,125041.46,National
2,4,2,136145.88,National
2,4,3,148242.62,National
2,4,4,155717.27,National
2,4,5,155169.53,National
2,4,6,164698.89,National
2,4,7,159751.48,National
2,4,8,160049.1,National
2,4,9,159717.39,National
2,4,10,141855.16,National
2,4,11,123654.42,National
2,4,12,123227.96,National
2,5,1,125369.83,National
2,5,2,135773.96,National
2,5,3,147419.34,National
2,5,4,156725.86,National
2,5,5,156435.22,National
2,5,6,165733.93,National
2,5,7,160170.45,National
2,5,8,160823.16,National
2,5,9,159518.43,National
2,5,10,141963.69,National
2,5,11,123816.78,National
2,5,12,123249.44,National
2,6,1,125153.52,National
2,6,2,136261.84,National
2,6,3,146808.54,National
2,6,4,155773.01,National
2,6,5,158612.89,National
2,6,6,164632.04,National
2,6,7,159843.55,National
2,6,8,159765.19,National
2,6,9,156595.07,National
2,6,10,142700.41,National
2,6,11,122970.32,National
2,6,12,122054.22,National
3,0,1,121208.43,National
3,0,2,130499.17,National
3,0,3,140417.1,National
3,0,4,152169.73,National
3,0,5,152701.86,National
3,0,6,155630.48,National
3,0,7,153613.89,National
3,0,8,153250.03,National
3,0,9,150205.64,National
3,0,10,136444.03,National
3,0,11,117592.53,National
3,0,12,116270.02,National
3,1,1,124660.04,National
3,1,2,135434.48,National
3,1,3,143888.43,National
3,1,4,155563.31,National
3,1,5,155730.73,National
3,1,6,159658.42,National
3,1,7,157506.53,National
3,1,8,160207.91,National
3,1,9,155251.94,National
3,1,10,137201.1,National
3,1,11,122640.09,National
3,1,12,120529.83,National
3,2,1,124793.74,National
3,2,2,135598.81,National
3,2,3,147681.15,National
3,2,4,151350.7,National
3,2,5,155863.76,National
3,2,6,163675.65,National
3,2,7,156408.55,National
3,2,8,161270.08,National
3,2,9,154689.93,National
3,2,10,137509.81,National
3,2,11,125689.79,National
3,2,12,121314.24,National
3,3,1,124119.37,National
3,3,2,136385.05,National
3,3,3,148281.46,National
3,3,4,152258.11,National
3,3,5,152841.09,National
3,3,6,162859.46,National
3,3,7,156608.58,National
3,3,8,160244.87,National
3,3,9,155866.24,National
3,3,10,138270.71,National
3,3,11,124201.61,National
3,3,12,122070.9,National
3,4,1,124573.97,National
3,4,2,135451.8,National
3,4,3,147143.9,National
3,4,4,153943.36,National
3,4,5,152548.15,National
3,4,6,161580.84,National
3,4,7,157054.1,National
3,4,8,157677.41,National
3,4,9,157361.45,National
3,4,10,140160.06,National
3,4,11,122782.44,National
3,4,12,122694.58,National
3,5,1,124762.0,National
3,5,2,135105.03,National
3,5,3,146153.53,National
3,5,4,154967.2,National
3,5,5,153895.27,National
3,5,6,162671.7,National
3,5,7,157209.37,National
3,5,8,158267.9,National
3,5,9,156979.99,National
3,5,10,140206.35,National
3,5,11,122852.42,National
3,5,12,122571.34,National
3,6,1,124545.9,National
3,6,2,135611.06,National
3,6,3,145522.44,National
3,6,4,154013.57,National
3,6,5,155812.31,National
3,6,6,161240.42,National
3,6,7,156838.74,National
3,6,8,157423.98,National
3,6,9,154180.74,National
3,6,10,140767.0,National
3,6,11,122006.37,National
3,6,12,121367.15,National
4,0,1,123896.88,National
4,0,2,132844.44,National
4,0,3,141799.78,National
4,0,4,152575.94,National
4,0,5,151418.05,National
4,0,6,154581.17,National
4,0,7,152798.12,National
4,0,8,152813.43,National
4,0,9,149543.01,National
4,0,10,137070.79,National
4,0,11,119850.29,National
4,0,12,118921.13,National
4,1,1,127134.92,National
4,1,2,137296.5,National
4,1,3,145149.55,National
4,1,4,155517.71,National
4,1,5,154246.48,National
4,1,6,158444.63,National
4,1,7,156354.89,National
4,1,8,159576.93,National
4,1,9,154544.78,National
4,1,10,137629.98,National
4,1,11,124703.45,National
4,1,12,122999.32,National
4,2,1,127063.26,National
4,2,2,137650.44,National
4,2,3,148803.41,National
4,2,4,151463.35,National
4,2,5,154309.8,National
4,2,6,162475.13,National
4,2,7,155329.72,National
4,2,8,160410.67,National
4,2,9,154076.31,National
4,2,10,137926.86,National
4,2,11,127609.43,National
4,2,12,123827.45,National
4,3,1,126440.42,National
4,3,2,138285.25,National
4,3,3,149370.99,National
4,3,4,152259.93,National
4,3,5,151363.74,National
4,3,6,161476.42,National
4,3,7,155562.37,National
4,3,8,159431.87,National
4,3,9,155273.11,National
4,3,10,138535.77,National
4,3,11,126242.83,National
4,3,12,124768.54,National
4,4,1,127078.2,National
4,4,2,137466.77,National
4,4,3,148320.32,National
4,4,4,154016.55,National
4,4,5,151161.73,National
4,4,6,160210.11,National
4,4,7,155954.03,National
4,4,8,157111.08,National
4,4,9,156931.27,National
4,4,10,140758.46,National
4,4,11,124947.96,National
4,4,12,124710.36,National
4,5,1,127034.4,National
4,5,2,137042.93,National
4,5,3,147070.4,National
4,5,4,155092.87,National
4,5,5,152387.77,National
4,5,6,161242.5,National
4,5,7,156014.06,National
4,5,8,157421.24,National
4,5,9,156497.85,National
4,5,10,140594.1,National
4,5,11,124740.67,National
4,5,12,124988.71,National
4,6,1,126681.06,National
4,6,2,137493.43,National
4,6,3,146321.22,National
4,6,4,154062.46,National
4,6,5,154188.03,National
4,6,6,159424.28,National
4,6,7,155362.12,National
4,6,8,156511.48,National
4,6,9,153497.45,National
4,6,10,140980.38,National
4,6,11,123808.93,National
4,6,12,123630.05,National
5,0,1,133003.82,National
5,0,2,141096.67,National
5,0,3,147596.47,National
5,0,4,155924.29,National
5,0,5,152118.25,National
5,0,6,154690.15,National
5,0,7,153615.88,National
5,0,8,154523.16,National
5,0,9,151622.99,National
5,0,10,141574.2,National
5,0,11,128117.59,National
5,0,12,128298.11,National
5,1,1,135687.24,National
5,1,2,145407.03,National
5,1,3,150758.01,National
5,1,4,158133.28,National
5,1,5,154843.53,National
5,1,6,158611.24,National
5,1,7,157114.78,National
5,1,8,160917.77,National
5,1,9,156188.62,National
5,1,10,142013.37,National
5,1,11,133052.82,National
5,1,12,132297.92,National
5,2,1,135595.48,National
5,2,2,145424.56,National
5,2,3,154193.4,National
5,2,4,154033.58,National
5,2,5,154668.71,National
5,2,6,162309.25,National
5,2,7,156018.89,National
5,2,8,161797.38,National
5,2,9,155668.72,National
5,2,10,142530.24,National
5,2,11,135486.92,National
5,2,12,133282.28,National
5,3,1,135038.78,National
5,3,2,146115.69,National
5,3,3,154639.09,National
5,3,4,154835.88,National
5,3,5,152106.6,National
5,3,6,161250.07,National
5,3,7,156087.13,National
5,3,8,160692.34,National
5,3,9,156808.13,National
5,3,10,143043.36,National
5,3,11,134450.65,National
5,3,12,134404.96,National
5,4,1,135772.86,National
5,4,2,145481.82,National
5,4,3,153810.25,National
5,4,4,156694.15,National
5,4,5,151943.96,National
5,4,6,160295.25,National
5,4,7,156684.83,National
5,4,8,158761.74,National
5,4,9,159007.12,National
5,4,10,145186.45,National
5,4,11,133218.71,National
5,4,12,133489.61,National
5,5,1,135208.26,National
5,5,2,144609.02,National
5,5,3,152395.57,National
5,5,4,157806.46,National
5,5,5,152838.61,National
5,5,6,160916.8,National
5,5,7,156602.05,National
5,5,8,158679.98,National
5,5,9,157962.55,National
5,5,10,144807.89,National
5,5,11,132485.11,National
5,5,12,134307.7,National
5,6,1,134157.38,National
5,6,2,144023.9,National
5,6,3,150643.68,National
5,6,4,156308.56,National
5,6,5,154042.82,National
5,6,6,158561.24,National
5,6,7,154611.93,National
5,6,8,157062.91,National
5,6,9,154226.65,National
5,6,10,144468.66,National
5,6,11,130676.07,National
5,6,12,131648.54,National
6,0,1,148067.4,National
6,0,2,155788.3,National
6,0,3,157107.32,National
6,0,4,160288.54,National
6,0,5,152253.69,National
6,0,6,155782.49,National
6,0,7,156990.06,National
6,0,8,157931.67,National
6,0,9,155594.5,National
6,0,10,147785.49,National
6,0,11,139479.81,National
6,0,12,143038.71,National
6,1,1,150078.09,National
6,1,2,158984.89,National
6,1,3,159964.55,National
6,1,4,161571.43,National
6,1,5,155143.11,National
6,1,6,159639.4,National
6,1,7,160075.5,National
6,1,8,163991.26,National
6,1,9,159575.69,National
6,1,10,148238.59,National
6,1,11,144733.07,National
6,1,12,146960.77,National
6,2,1,149772.79,National
6,2,2,158877.78,National
6,2,3,163359.44,National
6,2,4,157104.95,National
6,2,5,154475.43,National
6,2,6,162822.43,National
6,2,7,158852.53,National
6,2,8,165113.89,National
6,2,9,159334.29,National
6,2,10,148785.83,National
6,2,11,146660.59,National
6,2,12,148261.61,National
6,3,1,149332.96,National
6,3,2,159396.27,National
6,3,3,163411.11,National
6,3,4,158342.65,National
6,3,5,152580.19,National
6,3,6,161931.23,National
6,3,7,158621.85,National
6,3,8,163983.38,National
6,3,9,160523.65,National
6,3,10,149603.55,National
6,3,11,146085.28,National
6,3,12,149561.94,National
6,4,1,150034.11,National
6,4,2,158812.84,National
6,4,3,162640.54,National
6,4,4,160221.0,National
6,4,5,152284.64,National
6,4,6,161344.15,National
6,4,7,159720.0,National
6,4,8,162129.69,National
6,4,9,162864.91,National
6,4,10,151582.4,National
6,4,11,144966.09,National
6,4,12,149286.28,National
6,5,1,148794.32,National
6,5,2,156878.28,National
6,5,3,160751.74,National
6,5,4,161244.14,National
6,5,5,152660.8,National
6,5,6,161345.03,National
6,5,7,159039.46,National
6,5,8,161087.22,National
6,5,9,161211.03,National
6,5,10,150443.65,National
6,5,11,143081.79,National
6,5,12,148537.66,National
6,6,1,144936.19,National
6,6,2,153692.33,National
6,6,3,156728.06,National
6,6,4,158501.67,National
6,6,5,152372.26,National
6,6,6,157459.19,National
6,6,7,155316.24,National
6,6,8,157748.9,National
6,6,9,155527.53,National
6,6,10,148304.77,National
6,6,11,138983.37,National
6,6,12,142893.31,National
7,0,1,164208.12,National
7,0,2,171506.29,National
7,0,3,166019.07,National
7,0,4,163442.44,National
7,0,5,153136.71,National
7,0,6,158224.5,National
7,0,7,160874.11,National
7,0,8,162469.5,National
7,0,9,160656.35,National
7,0,10,153654.54,National
7,0,11,149734.2,National
7,0,12,159346.68,National
7,1,1,166335.06,National
7,1,2,173663.82,National
7,1,3,167781.45,National
7,1,4,164141.39,National
7,1,5,155662.84,National
7,1,6,161573.77,National
7,1,7,163171.84,National
7,1,8,167650.85,National
7,1,9,164051.91,National
7,1,10,153480.97,National
7,1,11,154973.28,National
7,1,12,162259.74,National
7,2,1,165561.55,National
7,2,2,173199.26,National
7,2,3,171055.88,National
7,2,4,159619.85,National
7,2,5,154966.91,National
7,2,6,164092.71,National
7,2,7,162129.68,National
7,2,8,168671.73,National
7,2,9,163914.09,National
7,2,10,153934.87,National
7,2,11,156312.84,National
7,2,12,163539.57,National
7,3,1,165488.7,National
7,3,2,173994.21,National
7,3,3,171143.73,National
7,3,4,161258.3,National
7,3,5,153435.9,National
7,3,6,163287.07,National
7,3,7,161832.28,National
7,3,8,167400.34,National
7,3,9,165077.75,National
7,3,10,154963.57,National
7,3,11,156012.27,National
7,3,12,164609.04,National
7,4,1,165956.5,National
7,4,2,173089.66,National
7,4,3,170662.76,National
7,4,4,163027.09,National
7,4,5,152940.73,National
7,4,6,162973.86,National
7,4,7,163128.94,National
7,4,8,165887.76,National
7,4,9,167146.11,National
7,4,10,156705.69,National
7,4,11,154869.66,National
7,4,12,165170.96,National
7,5,1,164454.64,National
7,5,2,170481.86,National
7,5,3,168296.0,National
7,5,4,163797.67,National
7,5,5,152861.24,National
7,5,6,162126.85,National
7,5,7,161913.47,National
7,5,8,164171.55,National
7,5,9,164958.35,National
7,5,10,155243.64,National
7,5,11,152448.91,National
7,5,12,162461.63,National
7,6,1,158559.98,National
7,6,2,164970.83,National
7,6,3,162360.36,National
7,6,4,160239.12,National
7,6,5,151227.06,National
7,6,6,156923.19,National
7,6,7,156006.68,National
7,6,8,159627.8,National
7,6,9,157493.29,National
7,6,10,151682.21,National
7,6,11,146669.85,National
7,6,12,154861.16,National
8,0,1,173293.66,National
8,0,2,178265.21,National
8,0,3,169018.37,National
8,0,4,166174.07,National
8,0,5,156145.35,National
8,0,6,161635.09,National
8,0,7,164218.52,National
8,0,8,165997.55,National
8,0,9,163954.31,National
8,0,10,156629.48,National
8,0,11,153811.03,National
8,0,12,166908.79,National
8,1,1,174559.05,National
8,1,2,179924.94,National
8,1,3,170491.03,National
8,1,4,166396.68,National
8,1,5,158162.93,National
8,1,6,164668.99,National
8,1,7,165185.29,National
8,1,8,170694.9,National
8,1,9,166644.13,National
8,1,10,156102.99,National
8,1,11,157850.82,National
8,1,12,168897.55,National
8,2,1,173478.81,National
8,2,2,179362.15,National
8,2,3,173563.86,National
8,2,4,161949.87,National
8,2,5,157291.28,National
8,2,6,166415.5,National
8,2,7,164500.21,National
8,2,8,171559.76,National
8,2,9,166339.74,National
8,2,10,156182.5,National
8,2,11,159380.85,National
8,2,12,169814.86,National
8,3,1,173411.35,National
8,3,2,179937.79,National
8,3,3,173741.38,National
8,3,4,163525.61,National
8,3,5,155945.09,National
8,3,6,165672.34,National
8,3,7,164298.23,National
8,3,8,169900.74,National
8,3,9,167730.58,National
8,3,10,157332.37,National
8,3,11,159293.79,National
8,3,12,170572.8,National
8,4,1,174308.35,National
8,4,2,179339.03,National
8,4,3,173478.0,National
8,4,4,165712.53,National
8,4,5,155012.42,National
8,4,6,165791.2,National
8,4,7,165622.04,National
8,4,8,169063.87,National
8,4,9,169496.83,National
8,4,10,159356.08,National
8,4,11,157887.48,National
8,4,12,171482.09,National
8,5,1,172914.96,National
8,5,2,176693.32,National
8,5,3,171130.47,National
8,5,4,166038.38,National
8,5,5,154581.97,National
8,5,6,164197.74,National
8,5,7,164422.7,National
8,5,8,166783.29,National
8,5,9,167259.69,National
8,5,10,157423.36,National
8,5,11,155829.96,National
8,5,12,168873.28,National
8,6,1,167694.48,National
8,6,2,171366.17,National
8,6,3,164500.81,National
8,6,4,161500.26,National
8,6,5,151785.36,National
8,6,6,157469.24,National
8,6,7,157348.56,National
8,6,8,161538.01,National
8,6,9,158787.65,National
8,6,10,153398.97,National
8,6,11,150221.65,National
8,6,12,162092.6,National
9,0,1,179956.12,National
9,0,2,183413.03,National
9,0,3,173722.84,National
9,0,4,172558.35,National
9,0,5,162010.4,National
9,0,6,167484.28,National
9,0,7,169610.77,National
9,0,8,171528.9,National
9,0,9,169135.82,National
9,0,10,161087.99,National
9,0,11,157887.27,National
9,0,12,172097.26,National
9,1,1,179914.82,National
9,1,2,184563.77,National
9,1,3,175298.86,National
9,1,4,172327.71,National
9,1,5,164173.47,National
9,1,6,170000.43,National
9,1,7,169612.48,National
9,1,8,176269.33,National
9,1,9,171280.82,National
9,1,10,160438.01,National
9,1,11,161297.3,National
9,1,12,173297.52,National
9,2,1,178926.08,National
9,2,2,183984.22,National
9,2,3,178179.37,National
9,2,4,167752.85,National
9,2,5,162758.79,National
9,2,6,171783.68,National
9,2,7,169098.34,National
9,2,8,177204.39,National
9,2,9,171252.0,National
9,2,10,160207.09,National
9,2,11,163784.67,National
9,2,12,174370.37,National
9,3,1,178556.02,National
9,3,2,184632.86,National
9,3,3,178458.57,National
9,3,4,169325.4,National
9,3,5,161659.61,National
9,3,6,170793.34,National
9,3,7,169177.71,National
9,3,8,175092.3,National
9,3,9,172313.58,National
9,3,10,161521.84,National
9,3,11,162423.85,National
9,3,12,174966.16,National
9,4,1,179976.99,National
9,4,2,184250.95,National
9,4,3,178387.76,National
9,4,4,172355.46,National
9,4,5,160207.57,National
9,4,6,171256.79,National
9,4,7,170572.26,National
9,4,8,174573.04,National
9,4,9,174149.52,National
9,4,10,163542.03,National
9,4,11,161148.52,National
9,4,12,176354.46,National
9,5,1,178502.09,National
9,5,2,182168.73,National
9,5,3,176052.68,National
9,5,4,171808.57,National
9,5,5,159733.86,National
9,5,6,168898.19,National
9,5,7,169300.28,National
9,5,8,171317.48,National
9,5,9,171751.41,National
9,5,10,161553.34,National
9,5,11,159301.66,National
9,5,12,174512.17,National
9,6,1,173916.11,National
9,6,2,177122.49,National
9,6,3,168235.75,National
9,6,4,165631.03,National
9,6,5,154975.62,National
9,6,6,159985.82,National
9,6,7,160362.92,National
9,6,8,164852.76,National
9,6,9,161862.41,National
9,6,10,156313.61,National
9,6,11,153654.17,National
9,6,12,167351.52,National
10,0,1,183069.18,National
10,0,2,185175.61,National
10,0,3,176114.89,National
10,0,4,175762.56,National
10,0,5,166190.36,National
10,0,6,171651.38,National
10,0,7,172845.67,National
10,0,8,174908.02,National
10,0,9,172064.53,National
10,0,10,163703.69,National
10,0,11,160082.6,National
10,0,12,173841.44,National
10,1,1,181859.32,National
10,1,2,185921.61,National
10,1,3,177635.13,National
10,1,4,174777.4,National
10,1,5,168054.81,National
10,1,6,173587.2,National
10,1,7,171874.19,National
10,1,8,179456.87,National
10,1,9,173701.8,National
10,1,10,162821.41,National
10,1,11,163205.37,National
10,1,12,174668.98,National
10,2,1,181230.03,National
10,2,2,185496.66,National
10,2,3,180713.16,National
10,2,4,170261.07,National
10,2,5,166211.43,National
10,2,6,175440.09,National
10,2,7,171545.83,National
10,2,8,180079.02,National
10,2,9,173859.68,National
10,2,10,162542.97,National
10,2,11,166295.93,National
10,2,12,175742.73,National
10,3,1,179863.63,National
10,3,2,185892.02,National
10,3,3,181314.29,National
10,3,4,171832.66,National
10,3,5,165521.43,National
10,3,6,174547.46,National
10,3,7,171773.3,National
10,3,8,177653.44,National
10,3,9,175057.85,National
10,3,10,163747.49,National
10,3,11,163812.77,National
10,3,12,176568.43,National
10,4,1,182123.76,National
10,4,2,186463.9,National
10,4,3,181009.09,National
10,4,4,175519.01,National
10,4,5,163878.46,National
10,4,6,175266.24,National
10,4,7,174090.71,National
10,4,8,177227.67,National
10,4,9,176928.58,National
10,4,10,165954.98,National
10,4,11,162723.27,National
10,4,12,178361.13,National
10,5,1,180163.94,National
10,5,2,183366.27,National
10,5,3,178218.07,National
10,5,4,174487.57,National
10,5,5,162869.66,National
10,5,6,171933.63,National
10,5,7,171581.81,National
10,5,8,173395.53,National
10,5,9,174330.44,National
10,5,10,163847.44,National
10,5,11,160272.59,National
10,5,12,176121.29,National
10,6,1,175994.7,National
10,6,2,178941.46,National
10,6,3,169739.7,National
10,6,4,166915.85,National
10,6,5,157160.8,National
10,6,6,161657.17,National
10,6,7,161880.5,National
10,6,8,166554.52,National
10,6,9,163168.81,National
10,6,10,157699.94,National
10,6,11,155196.25,National
10,6,12,168793.14,National
11,0,1,182079.65,National
11,0,2,183973.97,National
11,0,3,176692.02,National
11,0,4,176535.67,National
11,0,5,168759.16,National
11,0,6,173923.07,National
11,0,7,173902.92,National
11,0,8,175886.42,National
11,0,9,173201.72,National
11,0,10,163965.07,National
11,0,11,159697.93,National
11,0,12,172738.84,National
11,1,1,180325.68,National
11,1,2,184679.81,National
11,1,3,177690.97,National
11,1,4,174948.16,National
11,1,5,170404.43,National
11,1,6,175690.73,National
11,1,7,172851.33,National
11,1,8,180247.3,National
11,1,9,174502.11,National
11,1,10,163049.88,National
11,1,11,161998.02,National
11,1,12,172964.51,National
11,2,1,179789.64,National
11,2,2,184474.75,National
11,2,3,180759.99,National
11,2,4,170540.11,National
11,2,5,168099.98,National
11,2,6,177889.79,National
11,2,7,172259.81,National
11,2,8,180894.36,National
11,2,9,174483.56,National
11,2,10,162664.52,National
11,2,11,165543.1,National
11,2,12,174155.83,National
11,3,1,178062.01,National
11,3,2,184510.59,National
11,3,3,181417.11,National
11,3,4,172130.4,National
11,3,5,167946.22,National
11,3,6,176593.51,National
11,3,7,172407.76,National
11,3,8,178033.2,National
11,3,9,175694.56,National
11,3,10,164104.03,National
11,3,11,163076.97,National
11,3,12,175498.71,National
11,4,1,181051.34,National
11,4,2,185619.39,National
11,4,3,181273.03,National
11,4,4,176300.44,National
11,4,5,166014.86,National
11,4,6,177707.96,National
11,4,7,174959.99,National
11,4,8,178270.5,National
11,4,9,177944.98,National
11,4,10,166195.1,National
11,4,11,161785.13,National
11,4,12,177406.3,National
11,5,1,178391.46,National
11,5,2,181928.77,National
11,5,3,178464.66,National
11,5,4,174969.19,National
11,5,5,165055.44,National
11,5,6,173991.86,National
11,5,7,172257.25,National
11,5,8,173727.6,National
11,5,9,174992.77,National
11,5,10,164185.91,National
11,5,11,159568.65,National
11,5,12,175064.2,National
11,6,1,174912.04,National
11,6,2,177694.84,National
11,6,3,169660.13,National
11,6,4,166728.9,National
11,6,5,158988.43,National
11,6,6,163511.27,National
11,6,7,162667.83,National
11,6,8,166156.7,National
11,6,9,163658.58,National
11,6,10,157711.1,National
11,6,11,154685.13,National
11,6,12,167854.5,National
12,0,1,178616.46,National
12,0,2,180391.4,National
12,0,3,174763.91,National
12,0,4,174973.04,National
12,0,5,170020.26,National
12,0,6,174597.61,National
12,0,7,173614.04,National
12,0,8,175724.54,National
12,0,9,172897.08,National
12,0,10,162918.89,National
12,0,11,157541.29,National
12,0,12,169872.03,National
12,1,1,176928.16,National
12,1,2,180864.39,National
12,1,3,175507.1,National
12,1,4,173900.49,National
12,1,5,171310.28,National
12,1,6,176297.78,National
12,1,7,173287.65,National
12,1,8,179869.72,National
12,1,9,173981.81,National
12,1,10,161900.44,National
12,1,11,160189.73,National
12,1,12,169739.18,National
12,2,1,176748.12,National
12,2,2,181042.23,National
12,2,3,178454.86,National
12,2,4,169635.43,National
12,2,5,169126.37,National
12,2,6,178410.37,National
12,2,7,171729.48,National
12,2,8,180299.02,National
12,2,9,173711.26,National
12,2,10,161455.77,National
12,2,11,163268.64,National
12,2,12,171042.77,National
12,3,1,174459.52,National
12,3,2,180752.78,National
12,3,3,178801.44,National
12,3,4,171384.33,National
12,3,5,169107.67,National
12,3,6,177178.27,National
12,3,7,172107.75,National
12,3,8,177701.38,National
12,3,9,174960.26,National
12,3,10,162907.25,National
12,3,11,160556.62,National
12,3,12,172076.35,National
12,4,1,177962.89,National
12,4,2,182494.09,National
12,4,3,178677.91,National
12,4,4,175156.27,National
12,4,5,167095.82,National
12,4,6,178380.65,National
12,4,7,174289.87,National
12,4,8,177849.33,National
12,4,9,177328.22,National
12,4,10,164902.32,National
12,4,11,159820.04,National
12,4,12,174408.78,National
12,5,1,175163.01,National
12,5,2,178591.25,National
12,5,3,176110.89,National
12,5,4,173950.12,National
12,5,5,166461.41,National
12,5,6,175145.06,National
12,5,7,171891.89,National
12,5,8,173676.76,National
12,5,9,174408.35,National
12,5,10,163114.07,National
12,5,11,157402.99,National
12,5,12,172275.81,National
12,6,1,171662.58,National
12,6,2,174378.35,National
12,6,3,167599.79,National
12,6,4,165481.4,National
12,6,5,159844.78,National
12,6,6,164452.95,National
12,6,7,162626.42,National
12,6,8,165855.63,National
12,6,9,163381.26,National
12,6,10,156549.93,National
12,6,11,152717.55,National
12,6,12,164891.14,National
13,0,1,172110.93,National
13,0,2,174432.99,National
13,0,3,170209.61,National
13,0,4,171446.91,National
13,0,5,169447.58,National
13,0,6,173809.31,National
13,0,7,171643.64,National
13,0,8,173652.78,National
13,0,9,169979.56,National
13,0,10,159778.24,National
13,0,11,153264.05,National
13,0,12,164163.23,National
13,1,1,171055.72,National
13,1,2,174876.78,National
13,1,3,170646.51,National
13,1,4,171013.49,National
13,1,5,170606.38,National
13,1,6,175512.15,National
13,1,7,170988.0,National
13,1,8,177607.55,National
13,1,9,171339.38,National
13,1,10,158925.23,National
13,1,11,155126.76,National
13,1,12,163700.59,National
13,2,1,171018.9,National
13,2,2,174868.11,National
13,2,3,173582.74,National
13,2,4,166946.31,National
13,2,5,168549.46,National
13,2,6,177907.06,National
13,2,7,169084.58,National
13,2,8,177868.56,National
13,2,9,171101.59,National
13,2,10,158389.24,National
13,2,11,158358.85,National
13,2,12,164908.96,National
13,3,1,168739.36,National
13,3,2,174665.62,National
13,3,3,174257.01,National
13,3,4,168645.37,National
13,3,5,168029.28,National
13,3,6,175962.19,National
13,3,7,169637.46,National
13,3,8,175320.09,National
13,3,9,172387.49,National
13,3,10,159654.48,National
13,3,11,155780.67,National
13,3,12,165758.14,National
13,4,1,171510.14,National
13,4,2,175941.44,National
13,4,3,173468.04,National
13,4,4,171783.81,National
13,4,5,166393.55,National
13,4,6,177269.0,National
13,4,7,171491.28,National
13,4,8,175108.8,National
13,4,9,174586.64,National
13,4,10,161588.46,National
13,4,11,154674.61,National
13,4,12,168264.01,National
13,5,1,168953.61,National
13,5,2,172872.49,National
13,5,3,171534.74,National
13,5,4,170643.6,National
13,5,5,166061.94,National
13,5,6,174360.06,National
13,5,7,169679.59,National
13,5,8,172026.65,National
13,5,9,171823.07,National
13,5,10,159991.51,National
13,5,11,152760.62,National
13,5,12,166780.27,National
13,6,1,165741.78,National
13,6,2,168686.07,National
13,6,3,163778.88,National
13,6,4,162395.7,National
13,6,5,160091.85,National
13,6,6,164287.94,National
13,6,7,161292.32,National
13,6,8,164262.72,National
13,6,9,161668.1,National
13,6,10,154108.16,National
13,6,11,148642.71,National
13,6,12,159310.36,National
14,0,1,168952.43,National
14,0,2,172210.24,National
14,0,3,169253.33,National
14,0,4,172223.95,National
14,0,5,170967.12,National
14,0,6,175802.0,National
14,0,7,173195.81,National
14,0,8,174690.51,National
14,0,9,170485.33,National
14,0,10,159485.58,National
14,0,11,151558.8,National
14,0,12,161246.32,National
14,1,1,168092.22,National
14,1,2,173146.73,National
14,1,3,169876.78,National
14,1,4,172267.83,National
14,1,5,172694.21,National
14,1,6,177841.53,National
14,1,7,171815.9,National
14,1,8,178578.05,National
14,1,9,172003.94,National
14,1,10,159057.69,National
14,1,11,153831.56,National
14,1,12,161067.04,National
14,2,1,167941.01,National
14,2,2,172669.06,National
14,2,3,172681.38,National
14,2,4,167543.8,National
14,2,5,170651.93,National
14,2,6,179797.19,National
14,2,7,169959.59,National
14,2,8,178787.9,National
14,2,9,171869.75,National
14,2,10,158615.57,National
14,2,11,157093.56,National
14,2,12,162385.91,National
14,3,1,166040.22,National
14,3,2,172918.33,National
14,3,3,174043.94,National
14,3,4,169707.2,National
14,3,5,170222.02,National
14,3,6,178093.02,National
14,3,7,170501.46,National
14,3,8,176194.51,National
14,3,9,173198.3,National
14,3,10,160119.56,National
14,3,11,154568.7,National
14,3,12,163262.23,National
14,4,1,167125.12,National
14,4,2,173051.93,National
14,4,3,172427.19,National
14,4,4,172785.26,National
14,4,5,168723.0,National
14,4,6,179599.06,National
14,4,7,172127.13,National
14,4,8,175705.89,National
14,4,9,175224.08,National
14,4,10,161445.07,National
14,4,11,152657.41,National
14,4,12,164916.01,National
14,5,1,165448.4,National
14,5,2,170953.66,National
14,5,3,171222.2,National
14,5,4,171420.49,National
14,5,5,168443.04,National
14,5,6,176433.93,National
14,5,7,170416.21,National
14,5,8,172837.83,National
14,5,9,172521.0,National
14,5,10,160183.79,National
14,5,11,151294.98,National
14,5,12,163992.48,National
14,6,1,160036.65,National
14,6,2,163924.97,National
14,6,3,161416.12,National
14,6,4,162343.1,National
14,6,5,161689.29,National
14,6,6,165505.77,National
14,6,7,160787.44,National
14,6,8,163818.73,National
14,6,9,161231.68,National
14,6,10,153126.47,National
14,6,11,145071.02,National
14,6,12,154587.42,National
15,0,1,167137.78,National
15,0,2,171483.92,National
15,0,3,169114.47,National
15,0,4,173051.9,National
15,0,5,171361.34,National
15,0,6,177099.66,National
15,0,7,173693.06,National
15,0,8,174112.88,National
15,0,9,169951.05,National
15,0,10,159011.05,National
15,0,11,150948.14,National
15,0,12,160422.64,National
15,1,1,166601.33,National
15,1,2,172137.83,National
15,1,3,169873.04,National
15,1,4,173006.78,National
15,1,5,173194.63,National
15,1,6,177587.01,National
15,1,7,171505.48,National
15,1,8,177838.4,National
15,1,9,171615.75,National
15,1,10,158484.12,National
15,1,11,153682.88,National
15,1,12,160522.18,National
15,2,1,166199.2,National
15,2,2,171919.96,National
15,2,3,172786.67,National
15,2,4,167850.17,National
15,2,5,171139.86,National
15,2,6,179889.54,National
15,2,7,170029.29,National
15,2,8,178247.89,National
15,2,9,171235.5,National
15,2,10,158102.14,National
15,2,11,156852.27,National
15,2,12,161443.17,National
15,3,1,164655.07,National
15,3,2,172253.49,National
15,3,3,174085.33,National
15,3,4,169732.84,National
15,3,5,170628.13,National
15,3,6,177951.34,National
15,3,7,170330.12,National
15,3,8,175361.72,National
15,3,9,172684.09,National
15,3,10,160128.33,National
15,3,11,154400.95,National
15,3,12,162459.55,National
15,4,1,165193.98,National
15,4,2,171866.42,National
15,4,3,172189.35,National
15,4,4,172814.48,National
15,4,5,169351.82,National
15,4,6,179714.83,National
15,4,7,171518.86,National
15,4,8,175064.32,National
15,4,9,174398.5,National
15,4,10,160658.89,National
15,4,11,152359.59,National
15,4,12,163409.92,National
15,5,1,163908.18,National
15,5,2,170106.79,National
15,5,3,171469.45,National
15,5,4,171758.21,National
15,5,5,168881.25,National
15,5,6,176278.65,National
15,5,7,169885.23,National
15,5,8,172098.02,National
15,5,9,171871.59,National
15,5,10,159724.5,National
15,5,11,150905.42,National
15,5,12,163079.96,National
15,6,1,156791.4,National
15,6,2,161347.19,National
15,6,3,160393.0,National
15,6,4,162577.85,National
15,6,5,161426.1,National
15,6,6,164895.69,National
15,6,7,159659.33,National
15,6,8,162149.93,National
15,6,9,160232.66,National
15,6,10,151769.78,National
15,6,11,142967.69,National
15,6,12,151899.12,National
16,0,1,165837.78,National
16,0,2,169896.7,National
16,0,3,167091.97,National
16,0,4,170180.28,National
16,0,5,167524.02,National
16,0,6,173259.97,National
16,0,7,170352.32,National
16,0,8,170982.04,National
16,0,9,167282.22,National
16,0,10,157178.62,National
16,0,11,150484.86,National
16,0,12,159941.45,National
16,1,1,165345.91,National
16,1,2,170219.88,National
16,1,3,168225.13,National
16,1,4,169827.83,National
16,1,5,169141.87,National
16,1,6,173803.31,National
16,1,7,168534.29,National
16,1,8,174559.06,National
16,1,9,168781.22,National
16,1,10,156395.3,National
16,1,11,153354.53,National
16,1,12,160287.6,National
16,2,1,164820.9,National
16,2,2,169902.26,National
16,2,3,170418.45,National
16,2,4,164805.01,National
16,2,5,167247.63,National
16,2,6,175715.42,National
16,2,7,167462.51,National
16,2,8,175105.58,National
16,2,9,168712.51,National
16,2,10,156428.41,National
16,2,11,156267.51,National
16,2,12,160937.45,National
16,3,1,163546.07,National
16,3,2,170842.92,National
16,3,3,171688.95,National
16,3,4,166270.45,National
16,3,5,166499.15,National
16,3,6,174099.22,National
16,3,7,167691.58,National
16,3,8,172640.23,National
16,3,9,169849.46,National
16,3,10,158491.18,National
16,3,11,154056.43,National
16,3,12,162029.13,National
16,4,1,164017.8,National
16,4,2,169892.2,National
16,4,3,169965.64,National
16,4,4,169628.86,National
16,4,5,165276.24,National
16,4,6,175515.54,National
16,4,7,168329.83,National
16,4,8,172045.33,National
16,4,9,171405.15,National
16,4,10,158576.86,National
16,4,11,151765.64,National
16,4,12,162282.96,National
16,5,1,162874.88,National
16,5,2,168253.88,National
16,5,3,169691.67,National
16,5,4,168526.72,National
16,5,5,164734.43,National
16,5,6,172235.29,National
16,5,7,166729.45,National
16,5,8,168814.85,National
16,5,9,168747.84,National
16,5,10,157667.09,National
16,5,11,150323.91,National
16,5,12,161968.17,National
16,6,1,154917.94,National
16,6,2,158642.73,National
16,6,3,157954.95,National
16,6,4,159855.84,National
16,6,5,156869.91,National
16,6,6,160439.07,National
16,6,7,155913.17,National
16,6,8,158685.73,National
16,6,9,156196.05,National
16,6,10,149284.37,National
16,6,11,140902.65,National
16,6,12,150385.44,National
17,0,1,165801.39,National
17,0,2,167756.19,National
17,0,3,162175.06,National
17,0,4,164987.92,National
17,0,5,161147.99,National
17,0,6,167110.69,National
17,0,7,166014.22,National
17,0,8,167182.38,National
17,0,9,165084.77,National
17,0,10,157541.06,National
17,0,11,154881.97,National
17,0,12,162912.51,National
17,1,1,165800.44,National
17,1,2,168073.45,National
17,1,3,163871.9,National
17,1,4,164728.82,National
17,1,5,162806.77,National
17,1,6,167803.36,National
17,1,7,165006.75,National
17,1,8,170515.95,National
17,1,9,166477.38,National
17,1,10,156787.43,National
17,1,11,158033.64,National
17,1,12,163389.68,National
17,2,1,164870.26,National
17,2,2,167755.64,National
17,2,3,165934.04,National
17,2,4,159567.85,National
17,2,5,161169.82,National
17,2,6,169477.98,National
17,2,7,163934.67,National
17,2,8,171414.9,National
17,2,9,166857.53,National
17,2,10,157110.23,National
17,2,11,159896.87,National
17,2,12,164196.36,National
17,3,1,164027.54,National
17,3,2,168941.82,National
17,3,3,166998.3,National
17,3,4,160533.39,National
17,3,5,160004.02,National
17,3,6,168227.1,National
17,3,7,164180.68,National
17,3,8,168837.89,National
17,3,9,167440.99,National
17,3,10,159149.5,National
17,3,11,158745.67,National
17,3,12,164729.02,National
17,4,1,164344.72,National
17,4,2,167345.85,National
17,4,3,165425.29,National
17,4,4,164227.19,National
17,4,5,158716.44,National
17,4,6,169506.27,National
17,4,7,164353.39,National
17,4,8,168280.27,National
17,4,9,168981.56,National
17,4,10,159074.68,National
17,4,11,155816.56,National
17,4,12,164994.68,National
17,5,1,163551.02,National
17,5,2,165568.82,National
17,5,3,165047.28,National
17,5,4,163194.68,National
17,5,5,158255.37,National
17,5,6,165955.52,National
17,5,7,162740.11,National
17,5,8,165190.68,National
17,5,9,166404.84,National
17,5,10,158410.76,National
17,5,11,154563.01,National
17,5,12,164624.67,National
17,6,1,155097.06,National
17,6,2,156135.57,National
17,6,3,153626.23,National
17,6,4,154898.61,National
17,6,5,150168.35,National
17,6,6,154605.64,National
17,6,7,152168.85,National
17,6,8,154450.24,National
17,6,9,154096.87,National
17,6,10,149555.02,National
17,6,11,145056.25,National
17,6,12,153184.91,National
18,0,1,168944.07,National
18,0,2,169411.41,National
18,0,3,162314.7,National
18,0,4,163972.98,National
18,0,5,157801.4,National
18,0,6,163862.9,National
18,0,7,165491.98,National
18,0,8,167624.73,National
18,0,9,170480.78,National
18,0,10,165141.1,National
18,0,11,160455.46,National
18,0,12,166801.76,National
18,1,1,168953.94,National
18,1,2,169862.24,National
18,1,3,164088.02,National
18,1,4,163530.13,National
18,1,5,159234.21,National
18,1,6,165068.02,National
18,1,7,164731.41,National
18,1,8,171244.19,National
18,1,9,171864.45,National
18,1,10,164963.46,National
18,1,11,164232.03,National
18,1,12,167603.72,National
18,2,1,168024.42,National
18,2,2,169730.77,National
18,2,3,165933.33,National
18,2,4,158950.04,National
18,2,5,157453.75,National
18,2,6,166213.68,National
18,2,7,163630.34,National
18,2,8,171996.36,National
18,2,9,172154.83,National
18,2,10,165377.5,National
18,2,11,165487.35,National
18,2,12,168281.87,National
18,3,1,167449.69,National
18,3,2,170284.45,National
18,3,3,166903.7,National
18,3,4,159506.62,National
18,3,5,156140.96,National
18,3,6,165284.89,National
18,3,7,164384.49,National
18,3,8,169089.51,National
18,3,9,172113.1,National
18,3,10,167211.28,National
18,3,11,163548.97,National
18,3,12,168617.18,National
18,4,1,167990.69,National
18,4,2,168607.38,National
18,4,3,165353.44,National
18,4,4,162955.65,National
18,4,5,154948.31,National
18,4,6,165979.64,National
18,4,7,164310.63,National
18,4,8,169002.25,National
18,4,9,173816.45,National
18,4,10,166992.33,National
18,4,11,161603.19,National
18,4,12,168730.84,National
18,5,1,167044.21,National
18,5,2,167231.13,National
18,5,3,165398.34,National
18,5,4,162255.29,National
18,5,5,154841.29,National
18,5,6,163191.71,National
18,5,7,162813.73,National
18,5,8,166061.26,National
18,5,9,171361.37,National
18,5,10,166590.99,National
18,5,11,160623.77,National
18,5,12,168483.77,National
18,6,1,158960.24,National
18,6,2,158258.39,National
18,6,3,154520.83,National
18,6,4,154644.33,National
18,6,5,147574.82,National
18,6,6,152594.27,National
18,6,7,153067.01,National
18,6,8,156236.41,National
18,6,9,159653.4,National
18,6,10,157968.96,National
18,6,11,151168.06,National
18,6,12,157283.07,National
19,0,1,166413.92,National
19,0,2,170642.27,National
19,0,3,168059.66,National
19,0,4,172007.91,National
19,0,5,165944.78,National
19,0,6,171204.26,National
19,0,7,174038.59,National
19,0,8,175925.33,National
19,0,9,177132.9,National
19,0,10,165790.1,National
19,0,11,155155.45,National
19,0,12,160852.58,National
19,1,1,166732.0,National
19,1,2,170548.43,National
19,1,3,169498.76,National
19,1,4,171470.5,National
19,1,5,166993.93,National
19,1,6,172246.78,National
19,1,7,172968.95,National
19,1,8,178961.92,National
19,1,9,178775.62,National
19,1,10,165902.77,National
19,1,11,158725.87,National
19,1,12,162224.17,National
19,2,1,165832.01,National
19,2,2,171026.87,National
19,2,3,171419.04,National
19,2,4,167290.06,National
19,2,5,165393.63,National
19,2,6,173098.04,National
19,2,7,171813.94,National
19,2,8,179542.91,National
19,2,9,178689.22,National
19,2,10,166531.15,National
19,2,11,160127.61,National
19,2,12,162724.61,National
19,3,1,165581.54,National
19,3,2,171550.67,National
19,3,3,172127.37,National
19,3,4,167658.58,National
19,3,5,163718.98,National
19,3,6,172903.38,National
19,3,7,173001.24,National
19,3,8,177171.24,National
19,3,9,178205.15,National
19,3,10,167688.57,National
19,3,11,158284.58,National
19,3,12,163152.23,National
19,4,1,165833.08,National
19,4,2,169849.82,National
19,4,3,170376.23,National
19,4,4,171105.82,National
19,4,5,163124.98,National
19,4,6,173454.35,National
19,4,7,173163.98,National
19,4,8,176815.41,National
19,4,9,180200.4,National
19,4,10,167661.52,National
19,4,11,156695.46,National
19,4,12,163319.31,National
19,5,1,164925.42,National
19,5,2,168722.74,National
19,5,3,170905.37,National
19,5,4,170383.89,National
19,5,5,163559.01,National
19,5,6,171002.44,National
19,5,7,172331.35,National
19,5,8,174999.59,National
19,5,9,177984.13,National
19,5,10,166725.49,National
19,5,11,155267.47,National
19,5,12,163074.64,National
19,6,1,157748.32,National
19,6,2,161003.06,National
19,6,3,161217.96,National
19,6,4,164313.96,National
19,6,5,156331.6,National
19,6,6,161973.13,National
19,6,7,163962.99,National
19,6,8,166972.26,National
19,6,9,168538.95,National
19,6,10,159495.66,National
19,6,11,146537.5,National
19,6,12,152234.67,National
20,0,1,158087.5,National
20,0,2,161695.19,National
20,0,3,162147.25,National
20,0,4,169930.35,National
20,0,5,167636.59,National
20,0,6,174644.03,National
20,0,7,176516.72,National
20,0,8,176285.89,National
20,0,9,174749.46,National
20,0,10,159863.61,National
20,0,11,145978.84,National
20,0,12,150782.34,National
20,1,1,158481.52,National
20,1,2,161945.39,National
20,1,3,163667.93,National
20,1,4,169508.67,National
20,1,5,168988.74,National
20,1,6,175309.53,National
20,1,7,175314.94,National
20,1,8,179366.02,National
20,1,9,176065.63,National
20,1,10,160035.78,National
20,1,11,149149.14,National
20,1,12,152487.27,National
20,2,1,157614.76,National
20,2,2,162465.92,National
20,2,3,165631.09,National
20,2,4,165647.71,National
20,2,5,167104.49,National
20,2,6,176111.99,National
20,2,7,174353.81,National
20,2,8,179348.66,National
20,2,9,175930.16,National
20,2,10,160595.94,National
20,2,11,150369.72,National
20,2,12,152676.7,National
20,3,1,157086.5,National
20,3,2,163207.39,National
20,3,3,165987.5,National
20,3,4,165754.87,National
20,3,5,165950.8,National
20,3,6,176342.49,National
20,3,7,175615.11,National
20,3,8,177166.15,National
20,3,9,175515.4,National
20,3,10,161377.19,National
20,3,11,148740.3,National
20,3,12,152959.76,National
20,4,1,157341.69,National
20,4,2,161385.65,National
20,4,3,164150.62,National
20,4,4,169071.02,National
20,4,5,165720.22,National
20,4,6,176924.57,National
20,4,7,175574.9,National
20,4,8,176876.07,National
20,4,9,177672.52,National
20,4,10,161326.66,National
20,4,11,147488.08,National
20,4,12,153120.52,National
20,5,1,156384.63,National
20,5,2,160441.86,National
20,5,3,164725.05,National
20,5,4,168495.95,National
20,5,5,165894.52,National
20,5,6,174465.11,National
20,5,7,175128.07,National
20,5,8,175393.53,National
20,5,9,175003.97,National
20,5,10,160524.52,National
20,5,11,145969.66,National
20,5,12,152666.67,National
20,6,1,150130.49,National
20,6,2,153552.03,National
20,6,3,157017.25,National
20,6,4,163764.83,National
20,6,5,159805.06,National
20,6,6,167419.36,National
20,6,7,168929.04,National
20,6,8,168970.63,National
20,6,9,167686.46,National
20,6,10,154708.0,National
20,6,11,138729.74,National
20,6,12,143221.82,National
21,0,1,150559.42,National
21,0,2,154844.73,National
21,0,3,158366.57,National
21,0,4,168160.53,National
21,0,5,168099.51,National
21,0,6,175523.48,National
21,0,7,175852.27,National
21,0,8,175237.27,National
21,0,9,172979.05,National
21,0,10,155295.27,National
21,0,11,139579.05,National
21,0,12,142636.27,National
21,1,1,150846.68,National
21,1,2,155364.44,National
21,1,3,159752.59,National
21,1,4,167776.52,National
21,1,5,169383.88,National
21,1,6,176320.0,National
21,1,7,174657.85,National
21,1,8,178081.17,National
21,1,9,173781.03,National
21,1,10,155588.17,National
21,1,11,141819.96,National
21,1,12,144117.4,National
21,2,1,150135.95,National
21,2,2,155706.83,National
21,2,3,161589.35,National
21,2,4,164306.73,National
21,2,5,167247.63,National
21,2,6,177185.73,National
21,2,7,173836.1,National
21,2,8,178245.84,National
21,2,9,173313.13,National
21,2,10,156081.89,National
21,2,11,143321.23,National
21,2,12,144318.25,National
21,3,1,149636.46,National
21,3,2,156639.74,National
21,3,3,161915.17,National
21,3,4,164346.97,National
21,3,5,166478.07,National
21,3,6,177212.56,National
21,3,7,175033.05,National
21,3,8,176054.58,National
21,3,9,173256.15,National
21,3,10,156480.63,National
21,3,11,141879.43,National
21,3,12,144459.54,National
21,4,1,149762.07,National
21,4,2,154707.27,National
21,4,3,159974.24,National
21,4,4,167517.14,National
21,4,5,166539.59,National
21,4,6,177879.06,National
21,4,7,175027.15,National
21,4,8,175491.32,National
21,4,9,175447.37,National
21,4,10,156596.43,National
21,4,11,140617.63,National
21,4,12,144592.63,National
21,5,1,148782.26,National
21,5,2,153609.27,National
21,5,3,160528.61,National
21,5,4,166869.4,National
21,5,5,166702.58,National
21,5,6,175172.38,National
21,5,7,174617.31,National
21,5,8,173853.92,National
21,5,9,172549.73,National
21,5,10,155933.73,National
21,5,11,139033.98,National
21,5,12,144376.86,National
21,6,1,143169.76,National
21,6,2,147710.78,National
21,6,3,154172.83,National
21,6,4,162352.92,National
21,6,5,161777.24,National
21,6,6,169505.27,National
21,6,7,169607.21,National
21,6,8,168559.68,National
21,6,9,166294.28,National
21,6,10,151202.85,National
21,6,11,132865.94,National
21,6,12,135903.3,National
22,0,1,142852.01,National
22,0,2,149730.86,National
22,0,3,156585.94,National
22,0,4,168513.55,National
22,0,5,170123.0,National
22,0,6,176938.24,National
22,0,7,175164.87,National
22,0,8,174361.69,National
22,0,9,171372.97,National
22,0,10,152004.73,National
22,0,11,134592.22,National
22,0,12,136186.78,National
22,1,1,143600.77,National
22,1,2,150272.47,National
22,1,3,157825.21,National
22,1,4,168306.02,National
22,1,5,171322.81,National
22,1,6,177904.71,National
22,1,7,173900.58,National
22,1,8,177057.03,National
22,1,9,172148.02,National
22,1,10,152515.67,National
22,1,11,136685.47,National
22,1,12,136681.6,National
22,2,1,142926.79,National
22,2,2,150441.11,National
22,2,3,159916.23,National
22,2,4,164926.22,National
22,2,5,169211.08,National
22,2,6,178885.11,National
22,2,7,173108.51,National
22,2,8,177184.16,National
22,2,9,171534.1,National
22,2,10,152951.45,National
22,2,11,138366.48,National
22,2,12,137536.66,National
22,3,1,142347.52,National
22,3,2,151014.07,National
22,3,3,160287.67,National
22,3,4,165031.32,National
22,3,5,168543.91,National
22,3,6,178605.57,National
22,3,7,174466.56,National
22,3,8,174979.2,National
22,3,9,171575.23,National
22,3,10,153222.58,National
22,3,11,137257.35,National
22,3,12,137659.31,National
22,4,1,142575.01,National
22,4,2,149680.52,National
22,4,3,158284.23,National
22,4,4,168196.27,National
22,4,5,168784.11,National
22,4,6,179556.84,National
22,4,7,174279.86,National
22,4,8,174405.49,National
22,4,9,173895.55,National
22,4,10,153440.88,National
22,4,11,135897.61,National
22,4,12,137965.91,National
22,5,1,141531.32,National
22,5,2,148721.36,National
22,5,3,158787.93,National
22,5,4,167607.14,National
22,5,5,168830.55,National
22,5,6,176878.74,National
22,5,7,173989.17,National
22,5,8,172865.3,National
22,5,9,171145.08,National
22,5,10,152903.8,National
22,5,11,134463.45,National
22,5,12,137883.01,National
22,6,1,136742.76,National
22,6,2,143512.78,National
22,6,3,152980.63,National
22,6,4,163809.05,National
22,6,5,164568.48,National
22,6,6,171884.18,National
22,6,7,169808.6,National
22,6,8,168039.76,National
22,6,9,165316.01,National
22,6,10,148972.46,National
22,6,11,129043.72,National
22,6,12,130271.83,National
23,0,1,136690.74,National
23,0,2,145643.09,National
23,0,3,154520.03,National
23,0,4,167191.46,National
23,0,5,168829.32,National
23,0,6,175395.9,National
23,0,7,172331.2,National
23,0,8,171323.25,National
23,0,9,167839.17,National
23,0,10,148948.35,National
23,0,11,130766.45,National
23,0,12,131133.05,National
23,1,1,137385.93,National
23,1,2,146190.08,National
23,1,3,155775.46,National
23,1,4,166960.59,National
23,1,5,170439.04,National
23,1,6,176440.8,National
23,1,7,171014.74,National
23,1,8,174255.95,National
23,1,9,168824.7,National
23,1,10,149336.36,National
23,1,11,132868.46,National
23,1,12,131325.61,National
23,2,1,136570.65,National
23,2,2,146176.36,National
23,2,3,158096.12,National
23,2,4,163433.0,National
23,2,5,168297.64,National
23,2,6,177454.03,National
23,2,7,169983.7,National
23,2,8,174367.76,National
23,2,9,168370.87,National
23,2,10,149586.49,National
23,2,11,134345.37,National
23,2,12,132186.7,National
23,3,1,136016.18,National
23,3,2,146857.0,National
23,3,3,158292.81,National
23,3,4,163744.19,National
23,3,5,167624.66,National
23,3,6,176630.77,National
23,3,7,171516.14,National
23,3,8,172177.56,National
23,3,9,168192.4,National
23,3,10,149789.16,National
23,3,11,133287.36,National
23,3,12,132575.9,National
23,4,1,136349.22,National
23,4,2,145749.42,National
23,4,3,156153.86,National
23,4,4,166995.24,National
23,4,5,168071.1,National
23,4,6,177858.07,National
23,4,7,171393.69,National
23,4,8,171620.58,National
23,4,9,170697.23,National
23,4,10,150392.89,National
23,4,11,132650.33,National
23,4,12,132788.91,National
23,5,1,135740.28,National
23,5,2,144692.2,National
23,5,3,156849.67,National
23,5,4,166608.55,National
23,5,5,168358.64,National
23,5,6,175732.89,National
23,5,7,171389.33,National
23,5,8,170399.62,National
23,5,9,168243.45,National
23,5,10,149925.53,National
23,5,11,131019.4,National
23,5,12,132997.41,National
23,6,1,131217.54,National
23,6,2,139832.08,National
23,6,3,151215.07,National
23,6,4,162969.94,National
23,6,5,164736.91,National
23,6,6,170751.18,National
23,6,7,167549.96,National
23,6,8,165679.64,National
23,6,9,162531.24,National
23,6,10,146275.06,National
23,6,11,125728.39,National
23,6,12,125857.75,National
0,0,1,33788.91,Northern
0,0,2,33663.24,Northern
0,0,3,35264.69,Northern
0,0,4,41800.24,Northern
0,0,5,50546.17,Northern
0,0,6,58449.93,Northern
0,0,7,61151.14,Northern
0,0,8,59302.44,Northern
0,0,9,57112.7,Northern
0,0,10,42941.56,Northern
0,0,11,32051.43,Northern
0,0,12,32150.56,Northern
0,1,1,34921.43,Northern
0,1,2,35092.3,Northern
0,1,3,36266.99,Northern
0,1,4,42803.31,Northern
0,1,5,50695.32,Northern
0,1,6,59672.08,Northern
0,1,7,62344.51,Northern
0,1,8,62417.69,Northern
0,1,9,59900.49,Northern
0,1,10,42634.4,Northern
0,1,11,33792.08,Northern
0,1,12,33784.95,Northern
0,2,1,35516.24,Northern
0,2,2,35010.38,Northern
0,2,3,37169.32,Northern
0,2,4,41615.64,Northern
0,2,5,51325.32,Northern
0,2,6,61351.69,Northern
0,2,7,61747.08,Northern
0,2,8,63035.81,Northern
0,2,9,59812.24,Northern
0,2,10,42915.15,Northern
0,2,11,34474.24,Northern
0,2,12,33959.63,Northern
0,3,1,35240.97,Northern
0,3,2,35169.35,Northern
0,3,3,37429.98,Northern
0,3,4,42153.05,Northern
0,3,5,49806.36,Northern
0,3,6,61114.44,Northern
0,3,7,61851.65,Northern
0,3,8,62514.87,Northern
0,3,9,59920.51,Northern
0,3,10,43504.44,Northern
0,3,11,34176.7,Northern
0,3,12,34355.48,Northern
0,4,1,35285.63,Northern
0,4,2,34943.69,Northern
0,4,3,36914.54,Northern
0,4,4,42934.4,Northern
0,4,5,49711.14,Northern
0,4,6,59989.94,Northern
0,4,7,61822.89,Northern
0,4,8,61269.4,Northern
0,4,9,59734.27,Northern
0,4,10,44066.32,Northern
0,4,11,33980.19,Northern
0,4,12,34203.04,Northern
0,5,1,35471.7,Northern
0,5,2,35195.23,Northern
0,5,3,36512.79,Northern
0,5,4,42622.69,Northern
0,5,5,50650.24,Northern
0,5,6,61072.51,Northern
0,5,7,62120.64,Northern
0,5,8,61532.27,Northern
0,5,9,59643.04,Northern
0,5,10,44055.52,Northern
0,5,11,33943.36,Northern
0,5,12,34476.46,Northern
0,6,1,35340.86,Northern
0,6,2,35530.78,Northern
0,6,3,36709.35,Northern
0,6,4,42919.11,Northern
0,6,5,51750.04,Northern
0,6,6,60683.92,Northern
0,6,7,61327.8,Northern
0,6,8,61089.53,Northern
0,6,9,57872.38,Northern
0,6,10,44655.36,Northern
0,6,11,33934.03,Northern
0,6,12,34217.44,Northern
1,0,1,32069.63,Northern
1,0,2,32293.3,Northern
1,0,3,34119.43,Northern
1,0,4,40581.31,Northern
1,0,5,49016.34,Northern
1,0,6,56862.51,Northern
1,0,7,59527.0,Northern
1,0,8,57748.28,Northern
1,0,9,55639.65,Northern
1,0,10,41726.08,Northern
1,0,11,31010.5,Northern
1,0,12,30892.55,Northern
1,1,1,33137.61,Northern
1,1,2,33663.35,Northern
1,1,3,35129.8,Northern
1,1,4,41524.74,Northern
1,1,5,49358.37,Northern
1,1,6,57961.77,Northern
1,1,7,60904.01,Northern
1,1,8,60846.97,Northern
1,1,9,58304.09,Northern
1,1,10,41436.39,Northern
1,1,11,32742.39,Northern
1,1,12,32412.1,Northern
1,2,1,33763.43,Northern
1,2,2,33555.69,Northern
1,2,3,36001.01,Northern
1,2,4,40356.57,Northern
1,2,5,49999.26,Northern
1,2,6,60056.48,Northern
1,2,7,60206.38,Northern
1,2,8,61465.77,Northern
1,2,9,58270.12,Northern
1,2,10,41713.26,Northern
1,2,11,33392.08,Northern
1,2,12,32583.93,Northern
1,3,1,33479.37,Northern
1,3,2,33659.75,Northern
1,3,3,36242.76,Northern
1,3,4,40960.2,Northern
1,3,5,47914.02,Northern
1,3,6,59726.53,Northern
1,3,7,60240.37,Northern
1,3,8,61032.12,Northern
1,3,9,58364.68,Northern
1,3,10,42288.31,Northern
1,3,11,33028.32,Northern
1,3,12,32999.05,Northern
1,4,1,33494.52,Northern
1,4,2,33456.95,Northern
1,4,3,35659.68,Northern
1,4,4,41634.3,Northern
1,4,5,48267.01,Northern
1,4,6,58381.96,Northern
1,4,7,60173.34,Northern
1,4,8,59823.46,Northern
1,4,9,58341.34,Northern
1,4,10,42848.41,Northern
1,4,11,32875.02,Northern
1,4,12,32783.61,Northern
1,5,1,33644.11,Northern
1,5,2,33754.12,Northern
1,5,3,35305.05,Northern
1,5,4,41356.48,Northern
1,5,5,49172.88,Northern
1,5,6,59541.04,Northern
1,5,7,60200.92,Northern
1,5,8,60181.28,Northern
1,5,9,58078.41,Northern
1,5,10,42808.86,Northern
1,5,11,32864.55,Northern
1,5,12,33019.64,Northern
1,6,1,33546.37,Northern
1,6,2,34066.98,Northern
1,6,3,35466.5,Northern
1,6,4,41610.72,Northern
1,6,5,50221.68,Northern
1,6,6,59308.61,Northern
1,6,7,59705.07,Northern
1,6,8,59751.01,Northern
1,6,9,56517.17,Northern
1,6,10,43564.18,Northern
1,6,11,32858.52,Northern
1,6,12,32819.71,Northern
2,0,1,31207.75,Northern
2,0,2,31594.43,Northern
2,0,3,33409.71,Northern
2,0,4,39679.45,Northern
2,0,5,47640.55,Northern
2,0,6,55408.09,Northern
2,0,7,57894.61,Northern
2,0,8,56237.34,Northern
2,0,9,54173.57,Northern
2,0,10,40773.15,Northern
2,0,11,30409.56,Northern
2,0,12,30237.94,Northern
2,1,1,32190.56,Northern
2,1,2,32948.38,Northern
2,1,3,34324.01,Northern
2,1,4,40630.83,Northern
2,1,5,48088.92,Northern
2,1,6,56388.97,Northern
2,1,7,59385.34,Northern
2,1,8,59296.02,Northern
2,1,9,56692.31,Northern
2,1,10,40505.43,Northern
2,1,11,32022.65,Northern
2,1,12,31663.43,Northern
2,2,1,32896.14,Northern
2,2,2,32780.11,Northern
2,2,3,35255.78,Northern
2,2,4,39361.22,Northern
2,2,5,48837.78,Northern
2,2,6,58662.97,Northern
2,2,7,58505.75,Northern
2,2,8,59841.82,Northern
2,2,9,56786.84,Northern
2,2,10,40811.22,Northern
2,2,11,32731.47,Northern
2,2,12,31860.44,Northern
2,3,1,32570.51,Northern
2,3,2,32863.91,Northern
2,3,3,35560.16,Northern
2,3,4,40064.98,Northern
2,3,5,46505.63,Northern
2,3,6,58147.9,Northern
2,3,7,58492.66,Northern
2,3,8,59465.94,Northern
2,3,9,56989.96,Northern
2,3,10,41367.27,Northern
2,3,11,32294.11,Northern
2,3,12,32210.89,Northern
2,4,1,32577.33,Northern
2,4,2,32722.96,Northern
2,4,3,34904.21,Northern
2,4,4,40671.6,Northern
2,4,5,47176.76,Northern
2,4,6,56760.57,Northern
2,4,7,58589.32,Northern
2,4,8,58417.54,Northern
2,4,9,56766.44,Northern
2,4,10,41889.86,Northern
2,4,11,32190.13,Northern
2,4,12,32023.97,Northern
2,5,1,32682.12,Northern
2,5,2,33021.94,Northern
2,5,3,34539.94,Northern
2,5,4,40515.15,Northern
2,5,5,47868.31,Northern
2,5,6,58068.83,Northern
2,5,7,58433.06,Northern
2,5,8,58719.06,Northern
2,5,9,56661.14,Northern
2,5,10,41906.92,Northern
2,5,11,32206.93,Northern
2,5,12,32203.2,Northern
2,6,1,32615.11,Northern
2,6,2,33326.86,Northern
2,6,3,34688.86,Northern
2,6,4,40651.22,Northern
2,6,5,48895.97,Northern
2,6,6,57698.87,Northern
2,6,7,57916.59,Northern
2,6,8,58267.76,Northern
2,6,9,55137.32,Northern
2,6,10,42661.22,Northern
2,6,11,32184.14,Northern
2,6,12,32045.34,Northern
3,0,1,30940.54,Northern
3,0,2,31393.0,Northern
3,0,3,33081.97,Northern
3,0,4,39329.92,Northern
3,0,5,46566.43,Northern
3,0,6,54081.13,Northern
3,0,7,56430.39,Northern
3,0,8,54959.71,Northern
3,0,9,52844.03,Northern
3,0,10,39979.93,Northern
3,0,11,30079.4,Northern
3,0,12,29973.75,Northern
3,1,1,31921.82,Northern
3,1,2,32688.12,Northern
3,1,3,33882.21,Northern
3,1,4,40152.75,Northern
3,1,5,47032.06,Northern
3,1,6,55070.33,Northern
3,1,7,57912.86,Northern
3,1,8,57959.68,Northern
3,1,9,55510.95,Northern
3,1,10,39751.73,Northern
3,1,11,31720.9,Northern
3,1,12,31380.41,Northern
3,2,1,32299.89,Northern
3,2,2,32445.86,Northern
3,2,3,34886.79,Northern
3,2,4,38857.12,Northern
3,2,5,47762.78,Northern
3,2,6,57215.63,Northern
3,2,7,57063.64,Northern
3,2,8,58384.74,Northern
3,2,9,55394.43,Northern
3,2,10,40095.96,Northern
3,2,11,32418.34,Northern
3,2,12,31559.57,Northern
3,3,1,32221.1,Northern
3,3,2,32507.84,Northern
3,3,3,35223.78,Northern
3,3,4,39604.71,Northern
3,3,5,45456.02,Northern
3,3,6,56598.76,Northern
3,3,7,57036.06,Northern
3,3,8,57894.75,Northern
3,3,9,55677.08,Northern
3,3,10,40556.17,Northern
3,3,11,31920.0,Northern
3,3,12,31865.59,Northern
3,4,1,32271.64,Northern
3,4,2,32452.49,Northern
3,4,3,34568.17,Northern
3,4,4,40178.66,Northern
3,4,5,46175.57,Northern
3,4,6,55282.75,Northern
3,4,7,57111.48,Northern
3,4,8,56960.24,Northern
3,4,9,55400.99,Northern
3,4,10,41091.12,Northern
3,4,11,31840.32,Northern
3,4,12,31775.39,Northern
3,5,1,32316.41,Northern
3,5,2,32727.48,Northern
3,5,3,34085.97,Northern
3,5,4,40078.57,Northern
3,5,5,46923.14,Northern
3,5,6,56585.55,Northern
3,5,7,56807.02,Northern
3,5,8,57157.66,Northern
3,5,9,55221.07,Northern
3,5,10,41145.29,Northern
3,5,11,31865.77,Northern
3,5,12,31922.53,Northern
3,6,1,32250.93,Northern
3,6,2,33018.29,Northern
3,6,3,34283.95,Northern
3,6,4,40215.98,Northern
3,6,5,47730.28,Northern
3,6,6,56036.26,Northern
3,6,7,56185.31,Northern
3,6,8,56955.11,Northern
3,6,9,53858.37,Northern
3,6,10,41798.08,Northern
3,6,11,31754.25,Northern
3,6,12,31761.88,Northern
4,0,1,32155.68,Northern
4,0,2,32501.81,Northern
4,0,3,33851.1,Northern
4,0,4,39696.8,Northern
4,0,5,45963.15,Northern
4,0,6,53565.56,Northern
4,0,7,55592.44,Northern
4,0,8,54196.28,Northern
4,0,9,52049.46,Northern
4,0,10,40136.25,Northern
4,0,11,31104.49,Northern
4,0,12,31211.32,Northern
4,1,1,32919.17,Northern
4,1,2,33560.72,Northern
4,1,3,34646.3,Northern
4,1,4,40274.69,Northern
4,1,5,46357.75,Northern
4,1,6,54426.58,Northern
4,1,7,56840.1,Northern
4,1,8,57147.49,Northern
4,1,9,54654.27,Northern
4,1,10,39915.94,Northern
4,1,11,32633.93,Northern
4,1,12,32532.41,Northern
4,2,1,33201.9,Northern
4,2,2,33394.56,Northern
4,2,3,35565.81,Northern
4,2,4,39030.77,Northern
4,2,5,47027.9,Northern
4,2,6,56505.35,Northern
4,2,7,56154.56,Northern
4,2,8,57320.8,Northern
4,2,9,54623.87,Northern
4,2,10,40270.18,Northern
4,2,11,33322.13,Northern
4,2,12,32738.75,Northern
4,3,1,33165.69,Northern
4,3,2,33427.77,Northern
4,3,3,35921.84,Northern
4,3,4,39837.58,Northern
4,3,5,44700.27,Northern
4,3,6,55763.83,Northern
4,3,7,56056.71,Northern
4,3,8,56827.76,Northern
4,3,9,54834.84,Northern
4,3,10,40676.5,Northern
4,3,11,32812.84,Northern
4,3,12,33011.64,Northern
4,4,1,33331.8,Northern
4,4,2,33370.91,Northern
4,4,3,35247.05,Northern
4,4,4,40335.98,Northern
4,4,5,45432.21,Northern
4,4,6,54594.85,Northern
4,4,7,56119.55,Northern
4,4,8,55934.15,Northern
4,4,9,54606.92,Northern
4,4,10,41284.62,Northern
4,4,11,32844.59,Northern
4,4,12,32678.71,Northern
4,5,1,33257.96,Northern
4,5,2,33633.1,Northern
4,5,3,34627.44,Northern
4,5,4,40314.17,Northern
4,5,5,46151.98,Northern
4,5,6,55810.29,Northern
4,5,7,55822.67,Northern
4,5,8,56162.47,Northern
4,5,9,54440.19,Northern
4,5,10,41272.24,Northern
4,5,11,32767.39,Northern
4,5,12,32982.99,Northern
4,6,1,33126.75,Northern
4,6,2,33852.25,Northern
4,6,3,34809.29,Northern
4,6,4,40466.4,Northern
4,6,5,46894.78,Northern
4,6,6,55089.05,Northern
4,6,7,54847.14,Northern
4,6,8,55990.19,Northern
4,6,9,53142.06,Northern
4,6,10,41849.35,Northern
4,6,11,32580.37,Northern
4,6,12,32825.13,Northern
5,0,1,36356.16,Northern
5,0,2,36637.66,Northern
5,0,3,36708.22,Northern
5,0,4,41253.21,Northern
5,0,5,45819.73,Northern
5,0,6,52563.53,Northern
5,0,7,54529.69,Northern
5,0,8,53551.69,Northern
5,0,9,51606.39,Northern
5,0,10,41949.79,Northern
5,0,11,34922.03,Northern
5,0,12,35474.82,Northern
5,1,1,36958.94,Northern
5,1,2,37639.78,Northern
5,1,3,37369.39,Northern
5,1,4,41444.59,Northern
5,1,5,46192.67,Northern
5,1,6,53392.72,Northern
5,1,7,55860.87,Northern
5,1,8,56316.77,Northern
5,1,9,53924.36,Northern
5,1,10,41808.15,Northern
5,1,11,36459.55,Northern
5,1,12,36782.39,Northern
5,2,1,37216.47,Northern
5,2,2,37432.91,Northern
5,2,3,38336.45,Northern
5,2,4,40136.05,Northern
5,2,5,46802.69,Northern
5,2,6,55148.06,Northern
5,2,7,55095.69,Northern
5,2,8,56405.34,Northern
5,2,9,53917.59,Northern
5,2,10,42202.23,Northern
5,2,11,36952.24,Northern
5,2,12,37122.71,Northern
5,3,1,37159.17,Northern
5,3,2,37390.31,Northern
5,3,3,38636.74,Northern
5,3,4,40873.83,Northern
5,3,5,44592.82,Northern
5,3,6,54496.02,Northern
5,3,7,54928.98,Northern
5,3,8,55902.54,Northern
5,3,9,54073.12,Northern
5,3,10,42535.91,Northern
5,3,11,36580.17,Northern
5,3,12,37426.1,Northern
5,4,1,37341.76,Northern
5,4,2,37397.71,Northern
5,4,3,37986.56,Northern
5,4,4,41485.58,Northern
5,4,5,45333.47,Northern
5,4,6,53629.19,Northern
5,4,7,54933.22,Northern
5,4,8,55068.67,Northern
5,4,9,54088.31,Northern
5,4,10,43126.72,Northern
5,4,11,36685.43,Northern
5,4,12,36751.6,Northern
5,5,1,37082.19,Northern
5,5,2,37333.41,Northern
5,5,3,37283.13,Northern
5,5,4,41617.97,Northern
5,5,5,45772.64,Northern
5,5,6,54545.18,Northern
5,5,7,54764.38,Northern
5,5,8,55435.11,Northern
5,5,9,53528.32,Northern
5,5,10,43027.37,Northern
5,5,11,36434.14,Northern
5,5,12,37156.65,Northern
5,6,1,36716.94,Northern
5,6,2,37369.57,Northern
5,6,3,37190.56,Northern
5,6,4,41467.81,Northern
5,6,5,46371.27,Northern
5,6,6,53761.37,Northern
5,6,7,53269.81,Northern
5,6,8,54962.16,Northern
5,6,9,52219.71,Northern
5,6,10,43174.87,Northern
5,6,11,35838.96,Northern
5,6,12,36569.57,Northern
6,0,1,42476.53,Northern
6,0,2,43064.57,Northern
6,0,3,40552.38,Northern
6,0,4,42267.52,Northern
6,0,5,44612.91,Northern
6,0,6,51084.99,Northern
6,0,7,53192.93,Northern
6,0,8,52230.64,Northern
6,0,9,51063.54,Northern
6,0,10,43657.9,Northern
6,0,11,39300.03,Northern
6,0,12,41379.3,Northern
6,1,1,42689.15,Northern
6,1,2,43595.72,Northern
6,1,3,41142.85,Northern
6,1,4,42081.38,Northern
6,1,5,45237.82,Northern
6,1,6,51785.31,Northern
6,1,7,54531.17,Northern
6,1,8,54928.48,Northern
6,1,9,52945.98,Northern
6,1,10,43525.56,Northern
6,1,11,40930.51,Northern
6,1,12,42663.19,Northern
6,2,1,42837.17,Northern
6,2,2,43468.35,Northern
6,2,3,42251.31,Northern
6,2,4,40819.93,Northern
6,2,5,45546.81,Northern
6,2,6,53181.34,Northern
6,2,7,53662.36,Northern
6,2,8,55035.93,Northern
6,2,9,53001.87,Northern
6,2,10,43952.14,Northern
6,2,11,41153.22,Northern
6,2,12,43068.29,Northern
6,3,1,42910.24,Northern
6,3,2,43178.58,Northern
6,3,3,42237.67,Northern
6,3,4,41550.89,Northern
6,3,5,43858.56,Northern
6,3,6,52528.03,Northern
6,3,7,53282.95,Northern
6,3,8,54644.14,Northern
6,3,9,53201.21,Northern
6,3,10,44305.37,Northern
6,3,11,40991.65,Northern
6,3,12,43372.79,Northern
6,4,1,42976.41,Northern
6,4,2,43282.44,Northern
6,4,3,41607.93,Northern
6,4,4,42175.46,Northern
6,4,5,44360.83,Northern
6,4,6,52034.13,Northern
6,4,7,53563.98,Northern
6,4,8,53753.41,Northern
6,4,9,53258.43,Northern
6,4,10,44839.08,Northern
6,4,11,41289.05,Northern
6,4,12,43012.24,Northern
6,5,1,42665.13,Northern
6,5,2,42826.03,Northern
6,5,3,40853.56,Northern
6,5,4,42383.97,Northern
6,5,5,44261.28,Northern
6,5,6,52892.08,Northern
6,5,7,53268.01,Northern
6,5,8,53743.61,Northern
6,5,9,52675.71,Northern
6,5,10,44537.93,Northern
6,5,11,40606.09,Northern
6,5,12,42750.6,Northern
6,6,1,41549.58,Northern
6,6,2,42231.87,Northern
6,6,3,40221.65,Northern
6,6,4,41742.44,Northern
6,6,5,44520.61,Northern
6,6,6,51640.27,Northern
6,6,7,51734.43,Northern
6,6,8,53058.61,Northern
6,6,9,51172.29,Northern
6,6,10,44273.3,Northern
6,6,11,39353.37,Northern
6,6,12,41291.89,Northern
7,0,1,46448.56,Northern
7,0,2,47194.56,Northern
7,0,3,42613.76,Northern
7,0,4,42345.42,Northern
7,0,5,44046.63,Northern
7,0,6,51166.89,Northern
7,0,7,52829.4,Northern
7,0,8,51812.69,Northern
7,0,9,51215.57,Northern
7,0,10,44427.58,Northern
7,0,11,41797.2,Northern
7,0,12,45581.91,Northern
7,1,1,46720.82,Northern
7,1,2,47594.22,Northern
7,1,3,42985.79,Northern
7,1,4,42129.09,Northern
7,1,5,44788.44,Northern
7,1,6,51587.61,Northern
7,1,7,53711.38,Northern
7,1,8,54223.97,Northern
7,1,9,52668.8,Northern
7,1,10,43955.48,Northern
7,1,11,43328.08,Northern
7,1,12,46542.58,Northern
7,2,1,46763.65,Northern
7,2,2,47228.76,Northern
7,2,3,44087.99,Northern
7,2,4,41077.82,Northern
7,2,5,45034.76,Northern
7,2,6,52504.63,Northern
7,2,7,52962.18,Northern
7,2,8,54232.34,Northern
7,2,9,52660.97,Northern
7,2,10,44399.16,Northern
7,2,11,43386.41,Northern
7,2,12,46959.19,Northern
7,3,1,46881.89,Northern
7,3,2,47002.38,Northern
7,3,3,43950.08,Northern
7,3,4,41771.33,Northern
7,3,5,43669.18,Northern
7,3,6,51871.05,Northern
7,3,7,52682.47,Northern
7,3,8,53746.7,Northern
7,3,9,52865.35,Northern
7,3,10,44664.66,Northern
7,3,11,43360.76,Northern
7,3,12,47013.26,Northern
7,4,1,47019.31,Northern
7,4,2,47129.64,Northern
7,4,3,43609.54,Northern
7,4,4,42348.5,Northern
7,4,5,43864.3,Northern
7,4,6,51829.67,Northern
7,4,7,52741.43,Northern
7,4,8,53080.08,Northern
7,4,9,52676.92,Northern
7,4,10,45338.8,Northern
7,4,11,43548.0,Northern
7,4,12,47091.65,Northern
7,5,1,46689.08,Northern
7,5,2,46635.34,Northern
7,5,3,42746.61,Northern
7,5,4,42404.79,Northern
7,5,5,43663.72,Northern
7,5,6,52249.71,Northern
7,5,7,52512.97,Northern
7,5,8,52948.04,Northern
7,5,9,52238.6,Northern
7,5,10,44928.09,Northern
7,5,11,42826.08,Northern
7,5,12,46264.69,Northern
7,6,1,45170.7,Northern
7,6,2,45411.02,Northern
7,6,3,41689.43,Northern
7,6,4,41544.77,Northern
7,6,5,43593.44,Northern
7,6,6,50663.81,Northern
7,6,7,50533.27,Northern
7,6,8,52057.98,Northern
7,6,9,50449.13,Northern
7,6,10,44573.73,Northern
7,6,11,41264.29,Northern
7,6,12,44570.04,Northern
8,0,1,49262.11,Northern
8,0,2,49312.06,Northern
8,0,3,43510.95,Northern
8,0,4,43269.01,Northern
8,0,5,45665.91,Northern
8,0,6,52938.16,Northern
8,0,7,54453.16,Northern
8,0,8,53445.57,Northern
8,0,9,52723.94,Northern
8,0,10,45427.28,Northern
8,0,11,43254.21,Northern
8,0,12,48139.11,Northern
8,1,1,49331.69,Northern
8,1,2,49697.32,Northern
8,1,3,43870.57,Northern
8,1,4,42930.78,Northern
8,1,5,45980.79,Northern
8,1,6,53275.62,Northern
8,1,7,54787.31,Northern
8,1,8,55610.35,Northern
8,1,9,53903.33,Northern
8,1,10,45078.66,Northern
8,1,11,44332.0,Northern
8,1,12,48826.82,Northern
8,2,1,49451.86,Northern
8,2,2,49451.36,Northern
8,2,3,44948.7,Northern
8,2,4,41966.34,Northern
8,2,5,46141.71,Northern
8,2,6,53874.89,Northern
8,2,7,54120.25,Northern
8,2,8,55631.48,Northern
8,2,9,53767.95,Northern
8,2,10,45469.82,Northern
8,2,11,44544.05,Northern
8,2,12,49065.99,Northern
8,3,1,49512.44,Northern
8,3,2,49080.74,Northern
8,3,3,44736.1,Northern
8,3,4,42456.82,Northern
8,3,5,44935.87,Northern
8,3,6,53146.75,Northern
8,3,7,53888.4,Northern
8,3,8,54874.67,Northern
8,3,9,54208.61,Northern
8,3,10,45759.17,Northern
8,3,11,44566.25,Northern
8,3,12,49006.44,Northern
8,4,1,49948.55,Northern
8,4,2,49316.79,Northern
8,4,3,44559.61,Northern
8,4,4,43265.2,Northern
8,4,5,44818.79,Northern
8,4,6,53364.95,Northern
8,4,7,54228.57,Northern
8,4,8,54494.12,Northern
8,4,9,53773.96,Northern
8,4,10,46574.87,Northern
8,4,11,44576.72,Northern
8,4,12,49159.52,Northern
8,5,1,49398.02,Northern
8,5,2,48433.55,Northern
8,5,3,43638.4,Northern
8,5,4,43296.52,Northern
8,5,5,44588.49,Northern
8,5,6,53377.44,Northern
8,5,7,53680.27,Northern
8,5,8,54202.63,Northern
8,5,9,53190.17,Northern
8,5,10,45692.8,Northern
8,5,11,43879.63,Northern
8,5,12,48513.1,Northern
8,6,1,48037.68,Northern
8,6,2,47342.2,Northern
8,6,3,42183.9,Northern
8,6,4,41813.28,Northern
8,6,5,44091.16,Northern
8,6,6,51104.95,Northern
8,6,7,50999.97,Northern
8,6,8,52698.02,Northern
8,6,9,50823.32,Northern
8,6,10,45230.75,Northern
8,6,11,42412.23,Northern
8,6,12,47054.14,Northern
9,0,1,51550.22,Northern
9,0,2,50928.81,Northern
9,0,3,44815.68,Northern
9,0,4,45183.45,Northern
9,0,5,47990.16,Northern
9,0,6,55619.55,Northern
9,0,7,57453.09,Northern
9,0,8,56344.53,Northern
9,0,9,55540.59,Northern
9,0,10,47463.08,Northern
9,0,11,44913.38,Northern
9,0,12,50533.78,Northern
9,1,1,51164.39,Northern
9,1,2,51035.32,Northern
9,1,3,45319.49,Northern
9,1,4,44826.8,Northern
9,1,5,48716.93,Northern
9,1,6,55825.38,Northern
9,1,7,57516.91,Northern
9,1,8,58626.88,Northern
9,1,9,56570.09,Northern
9,1,10,47189.09,Northern
9,1,11,45926.54,Northern
9,1,12,51078.07,Northern
9,2,1,51359.84,Northern
9,2,2,51128.42,Northern
9,2,3,46186.07,Northern
9,2,4,43991.39,Northern
9,2,5,48469.99,Northern
9,2,6,56499.69,Northern
9,2,7,56630.86,Northern
9,2,8,58766.34,Northern
9,2,9,56432.66,Northern
9,2,10,47458.25,Northern
9,2,11,46616.44,Northern
9,2,12,51425.98,Northern
9,3,1,51296.15,Northern
9,3,2,50528.15,Northern
9,3,3,45905.47,Northern
9,3,4,44245.88,Northern
9,3,5,47350.49,Northern
9,3,6,55580.81,Northern
9,3,7,56773.83,Northern
9,3,8,57729.26,Northern
9,3,9,56611.82,Northern
9,3,10,47954.14,Northern
9,3,11,45984.94,Northern
9,3,12,51234.48,Northern
9,4,1,52064.8,Northern
9,4,2,51073.7,Northern
9,4,3,46031.94,Northern
9,4,4,45476.48,Northern
9,4,5,47019.11,Northern
9,4,6,56045.56,Northern
9,4,7,56932.89,Northern
9,4,8,57272.25,Northern
9,4,9,56199.1,Northern
9,4,10,48645.14,Northern
9,4,11,46022.68,Northern
9,4,12,51514.72,Northern
9,5,1,51279.54,Northern
9,5,2,50275.54,Northern
9,5,3,45078.16,Northern
9,5,4,45184.4,Northern
9,5,5,47129.49,Northern
9,5,6,55903.19,Northern
9,5,7,56493.92,Northern
9,5,8,56520.07,Northern
9,5,9,55452.41,Northern
9,5,10,47781.34,Northern
9,5,11,45495.59,Northern
9,5,12,51047.2,Northern
9,6,1,50291.17,Northern
9,6,2,49276.91,Northern
9,6,3,43402.09,Northern
9,6,4,42960.38,Northern
9,6,5,45751.34,Northern
9,6,6,52462.95,Northern
9,6,7,52685.77,Northern
9,6,8,54271.31,Northern
9,6,9,52260.84,Northern
9,6,10,46504.64,Northern
9,6,11,44024.39,Northern
9,6,12,49407.5,Northern
10,0,1,52972.78,Northern
10,0,2,51433.06,Northern
10,0,3,45283.18,Northern
10,0,4,45553.66,Northern
10,0,5,49877.54,Northern
10,0,6,57571.41,Northern
10,0,7,59537.33,Northern
10,0,8,58381.43,Northern
10,0,9,57419.61,Northern
10,0,10,48730.43,Northern
10,0,11,45533.14,Northern
10,0,12,51318.72,Northern
10,1,1,52292.99,Northern
10,1,2,51573.07,Northern
10,1,3,45820.6,Northern
10,1,4,45075.54,Northern
10,1,5,50344.63,Northern
10,1,6,57642.95,Northern
10,1,7,59235.7,Northern
10,1,8,60642.26,Northern
10,1,9,58398.61,Northern
10,1,10,48321.8,Northern
10,1,11,46605.81,Northern
10,1,12,51929.29,Northern
10,2,1,52598.65,Northern
10,2,2,51627.74,Northern
10,2,3,46803.29,Northern
10,2,4,44312.97,Northern
10,2,5,49678.84,Northern
10,2,6,58391.63,Northern
10,2,7,58494.2,Northern
10,2,8,60730.15,Northern
10,2,9,58225.09,Northern
10,2,10,48569.16,Northern
10,2,11,47534.59,Northern
10,2,12,52327.81,Northern
10,3,1,51971.95,Northern
10,3,2,50856.25,Northern
10,3,3,46624.96,Northern
10,3,4,44412.71,Northern
10,3,5,49020.21,Northern
10,3,6,57521.86,Northern
10,3,7,58695.09,Northern
10,3,8,59311.25,Northern
10,3,9,58550.0,Northern
10,3,10,48972.21,Northern
10,3,11,46390.8,Northern
10,3,12,52054.41,Northern
10,4,1,53226.66,Northern
10,4,2,52059.64,Northern
10,4,3,46847.87,Northern
10,4,4,46020.86,Northern
10,4,5,48516.6,Northern
10,4,6,58332.92,Northern
10,4,7,59661.01,Northern
10,4,8,59105.61,Northern
10,4,9,58092.21,Northern
10,4,10,49789.36,Northern
10,4,11,46543.7,Northern
10,4,12,52636.51,Northern
10,5,1,52360.1,Northern
10,5,2,50713.73,Northern
10,5,3,45715.43,Northern
10,5,4,45571.9,Northern
10,5,5,48578.57,Northern
10,5,6,57569.97,Northern
10,5,7,58375.49,Northern
10,5,8,58232.61,Northern
10,5,9,57376.6,Northern
10,5,10,48958.18,Northern
10,5,11,45786.21,Northern
10,5,12,51937.08,Northern
10,6,1,51380.32,Northern
10,6,2,50085.41,Northern
10,6,3,43956.92,Northern
10,6,4,42730.37,Northern
10,6,5,46766.81,Northern
10,6,6,53584.38,Northern
10,6,7,54244.38,Northern
10,6,8,55689.45,Northern
10,6,9,53410.78,Northern
10,6,10,47192.48,Northern
10,6,11,44728.16,Northern
10,6,12,50188.96,Northern
11,0,1,53095.0,Northern
11,0,2,50624.37,Northern
11,0,3,45079.09,Northern
11,0,4,44710.79,Northern
11,0,5,50664.24,Northern
11,0,6,58508.06,Northern
11,0,7,60560.71,Northern
11,0,8,59336.93,Northern
11,0,9,58380.11,Northern
11,0,10,48862.84,Northern
11,0,11,45232.08,Northern
11,0,12,50873.96,Northern
11,1,1,52216.51,Northern
11,1,2,50958.63,Northern
11,1,3,45479.29,Northern
11,1,4,44223.34,Northern
11,1,5,50977.47,Northern
11,1,6,58685.86,Northern
11,1,7,60277.14,Northern
11,1,8,61511.13,Northern
11,1,9,59084.06,Northern
11,1,10,48367.34,Northern
11,1,11,46091.24,Northern
11,1,12,51062.65,Northern
11,2,1,52483.97,Northern
11,2,2,51143.12,Northern
11,2,3,46513.39,Northern
11,2,4,43441.81,Northern
11,2,5,50040.67,Northern
11,2,6,59609.65,Northern
11,2,7,59581.97,Northern
11,2,8,61788.23,Northern
11,2,9,58944.5,Northern
11,2,10,48765.05,Northern
11,2,11,47083.12,Northern
11,2,12,51702.04,Northern
11,3,1,51722.89,Northern
11,3,2,50231.93,Northern
11,3,3,46376.35,Northern
11,3,4,43645.21,Northern
11,3,5,49730.82,Northern
11,3,6,58441.79,Northern
11,3,7,59607.92,Northern
11,3,8,60038.45,Northern
11,3,9,59368.92,Northern
11,3,10,49247.49,Northern
11,3,11,46019.66,Northern
11,3,12,51752.78,Northern
11,4,1,53303.7,Northern
11,4,2,51625.84,Northern
11,4,3,46592.44,Northern
11,4,4,45271.23,Northern
11,4,5,49084.4,Northern
11,4,6,59570.61,Northern
11,4,7,60770.64,Northern
11,4,8,60253.63,Northern
11,4,9,59204.86,Northern
11,4,10,50037.34,Northern
11,4,11,46213.8,Northern
11,4,12,52328.26,Northern
11,5,1,52212.65,Northern
11,5,2,50107.67,Northern
11,5,3,45480.43,Northern
11,5,4,44625.38,Northern
11,5,5,49222.71,Northern
11,5,6,58665.61,Northern
11,5,7,59212.29,Northern
11,5,8,58989.42,Northern
11,5,9,58154.78,Northern
11,5,10,49176.28,Northern
11,5,11,45419.14,Northern
11,5,12,51803.66,Northern
11,6,1,51348.65,Northern
11,6,2,49484.62,Northern
11,6,3,43694.26,Northern
11,6,4,41539.77,Northern
11,6,5,47087.94,Northern
11,6,6,54531.46,Northern
11,6,7,55264.08,Northern
11,6,8,55909.72,Northern
11,6,9,53926.86,Northern
11,6,10,47296.15,Northern
11,6,11,44542.91,Northern
11,6,12,49913.92,Northern
12,0,1,52191.51,Northern
12,0,2,49026.16,Northern
12,0,3,44077.51,Northern
12,0,4,43482.0,Northern
12,0,5,50975.13,Northern
12,0,6,58916.5,Northern
12,0,7,61314.66,Northern
12,0,8,59980.34,Northern
12,0,9,58859.79,Northern
12,0,10,48573.04,Northern
12,0,11,44575.32,Northern
12,0,12,50007.64,Northern
12,1,1,51475.29,Northern
12,1,2,49346.21,Northern
12,1,3,44523.75,Northern
12,1,4,43305.94,Northern
12,1,5,51224.36,Northern
12,1,6,59222.01,Northern
12,1,7,61181.39,Northern
12,1,8,62212.04,Northern
12,1,9,59502.9,Northern
12,1,10,48005.13,Northern
12,1,11,45345.79,Northern
12,1,12,49869.41,Northern
12,2,1,51866.16,Northern
12,2,2,49727.23,Northern
12,2,3,45620.0,Northern
12,2,4,42747.09,Northern
12,2,5,50237.42,Northern
12,2,6,60336.95,Northern
12,2,7,59712.07,Northern
12,2,8,62335.44,Northern
12,2,9,59338.73,Northern
12,2,10,48431.75,Northern
12,2,11,46282.94,Northern
12,2,12,50545.22,Northern
12,3,1,50786.44,Northern
12,3,2,48793.89,Northern
12,3,3,45324.88,Northern
12,3,4,42904.65,Northern
12,3,5,50179.97,Northern
12,3,6,58863.19,Northern
12,3,7,60171.31,Northern
12,3,8,60801.53,Northern
12,3,9,59830.97,Northern
12,3,10,48932.53,Northern
12,3,11,45127.7,Northern
12,3,12,50514.04,Northern
12,4,1,52439.77,Northern
12,4,2,50385.7,Northern
12,4,3,45390.44,Northern
12,4,4,44333.08,Northern
12,4,5,49405.03,Northern
12,4,6,60210.03,Northern
12,4,7,61186.22,Northern
12,4,8,60843.0,Northern
12,4,9,59668.57,Northern
12,4,10,49619.9,Northern
12,4,11,45568.54,Northern
12,4,12,51406.11,Northern
12,5,1,51293.97,Northern
12,5,2,48837.44,Northern
12,5,3,44397.2,Northern
12,5,4,43630.54,Northern
12,5,5,49629.47,Northern
12,5,6,59482.09,Northern
12,5,7,59580.55,Northern
12,5,8,59728.68,Northern
12,5,9,58471.35,Northern
12,5,10,49010.81,Northern
12,5,11,44547.3,Northern
12,5,12,50854.14,Northern
12,6,1,50334.78,Northern
12,6,2,48191.13,Northern
12,6,3,42866.85,Northern
12,6,4,40347.06,Northern
12,6,5,46997.01,Northern
12,6,6,55132.69,Northern
12,6,7,55951.27,Northern
12,6,8,56552.87,Northern
12,6,9,54420.39,Northern
12,6,10,46997.83,Northern
12,6,11,43826.4,Northern
12,6,12,48888.82,Northern
13,0,1,49369.42,Northern
13,0,2,46170.94,Northern
13,0,3,42001.97,Northern
13,0,4,41448.11,Northern
13,0,5,50375.15,Northern
13,0,6,58723.76,Northern
13,0,7,61078.88,Northern
13,0,8,59594.38,Northern
13,0,9,58052.54,Northern
13,0,10,47127.18,Northern
13,0,11,42325.2,Northern
13,0,12,47313.71,Northern
13,1,1,49129.03,Northern
13,1,2,46530.59,Northern
13,1,3,42206.45,Northern
13,1,4,41521.95,Northern
13,1,5,50731.2,Northern
13,1,6,58983.38,Northern
13,1,7,60591.02,Northern
13,1,8,61821.51,Northern
13,1,9,59037.95,Northern
13,1,10,46709.24,Northern
13,1,11,42807.01,Northern
13,1,12,47024.02,Northern
13,2,1,49605.58,Northern
13,2,2,46876.78,Northern
13,2,3,43367.25,Northern
13,2,4,41077.86,Northern
13,2,5,49793.19,Northern
13,2,6,60178.46,Northern
13,2,7,58916.31,Northern
13,2,8,61824.25,Northern
13,2,9,58532.05,Northern
13,2,10,46981.57,Northern
13,2,11,43869.75,Northern
13,2,12,47582.83,Northern
13,3,1,48481.47,Northern
13,3,2,45973.41,Northern
13,3,3,43341.14,Northern
13,3,4,41201.31,Northern
13,3,5,49624.12,Northern
13,3,6,58327.85,Northern
13,3,7,59404.8,Northern
13,3,8,60259.76,Northern
13,3,9,59184.02,Northern
13,3,10,47413.78,Northern
13,3,11,42770.54,Northern
13,3,12,47675.48,Northern
13,4,1,49736.61,Northern
13,4,2,47477.01,Northern
13,4,3,43189.53,Northern
13,4,4,42378.07,Northern
13,4,5,49089.22,Northern
13,4,6,59862.58,Northern
13,4,7,60415.3,Northern
13,4,8,60306.33,Northern
13,4,9,58899.76,Northern
13,4,10,48180.09,Northern
13,4,11,43158.14,Northern
13,4,12,48761.42,Northern
13,5,1,48620.94,Northern
13,5,2,46040.81,Northern
13,5,3,42328.47,Northern
13,5,4,41645.31,Northern
13,5,5,49048.85,Northern
13,5,6,59051.75,Northern
13,5,7,58948.3,Northern
13,5,8,59637.89,Northern
13,5,9,57651.11,Northern
13,5,10,47350.02,Northern
13,5,11,42149.54,Northern
13,5,12,48216.46,Northern
13,6,1,47726.93,Northern
13,6,2,45588.09,Northern
13,6,3,40970.51,Northern
13,6,4,38458.89,Northern
13,6,5,46832.38,Northern
13,6,6,55274.53,Northern
13,6,7,55929.36,Northern
13,6,8,56359.43,Northern
13,6,9,54033.02,Northern
13,6,10,45834.73,Northern
13,6,11,41630.45,Northern
13,6,12,46199.96,Northern
14,0,1,47547.99,Northern
14,0,2,44936.85,Northern
14,0,3,41208.75,Northern
14,0,4,41390.62,Northern
14,0,5,50324.34,Northern
14,0,6,59094.39,Northern
14,0,7,61781.2,Northern
14,0,8,60301.22,Northern
14,0,9,58376.7,Northern
14,0,10,46794.87,Northern
14,0,11,41208.81,Northern
14,0,12,45510.44,Northern
14,1,1,47581.29,Northern
14,1,2,45353.93,Northern
14,1,3,41407.89,Northern
14,1,4,41668.15,Northern
14,1,5,51028.53,Northern
14,1,6,59582.8,Northern
14,1,7,60957.95,Northern
14,1,8,62355.13,Northern
14,1,9,59480.61,Northern
14,1,10,46519.07,Northern
14,1,11,41870.01,Northern
14,1,12,45439.79,Northern
14,2,1,48087.12,Northern
14,2,2,45568.58,Northern
14,2,3,42652.5,Northern
14,2,4,40861.93,Northern
14,2,5,50047.28,Northern
14,2,6,60536.33,Northern
14,2,7,59362.23,Northern
14,2,8,62471.51,Northern
14,2,9,58921.27,Northern
14,2,10,46752.62,Northern
14,2,11,42939.09,Northern
14,2,12,45961.6,Northern
14,3,1,47032.55,Northern
14,3,2,45142.61,Northern
14,3,3,43080.86,Northern
14,3,4,41088.58,Northern
14,3,5,49937.89,Northern
14,3,6,58795.31,Northern
14,3,7,59771.94,Northern
14,3,8,60798.41,Northern
14,3,9,59692.24,Northern
14,3,10,47300.79,Northern
14,3,11,41950.0,Northern
14,3,12,46174.21,Northern
14,4,1,47533.7,Northern
14,4,2,45875.98,Northern
14,4,3,42485.59,Northern
14,4,4,42250.2,Northern
14,4,5,49677.25,Northern
14,4,6,60447.27,Northern
14,4,7,60922.37,Northern
14,4,8,60819.19,Northern
14,4,9,59368.88,Northern
14,4,10,47796.15,Northern
14,4,11,42023.54,Northern
14,4,12,46935.39,Northern
14,5,1,46622.9,Northern
14,5,2,44946.44,Northern
14,5,3,41880.6,Northern
14,5,4,41513.81,Northern
14,5,5,49298.68,Northern
14,5,6,59537.88,Northern
14,5,7,59260.22,Northern
14,5,8,60209.32,Northern
14,5,9,57786.01,Northern
14,5,10,47061.45,Northern
14,5,11,41074.89,Northern
14,5,12,46500.59,Northern
14,6,1,45018.24,Northern
14,6,2,43334.22,Northern
14,6,3,39670.23,Northern
14,6,4,37994.03,Northern
14,6,5,47090.65,Northern
14,6,6,55716.82,Northern
14,6,7,55918.44,Northern
14,6,8,56527.06,Northern
14,6,9,53919.99,Northern
14,6,10,45326.07,Northern
14,6,11,39627.21,Northern
14,6,12,43821.38,Northern
15,0,1,45906.4,Northern
15,0,2,43771.91,Northern
15,0,3,40454.74,Northern
15,0,4,41311.16,Northern
15,0,5,49384.84,Northern
15,0,6,59066.01,Northern
15,0,7,61567.76,Northern
15,0,8,59668.43,Northern
15,0,9,57876.86,Northern
15,0,10,45987.23,Northern
15,0,11,40157.29,Northern
15,0,12,44504.76,Northern
15,1,1,46111.5,Northern
15,1,2,44300.22,Northern
15,1,3,40791.83,Northern
15,1,4,41658.63,Northern
15,1,5,50706.54,Northern
15,1,6,59145.41,Northern
15,1,7,60326.77,Northern
15,1,8,61547.23,Northern
15,1,9,58880.36,Northern
15,1,10,45683.61,Northern
15,1,11,41065.78,Northern
15,1,12,44494.98,Northern
15,2,1,46599.89,Northern
15,2,2,44486.22,Northern
15,2,3,41972.87,Northern
15,2,4,40529.46,Northern
15,2,5,49824.57,Northern
15,2,6,60325.34,Northern
15,2,7,59216.97,Northern
15,2,8,61789.9,Northern
15,2,9,58120.41,Northern
15,2,10,45948.95,Northern
15,2,11,42098.03,Northern
15,2,12,44742.9,Northern
15,3,1,45675.0,Northern
15,3,2,44086.97,Northern
15,3,3,42435.71,Northern
15,3,4,40805.85,Northern
15,3,5,49849.59,Northern
15,3,6,58188.07,Northern
15,3,7,59293.65,Northern
15,3,8,60103.2,Northern
15,3,9,59124.2,Northern
15,3,10,46765.38,Northern
15,3,11,41200.12,Northern
15,3,12,45083.07,Northern
15,4,1,45819.54,Northern
15,4,2,44683.05,Northern
15,4,3,41543.2,Northern
15,4,4,41935.5,Northern
15,4,5,49542.55,Northern
15,4,6,59931.89,Northern
15,4,7,60306.72,Northern
15,4,8,60321.94,Northern
15,4,9,58709.54,Northern
15,4,10,46759.01,Northern
15,4,11,41022.5,Northern
15,4,12,45605.96,Northern
15,5,1,45124.3,Northern
15,5,2,43807.31,Northern
15,5,3,41208.29,Northern
15,5,4,41306.39,Northern
15,5,5,48778.58,Northern
15,5,6,58794.49,Northern
15,5,7,58562.46,Northern
15,5,8,59416.36,Northern
15,5,9,57105.63,Northern
15,5,10,46353.88,Northern
15,5,11,40122.57,Northern
15,5,12,45249.55,Northern
15,6,1,43024.26,Northern
15,6,2,41486.81,Northern
15,6,3,38555.56,Northern
15,6,4,37766.96,Northern
15,6,5,46696.03,Northern
15,6,6,55343.14,Northern
15,6,7,55260.68,Northern
15,6,8,55677.85,Northern
15,6,9,53355.44,Northern
15,6,10,44353.51,Northern
15,6,11,38147.47,Northern
15,6,12,42083.92,Northern
16,0,1,45575.22,Northern
16,0,2,43403.38,Northern
16,0,3,40000.9,Northern
16,0,4,41089.7,Northern
16,0,5,48547.63,Northern
16,0,6,57554.04,Northern
16,0,7,59557.2,Northern
16,0,8,57836.3,Northern
16,0,9,56158.77,Northern
16,0,10,45074.27,Northern
16,0,11,39589.66,Northern
16,0,12,44120.42,Northern
16,1,1,45652.11,Northern
16,1,2,43734.98,Northern
16,1,3,40310.32,Northern
16,1,4,41437.67,Northern
16,1,5,49709.62,Northern
16,1,6,57997.55,Northern
16,1,7,58361.88,Northern
16,1,8,59531.57,Northern
16,1,9,57044.12,Northern
16,1,10,44535.33,Northern
16,1,11,40719.34,Northern
16,1,12,44100.91,Northern
16,2,1,45857.69,Northern
16,2,2,43793.38,Northern
16,2,3,41424.23,Northern
16,2,4,40130.69,Northern
16,2,5,48714.14,Northern
16,2,6,59004.87,Northern
16,2,7,57651.12,Northern
16,2,8,59740.71,Northern
16,2,9,56669.97,Northern
16,2,10,44912.51,Northern
16,2,11,41562.46,Northern
16,2,12,44391.7,Northern
16,3,1,45223.62,Northern
16,3,2,43720.05,Northern
16,3,3,41855.67,Northern
16,3,4,40429.67,Northern
16,3,5,48945.97,Northern
16,3,6,56948.73,Northern
16,3,7,57727.98,Northern
16,3,8,58484.21,Northern
16,3,9,57365.34,Northern
16,3,10,45733.12,Northern
16,3,11,40904.13,Northern
16,3,12,44697.82,Northern
16,4,1,45448.84,Northern
16,4,2,44092.0,Northern
16,4,3,40927.74,Northern
16,4,4,41471.59,Northern
16,4,5,48578.57,Northern
16,4,6,58386.19,Northern
16,4,7,58512.71,Northern
16,4,8,58624.02,Northern
16,4,9,57022.75,Northern
16,4,10,45574.5,Northern
16,4,11,40575.59,Northern
16,4,12,44917.17,Northern
16,5,1,44723.59,Northern
16,5,2,43339.36,Northern
16,5,3,40896.06,Northern
16,5,4,41016.32,Northern
16,5,5,47738.59,Northern
16,5,6,57363.39,Northern
16,5,7,56797.02,Northern
16,5,8,57610.0,Northern
16,5,9,55398.7,Northern
16,5,10,45255.8,Northern
16,5,11,39692.45,Northern
16,5,12,44524.74,Northern
16,6,1,42335.92,Northern
16,6,2,40478.39,Northern
16,6,3,37808.92,Northern
16,6,4,37586.03,Northern
16,6,5,45577.46,Northern
16,6,6,53784.16,Northern
16,6,7,53418.91,Northern
16,6,8,53778.77,Northern
16,6,9,51466.72,Northern
16,6,10,43097.99,Northern
16,6,11,37140.58,Northern
16,6,12,41349.4,Northern
17,0,1,46891.86,Northern
17,0,2,44170.85,Northern
17,0,3,39635.43,Northern
17,0,4,41439.99,Northern
17,0,5,47072.87,Northern
17,0,6,55434.22,Northern
17,0,7,57606.04,Northern
17,0,8,56325.7,Northern
17,0,9,54795.29,Northern
17,0,10,45014.39,Northern
17,0,11,41739.51,Northern
17,0,12,46301.78,Northern
17,1,1,47261.25,Northern
17,1,2,44511.58,Northern
17,1,3,40235.21,Northern
17,1,4,41587.17,Northern
17,1,5,48240.56,Northern
17,1,6,56178.72,Northern
17,1,7,56754.72,Northern
17,1,8,57802.8,Northern
17,1,9,55350.26,Northern
17,1,10,44303.92,Northern
17,1,11,42889.77,Northern
17,1,12,46283.3,Northern
17,2,1,46966.07,Northern
17,2,2,44475.11,Northern
17,2,3,41210.67,Northern
17,2,4,40201.71,Northern
17,2,5,47196.08,Northern
17,2,6,57075.63,Northern
17,2,7,56115.54,Northern
17,2,8,58125.51,Northern
17,2,9,55518.44,Northern
17,2,10,44870.74,Northern
17,2,11,43348.34,Northern
17,2,12,46812.94,Northern
17,3,1,46582.0,Northern
17,3,2,44353.84,Northern
17,3,3,41543.17,Northern
17,3,4,40267.15,Northern
17,3,5,47248.24,Northern
17,3,6,55260.47,Northern
17,3,7,56185.96,Northern
17,3,8,56878.15,Northern
17,3,9,55698.54,Northern
17,3,10,45808.43,Northern
17,3,11,43090.01,Northern
17,3,12,46829.35,Northern
17,4,1,46894.32,Northern
17,4,2,44338.92,Northern
17,4,3,40872.04,Northern
17,4,4,41471.58,Northern
17,4,5,46899.69,Northern
17,4,6,56515.19,Northern
17,4,7,56758.79,Northern
17,4,8,57075.64,Northern
17,4,9,55740.73,Northern
17,4,10,45531.9,Northern
17,4,11,42405.68,Northern
17,4,12,46777.96,Northern
17,5,1,46504.43,Northern
17,5,2,43788.73,Northern
17,5,3,40882.98,Northern
17,5,4,41174.9,Northern
17,5,5,46245.99,Northern
17,5,6,55114.09,Northern
17,5,7,55105.03,Northern
17,5,8,55981.94,Northern
17,5,9,53999.16,Northern
17,5,10,45380.06,Northern
17,5,11,41827.25,Northern
17,5,12,46479.99,Northern
17,6,1,43999.15,Northern
17,6,2,41053.68,Northern
17,6,3,37776.7,Northern
17,6,4,37854.62,Northern
17,6,5,43995.17,Northern
17,6,6,51989.44,Northern
17,6,7,51864.9,Northern
17,6,8,52038.3,Northern
17,6,9,50195.63,Northern
17,6,10,43040.29,Northern
17,6,11,39178.4,Northern
17,6,12,43594.91,Northern
18,0,1,51125.05,Northern
18,0,2,48163.25,Northern
18,0,3,42434.08,Northern
18,0,4,43865.08,Northern
18,0,5,46442.29,Northern
18,0,6,54132.42,Northern
18,0,7,56855.94,Northern
18,0,8,56218.71,Northern
18,0,9,56402.74,Northern
18,0,10,48731.87,Northern
18,0,11,45982.41,Northern
18,0,12,50393.22,Northern
18,1,1,51196.42,Northern
18,1,2,48281.33,Northern
18,1,3,43037.58,Northern
18,1,4,43884.41,Northern
18,1,5,47411.83,Northern
18,1,6,55128.9,Northern
18,1,7,56222.9,Northern
18,1,8,57939.3,Northern
18,1,9,56811.17,Northern
18,1,10,48359.38,Northern
18,1,11,47084.05,Northern
18,1,12,50392.83,Northern
18,2,1,50908.69,Northern
18,2,2,48391.06,Northern
18,2,3,43901.66,Northern
18,2,4,42542.69,Northern
18,2,5,46221.68,Northern
18,2,6,55704.72,Northern
18,2,7,55781.81,Northern
18,2,8,58241.51,Northern
18,2,9,57017.07,Northern
18,2,10,48973.18,Northern
18,2,11,47383.75,Northern
18,2,12,50653.22,Northern
18,3,1,50670.54,Northern
18,3,2,48017.55,Northern
18,3,3,43982.36,Northern
18,3,4,42435.13,Northern
18,3,5,45983.24,Northern
18,3,6,54005.92,Northern
18,3,7,56092.81,Northern
18,3,8,56577.64,Northern
18,3,9,56769.15,Northern
18,3,10,49790.32,Northern
18,3,11,46690.53,Northern
18,3,12,50679.06,Northern
18,4,1,51137.64,Northern
18,4,2,47952.86,Northern
18,4,3,43356.24,Northern
18,4,4,43649.37,Northern
18,4,5,46037.48,Northern
18,4,6,54954.25,Northern
18,4,7,56441.94,Northern
18,4,8,57077.77,Northern
18,4,9,57099.05,Northern
18,4,10,49557.03,Northern
18,4,11,46278.31,Northern
18,4,12,50444.85,Northern
18,5,1,50629.67,Northern
18,5,2,47446.78,Northern
18,5,3,43530.0,Northern
18,5,4,43699.2,Northern
18,5,5,45658.98,Northern
18,5,6,53981.0,Northern
18,5,7,54832.57,Northern
18,5,8,55859.4,Northern
18,5,9,55523.57,Northern
18,5,10,49505.82,Northern
18,5,11,45972.56,Northern
18,5,12,50407.25,Northern
18,6,1,48462.76,Northern
18,6,2,44935.89,Northern
18,6,3,40703.04,Northern
18,6,4,40655.39,Northern
18,6,5,43474.09,Northern
18,6,6,51209.85,Northern
18,6,7,52020.1,Northern
18,6,8,52500.14,Northern
18,6,9,51804.56,Northern
18,6,10,47079.69,Northern
18,6,11,43283.94,Northern
18,6,12,47608.7,Northern
19,0,1,51020.14,Northern
19,0,2,49491.52,Northern
19,0,3,45970.07,Northern
19,0,4,48615.92,Northern
19,0,5,49953.66,Northern
19,0,6,56636.74,Northern
19,0,7,59922.56,Northern
19,0,8,60442.41,Northern
19,0,9,60824.58,Northern
19,0,10,50227.49,Northern
19,0,11,44822.06,Northern
19,0,12,49114.0,Northern
19,1,1,51170.94,Northern
19,1,2,49338.7,Northern
19,1,3,46340.54,Northern
19,1,4,48683.02,Northern
19,1,5,50866.66,Northern
19,1,6,57604.89,Northern
19,1,7,59382.29,Northern
19,1,8,61652.24,Northern
19,1,9,61561.14,Northern
19,1,10,50217.83,Northern
19,1,11,45772.72,Northern
19,1,12,49343.94,Northern
19,2,1,50818.8,Northern
19,2,2,49685.51,Northern
19,2,3,47102.79,Northern
19,2,4,47491.14,Northern
19,2,5,49757.38,Northern
19,2,6,58009.21,Northern
19,2,7,58793.8,Northern
19,2,8,62091.51,Northern
19,2,9,61316.11,Northern
19,2,10,50816.47,Northern
19,2,11,46211.31,Northern
19,2,12,49508.67,Northern
19,3,1,50784.18,Northern
19,3,2,49377.45,Northern
19,3,3,47101.4,Northern
19,3,4,47454.51,Northern
19,3,5,49404.31,Northern
19,3,6,56891.26,Northern
19,3,7,59266.26,Northern
19,3,8,60744.0,Northern
19,3,9,60634.54,Northern
19,3,10,51202.28,Northern
19,3,11,45585.67,Northern
19,3,12,49627.27,Northern
19,4,1,51178.83,Northern
19,4,2,49402.15,Northern
19,4,3,46224.92,Northern
19,4,4,48750.58,Northern
19,4,5,49744.86,Northern
19,4,6,57605.21,Northern
19,4,7,59670.2,Northern
19,4,8,60823.47,Northern
19,4,9,61391.4,Northern
19,4,10,51203.8,Northern
19,4,11,45312.84,Northern
19,4,12,49452.1,Northern
19,5,1,50641.98,Northern
19,5,2,48931.49,Northern
19,5,3,46734.95,Northern
19,5,4,48720.16,Northern
19,5,5,49632.15,Northern
19,5,6,56704.84,Northern
19,5,7,58478.97,Northern
19,5,8,60254.94,Northern
19,5,9,59970.97,Northern
19,5,10,51003.9,Northern
19,5,11,44791.11,Northern
19,5,12,49527.47,Northern
19,6,1,48896.69,Northern
19,6,2,46935.03,Northern
19,6,3,44466.19,Northern
19,6,4,46455.96,Northern
19,6,5,47340.43,Northern
19,6,6,54743.55,Northern
19,6,7,56363.12,Northern
19,6,8,57745.41,Northern
19,6,9,57701.55,Northern
19,6,10,49021.46,Northern
19,6,11,42206.15,Northern
19,6,12,46417.68,Northern
20,0,1,48692.89,Northern
20,0,2,46488.46,Northern
20,0,3,43863.9,Northern
20,0,4,48472.0,Northern
20,0,5,51983.87,Northern
20,0,6,60105.21,Northern
20,0,7,63002.04,Northern
20,0,8,62690.67,Northern
20,0,9,61266.49,Northern
20,0,10,48375.76,Northern
20,0,11,41299.25,Northern
20,0,12,45457.01,Northern
20,1,1,48894.03,Northern
20,1,2,46450.18,Northern
20,1,3,44263.33,Northern
20,1,4,48536.71,Northern
20,1,5,53092.24,Northern
20,1,6,60531.3,Northern
20,1,7,62423.09,Northern
20,1,8,63948.57,Northern
20,1,9,62107.34,Northern
20,1,10,48418.79,Northern
20,1,11,42243.38,Northern
20,1,12,45926.03,Northern
20,2,1,48586.46,Northern
20,2,2,46754.5,Northern
20,2,3,45055.78,Northern
20,2,4,47492.21,Northern
20,2,5,51726.9,Northern
20,2,6,61102.24,Northern
20,2,7,61971.32,Northern
20,2,8,63944.81,Northern
20,2,9,61745.25,Northern
20,2,10,48755.74,Northern
20,2,11,42493.42,Northern
20,2,12,45918.15,Northern
20,3,1,48494.48,Northern
20,3,2,46740.27,Northern
20,3,3,44961.53,Northern
20,3,4,47442.09,Northern
20,3,5,51689.93,Northern
20,3,6,60213.51,Northern
20,3,7,62613.7,Northern
20,3,8,62798.93,Northern
20,3,9,61129.96,Northern
20,3,10,48975.44,Northern
20,3,11,41953.54,Northern
20,3,12,45967.73,Northern
20,4,1,48780.91,Northern
20,4,2,46597.39,Northern
20,4,3,43994.53,Northern
20,4,4,48686.25,Northern
20,4,5,52196.29,Northern
20,4,6,61031.68,Northern
20,4,7,62840.15,Northern
20,4,8,62783.36,Northern
20,4,9,61881.06,Northern
20,4,10,49057.69,Northern
20,4,11,41836.6,Northern
20,4,12,45942.51,Northern
20,5,1,48309.4,Northern
20,5,2,46325.02,Northern
20,5,3,44621.82,Northern
20,5,4,48850.1,Northern
20,5,5,52119.25,Northern
20,5,6,60065.54,Northern
20,5,7,61863.91,Northern
20,5,8,62475.85,Northern
20,5,9,60286.99,Northern
20,5,10,48998.23,Northern
20,5,11,41318.91,Northern
20,5,12,45874.23,Northern
20,6,1,46591.01,Northern
20,6,2,44409.57,Northern
20,6,3,42796.74,Northern
20,6,4,47028.26,Northern
20,6,5,50180.82,Northern
20,6,6,58889.22,Northern
20,6,7,60588.04,Northern
20,6,8,60637.51,Northern
20,6,9,58798.97,Northern
20,6,10,47450.53,Northern
20,6,11,39168.32,Northern
20,6,12,43029.91,Northern
21,0,1,45554.53,Northern
21,0,2,43151.91,Northern
21,0,3,41509.72,Northern
21,0,4,46827.12,Northern
21,0,5,52097.43,Northern
21,0,6,61088.4,Northern
21,0,7,63703.85,Northern
21,0,8,62981.8,Northern
21,0,9,61319.87,Northern
21,0,10,46319.27,Northern
21,0,11,38348.12,Northern
21,0,12,41922.81,Northern
21,1,1,45737.21,Northern
21,1,2,43201.1,Northern
21,1,3,41790.12,Northern
21,1,4,46897.65,Northern
21,1,5,53235.95,Northern
21,1,6,61435.92,Northern
21,1,7,63052.79,Northern
21,1,8,64175.91,Northern
21,1,9,61924.74,Northern
21,1,10,46432.08,Northern
21,1,11,39064.97,Northern
21,1,12,42329.19,Northern
21,2,1,45541.54,Northern
21,2,2,43412.62,Northern
21,2,3,42630.19,Northern
21,2,4,45944.86,Northern
21,2,5,51636.46,Northern
21,2,6,62127.19,Northern
21,2,7,62695.23,Northern
21,2,8,64322.08,Northern
21,2,9,61212.07,Northern
21,2,10,46741.22,Northern
21,2,11,39461.66,Northern
21,2,12,42274.76,Northern
21,3,1,45479.3,Northern
21,3,2,43407.02,Northern
21,3,3,42513.41,Northern
21,3,4,46000.98,Northern
21,3,5,51765.63,Northern
21,3,6,61153.01,Northern
21,3,7,63326.48,Northern
21,3,8,63014.66,Northern
21,3,9,60767.92,Northern
21,3,10,46890.95,Northern
21,3,11,38981.79,Northern
21,3,12,42268.21,Northern
21,4,1,45712.56,Northern
21,4,2,43421.99,Northern
21,4,3,41513.73,Northern
21,4,4,47050.77,Northern
21,4,5,52366.32,Northern
21,4,6,62025.94,Northern
21,4,7,63629.62,Northern
21,4,8,62975.85,Northern
21,4,9,61459.02,Northern
21,4,10,47036.89,Northern
21,4,11,38850.42,Northern
21,4,12,42342.04,Northern
21,5,1,45293.72,Northern
21,5,2,43128.15,Northern
21,5,3,42112.38,Northern
21,5,4,47206.79,Northern
21,5,5,52545.64,Northern
21,5,6,60938.59,Northern
21,5,7,62739.01,Northern
21,5,8,62725.18,Northern
21,5,9,59839.54,Northern
21,5,10,47069.05,Northern
21,5,11,38394.04,Northern
21,5,12,42431.4,Northern
21,6,1,43449.24,Northern
21,6,2,41332.63,Northern
21,6,3,40675.97,Northern
21,6,4,45502.6,Northern
21,6,5,50987.23,Northern
21,6,6,60191.01,Northern
21,6,7,61692.91,Northern
21,6,8,61164.44,Northern
21,6,9,58572.51,Northern
21,6,10,45789.57,Northern
21,6,11,36482.27,Northern
21,6,12,39595.68,Northern
22,0,1,41668.18,Northern
22,0,2,40124.91,Northern
22,0,3,39747.78,Northern
22,0,4,45836.52,Northern
22,0,5,52431.05,Northern
22,0,6,62015.26,Northern
22,0,7,64216.39,Northern
22,0,8,63524.66,Northern
22,0,9,61480.27,Northern
22,0,10,45007.8,Northern
22,0,11,36414.2,Northern
22,0,12,38932.74,Northern
22,1,1,42183.42,Northern
22,1,2,40224.14,Northern
22,1,3,40090.96,Northern
22,1,4,46149.68,Northern
22,1,5,53756.11,Northern
22,1,6,62390.01,Northern
22,1,7,63518.23,Northern
22,1,8,64617.07,Northern
22,1,9,62160.01,Northern
22,1,10,45345.17,Northern
22,1,11,37064.84,Northern
22,1,12,39011.03,Northern
22,2,1,42013.98,Northern
22,2,2,40321.62,Northern
22,2,3,40975.44,Northern
22,2,4,45143.61,Northern
22,2,5,52041.32,Northern
22,2,6,63239.01,Northern
22,2,7,63240.28,Northern
22,2,8,64784.01,Northern
22,2,9,61245.8,Northern
22,2,10,45564.19,Northern
22,2,11,37500.8,Northern
22,2,12,39208.94,Northern
22,3,1,41976.48,Northern
22,3,2,40342.85,Northern
22,3,3,40918.43,Northern
22,3,4,45273.62,Northern
22,3,5,52245.92,Northern
22,3,6,62036.52,Northern
22,3,7,63934.06,Northern
22,3,8,63440.93,Northern
22,3,9,61060.8,Northern
22,3,10,45801.41,Northern
22,3,11,37109.4,Northern
22,3,12,39125.66,Northern
22,4,1,42113.58,Northern
22,4,2,40468.87,Northern
22,4,3,39931.77,Northern
22,4,4,46303.66,Northern
22,4,5,52974.5,Northern
22,4,6,63118.91,Northern
22,4,7,64087.95,Northern
22,4,8,63437.61,Northern
22,4,9,61557.26,Northern
22,4,10,45828.29,Northern
22,4,11,36925.31,Northern
22,4,12,39401.12,Northern
22,5,1,41773.78,Northern
22,5,2,40156.83,Northern
22,5,3,40514.18,Northern
22,5,4,46525.59,Northern
22,5,5,53084.14,Northern
22,5,6,62049.56,Northern
22,5,7,63210.34,Northern
22,5,8,63056.87,Northern
22,5,9,59817.66,Northern
22,5,10,45897.62,Northern
22,5,11,36629.42,Northern
22,5,12,39467.0,Northern
22,6,1,40015.66,Northern
22,6,2,38615.93,Northern
22,6,3,39064.47,Northern
22,6,4,44959.97,Northern
22,6,5,51728.72,Northern
22,6,6,61266.15,Northern
22,6,7,62466.02,Northern
22,6,8,61609.38,Northern
22,6,9,58605.53,Northern
22,6,10,44866.0,Northern
22,6,11,34790.26,Northern
22,6,12,36825.7,Northern
23,0,1,37954.54,Northern
23,0,2,37334.82,Northern
23,0,3,37996.86,Northern
23,0,4,44394.43,Northern
23,0,5,51629.14,Northern
23,0,6,61769.66,Northern
23,0,7,63763.87,Northern
23,0,8,62822.14,Northern
23,0,9,60637.96,Northern
23,0,10,43702.37,Northern
23,0,11,34799.21,Northern
23,0,12,36192.29,Northern
23,1,1,38463.94,Northern
23,1,2,37396.98,Northern
23,1,3,38289.79,Northern
23,1,4,44752.21,Northern
23,1,5,53057.54,Northern
23,1,6,62313.3,Northern
23,1,7,62981.27,Northern
23,1,8,64109.71,Northern
23,1,9,61364.59,Northern
23,1,10,44113.98,Northern
23,1,11,35519.36,Northern
23,1,12,36263.68,Northern
23,2,1,38326.41,Northern
23,2,2,37442.75,Northern
23,2,3,39238.4,Northern
23,2,4,43748.08,Northern
23,2,5,51419.13,Northern
23,2,6,62955.71,Northern
23,2,7,62517.63,Northern
23,2,8,64212.46,Northern
23,2,9,60644.57,Northern
23,2,10,44227.85,Northern
23,2,11,35839.74,Northern
23,2,12,36417.84,Northern
23,3,1,38256.5,Northern
23,3,2,37403.96,Northern
23,3,3,39125.74,Northern
23,3,4,44021.51,Northern
23,3,5,51534.37,Northern
23,3,6,61250.72,Northern
23,3,7,63342.73,Northern
23,3,8,63046.35,Northern
23,3,9,60154.98,Northern
23,3,10,44559.61,Northern
23,3,11,35496.88,Northern
23,3,12,36448.15,Northern
23,4,1,38380.75,Northern
23,4,2,37659.97,Northern
23,4,3,38051.75,Northern
23,4,4,44909.55,Northern
23,4,5,52390.21,Northern
23,4,6,62666.15,Northern
23,4,7,63449.7,Northern
23,4,8,62903.69,Northern
23,4,9,60720.5,Northern
23,4,10,44724.94,Northern
23,4,11,35550.77,Northern
23,4,12,36688.45,Northern
23,5,1,38139.21,Northern
23,5,2,37364.44,Northern
23,5,3,38767.03,Northern
23,5,4,45211.09,Northern
23,5,5,52671.81,Northern
23,5,6,61867.49,Northern
23,5,7,62521.97,Northern
23,5,8,62522.12,Northern
23,5,9,59099.54,Northern
23,5,10,44685.45,Northern
23,5,11,35183.06,Northern
23,5,12,36844.14,Northern
23,6,1,36470.41,Northern
23,6,2,35904.56,Northern
23,6,3,37318.14,Northern
23,6,4,43678.91,Northern
23,6,5,51576.07,Northern
23,6,6,60816.97,Northern
23,6,7,61828.77,Northern
23,6,8,60982.45,Northern
23,6,9,57927.39,Northern
23,6,10,43748.26,Northern
23,6,11,33318.84,Northern
23,6,12,34291.88,Northern
0,0,1,43393.35,Western
0,0,2,46767.1,Western
0,0,3,49007.35,Western
0,0,4,52947.17,Western
0,0,5,51075.9,Western
0,0,6,47522.21,Western
0,0,7,43921.87,Western
0,0,8,43609.18,Western
0,0,9,44359.32,Western
0,0,10,46211.19,Western
0,0,11,44026.88,Western
0,0,12,43332.73,Western
0,1,1,44514.78,Western
0,1,2,48302.26,Western
0,1,3,49836.52,Western
0,1,4,54032.65,Western
0,1,5,52363.92,Western
0,1,6,48840.41,Western
0,1,7,44909.69,Western
0,1,8,45162.54,Western
0,1,9,45249.26,Western
0,1,10,46766.6,Western
0,1,11,45509.11,Western
0,1,12,44624.77,Western
0,2,1,44523.68,Western
0,2,2,48491.83,Western
0,2,3,51337.16,Western
0,2,4,52565.52,Western
0,2,5,52763.36,Western
0,2,6,49745.98,Western
0,2,7,44884.67,Western
0,2,8,45578.55,Western
0,2,9,45224.34,Western
0,2,10,46387.85,Western
0,2,11,46782.66,Western
0,2,12,44939.29,Western
0,3,1,43919.73,Western
0,3,2,48599.26,Western
0,3,3,51241.52,Western
0,3,4,52395.94,Western
0,3,5,52545.45,Western
0,3,6,49586.49,Western
0,3,7,45106.88,Western
0,3,8,44918.57,Western
0,3,9,45202.97,Western
0,3,10,46605.7,Western
0,3,11,46422.24,Western
0,3,12,45031.8,Western
0,4,1,43886.33,Western
0,4,2,48521.45,Western
0,4,3,51177.75,Western
0,4,4,53162.21,Western
0,4,5,52260.11,Western
0,4,6,49299.9,Western
0,4,7,45477.37,Western
0,4,8,44061.73,Western
0,4,9,45804.51,Western
0,4,10,47385.81,Western
0,4,11,45832.4,Western
0,4,12,45125.52,Western
0,5,1,43844.55,Western
0,5,2,48071.54,Western
0,5,3,50667.61,Western
0,5,4,53748.27,Western
0,5,5,52226.88,Western
0,5,6,49259.77,Western
0,5,7,45195.61,Western
0,5,8,44372.69,Western
0,5,9,45691.08,Western
0,5,10,47034.58,Western
0,5,11,45724.12,Western
0,5,12,45123.82,Western
0,6,1,44039.0,Western
0,6,2,48057.97,Western
0,6,3,50590.4,Western
0,6,4,53163.14,Western
0,6,5,52128.2,Western
0,6,6,48783.1,Western
0,6,7,45348.98,Western
0,6,8,44198.95,Western
0,6,9,45141.5,Western
0,6,10,47329.68,Western
0,6,11,45533.39,Western
0,6,12,44725.83,Western
1,0,1,42874.44,Western
1,0,2,46329.49,Western
1,0,3,48504.51,Western
1,0,4,52297.01,Western
1,0,5,50397.18,Western
1,0,6,46723.14,Western
1,0,7,43136.67,Western
1,0,8,42999.85,Western
1,0,9,43547.15,Western
1,0,10,45603.02,Western
1,0,11,43578.57,Western
1,0,12,42819.64,Western
1,1,1,43884.97,Western
1,1,2,47739.44,Western
1,1,3,49267.25,Western
1,1,4,53345.85,Western
1,1,5,51577.9,Western
1,1,6,48002.83,Western
1,1,7,44132.12,Western
1,1,8,44550.9,Western
1,1,9,44480.63,Western
1,1,10,46017.26,Western
1,1,11,44988.07,Western
1,1,12,44033.04,Western
1,2,1,43835.99,Western
1,2,2,47928.69,Western
1,2,3,50720.06,Western
1,2,4,51910.37,Western
1,2,5,51997.99,Western
1,2,6,48946.86,Western
1,2,7,44078.7,Western
1,2,8,44927.68,Western
1,2,9,44458.84,Western
1,2,10,45647.49,Western
1,2,11,46216.12,Western
1,2,12,44399.54,Western
1,3,1,43257.33,Western
1,3,2,48013.36,Western
1,3,3,50744.6,Western
1,3,4,51728.74,Western
1,3,5,51882.45,Western
1,3,6,48705.65,Western
1,3,7,44271.06,Western
1,3,8,44265.77,Western
1,3,9,44469.86,Western
1,3,10,45872.13,Western
1,3,11,45857.17,Western
1,3,12,44423.52,Western
1,4,1,43258.45,Western
1,4,2,47955.36,Western
1,4,3,50618.62,Western
1,4,4,52436.2,Western
1,4,5,51548.81,Western
1,4,6,48476.99,Western
1,4,7,44642.87,Western
1,4,8,43387.21,Western
1,4,9,45132.32,Western
1,4,10,46655.21,Western
1,4,11,45226.81,Western
1,4,12,44521.84,Western
1,5,1,43243.37,Western
1,5,2,47531.05,Western
1,5,3,50113.21,Western
1,5,4,53019.99,Western
1,5,5,51488.02,Western
1,5,6,48474.72,Western
1,5,7,44467.84,Western
1,5,8,43681.05,Western
1,5,9,44916.1,Western
1,5,10,46285.0,Western
1,5,11,45113.03,Western
1,5,12,44527.53,Western
1,6,1,43408.59,Western
1,6,2,47415.41,Western
1,6,3,50035.79,Western
1,6,4,52468.7,Western
1,6,5,51452.65,Western
1,6,6,47963.35,Western
1,6,7,44505.89,Western
1,6,8,43495.32,Western
1,6,9,44350.63,Western
1,6,10,46591.22,Western
1,6,11,44948.0,Western
1,6,12,44092.66,Western
2,0,1,42203.12,Western
2,0,2,45708.5,Western
2,0,3,47761.39,Western
2,0,4,51282.09,Western
2,0,5,49433.64,Western
2,0,6,45909.3,Western
2,0,7,42487.57,Western
2,0,8,42489.07,Western
2,0,9,42948.76,Western
2,0,10,44842.1,Western
2,0,11,42838.25,Western
2,0,12,42087.35,Western
2,1,1,43257.8,Western
2,1,2,47110.55,Western
2,1,3,48380.48,Western
2,1,4,52360.01,Western
2,1,5,50516.67,Western
2,1,6,47073.8,Western
2,1,7,43412.17,Western
2,1,8,43972.89,Western
2,1,9,43802.16,Western
2,1,10,45267.56,Western
2,1,11,44160.03,Western
2,1,12,43297.68,Western
2,2,1,43161.39,Western
2,2,2,47271.26,Western
2,2,3,49853.7,Western
2,2,4,50950.2,Western
2,2,5,50907.18,Western
2,2,6,48000.77,Western
2,2,7,43344.77,Western
2,2,8,44334.81,Western
2,2,9,43797.75,Western
2,2,10,44988.38,Western
2,2,11,45430.0,Western
2,2,12,43669.01,Western
2,3,1,42635.3,Western
2,3,2,47357.22,Western
2,3,3,49931.25,Western
2,3,4,50835.02,Western
2,3,5,50855.84,Western
2,3,6,47707.25,Western
2,3,7,43499.77,Western
2,3,8,43670.15,Western
2,3,9,43841.11,Western
2,3,10,45132.68,Western
2,3,11,44968.98,Western
2,3,12,43627.7,Western
2,4,1,42625.09,Western
2,4,2,47338.42,Western
2,4,3,49838.44,Western
2,4,4,51428.81,Western
2,4,5,50545.23,Western
2,4,6,47586.51,Western
2,4,7,43872.41,Western
2,4,8,42826.84,Western
2,4,9,44516.87,Western
2,4,10,45894.1,Western
2,4,11,44430.58,Western
2,4,12,43782.69,Western
2,5,1,42649.06,Western
2,5,2,46850.96,Western
2,5,3,49298.0,Western
2,5,4,52068.48,Western
2,5,5,50408.41,Western
2,5,6,47574.89,Western
2,5,7,43718.71,Western
2,5,8,43139.33,Western
2,5,9,44302.16,Western
2,5,10,45526.4,Western
2,5,11,44315.88,Western
2,5,12,43785.9,Western
2,6,1,42748.33,Western
2,6,2,46704.18,Western
2,6,3,49262.5,Western
2,6,4,51463.01,Western
2,6,5,50472.58,Western
2,6,6,47022.6,Western
2,6,7,43777.33,Western
2,6,8,42950.45,Western
2,6,9,43735.27,Western
2,6,10,45852.94,Western
2,6,11,44111.28,Western
2,6,12,43284.82,Western
3,0,1,42178.69,Western
3,0,2,45693.03,Western
3,0,3,47349.3,Western
3,0,4,50717.61,Western
3,0,5,48736.27,Western
3,0,6,45299.35,Western
3,0,7,42025.78,Western
3,0,8,42185.19,Western
3,0,9,42633.01,Western
3,0,10,44534.65,Western
3,0,11,42656.01,Western
3,0,12,41999.26,Western
3,1,1,43175.17,Western
3,1,2,47008.43,Western
3,1,3,47898.5,Western
3,1,4,51749.53,Western
3,1,5,49792.15,Western
3,1,6,46354.27,Western
3,1,7,42990.15,Western
3,1,8,43635.76,Western
3,1,9,43510.47,Western
3,1,10,44915.61,Western
3,1,11,44043.41,Western
3,1,12,43151.78,Western
3,2,1,43039.13,Western
3,2,2,47137.35,Western
3,2,3,49437.68,Western
3,2,4,50377.87,Western
3,2,5,50123.24,Western
3,2,6,47286.55,Western
3,2,7,42893.46,Western
3,2,8,44014.47,Western
3,2,9,43466.93,Western
3,2,10,44658.23,Western
3,2,11,45320.3,Western
3,2,12,43550.51,Western
3,3,1,42580.02,Western
3,3,2,47210.42,Western
3,3,3,49472.15,Western
3,3,4,50288.16,Western
3,3,5,50123.07,Western
3,3,6,46917.79,Western
3,3,7,43035.67,Western
3,3,8,43367.04,Western
3,3,9,43425.98,Western
3,3,10,44801.83,Western
3,3,11,44777.43,Western
3,3,12,43464.01,Western
3,4,1,42559.75,Western
3,4,2,47163.69,Western
3,4,3,49486.41,Western
3,4,4,50839.19,Western
3,4,5,49766.52,Western
3,4,6,46920.76,Western
3,4,7,43444.68,Western
3,4,8,42523.08,Western
3,4,9,44182.06,Western
3,4,10,45526.54,Western
3,4,11,44269.95,Western
3,4,12,43688.53,Western
3,5,1,42572.05,Western
3,5,2,46724.94,Western
3,5,3,48962.97,Western
3,5,4,51451.06,Western
3,5,5,49653.7,Western
3,5,6,46913.8,Western
3,5,7,43245.25,Western
3,5,8,42806.74,Western
3,5,9,43937.11,Western
3,5,10,45214.43,Western
3,5,11,44117.87,Western
3,5,12,43641.11,Western
3,6,1,42691.93,Western
3,6,2,46638.67,Western
3,6,3,48835.94,Western
3,6,4,50826.29,Western
3,6,5,49692.4,Western
3,6,6,46269.81,Western
3,6,7,43327.34,Western
3,6,8,42625.27,Western
3,6,9,43351.29,Western
3,6,10,45470.1,Western
3,6,11,43951.1,Western
3,6,12,43114.29,Western
4,0,1,42623.97,Western
4,0,2,46064.17,Western
4,0,3,47458.6,Western
4,0,4,50618.56,Western
4,0,5,48343.59,Western
4,0,6,45017.35,Western
4,0,7,42072.5,Western
4,0,8,42395.77,Western
4,0,9,42744.48,Western
4,0,10,44820.62,Western
4,0,11,43105.28,Western
4,0,12,42472.34,Western
4,1,1,43609.45,Western
4,1,2,47267.58,Western
4,1,3,48076.28,Western
4,1,4,51554.62,Western
4,1,5,49399.67,Western
4,1,6,46012.72,Western
4,1,7,42983.04,Western
4,1,8,43757.94,Western
4,1,9,43636.9,Western
4,1,10,45114.61,Western
4,1,11,44525.55,Western
4,1,12,43575.54,Western
4,2,1,43392.97,Western
4,2,2,47362.92,Western
4,2,3,49465.62,Western
4,2,4,50238.81,Western
4,2,5,49679.08,Western
4,2,6,46983.03,Western
4,2,7,42839.03,Western
4,2,8,44138.55,Western
4,2,9,43540.23,Western
4,2,10,44836.43,Western
4,2,11,45745.97,Western
4,2,12,43987.23,Western
4,3,1,42957.99,Western
4,3,2,47375.86,Western
4,3,3,49518.89,Western
4,3,4,50121.5,Western
4,3,5,49682.23,Western
4,3,6,46604.47,Western
4,3,7,43057.15,Western
4,3,8,43487.99,Western
4,3,9,43548.14,Western
4,3,10,44933.44,Western
4,3,11,45240.88,Western
4,3,12,43993.82,Western
4,4,1,42959.4,Western
4,4,2,47399.28,Western
4,4,3,49510.91,Western
4,4,4,50692.41,Western
4,4,5,49393.55,Western
4,4,6,46559.93,Western
4,4,7,43412.18,Western
4,4,8,42687.61,Western
4,4,9,44329.65,Western
4,4,10,45731.45,Western
4,4,11,44660.41,Western
4,4,12,44025.21,Western
4,5,1,42938.78,Western
4,5,2,46932.45,Western
4,5,3,49000.22,Western
4,5,4,51282.69,Western
4,5,5,49214.42,Western
4,5,6,46567.05,Western
4,5,7,43229.49,Western
4,5,8,42928.57,Western
4,5,9,44110.64,Western
4,5,10,45429.87,Western
4,5,11,44504.54,Western
4,5,12,44094.08,Western
4,6,1,43056.0,Western
4,6,2,46994.54,Western
4,6,3,48827.29,Western
4,6,4,50665.99,Western
4,6,5,49299.38,Western
4,6,6,45880.84,Western
4,6,7,43295.05,Western
4,6,8,42703.86,Western
4,6,9,43349.63,Western
4,6,10,45601.78,Western
4,6,11,44326.91,Western
4,6,12,43497.75,Western
5,0,1,44678.92,Western
5,0,2,47753.57,Western
5,0,3,48825.69,Western
5,0,4,51608.66,Western
5,0,5,49193.71,Western
5,0,6,45904.96,Western
5,0,7,43415.14,Western
5,0,8,43866.83,Western
5,0,9,44173.54,Western
5,0,10,46372.38,Western
5,0,11,45074.91,Western
5,0,12,44678.06,Western
5,1,1,45517.53,Western
5,1,2,48997.73,Western
5,1,3,49427.57,Western
5,1,4,52467.52,Western
5,1,5,50222.61,Western
5,1,6,47166.91,Western
5,1,7,44181.89,Western
5,1,8,45160.19,Western
5,1,9,45031.5,Western
5,1,10,46511.19,Western
5,1,11,46576.14,Western
5,1,12,45779.62,Western
5,2,1,45285.34,Western
5,2,2,48943.7,Western
5,2,3,50768.85,Western
5,2,4,51167.82,Western
5,2,5,50340.32,Western
5,2,6,48021.41,Western
5,2,7,44114.32,Western
5,2,8,45552.38,Western
5,2,9,44860.21,Western
5,2,10,46356.6,Western
5,2,11,47580.06,Western
5,2,12,46141.07,Western
5,3,1,44929.96,Western
5,3,2,49090.11,Western
5,3,3,50750.68,Western
5,3,4,51120.66,Western
5,3,5,50521.59,Western
5,3,6,47566.73,Western
5,3,7,44365.01,Western
5,3,8,44755.48,Western
5,3,9,44864.21,Western
5,3,10,46449.54,Western
5,3,11,47231.32,Western
5,3,12,46189.83,Western
5,4,1,44915.09,Western
5,4,2,49021.23,Western
5,4,3,50758.08,Western
5,4,4,51616.95,Western
5,4,5,50143.27,Western
5,4,6,47566.77,Western
5,4,7,44761.36,Western
5,4,8,44098.03,Western
5,4,9,45685.74,Western
5,4,10,47127.52,Western
5,4,11,46603.22,Western
5,4,12,45905.3,Western
5,5,1,44846.13,Western
5,5,2,48524.04,Western
5,5,3,50263.73,Western
5,5,4,52135.81,Western
5,5,5,49985.52,Western
5,5,6,47425.44,Western
5,5,7,44523.47,Western
5,5,8,44246.96,Western
5,5,9,45434.43,Western
5,5,10,46900.44,Western
5,5,11,46372.77,Western
5,5,12,46272.98,Western
5,6,1,44750.89,Western
5,6,2,48396.22,Western
5,6,3,49868.69,Western
5,6,4,51578.6,Western
5,6,5,50137.78,Western
5,6,6,46719.37,Western
5,6,7,44296.09,Western
5,6,8,43932.69,Western
5,6,9,44477.34,Western
5,6,10,46916.98,Western
5,6,11,46037.5,Western
5,6,12,45370.73,Western
6,0,1,48526.54,Western
6,0,2,51449.45,Western
6,0,3,51683.31,Western
6,0,4,53629.35,Western
6,0,5,49896.43,Western
6,0,6,46782.4,Western
6,0,7,45375.83,Western
6,0,8,46042.26,Western
6,0,9,46379.35,Western
6,0,10,48706.16,Western
6,0,11,48284.92,Western
6,0,12,48462.56,Western
6,1,1,49394.23,Western
6,1,2,52426.83,Western
6,1,3,52283.56,Western
6,1,4,54159.95,Western
6,1,5,50936.47,Western
6,1,6,48230.1,Western
6,1,7,46043.77,Western
6,1,8,47372.26,Western
6,1,9,47127.43,Western
6,1,10,48719.22,Western
6,1,11,49804.39,Western
6,1,12,49803.84,Western
6,2,1,49135.84,Western
6,2,2,52313.68,Western
6,2,3,53568.96,Western
6,2,4,52768.72,Western
6,2,5,51001.75,Western
6,2,6,49022.63,Western
6,2,7,45980.32,Western
6,2,8,47634.58,Western
6,2,9,46955.82,Western
6,2,10,48597.62,Western
6,2,11,50645.62,Western
6,2,12,50103.93,Western
6,3,1,48721.33,Western
6,3,2,52554.93,Western
6,3,3,53509.18,Western
6,3,4,52882.31,Western
6,3,5,51245.57,Western
6,3,6,48602.36,Western
6,3,7,46229.48,Western
6,3,8,46828.06,Western
6,3,9,46994.3,Western
6,3,10,48718.07,Western
6,3,11,50489.18,Western
6,3,12,50336.51,Western
6,4,1,48749.66,Western
6,4,2,52428.0,Western
6,4,3,53517.16,Western
6,4,4,53307.74,Western
6,4,5,50801.24,Western
6,4,6,48619.53,Western
6,4,7,46634.99,Western
6,4,8,46202.66,Western
6,4,9,47762.87,Western
6,4,10,49287.94,Western
6,4,11,49819.5,Western
6,4,12,50036.38,Western
6,5,1,48485.69,Western
6,5,2,51799.11,Western
6,5,3,52990.49,Western
6,5,4,53727.79,Western
6,5,5,50774.86,Western
6,5,6,48316.41,Western
6,5,7,46303.34,Western
6,5,8,46235.51,Western
6,5,9,47405.69,Western
6,5,10,49133.93,Western
6,5,11,49377.38,Western
6,5,12,50149.78,Western
6,6,1,47614.48,Western
6,6,2,50911.69,Western
6,6,3,51978.98,Western
6,6,4,53116.19,Western
6,6,5,50639.5,Western
6,6,6,47405.11,Western
6,6,7,45528.96,Western
6,6,8,45532.39,Western
6,6,9,45906.41,Western
6,6,10,48622.01,Western
6,6,11,48591.19,Western
6,6,12,48531.46,Western
7,0,1,53671.42,Western
7,0,2,56398.94,Western
7,0,3,54377.28,Western
7,0,4,54473.76,Western
7,0,5,49830.39,Western
7,0,6,46987.4,Western
7,0,7,46383.89,Western
7,0,8,47358.65,Western
7,0,9,47820.07,Western
7,0,10,50516.57,Western
7,0,11,51711.39,Western
7,0,12,53824.19,Western
7,1,1,54641.3,Western
7,1,2,56987.66,Western
7,1,3,54581.68,Western
7,1,4,54743.02,Western
7,1,5,50627.65,Western
7,1,6,48252.29,Western
7,1,7,46957.43,Western
7,1,8,48497.47,Western
7,1,9,48448.33,Western
7,1,10,50303.42,Western
7,1,11,53094.46,Western
7,1,12,54692.22,Western
7,2,1,54229.69,Western
7,2,2,56759.63,Western
7,2,3,55774.31,Western
7,2,4,53271.79,Western
7,2,5,50670.66,Western
7,2,6,48936.89,Western
7,2,7,46789.5,Western
7,2,8,48690.91,Western
7,2,9,48329.26,Western
7,2,10,50181.89,Western
7,2,11,53664.2,Western
7,2,12,54918.42,Western
7,3,1,53942.68,Western
7,3,2,57163.7,Western
7,3,3,55771.16,Western
7,3,4,53511.32,Western
7,3,5,50907.98,Western
7,3,6,48577.42,Western
7,3,7,47068.24,Western
7,3,8,48006.94,Western
7,3,9,48384.93,Western
7,3,10,50440.51,Western
7,3,11,53640.11,Western
7,3,12,55248.56,Western
7,4,1,53785.61,Western
7,4,2,56781.58,Western
7,4,3,55735.71,Western
7,4,4,53849.4,Western
7,4,5,50524.99,Western
7,4,6,48569.64,Western
7,4,7,47437.75,Western
7,4,8,47409.73,Western
7,4,9,49120.98,Western
7,4,10,50755.74,Western
7,4,11,53008.43,Western
7,4,12,54896.06,Western
7,5,1,53397.87,Western
7,5,2,56086.53,Western
7,5,3,55217.11,Western
7,5,4,54293.9,Western
7,5,5,50307.96,Western
7,5,6,48174.26,Western
7,5,7,46988.51,Western
7,5,8,47067.82,Western
7,5,9,48596.43,Western
7,5,10,50669.61,Western
7,5,11,52461.37,Western
7,5,12,54596.75,Western
7,6,1,52185.65,Western
7,6,2,54910.81,Western
7,6,3,53911.4,Western
7,6,4,53594.5,Western
7,6,5,49848.8,Western
7,6,6,47004.78,Western
7,6,7,45863.71,Western
7,6,8,46313.2,Western
7,6,9,46864.05,Western
7,6,10,49846.94,Western
7,6,11,51386.38,Western
7,6,12,52726.63,Western
8,0,1,57032.16,Western
8,0,2,58973.07,Western
8,0,3,54943.77,Western
8,0,4,54754.47,Western
8,0,5,49968.65,Western
8,0,6,47454.27,Western
8,0,7,46886.61,Western
8,0,8,47985.29,Western
8,0,9,48361.23,Western
8,0,10,50849.41,Western
8,0,11,53085.52,Western
8,0,12,56731.32,Western
8,1,1,57833.31,Western
8,1,2,59375.18,Western
8,1,3,55111.22,Western
8,1,4,54880.46,Western
8,1,5,50762.57,Western
8,1,6,48510.17,Western
8,1,7,47183.57,Western
8,1,8,49142.79,Western
8,1,9,48818.53,Western
8,1,10,50519.75,Western
8,1,11,54353.69,Western
8,1,12,57343.51,Western
8,2,1,57240.88,Western
8,2,2,58825.6,Western
8,2,3,56126.74,Western
8,2,4,53271.08,Western
8,2,5,50704.08,Western
8,2,6,49026.97,Western
8,2,7,47043.82,Western
8,2,8,49157.24,Western
8,2,9,48589.64,Western
8,2,10,50202.63,Western
8,2,11,54860.13,Western
8,2,12,57441.85,Western
8,3,1,56979.1,Western
8,3,2,59375.23,Western
8,3,3,56258.69,Western
8,3,4,53658.44,Western
8,3,5,50834.29,Western
8,3,6,48826.86,Western
8,3,7,47371.05,Western
8,3,8,48551.65,Western
8,3,9,48732.64,Western
8,3,10,50680.58,Western
8,3,11,55029.73,Western
8,3,12,57854.79,Western
8,4,1,56921.31,Western
8,4,2,58889.04,Western
8,4,3,56259.81,Western
8,4,4,54123.42,Western
8,4,5,50386.53,Western
8,4,6,48736.41,Western
8,4,7,47684.55,Western
8,4,8,48043.3,Western
8,4,9,49489.14,Western
8,4,10,50957.43,Western
8,4,11,54240.62,Western
8,4,12,57531.64,Western
8,5,1,56501.69,Western
8,5,2,58215.62,Western
8,5,3,55811.79,Western
8,5,4,54319.7,Western
8,5,5,50068.66,Western
8,5,6,48270.5,Western
8,5,7,47199.85,Western
8,5,8,47419.76,Western
8,5,9,48947.94,Western
8,5,10,50837.56,Western
8,5,11,53765.22,Western
8,5,12,57114.46,Western
8,6,1,55467.1,Western
8,6,2,57230.02,Western
8,6,3,54215.79,Western
8,6,4,53451.22,Western
8,6,5,49300.92,Western
8,6,6,46609.58,Western
8,6,7,45771.39,Western
8,6,8,46506.15,Western
8,6,9,46915.11,Western
8,6,10,49751.96,Western
8,6,11,52530.14,Western
8,6,12,55357.44,Western
9,0,1,59555.64,Western
9,0,2,60767.37,Western
9,0,3,55834.43,Western
9,0,4,56133.24,Western
9,0,5,51084.06,Western
9,0,6,48698.73,Western
9,0,7,47847.42,Western
9,0,8,48901.22,Western
9,0,9,49301.41,Western
9,0,10,51828.38,Western
9,0,11,54674.56,Western
9,0,12,58950.64,Western
9,1,1,60015.95,Western
9,1,2,60965.5,Western
9,1,3,56124.3,Western
9,1,4,56089.74,Western
9,1,5,51880.46,Western
9,1,6,49532.9,Western
9,1,7,48074.97,Western
9,1,8,50122.48,Western
9,1,9,49692.81,Western
9,1,10,51315.78,Western
9,1,11,55817.44,Western
9,1,12,59270.65,Western
9,2,1,59364.91,Western
9,2,2,60266.56,Western
9,2,3,56962.65,Western
9,2,4,54332.29,Western
9,2,5,51744.44,Western
9,2,6,50045.2,Western
9,2,7,47863.06,Western
9,2,8,49982.54,Western
9,2,9,49362.68,Western
9,2,10,50870.3,Western
9,2,11,56423.19,Western
9,2,12,59335.13,Western
9,3,1,59056.92,Western
9,3,2,60967.49,Western
9,3,3,57243.21,Western
9,3,4,54713.86,Western
9,3,5,51971.02,Western
9,3,6,49919.01,Western
9,3,7,48285.87,Western
9,3,8,49406.63,Western
9,3,9,49590.63,Western
9,3,10,51579.69,Western
9,3,11,56493.38,Western
9,3,12,59804.68,Western
9,4,1,59072.24,Western
9,4,2,60379.2,Western
9,4,3,57259.76,Western
9,4,4,55333.83,Western
9,4,5,51254.98,Western
9,4,6,49780.08,Western
9,4,7,48508.52,Western
9,4,8,49031.12,Western
9,4,9,50364.1,Western
9,4,10,51747.83,Western
9,4,11,55590.41,Western
9,4,12,59567.22,Western
9,5,1,58895.38,Western
9,5,2,60040.85,Western
9,5,3,56966.04,Western
9,5,4,55387.01,Western
9,5,5,50774.27,Western
9,5,6,49194.52,Western
9,5,7,48058.2,Western
9,5,8,48418.92,Western
9,5,9,49960.37,Western
9,5,10,51676.27,Western
9,5,11,55229.05,Western
9,5,12,59485.09,Western
9,6,1,57831.19,Western
9,6,2,58960.99,Western
9,6,3,54901.41,Western
9,6,4,54202.44,Western
9,6,5,49566.87,Western
9,6,6,46848.83,Western
9,6,7,46024.02,Western
9,6,8,47063.49,Western
9,6,9,47420.25,Western
9,6,10,50222.02,Western
9,6,11,53696.11,Western
9,6,12,57458.19,Western
10,0,1,60881.45,Western
10,0,2,61568.47,Western
10,0,3,56532.36,Western
10,0,4,57250.21,Western
10,0,5,51921.61,Western
10,0,6,49578.32,Western
10,0,7,48123.08,Western
10,0,8,49178.04,Western
10,0,9,49573.04,Western
10,0,10,52519.02,Western
10,0,11,56052.19,Western
10,0,12,60047.66,Western
10,1,1,60974.43,Western
10,1,2,61594.33,Western
10,1,3,56912.26,Western
10,1,4,56957.5,Western
10,1,5,52672.79,Western
10,1,6,50297.32,Western
10,1,7,48293.71,Western
10,1,8,50294.44,Western
10,1,9,49833.17,Western
10,1,10,51970.23,Western
10,1,11,57002.92,Western
10,1,12,60298.63,Western
10,2,1,60271.85,Western
10,2,2,60961.99,Western
10,2,3,57840.73,Western
10,2,4,55144.23,Western
10,2,5,52552.05,Western
10,2,6,50761.37,Western
10,2,7,47948.2,Western
10,2,8,50099.73,Western
10,2,9,49534.7,Western
10,2,10,51441.13,Western
10,2,11,57705.54,Western
10,2,12,60296.93,Western
10,3,1,59917.96,Western
10,3,2,61625.47,Western
10,3,3,58212.29,Western
10,3,4,55500.59,Western
10,3,5,52858.24,Western
10,3,6,50716.84,Western
10,3,7,48519.39,Western
10,3,8,49504.97,Western
10,3,9,49636.47,Western
10,3,10,52321.19,Western
10,3,11,57593.67,Western
10,3,12,60872.58,Western
10,4,1,59989.03,Western
10,4,2,61169.51,Western
10,4,3,57965.49,Western
10,4,4,56353.97,Western
10,4,5,52026.16,Western
10,4,6,50451.82,Western
10,4,7,48677.09,Western
10,4,8,49042.04,Western
10,4,9,50511.21,Western
10,4,10,52329.05,Western
10,4,11,56705.99,Western
10,4,12,60635.15,Western
10,5,1,59956.56,Western
10,5,2,60798.7,Western
10,5,3,57818.73,Western
10,5,4,56306.0,Western
10,5,5,51379.4,Western
10,5,6,49908.89,Western
10,5,7,48252.16,Western
10,5,8,48562.84,Western
10,5,9,50190.7,Western
10,5,10,52451.23,Western
10,5,11,56317.6,Western
10,5,12,60736.4,Western
10,6,1,59129.66,Western
10,6,2,59811.72,Western
10,6,3,55425.75,Western
10,6,4,54774.26,Western
10,6,5,49948.13,Western
10,6,6,47012.1,Western
10,6,7,45852.32,Western
10,6,8,47071.48,Western
10,6,9,47372.11,Western
10,6,10,50723.52,Western
10,6,11,54802.01,Western
10,6,12,58704.35,Western
11,0,1,60542.23,Western
11,0,2,61517.77,Western
11,0,3,57123.46,Western
11,0,4,58012.02,Western
11,0,5,52780.55,Western
11,0,6,50209.3,Western
11,0,7,48043.96,Western
11,0,8,49061.95,Western
11,0,9,49511.23,Western
11,0,10,52554.05,Western
11,0,11,56176.85,Western
11,0,12,59943.99,Western
11,1,1,60346.72,Western
11,1,2,61511.62,Western
11,1,3,57247.45,Western
11,1,4,57504.44,Western
11,1,5,53345.68,Western
11,1,6,50837.1,Western
11,1,7,48126.26,Western
11,1,8,50025.88,Western
11,1,9,49632.24,Western
11,1,10,51966.26,Western
11,1,11,56559.63,Western
11,1,12,59907.78,Western
11,2,1,59738.29,Western
11,2,2,60893.14,Western
11,2,3,58150.0,Western
11,2,4,55690.24,Western
11,2,5,53261.81,Western
11,2,6,51302.23,Western
11,2,7,47722.14,Western
11,2,8,49891.48,Western
11,2,9,49273.91,Western
11,2,10,51381.13,Western
11,2,11,57626.56,Western
11,2,12,59868.96,Western
11,3,1,59387.36,Western
11,3,2,61424.06,Western
11,3,3,58641.91,Western
11,3,4,56020.84,Western
11,3,5,53624.97,Western
11,3,6,51305.11,Western
11,3,7,48292.17,Western
11,3,8,49130.03,Western
11,3,9,49384.19,Western
11,3,10,52356.49,Western
11,3,11,57499.62,Western
11,3,12,60467.83,Western
11,4,1,59593.79,Western
11,4,2,61179.92,Western
11,4,3,58290.05,Western
11,4,4,57013.8,Western
11,4,5,52754.29,Western
11,4,6,51107.66,Western
11,4,7,48426.08,Western
11,4,8,48909.5,Western
11,4,9,50287.65,Western
11,4,10,52329.7,Western
11,4,11,56380.22,Western
11,4,12,60329.57,Western
11,5,1,59455.74,Western
11,5,2,60672.72,Western
11,5,3,58290.02,Western
11,5,4,57019.67,Western
11,5,5,52109.26,Western
11,5,6,50454.52,Western
11,5,7,48047.67,Western
11,5,8,48305.31,Western
11,5,9,50030.11,Western
11,5,10,52477.94,Western
11,5,11,56431.41,Western
11,5,12,60433.99,Western
11,6,1,58870.46,Western
11,6,2,59838.33,Western
11,6,3,55711.02,Western
11,6,4,55370.28,Western
11,6,5,50678.33,Western
11,6,6,47525.36,Western
11,6,7,45637.56,Western
11,6,8,46642.1,Western
11,6,9,47281.93,Western
11,6,10,50767.15,Western
11,6,11,54800.53,Western
11,6,12,58604.82,Western
12,0,1,58923.77,Western
12,0,2,60127.2,Western
12,0,3,56349.43,Western
12,0,4,57441.38,Western
12,0,5,52977.71,Western
12,0,6,50076.44,Western
12,0,7,47134.72,Western
12,0,8,48125.81,Western
12,0,9,48635.75,Western
12,0,10,51824.32,Western
12,0,11,55068.88,Western
12,0,12,58380.97,Western
12,1,1,58661.41,Western
12,1,2,59911.57,Western
12,1,3,56227.71,Western
12,1,4,56998.36,Western
12,1,5,53292.05,Western
12,1,6,50619.5,Western
12,1,7,47441.0,Western
12,1,8,49057.95,Western
12,1,9,48633.45,Western
12,1,10,51099.11,Western
12,1,11,55665.4,Western
12,1,12,58260.55,Western
12,2,1,58074.21,Western
12,2,2,59482.35,Western
12,2,3,57082.76,Western
12,2,4,55148.22,Western
12,2,5,53287.25,Western
12,2,6,51127.32,Western
12,2,7,47031.62,Western
12,2,8,48916.28,Western
12,2,9,48228.24,Western
12,2,10,50562.48,Western
12,2,11,56476.98,Western
12,2,12,58353.93,Western
12,3,1,57561.26,Western
12,3,2,59869.54,Western
12,3,3,57499.06,Western
12,3,4,55696.03,Western
12,3,5,53613.39,Western
12,3,6,50982.29,Western
12,3,7,47553.42,Western
12,3,8,48140.62,Western
12,3,9,48345.16,Western
12,3,10,51442.08,Western
12,3,11,56245.39,Western
12,3,12,58794.85,Western
12,4,1,58085.09,Western
12,4,2,59781.99,Western
12,4,3,57227.62,Western
12,4,4,56488.28,Western
12,4,5,52798.29,Western
12,4,6,50795.45,Western
12,4,7,47515.25,Western
12,4,8,48012.8,Western
12,4,9,49339.34,Western
12,4,10,51450.94,Western
12,4,11,55277.05,Western
12,4,12,58860.98,Western
12,5,1,57792.65,Western
12,5,2,59107.22,Western
12,5,3,57091.14,Western
12,5,4,56487.11,Western
12,5,5,52286.36,Western
12,5,6,50361.96,Western
12,5,7,47316.34,Western
12,5,8,47478.33,Western
12,5,9,49114.01,Western
12,5,10,51565.24,Western
12,5,11,55318.99,Western
12,5,12,58897.39,Western
12,6,1,57314.58,Western
12,6,2,58439.87,Western
12,6,3,54665.51,Western
12,6,4,54930.78,Western
12,6,5,50844.64,Western
12,6,6,47485.36,Western
12,6,7,44909.98,Western
12,6,8,45774.55,Western
12,6,9,46444.53,Western
12,6,10,49999.94,Western
12,6,11,53712.88,Western
12,6,12,57197.5,Western
13,0,1,57308.95,Western
13,0,2,58731.37,Western
13,0,3,55178.54,Western
13,0,4,56722.07,Western
13,0,5,52968.28,Western
13,0,6,49917.93,Western
13,0,7,46348.16,Western
13,0,8,47307.37,Western
13,0,9,47679.16,Western
13,0,10,51048.15,Western
13,0,11,54272.44,Western
13,0,12,57073.11,Western
13,1,1,57014.03,Western
13,1,2,58490.83,Western
13,1,3,55074.65,Western
13,1,4,56363.79,Western
13,1,5,53326.14,Western
13,1,6,50463.92,Western
13,1,7,46654.65,Western
13,1,8,48212.69,Western
13,1,9,47679.72,Western
13,1,10,50369.74,Western
13,1,11,54625.89,Western
13,1,12,56811.44,Western
13,2,1,56424.93,Western
13,2,2,58075.65,Western
13,2,3,55799.59,Western
13,2,4,54523.14,Western
13,2,5,53308.84,Western
13,2,6,50897.8,Western
13,2,7,46234.91,Western
13,2,8,48105.07,Western
13,2,9,47422.35,Western
13,2,10,49877.35,Western
13,2,11,55498.35,Western
13,2,12,57015.23,Western
13,3,1,55951.93,Western
13,3,2,58466.26,Western
13,3,3,56367.48,Western
13,3,4,55158.97,Western
13,3,5,53501.14,Western
13,3,6,50752.37,Western
13,3,7,46818.78,Western
13,3,8,47302.16,Western
13,3,9,47479.07,Western
13,3,10,50717.15,Western
13,3,11,55319.64,Western
13,3,12,57227.25,Western
13,4,1,56589.34,Western
13,4,2,58321.61,Western
13,4,3,55828.53,Western
13,4,4,55793.05,Western
13,4,5,52764.01,Western
13,4,6,50575.49,Western
13,4,7,46713.45,Western
13,4,8,46904.27,Western
13,4,9,48381.52,Western
13,4,10,50691.44,Western
13,4,11,54282.86,Western
13,4,12,57461.4,Western
13,5,1,56106.02,Western
13,5,2,57757.99,Western
13,5,3,55744.17,Western
13,5,4,55721.72,Western
13,5,5,52418.34,Western
13,5,6,50220.51,Western
13,5,7,46456.9,Western
13,5,8,46605.61,Western
13,5,9,48256.2,Western
13,5,10,50909.92,Western
13,5,11,54339.13,Western
13,5,12,57523.98,Western
13,6,1,55662.02,Western
13,6,2,56971.3,Western
13,6,3,53614.93,Western
13,6,4,54307.53,Western
13,6,5,51066.23,Western
13,6,6,47288.76,Western
13,6,7,44189.02,Western
13,6,8,45011.32,Western
13,6,9,45670.94,Western
13,6,10,49404.51,Western
13,6,11,52970.3,Western
13,6,12,55831.09,Western
14,0,1,57040.86,Western
14,0,2,58609.69,Western
14,0,3,55276.49,Western
14,0,4,57346.62,Western
14,0,5,54103.26,Western
14,0,6,50981.91,Western
14,0,7,46982.7,Western
14,0,8,47779.79,Western
14,0,9,48254.12,Western
14,0,10,51630.51,Western
14,0,11,54500.39,Western
14,0,12,57120.33,Western
14,1,1,56751.33,Western
14,1,2,58547.02,Western
14,1,3,55258.24,Western
14,1,4,57062.15,Western
14,1,5,54602.1,Western
14,1,6,51572.2,Western
14,1,7,47254.89,Western
14,1,8,48700.19,Western
14,1,9,48235.71,Western
14,1,10,51011.06,Western
14,1,11,54970.65,Western
14,1,12,56841.71,Western
14,2,1,56067.41,Western
14,2,2,58014.41,Western
14,2,3,55895.89,Western
14,2,4,55114.93,Western
14,2,5,54536.0,Western
14,2,6,51902.39,Western
14,2,7,46881.92,Western
14,2,8,48653.3,Western
14,2,9,47977.69,Western
14,2,10,50626.05,Western
14,2,11,55849.17,Western
14,2,12,57079.79,Western
14,3,1,55781.66,Western
14,3,2,58438.47,Western
14,3,3,56539.65,Western
14,3,4,55891.68,Western
14,3,5,54774.12,Western
14,3,6,51855.76,Western
14,3,7,47444.76,Western
14,3,8,47672.54,Western
14,3,9,48028.09,Western
14,3,10,51511.1,Western
14,3,11,55629.11,Western
14,3,12,57275.92,Western
14,4,1,55900.21,Western
14,4,2,58088.28,Western
14,4,3,55789.64,Western
14,4,4,56557.48,Western
14,4,5,53805.99,Western
14,4,6,51737.56,Western
14,4,7,47185.03,Western
14,4,8,47270.06,Western
14,4,9,48862.49,Western
14,4,10,51323.25,Western
14,4,11,54362.7,Western
14,4,12,57246.75,Western
14,5,1,55814.13,Western
14,5,2,57764.67,Western
14,5,3,56001.11,Western
14,5,4,56515.26,Western
14,5,5,53784.83,Western
14,5,6,51344.97,Western
14,5,7,46979.52,Western
14,5,8,47001.43,Western
14,5,9,48916.05,Western
14,5,10,51691.08,Western
14,5,11,54647.09,Western
14,5,12,57504.09,Western
14,6,1,54832.44,Western
14,6,2,56304.4,Western
14,6,3,53433.15,Western
14,6,4,54880.51,Western
14,6,5,52048.93,Western
14,6,6,48050.86,Western
14,6,7,44399.12,Western
14,6,8,45090.76,Western
14,6,9,45962.5,Western
14,6,10,49770.52,Western
14,6,11,52852.01,Western
14,6,12,55412.41,Western
15,0,1,57199.34,Western
15,0,2,58931.41,Western
15,0,3,55582.55,Western
15,0,4,57964.39,Western
15,0,5,54795.47,Western
15,0,6,51714.49,Western
15,0,7,47414.69,Western
15,0,8,48067.27,Western
15,0,9,48547.93,Western
15,0,10,52017.62,Western
15,0,11,54800.13,Western
15,0,12,57423.42,Western
15,1,1,56945.42,Western
15,1,2,58771.99,Western
15,1,3,55668.62,Western
15,1,4,57709.74,Western
15,1,5,55331.13,Western
15,1,6,51872.43,Western
15,1,7,47549.45,Western
15,1,8,48991.08,Western
15,1,9,48484.23,Western
15,1,10,51407.83,Western
15,1,11,55425.32,Western
15,1,12,57219.31,Western
15,2,1,56139.26,Western
15,2,2,58319.63,Western
15,2,3,56359.68,Western
15,2,4,55634.94,Western
15,2,5,55013.24,Western
15,2,6,52025.37,Western
15,2,7,47173.02,Western
15,2,8,48934.77,Western
15,2,9,48182.6,Western
15,2,10,51037.36,Western
15,2,11,56295.86,Western
15,2,12,57327.69,Western
15,3,1,55897.62,Western
15,3,2,58798.99,Western
15,3,3,57004.66,Western
15,3,4,56274.2,Western
15,3,5,55173.27,Western
15,3,6,52161.1,Western
15,3,7,47600.38,Western
15,3,8,47927.2,Western
15,3,9,48240.23,Western
15,3,10,51971.32,Western
15,3,11,55957.85,Western
15,3,12,57619.0,Western
15,4,1,55826.63,Western
15,4,2,58327.14,Western
15,4,3,56162.62,Western
15,4,4,56995.22,Western
15,4,5,54370.58,Western
15,4,6,52075.36,Western
15,4,7,47304.9,Western
15,4,8,47432.36,Western
15,4,9,49022.49,Western
15,4,10,51690.6,Western
15,4,11,54901.06,Western
15,4,12,57287.39,Western
15,5,1,55913.68,Western
15,5,2,58090.99,Western
15,5,3,56519.81,Western
15,5,4,57128.69,Western
15,5,5,54537.38,Western
15,5,6,51714.04,Western
15,5,7,47180.14,Western
15,5,8,47189.72,Western
15,5,9,49118.89,Western
15,5,10,52172.97,Western
15,5,11,54997.54,Western
15,5,12,57826.77,Western
15,6,1,54577.57,Western
15,6,2,56219.73,Western
15,6,3,53681.17,Western
15,6,4,55474.93,Western
15,6,5,52407.45,Western
15,6,6,48070.82,Western
15,6,7,44383.1,Western
15,6,8,44986.74,Western
15,6,9,46053.71,Western
15,6,10,49956.29,Western
15,6,11,52818.12,Western
15,6,12,55216.21,Western
16,0,1,56669.02,Western
16,0,2,58470.42,Western
16,0,3,55031.15,Western
16,0,4,57155.69,Western
16,0,5,53900.51,Western
16,0,6,50861.46,Western
16,0,7,47312.83,Western
16,0,8,48069.22,Western
16,0,9,48386.73,Western
16,0,10,51791.27,Western
16,0,11,54317.28,Western
16,0,12,56842.43,Western
16,1,1,56489.6,Western
16,1,2,58260.08,Western
16,1,3,55361.07,Western
16,1,4,56668.04,Western
16,1,5,54425.91,Western
16,1,6,51049.52,Western
16,1,7,47533.57,Western
16,1,8,48942.64,Western
16,1,9,48458.83,Western
16,1,10,51187.47,Western
16,1,11,54968.13,Western
16,1,12,56780.98,Western
16,2,1,55686.91,Western
16,2,2,57799.36,Western
16,2,3,55827.96,Western
16,2,4,54869.84,Western
16,2,5,54179.86,Western
16,2,6,51041.2,Western
16,2,7,47071.94,Western
16,2,8,48901.51,Western
16,2,9,48087.08,Western
16,2,10,50936.21,Western
16,2,11,55824.23,Western
16,2,12,56674.05,Western
16,3,1,55555.95,Western
16,3,2,58364.51,Western
16,3,3,56553.7,Western
16,3,4,55429.23,Western
16,3,5,54192.73,Western
16,3,6,51413.12,Western
16,3,7,47449.42,Western
16,3,8,47849.92,Western
16,3,9,48087.52,Western
16,3,10,51816.48,Western
16,3,11,55382.3,Western
16,3,12,57047.72,Western
16,4,1,55278.89,Western
16,4,2,57598.02,Western
16,4,3,55703.15,Western
16,4,4,56305.3,Western
16,4,5,53299.16,Western
16,4,6,51084.33,Western
16,4,7,47107.04,Western
16,4,8,47391.87,Western
16,4,9,48878.75,Western
16,4,10,51410.62,Western
16,4,11,54326.66,Western
16,4,12,56742.93,Western
16,5,1,55465.17,Western
16,5,2,57588.16,Western
16,5,3,56138.13,Western
16,5,4,56393.23,Western
16,5,5,53500.73,Western
16,5,6,50787.43,Western
16,5,7,47044.31,Western
16,5,8,47121.24,Western
16,5,9,48935.89,Western
16,5,10,51903.8,Western
16,5,11,54480.82,Western
16,5,12,57318.62,Western
16,6,1,53836.33,Western
16,6,2,55434.59,Western
16,6,3,52973.4,Western
16,6,4,54710.54,Western
16,6,5,51065.07,Western
16,6,6,46993.3,Western
16,6,7,44046.65,Western
16,6,8,44748.95,Western
16,6,9,45543.22,Western
16,6,10,49412.78,Western
16,6,11,51865.52,Western
16,6,12,54364.13,Western
17,0,1,55444.25,Western
17,0,2,57061.5,Western
17,0,3,53774.19,Western
17,0,4,55328.08,Western
17,0,5,52036.0,Western
17,0,6,49497.11,Western
17,0,7,47061.7,Western
17,0,8,47730.63,Western
17,0,9,48407.54,Western
17,0,10,51446.86,Western
17,0,11,53745.96,Western
17,0,12,55992.47,Western
17,1,1,55337.68,Western
17,1,2,56842.68,Western
17,1,3,54159.44,Western
17,1,4,55076.68,Western
17,1,5,52769.0,Western
17,1,6,49595.54,Western
17,1,7,47260.64,Western
17,1,8,48604.06,Western
17,1,9,48614.89,Western
17,1,10,50931.33,Western
17,1,11,54497.02,Western
17,1,12,56005.13,Western
17,2,1,54669.51,Western
17,2,2,56537.17,Western
17,2,3,54626.51,Western
17,2,4,53146.98,Western
17,2,5,52538.3,Western
17,2,6,49681.12,Western
17,2,7,46744.71,Western
17,2,8,48616.81,Western
17,2,9,48346.7,Western
17,2,10,50766.73,Western
17,2,11,55100.54,Western
17,2,12,55952.89,Western
17,3,1,54496.5,Western
17,3,2,57234.14,Western
17,3,3,55352.3,Western
17,3,4,53642.54,Western
17,3,5,52368.98,Western
17,3,6,50028.06,Western
17,3,7,47134.73,Western
17,3,8,47705.75,Western
17,3,9,48332.62,Western
17,3,10,51574.35,Western
17,3,11,54981.53,Western
17,3,12,56176.31,Western
17,4,1,54157.07,Western
17,4,2,56352.54,Western
17,4,3,54483.24,Western
17,4,4,54567.62,Western
17,4,5,51408.37,Western
17,4,6,49712.62,Western
17,4,7,46743.64,Western
17,4,8,47201.53,Western
17,4,9,49062.91,Western
17,4,10,51128.08,Western
17,4,11,53700.29,Western
17,4,12,56092.87,Western
17,5,1,54470.0,Western
17,5,2,56226.82,Western
17,5,3,54918.54,Western
17,5,4,54622.77,Western
17,5,5,51540.68,Western
17,5,6,49448.31,Western
17,5,7,46799.0,Western
17,5,8,46886.99,Western
17,5,9,49081.78,Western
17,5,10,51614.49,Western
17,5,11,53766.91,Western
17,5,12,56657.2,Western
17,6,1,52451.19,Western
17,6,2,53910.57,Western
17,6,3,51707.5,Western
17,6,4,52859.77,Western
17,6,5,48956.32,Western
17,6,6,45548.71,Western
17,6,7,43807.52,Western
17,6,8,44400.19,Western
17,6,9,45598.78,Western
17,6,10,48962.9,Western
17,6,11,51098.38,Western
17,6,12,53477.4,Western
18,0,1,54285.1,Western
18,0,2,55121.97,Western
18,0,3,52071.78,Western
18,0,4,53187.01,Western
18,0,5,49756.75,Western
18,0,6,48092.4,Western
18,0,7,46812.73,Western
18,0,8,47532.61,Western
18,0,9,49170.66,Western
18,0,10,52425.92,Western
18,0,11,53124.71,Western
18,0,12,54748.64,Western
18,1,1,54304.84,Western
18,1,2,55170.88,Western
18,1,3,52670.59,Western
18,1,4,52976.45,Western
18,1,5,50390.96,Western
18,1,6,48197.39,Western
18,1,7,46958.78,Western
18,1,8,48537.75,Western
18,1,9,49545.99,Western
18,1,10,52043.34,Western
18,1,11,54162.73,Western
18,1,12,54924.79,Western
18,2,1,53670.6,Western
18,2,2,54765.9,Western
18,2,3,53201.26,Western
18,2,4,51132.68,Western
18,2,5,50228.85,Western
18,2,6,48216.5,Western
18,2,7,46477.81,Western
18,2,8,48538.6,Western
18,2,9,49347.48,Western
18,2,10,51799.33,Western
18,2,11,54584.65,Western
18,2,12,54987.02,Western
18,3,1,53351.52,Western
18,3,2,55508.28,Western
18,3,3,53864.59,Western
18,3,4,51450.49,Western
18,3,5,50072.17,Western
18,3,6,48638.23,Western
18,3,7,46910.06,Western
18,3,8,47730.7,Western
18,3,9,49220.45,Western
18,3,10,52561.76,Western
18,3,11,54211.77,Western
18,3,12,55204.55,Western
18,4,1,53099.68,Western
18,4,2,54638.66,Western
18,4,3,53178.66,Western
18,4,4,52425.4,Western
18,4,5,48813.1,Western
18,4,6,48286.91,Western
18,4,7,46547.44,Western
18,4,8,47290.96,Western
18,4,9,49953.91,Western
18,4,10,52252.93,Western
18,4,11,53180.14,Western
18,4,12,55313.45,Western
18,5,1,53464.71,Western
18,5,2,54368.34,Western
18,5,3,53575.59,Western
18,5,4,52456.97,Western
18,5,5,49066.47,Western
18,5,6,48079.57,Western
18,5,7,46699.24,Western
18,5,8,47024.66,Western
18,5,9,50013.98,Western
18,5,10,52589.0,Western
18,5,11,53258.76,Western
18,5,12,55698.55,Western
18,6,1,51308.26,Western
18,6,2,52084.41,Western
18,6,3,50383.9,Western
18,6,4,50826.59,Western
18,6,5,46882.25,Western
18,6,6,44444.92,Western
18,6,7,43866.59,Western
18,6,8,44636.93,Western
18,6,9,46525.69,Western
18,6,10,50067.69,Western
18,6,11,50539.83,Western
18,6,12,52368.5,Western
19,0,1,52699.89,Western
19,0,2,54689.75,Western
19,0,3,52701.78,Western
19,0,4,53939.61,Western
19,0,5,50358.0,Western
19,0,6,48734.56,Western
19,0,7,47862.82,Western
19,0,8,48431.25,Western
19,0,9,50004.6,Western
19,0,10,51886.35,Western
19,0,11,50616.58,Western
19,0,12,51938.24,Western
19,1,1,52812.8,Western
19,1,2,54619.31,Western
19,1,3,53341.08,Western
19,1,4,53667.0,Western
19,1,5,50966.78,Western
19,1,6,48838.18,Western
19,1,7,47820.07,Western
19,1,8,49469.96,Western
19,1,9,50299.93,Western
19,1,10,51471.46,Western
19,1,11,51612.63,Western
19,1,12,52249.77,Western
19,2,1,52237.0,Western
19,2,2,54492.27,Western
19,2,3,54003.73,Western
19,2,4,51904.64,Western
19,2,5,50841.57,Western
19,2,6,48771.33,Western
19,2,7,47348.46,Western
19,2,8,49418.27,Western
19,2,9,50159.21,Western
19,2,10,51268.5,Western
19,2,11,52036.72,Western
19,2,12,52252.35,Western
19,3,1,51909.15,Western
19,3,2,55218.65,Western
19,3,3,54520.1,Western
19,3,4,52078.67,Western
19,3,5,50470.89,Western
19,3,6,49225.2,Western
19,3,7,47824.08,Western
19,3,8,48635.53,Western
19,3,9,49909.54,Western
19,3,10,51853.73,Western
19,3,11,51567.91,Western
19,3,12,52495.29,Western
19,4,1,51638.43,Western
19,4,2,54238.7,Western
19,4,3,53933.93,Western
19,4,4,53102.78,Western
19,4,5,49433.46,Western
19,4,6,48938.02,Western
19,4,7,47570.64,Western
19,4,8,48414.38,Western
19,4,9,50681.44,Western
19,4,10,51644.6,Western
19,4,11,50768.45,Western
19,4,12,52706.45,Western
19,5,1,52036.13,Western
19,5,2,54066.32,Western
19,5,3,54302.28,Western
19,5,4,53206.91,Western
19,5,5,49703.74,Western
19,5,6,48780.47,Western
19,5,7,47840.49,Western
19,5,8,48225.2,Western
19,5,9,50829.33,Western
19,5,10,51722.86,Western
19,5,11,50708.94,Western
19,5,12,52908.3,Western
19,6,1,50073.5,Western
19,6,2,52037.59,Western
19,6,3,51379.35,Western
19,6,4,51919.81,Western
19,6,5,47428.41,Western
19,6,6,45715.47,Western
19,6,7,45418.93,Western
19,6,8,46138.24,Western
19,6,9,47775.54,Western
19,6,10,49781.68,Western
19,6,11,48257.09,Western
19,6,12,49835.65,Western
20,0,1,49225.69,Western
20,0,2,51200.71,Western
20,0,3,50405.43,Western
20,0,4,52707.83,Western
20,0,5,50107.48,Western
20,0,6,48718.61,Western
20,0,7,47576.72,Western
20,0,8,47188.33,Western
20,0,9,48177.8,Western
20,0,10,49217.92,Western
20,0,11,47302.3,Western
20,0,12,48218.46,Western
20,1,1,49382.03,Western
20,1,2,51215.68,Western
20,1,3,51090.36,Western
20,1,4,52532.06,Western
20,1,5,50847.4,Western
20,1,6,48851.14,Western
20,1,7,47383.22,Western
20,1,8,48438.97,Western
20,1,9,48256.31,Western
20,1,10,48945.15,Western
20,1,11,48118.11,Western
20,1,12,48633.77,Western
20,2,1,48837.11,Western
20,2,2,51311.91,Western
20,2,3,51844.9,Western
20,2,4,50878.6,Western
20,2,5,50792.02,Western
20,2,6,48735.6,Western
20,2,7,46944.13,Western
20,2,8,48217.92,Western
20,2,9,48162.41,Western
20,2,10,48905.28,Western
20,2,11,48582.09,Western
20,2,12,48598.93,Western
20,3,1,48438.93,Western
20,3,2,51920.97,Western
20,3,3,52116.27,Western
20,3,4,50880.74,Western
20,3,5,50547.93,Western
20,3,6,49196.17,Western
20,3,7,47399.41,Western
20,3,8,47450.65,Western
20,3,9,47779.71,Western
20,3,10,49329.14,Western
20,3,11,48106.34,Western
20,3,12,48832.3,Western
20,4,1,48213.84,Western
20,4,2,51005.78,Western
20,4,3,51637.36,Western
20,4,4,51903.32,Western
20,4,5,49672.31,Western
20,4,6,48959.97,Western
20,4,7,47186.69,Western
20,4,8,47295.19,Western
20,4,9,48734.74,Western
20,4,10,49053.27,Western
20,4,11,47403.34,Western
20,4,12,48812.28,Western
20,5,1,48497.94,Western
20,5,2,50788.43,Western
20,5,3,51895.16,Western
20,5,4,51953.3,Western
20,5,5,49489.78,Western
20,5,6,48607.16,Western
20,5,7,47396.48,Western
20,5,8,47060.55,Western
20,5,9,48652.38,Western
20,5,10,49001.18,Western
20,5,11,47203.62,Western
20,5,12,48930.19,Western
20,6,1,46912.93,Western
20,6,2,49010.96,Western
20,6,3,49671.02,Western
20,6,4,50964.68,Western
20,6,5,47658.99,Western
20,6,6,46343.24,Western
20,6,7,45659.35,Western
20,6,8,45401.52,Western
20,6,9,46278.31,Western
20,6,10,47545.74,Western
20,6,11,45257.35,Western
20,6,12,46443.64,Western
21,0,1,47214.65,Western
21,0,2,49433.79,Western
21,0,3,49475.39,Western
21,0,4,52351.4,Western
21,0,5,50204.32,Western
21,0,6,48486.43,Western
21,0,7,46801.84,Western
21,0,8,46428.38,Western
21,0,9,47276.94,Western
21,0,10,48121.88,Western
21,0,11,46023.43,Western
21,0,12,46272.83,Western
21,1,1,47354.12,Western
21,1,2,49548.01,Western
21,1,3,50119.93,Western
21,1,4,52196.39,Western
21,1,5,50881.01,Western
21,1,6,48704.33,Western
21,1,7,46793.73,Western
21,1,8,47475.96,Western
21,1,9,47273.55,Western
21,1,10,47910.36,Western
21,1,11,46569.37,Western
21,1,12,46627.85,Western
21,2,1,46792.0,Western
21,2,2,49611.15,Western
21,2,3,50741.68,Western
21,2,4,50754.47,Western
21,2,5,50819.74,Western
21,2,6,48496.76,Western
21,2,7,46244.0,Western
21,2,8,47371.36,Western
21,2,9,47063.91,Western
21,2,10,47897.22,Western
21,2,11,47050.17,Western
21,2,12,46663.16,Western
21,3,1,46481.21,Western
21,3,2,50334.31,Western
21,3,3,51025.11,Western
21,3,4,50698.77,Western
21,3,5,50598.52,Western
21,3,6,48924.68,Western
21,3,7,46761.39,Western
21,3,8,46703.02,Western
21,3,9,46972.81,Western
21,3,10,48184.82,Western
21,3,11,46674.0,Western
21,3,12,46777.19,Western
21,4,1,46308.02,Western
21,4,2,49209.07,Western
21,4,3,50526.93,Western
21,4,4,51765.9,Western
21,4,5,49966.39,Western
21,4,6,48705.66,Western
21,4,7,46438.92,Western
21,4,8,46404.31,Western
21,4,9,47829.91,Western
21,4,10,47911.08,Western
21,4,11,45952.2,Western
21,4,12,46650.0,Western
21,5,1,46297.92,Western
21,5,2,48833.75,Western
21,5,3,50659.01,Western
21,5,4,51638.97,Western
21,5,5,49519.22,Western
21,5,6,48192.04,Western
21,5,7,46507.08,Western
21,5,8,46001.24,Western
21,5,9,47560.44,Western
21,5,10,47760.03,Western
21,5,11,45650.22,Western
21,5,12,46716.29,Western
21,6,1,45028.92,Western
21,6,2,47507.29,Western
21,6,3,48852.73,Western
21,6,4,50640.4,Western
21,6,5,47961.66,Western
21,6,6,46462.63,Western
21,6,7,45242.41,Western
21,6,8,44767.64,Western
21,6,9,45591.63,Western
21,6,10,46671.07,Western
21,6,11,44034.14,Western
21,6,12,44686.44,Western
22,0,1,46217.98,Western
22,0,2,49271.11,Western
22,0,3,49903.23,Western
22,0,4,53627.54,Western
22,0,5,51761.87,Western
22,0,6,49384.15,Western
22,0,7,46753.39,Western
22,0,8,46173.53,Western
22,0,9,46997.85,Western
22,0,10,48073.45,Western
22,0,11,45907.0,Western
22,0,12,45694.62,Western
22,1,1,46439.55,Western
22,1,2,49383.46,Western
22,1,3,50550.5,Western
22,1,4,53401.3,Western
22,1,5,52359.29,Western
22,1,6,49573.26,Western
22,1,7,46631.29,Western
22,1,8,47108.3,Western
22,1,9,47004.88,Western
22,1,10,47913.16,Western
22,1,11,46487.12,Western
22,1,12,45839.13,Western
22,2,1,45806.36,Western
22,2,2,49306.68,Western
22,2,3,51186.61,Western
22,2,4,52080.22,Western
22,2,5,52355.75,Western
22,2,6,49332.12,Western
22,2,7,46237.1,Western
22,2,8,46999.96,Western
22,2,9,46723.7,Western
22,2,10,47793.2,Western
22,2,11,46998.21,Western
22,2,12,45938.0,Western
22,3,1,45471.04,Western
22,3,2,49679.06,Western
22,3,3,51404.99,Western
22,3,4,51993.29,Western
22,3,5,52141.53,Western
22,3,6,49774.9,Western
22,3,7,46836.9,Western
22,3,8,46379.55,Western
22,3,9,46594.04,Western
22,3,10,48070.91,Western
22,3,11,46732.13,Western
22,3,12,46068.48,Western
22,4,1,45397.12,Western
22,4,2,49034.48,Western
22,4,3,50884.39,Western
22,4,4,53082.09,Western
22,4,5,51569.83,Western
22,4,6,49449.48,Western
22,4,7,46475.23,Western
22,4,8,46024.85,Western
22,4,9,47522.96,Western
22,4,10,47853.73,Western
22,4,11,46048.35,Western
22,4,12,45955.78,Western
22,5,1,45230.25,Western
22,5,2,48544.39,Western
22,5,3,50875.4,Western
22,5,4,52834.9,Western
22,5,5,50980.6,Western
22,5,6,48940.72,Western
22,5,7,46430.83,Western
22,5,8,45694.36,Western
22,5,9,47257.11,Western
22,5,10,47709.57,Western
22,5,11,45693.02,Western
22,5,12,46031.51,Western
22,6,1,44270.63,Western
22,6,2,47469.68,Western
22,6,3,49294.08,Western
22,6,4,52065.14,Western
22,6,5,49588.61,Western
22,6,6,47493.8,Western
22,6,7,45450.01,Western
22,6,8,44602.26,Western
22,6,9,45491.05,Western
22,6,10,46786.69,Western
22,6,11,44236.47,Western
22,6,12,44329.52,Western
23,0,1,45700.84,Western
23,0,2,49309.6,Western
23,0,3,50436.46,Western
23,0,4,54574.71,Western
23,0,5,52736.32,Western
23,0,6,49709.56,Western
23,0,7,46295.5,Western
23,0,8,45610.17,Western
23,0,9,46321.44,Western
23,0,10,47994.88,Western
23,0,11,46053.03,Western
23,0,12,45509.26,Western
23,1,1,45951.61,Western
23,1,2,49409.22,Western
23,1,3,51146.79,Western
23,1,4,54319.93,Western
23,1,5,53450.15,Western
23,1,6,49723.23,Western
23,1,7,46199.38,Western
23,1,8,46608.13,Western
23,1,9,46393.64,Western
23,1,10,47818.7,Western
23,1,11,46715.06,Western
23,1,12,45404.0,Western
23,2,1,45244.36,Western
23,2,2,49205.55,Western
23,2,3,51744.02,Western
23,2,4,52944.77,Western
23,2,5,53431.0,Western
23,2,6,49729.37,Western
23,2,7,45788.2,Western
23,2,8,46415.12,Western
23,2,9,46154.75,Western
23,2,10,47675.81,Western
23,2,11,47132.25,Western
23,2,12,45631.16,Western
23,3,1,44862.13,Western
23,3,2,49644.54,Western
23,3,3,52056.96,Western
23,3,4,52922.68,Western
23,3,5,53298.92,Western
23,3,6,50064.61,Western
23,3,7,46441.18,Western
23,3,8,45803.99,Western
23,3,9,46032.81,Western
23,3,10,47888.61,Western
23,3,11,46856.83,Western
23,3,12,45812.3,Western
23,4,1,44838.51,Western
23,4,2,49136.72,Western
23,4,3,51298.92,Western
23,4,4,54100.78,Western
23,4,5,52739.58,Western
23,4,6,49724.95,Western
23,4,7,46058.99,Western
23,4,8,45479.32,Western
23,4,9,46987.99,Western
23,4,10,47740.2,Western
23,4,11,46334.71,Western
23,4,12,45658.24,Western
23,5,1,44823.79,Western
23,5,2,48592.26,Western
23,5,3,51319.85,Western
23,5,4,53860.8,Western
23,5,5,52060.42,Western
23,5,6,49375.23,Western
23,5,7,46127.66,Western
23,5,8,45238.32,Western
23,5,9,46723.04,Western
23,5,10,47640.45,Western
23,5,11,45962.8,Western
23,5,12,45804.2,Western
23,6,1,43953.91,Western
23,6,2,47626.13,Western
23,6,3,49900.27,Western
23,6,4,53208.3,Western
23,6,5,50950.38,Western
23,6,6,48070.42,Western
23,6,7,45275.92,Western
23,6,8,44331.61,Western
23,6,9,45069.53,Western
23,6,10,46838.73,Western
23,6,11,44523.38,Western
23,6,12,44267.44,Western
0,0,1,14652.1,Eastern
0,0,2,14971.52,Eastern
0,0,3,17186.57,Eastern
0,0,4,19874.64,Eastern
0,0,5,20790.21,Eastern
0,0,6,21527.51,Eastern
0,0,7,22521.96,Eastern
0,0,8,22008.33,Eastern
0,0,9,21841.03,Eastern
0,0,10,19599.56,Eastern
0,0,11,15070.44,Eastern
0,0,12,13990.52,Eastern
0,1,1,14890.08,Eastern
0,1,2,15363.48,Eastern
0,1,3,17563.86,Eastern
0,1,4,20311.41,Eastern
0,1,5,21064.39,Eastern
0,1,6,21765.04,Eastern
0,1,7,22554.77,Eastern
0,1,8,22588.06,Eastern
0,1,9,22062.67,Eastern
0,1,10,19265.27,Eastern
0,1,11,15400.53,Eastern
0,1,12,14285.04,Eastern
0,2,1,14756.64,Eastern
0,2,2,15297.03,Eastern
0,2,3,17888.13,Eastern
0,2,4,19921.27,Eastern
0,2,5,20582.87,Eastern
0,2,6,22054.03,Eastern
0,2,7,22403.26,Eastern
0,2,8,22307.61,Eastern
0,2,9,21328.06,Eastern
0,2,10,19279.71,Eastern
0,2,11,15550.06,Eastern
0,2,12,14291.93,Eastern
0,3,1,14646.84,Eastern
0,3,2,15501.42,Eastern
0,3,3,17969.82,Eastern
0,3,4,20117.99,Eastern
0,3,5,19829.77,Eastern
0,3,6,22194.57,Eastern
0,3,7,22605.16,Eastern
0,3,8,22132.49,Eastern
0,3,9,21810.96,Eastern
0,3,10,19357.32,Eastern
0,3,11,15471.58,Eastern
0,3,12,14591.71,Eastern
0,4,1,14691.41,Eastern
0,4,2,15381.88,Eastern
0,4,3,17661.11,Eastern
0,4,4,20367.0,Eastern
0,4,5,19331.22,Eastern
0,4,6,22412.15,Eastern
0,4,7,22628.7,Eastern
0,4,8,21762.21,Eastern
0,4,9,22174.12,Eastern
0,4,10,19286.95,Eastern
0,4,11,15396.69,Eastern
0,4,12,14633.26,Eastern
0,5,1,14767.99,Eastern
0,5,2,15265.53,Eastern
0,5,3,17717.97,Eastern
0,5,4,20119.51,Eastern
0,5,5,20010.66,Eastern
0,5,6,21972.21,Eastern
0,5,7,22693.26,Eastern
0,5,8,21912.87,Eastern
0,5,9,22217.31,Eastern
0,5,10,19816.46,Eastern
0,5,11,15414.41,Eastern
0,5,12,14583.07,Eastern
0,6,1,14768.22,Eastern
0,6,2,15405.2,Eastern
0,6,3,17629.28,Eastern
0,6,4,19999.4,Eastern
0,6,5,20694.32,Eastern
0,6,6,21942.97,Eastern
0,6,7,22897.03,Eastern
0,6,8,22032.64,Eastern
0,6,9,21997.86,Eastern
0,6,10,19912.16,Eastern
0,6,11,15311.31,Eastern
0,6,12,14414.07,Eastern
1,0,1,14279.5,Eastern
1,0,2,14642.29,Eastern
1,0,3,16893.34,Eastern
1,0,4,19440.56,Eastern
1,0,5,20312.37,Eastern
1,0,6,21031.32,Eastern
1,0,7,21936.28,Eastern
1,0,8,21503.23,Eastern
1,0,9,21304.78,Eastern
1,0,10,19200.12,Eastern
1,0,11,14874.91,Eastern
1,0,12,13735.77,Eastern
1,1,1,14508.97,Eastern
1,1,2,15052.49,Eastern
1,1,3,17287.71,Eastern
1,1,4,19861.21,Eastern
1,1,5,20579.93,Eastern
1,1,6,21299.92,Eastern
1,1,7,22043.6,Eastern
1,1,8,22104.68,Eastern
1,1,9,21515.69,Eastern
1,1,10,18802.93,Eastern
1,1,11,15176.45,Eastern
1,1,12,14011.44,Eastern
1,2,1,14367.74,Eastern
1,2,2,14974.32,Eastern
1,2,3,17604.58,Eastern
1,2,4,19463.37,Eastern
1,2,5,20096.47,Eastern
1,2,6,21569.18,Eastern
1,2,7,21930.37,Eastern
1,2,8,21827.99,Eastern
1,2,9,20843.92,Eastern
1,2,10,18949.78,Eastern
1,2,11,15317.14,Eastern
1,2,12,14008.21,Eastern
1,3,1,14256.29,Eastern
1,3,2,15196.71,Eastern
1,3,3,17744.01,Eastern
1,3,4,19674.76,Eastern
1,3,5,19384.0,Eastern
1,3,6,21778.39,Eastern
1,3,7,22091.78,Eastern
1,3,8,21671.0,Eastern
1,3,9,21308.04,Eastern
1,3,10,18987.53,Eastern
1,3,11,15164.22,Eastern
1,3,12,14249.43,Eastern
1,4,1,14358.65,Eastern
1,4,2,15052.98,Eastern
1,4,3,17389.57,Eastern
1,4,4,19919.23,Eastern
1,4,5,18964.39,Eastern
1,4,6,21923.14,Eastern
1,4,7,22136.5,Eastern
1,4,8,21313.82,Eastern
1,4,9,21721.82,Eastern
1,4,10,18867.76,Eastern
1,4,11,15174.57,Eastern
1,4,12,14313.69,Eastern
1,5,1,14435.25,Eastern
1,5,2,14953.86,Eastern
1,5,3,17469.15,Eastern
1,5,4,19673.16,Eastern
1,5,5,19557.44,Eastern
1,5,6,21528.06,Eastern
1,5,7,22190.59,Eastern
1,5,8,21415.47,Eastern
1,5,9,21667.44,Eastern
1,5,10,19385.79,Eastern
1,5,11,15217.11,Eastern
1,5,12,14233.91,Eastern
1,6,1,14410.79,Eastern
1,6,2,15122.97,Eastern
1,6,3,17247.78,Eastern
1,6,4,19600.67,Eastern
1,6,5,20238.99,Eastern
1,6,6,21480.26,Eastern
1,6,7,22351.17,Eastern
1,6,8,21547.06,Eastern
1,6,9,21483.35,Eastern
1,6,10,19500.98,Eastern
1,6,11,15060.27,Eastern
1,6,12,14123.89,Eastern
2,0,1,14036.27,Eastern
2,0,2,14407.3,Eastern
2,0,3,16687.35,Eastern
2,0,4,19025.26,Eastern
2,0,5,19912.93,Eastern
2,0,6,20572.34,Eastern
2,0,7,21487.15,Eastern
2,0,8,21137.47,Eastern
2,0,9,20884.39,Eastern
2,0,10,18914.3,Eastern
2,0,11,14688.76,Eastern
2,0,12,13538.09,Eastern
2,1,1,14255.14,Eastern
2,1,2,14831.88,Eastern
2,1,3,17062.0,Eastern
2,1,4,19505.79,Eastern
2,1,5,20139.71,Eastern
2,1,6,20858.52,Eastern
2,1,7,21605.35,Eastern
2,1,8,21757.84,Eastern
2,1,9,21106.68,Eastern
2,1,10,18511.88,Eastern
2,1,11,14944.89,Eastern
2,1,12,13761.8,Eastern
2,2,1,14126.74,Eastern
2,2,2,14787.4,Eastern
2,2,3,17337.49,Eastern
2,2,4,19129.83,Eastern
2,2,5,19662.04,Eastern
2,2,6,21110.88,Eastern
2,2,7,21506.63,Eastern
2,2,8,21405.39,Eastern
2,2,9,20398.42,Eastern
2,2,10,18596.69,Eastern
2,2,11,15197.19,Eastern
2,2,12,13805.52,Eastern
2,3,1,14035.88,Eastern
2,3,2,14964.98,Eastern
2,3,3,17543.02,Eastern
2,3,4,19358.55,Eastern
2,3,5,18982.56,Eastern
2,3,6,21346.09,Eastern
2,3,7,21630.19,Eastern
2,3,8,21271.86,Eastern
2,3,9,20912.42,Eastern
2,3,10,18669.54,Eastern
2,3,11,14937.53,Eastern
2,3,12,14021.88,Eastern
2,4,1,14116.22,Eastern
2,4,2,14806.92,Eastern
2,4,3,17172.51,Eastern
2,4,4,19573.53,Eastern
2,4,5,18565.02,Eastern
2,4,6,21422.19,Eastern
2,4,7,21703.82,Eastern
2,4,8,20956.61,Eastern
2,4,9,21351.67,Eastern
2,4,10,18513.65,Eastern
2,4,11,14959.56,Eastern
2,4,12,14064.4,Eastern
2,5,1,14194.2,Eastern
2,5,2,14746.85,Eastern
2,5,3,17251.14,Eastern
2,5,4,19289.66,Eastern
2,5,5,19145.09,Eastern
2,5,6,21063.4,Eastern
2,5,7,21764.82,Eastern
2,5,8,21051.39,Eastern
2,5,9,21288.51,Eastern
2,5,10,19028.55,Eastern
2,5,11,15022.05,Eastern
2,5,12,13986.82,Eastern
2,6,1,14141.51,Eastern
2,6,2,14916.77,Eastern
2,6,3,17006.24,Eastern
2,6,4,19232.74,Eastern
2,6,5,19918.29,Eastern
2,6,6,21081.77,Eastern
2,6,7,21900.61,Eastern
2,6,8,21175.24,Eastern
2,6,9,21039.59,Eastern
2,6,10,19141.86,Eastern
2,6,11,14787.65,Eastern
2,6,12,13889.88,Eastern
3,0,1,13928.96,Eastern
3,0,2,14283.94,Eastern
3,0,3,16551.63,Eastern
3,0,4,18778.63,Eastern
3,0,5,19613.93,Eastern
3,0,6,20198.58,Eastern
3,0,7,21150.97,Eastern
3,0,8,20879.4,Eastern
3,0,9,20612.62,Eastern
3,0,10,18683.94,Eastern
3,0,11,14556.25,Eastern
3,0,12,13457.47,Eastern
3,1,1,14144.5,Eastern
3,1,2,14749.06,Eastern
3,1,3,16918.73,Eastern
3,1,4,19238.06,Eastern
3,1,5,19817.47,Eastern
3,1,6,20463.15,Eastern
3,1,7,21283.5,Eastern
3,1,8,21468.66,Eastern
3,1,9,20770.91,Eastern
3,1,10,18283.67,Eastern
3,1,11,14838.04,Eastern
3,1,12,13655.49,Eastern
3,2,1,14071.01,Eastern
3,2,2,14700.05,Eastern
3,2,3,17205.83,Eastern
3,2,4,18893.16,Eastern
3,2,5,19299.65,Eastern
3,2,6,20707.81,Eastern
3,2,7,21145.57,Eastern
3,2,8,21106.76,Eastern
3,2,9,20049.02,Eastern
3,2,10,18304.2,Eastern
3,2,11,15059.07,Eastern
3,2,12,13732.87,Eastern
3,3,1,13914.18,Eastern
3,3,2,14869.05,Eastern
3,3,3,17418.95,Eastern
3,3,4,19116.01,Eastern
3,3,5,18679.94,Eastern
3,3,6,20939.07,Eastern
3,3,7,21310.53,Eastern
3,3,8,20932.35,Eastern
3,3,9,20603.63,Eastern
3,3,10,18419.79,Eastern
3,3,11,14885.72,Eastern
3,3,12,13959.33,Eastern
3,4,1,14046.04,Eastern
3,4,2,14678.93,Eastern
3,4,3,17020.08,Eastern
3,4,4,19313.81,Eastern
3,4,5,18278.12,Eastern
3,4,6,21023.68,Eastern
3,4,7,21338.1,Eastern
3,4,8,20682.88,Eastern
3,4,9,21071.33,Eastern
3,4,10,18338.46,Eastern
3,4,11,14814.66,Eastern
3,4,12,13991.7,Eastern
3,5,1,14095.92,Eastern
3,5,2,14624.06,Eastern
3,5,3,17110.42,Eastern
3,5,4,19061.9,Eastern
3,5,5,18849.04,Eastern
3,5,6,20693.57,Eastern
3,5,7,21365.32,Eastern
3,5,8,20747.95,Eastern
3,5,9,20877.61,Eastern
3,5,10,18810.4,Eastern
3,5,11,14884.3,Eastern
3,5,12,13878.86,Eastern
3,6,1,14004.22,Eastern
3,6,2,14782.78,Eastern
3,6,3,16858.32,Eastern
3,6,4,18987.77,Eastern
3,6,5,19595.73,Eastern
3,6,6,20704.7,Eastern
3,6,7,21515.96,Eastern
3,6,8,20857.0,Eastern
3,6,9,20725.58,Eastern
3,6,10,18850.85,Eastern
3,6,11,14689.72,Eastern
3,6,12,13810.19,Eastern
4,0,1,14033.72,Eastern
4,0,2,14377.56,Eastern
4,0,3,16547.06,Eastern
4,0,4,18636.8,Eastern
4,0,5,19366.92,Eastern
4,0,6,19859.95,Eastern
4,0,7,20900.6,Eastern
4,0,8,20642.42,Eastern
4,0,9,20336.66,Eastern
4,0,10,18565.74,Eastern
4,0,11,14654.11,Eastern
4,0,12,13602.77,Eastern
4,1,1,14330.87,Eastern
4,1,2,14902.67,Eastern
4,1,3,16865.93,Eastern
4,1,4,19103.05,Eastern
4,1,5,19498.27,Eastern
4,1,6,20100.75,Eastern
4,1,7,21017.27,Eastern
4,1,8,21243.98,Eastern
4,1,9,20554.2,Eastern
4,1,10,18112.67,Eastern
4,1,11,14942.55,Eastern
4,1,12,13814.72,Eastern
4,2,1,14231.97,Eastern
4,2,2,14811.82,Eastern
4,2,3,17207.83,Eastern
4,2,4,18739.81,Eastern
4,2,5,18992.64,Eastern
4,2,6,20343.63,Eastern
4,2,7,20870.29,Eastern
4,2,8,20870.64,Eastern
4,2,9,19823.88,Eastern
4,2,10,18151.63,Eastern
4,2,11,15119.97,Eastern
4,2,12,13872.24,Eastern
4,3,1,14069.49,Eastern
4,3,2,15037.29,Eastern
4,3,3,17363.73,Eastern
4,3,4,18900.98,Eastern
4,3,5,18407.73,Eastern
4,3,6,20596.36,Eastern
4,3,7,21025.54,Eastern
4,3,8,20710.78,Eastern
4,3,9,20400.33,Eastern
4,3,10,18225.66,Eastern
4,3,11,15044.05,Eastern
4,3,12,14203.45,Eastern
4,4,1,14214.64,Eastern
4,4,2,14800.04,Eastern
4,4,3,17026.83,Eastern
4,4,4,19169.99,Eastern
4,4,5,18043.68,Eastern
4,4,6,20594.12,Eastern
4,4,7,21013.24,Eastern
4,4,8,20548.23,Eastern
4,4,9,20923.63,Eastern
4,4,10,18287.32,Eastern
4,4,11,15005.84,Eastern
4,4,12,14094.07,Eastern
4,5,1,14222.2,Eastern
4,5,2,14769.4,Eastern
4,5,3,17119.6,Eastern
4,5,4,18894.54,Eastern
4,5,5,18574.63,Eastern
4,5,6,20278.22,Eastern
4,5,7,21055.83,Eastern
4,5,8,20559.64,Eastern
4,5,9,20671.88,Eastern
4,5,10,18675.37,Eastern
4,5,11,14999.17,Eastern
4,5,12,14006.73,Eastern
4,6,1,14154.87,Eastern
4,6,2,14943.37,Eastern
4,6,3,16845.16,Eastern
4,6,4,18787.54,Eastern
4,6,5,19297.75,Eastern
4,6,6,20287.86,Eastern
4,6,7,21303.77,Eastern
4,6,8,20614.5,Eastern
4,6,9,20575.0,Eastern
4,6,10,18705.46,Eastern
4,6,11,14821.12,Eastern
4,6,12,13946.11,Eastern
5,0,1,14554.95,Eastern
5,0,2,14954.78,Eastern
5,0,3,16731.72,Eastern
5,0,4,18317.54,Eastern
5,0,5,18549.05,Eastern
5,0,6,19016.1,Eastern
5,0,7,20123.12,Eastern
5,0,8,19964.84,Eastern
5,0,9,19825.2,Eastern
5,0,10,18268.18,Eastern
5,0,11,15039.46,Eastern
5,0,12,14266.8,Eastern
5,1,1,14872.6,Eastern
5,1,2,15562.12,Eastern
5,1,3,17017.4,Eastern
5,1,4,18751.03,Eastern
5,1,5,18653.51,Eastern
5,1,6,19175.66,Eastern
5,1,7,20273.3,Eastern
5,1,8,20597.45,Eastern
5,1,9,20102.44,Eastern
5,1,10,17874.7,Eastern
5,1,11,15434.77,Eastern
5,1,12,14507.21,Eastern
5,2,1,14789.25,Eastern
5,2,2,15369.36,Eastern
5,2,3,17327.94,Eastern
5,2,4,18400.82,Eastern
5,2,5,18202.61,Eastern
5,2,6,19472.1,Eastern
5,2,7,20130.61,Eastern
5,2,8,20228.19,Eastern
5,2,9,19326.33,Eastern
5,2,10,17908.23,Eastern
5,2,11,15580.04,Eastern
5,2,12,14478.04,Eastern
5,3,1,14618.25,Eastern
5,3,2,15654.05,Eastern
5,3,3,17483.54,Eastern
5,3,4,18495.78,Eastern
5,3,5,17670.57,Eastern
5,3,6,19617.51,Eastern
5,3,7,20219.52,Eastern
5,3,8,20092.45,Eastern
5,3,9,19872.02,Eastern
5,3,10,17969.15,Eastern
5,3,11,15535.75,Eastern
5,3,12,14854.69,Eastern
5,4,1,14750.79,Eastern
5,4,2,15409.7,Eastern
5,4,3,17269.86,Eastern
5,4,4,18760.14,Eastern
5,4,5,17335.26,Eastern
5,4,6,19615.57,Eastern
5,4,7,20266.64,Eastern
5,4,8,19976.12,Eastern
5,4,9,20415.67,Eastern
5,4,10,18057.01,Eastern
5,4,11,15491.12,Eastern
5,4,12,14607.63,Eastern
5,5,1,14761.31,Eastern
5,5,2,15376.98,Eastern
5,5,3,17378.63,Eastern
5,5,4,18498.24,Eastern
5,5,5,17861.54,Eastern
5,5,6,19358.2,Eastern
5,5,7,20312.17,Eastern
5,5,8,19929.15,Eastern
5,5,9,20217.27,Eastern
5,5,10,18440.84,Eastern
5,5,11,15368.48,Eastern
5,5,12,14567.87,Eastern
5,6,1,14630.09,Eastern
5,6,2,15490.21,Eastern
5,6,3,16962.45,Eastern
5,6,4,18352.9,Eastern
5,6,5,18316.95,Eastern
5,6,6,19243.6,Eastern
5,6,7,20360.19,Eastern
5,6,8,19882.73,Eastern
5,6,9,20045.79,Eastern
5,6,10,18472.15,Eastern
5,6,11,15161.13,Eastern
5,6,12,14485.88,Eastern
6,0,1,15744.16,Eastern
6,0,2,16179.97,Eastern
6,0,3,16994.29,Eastern
6,0,4,17972.08,Eastern
6,0,5,17984.24,Eastern
6,0,6,18534.65,Eastern
6,0,7,19552.62,Eastern
6,0,8,19194.74,Eastern
6,0,9,18987.35,Eastern
6,0,10,17575.23,Eastern
6,0,11,15295.52,Eastern
6,0,12,15264.64,Eastern
6,1,1,15940.81,Eastern
6,1,2,16661.44,Eastern
6,1,3,17245.25,Eastern
6,1,4,18383.64,Eastern
6,1,5,18040.64,Eastern
6,1,6,18655.02,Eastern
6,1,7,19683.0,Eastern
6,1,8,19841.98,Eastern
6,1,9,19236.32,Eastern
6,1,10,17349.19,Eastern
6,1,11,15710.88,Eastern
6,1,12,15458.12,Eastern
6,2,1,15807.73,Eastern
6,2,2,16399.11,Eastern
6,2,3,17528.74,Eastern
6,2,4,17957.9,Eastern
6,2,5,17611.35,Eastern
6,2,6,18828.88,Eastern
6,2,7,19502.15,Eastern
6,2,8,19513.32,Eastern
6,2,9,18634.57,Eastern
6,2,10,17378.71,Eastern
6,2,11,15906.04,Eastern
6,2,12,15474.11,Eastern
6,3,1,15645.41,Eastern
6,3,2,16689.24,Eastern
6,3,3,17649.78,Eastern
6,3,4,18063.57,Eastern
6,3,5,17119.63,Eastern
6,3,6,19006.78,Eastern
6,3,7,19543.58,Eastern
6,3,8,19360.64,Eastern
6,3,9,19105.63,Eastern
6,3,10,17494.14,Eastern
6,3,11,15880.86,Eastern
6,3,12,15764.27,Eastern
6,4,1,15761.0,Eastern
6,4,2,16401.08,Eastern
6,4,3,17513.84,Eastern
6,4,4,18360.96,Eastern
6,4,5,16808.74,Eastern
6,4,6,19086.96,Eastern
6,4,7,19589.05,Eastern
6,4,8,19232.2,Eastern
6,4,9,19643.23,Eastern
6,4,10,17557.98,Eastern
6,4,11,15763.33,Eastern
6,4,12,15588.42,Eastern
6,5,1,15796.68,Eastern
6,5,2,16263.82,Eastern
6,5,3,17509.86,Eastern
6,5,4,18132.99,Eastern
6,5,5,17424.91,Eastern
6,5,6,18763.23,Eastern
6,5,7,19668.69,Eastern
6,5,8,19277.44,Eastern
6,5,9,19408.22,Eastern
6,5,10,17788.47,Eastern
6,5,11,15620.99,Eastern
6,5,12,15442.22,Eastern
6,6,1,15499.75,Eastern
6,6,2,16289.07,Eastern
6,6,3,17106.2,Eastern
6,6,4,17964.93,Eastern
6,6,5,17704.33,Eastern
6,6,6,18609.13,Eastern
6,6,7,19608.71,Eastern
6,6,8,19023.77,Eastern
6,6,9,19190.88,Eastern
6,6,10,17808.16,Eastern
6,6,11,15322.74,Eastern
6,6,12,15257.27,Eastern
7,0,1,17214.36,Eastern
7,0,2,17564.0,Eastern
7,0,3,17440.54,Eastern
7,0,4,18042.54,Eastern
7,0,5,18009.08,Eastern
7,0,6,18730.16,Eastern
7,0,7,19496.97,Eastern
7,0,8,19222.18,Eastern
7,0,9,18913.23,Eastern
7,0,10,17665.54,Eastern
7,0,11,15771.81,Eastern
7,0,12,16428.7,Eastern
7,1,1,17393.52,Eastern
7,1,2,17948.86,Eastern
7,1,3,17670.89,Eastern
7,1,4,18486.64,Eastern
7,1,5,18010.7,Eastern
7,1,6,18791.59,Eastern
7,1,7,19680.97,Eastern
7,1,8,19766.18,Eastern
7,1,9,19159.76,Eastern
7,1,10,17498.57,Eastern
7,1,11,16228.99,Eastern
7,1,12,16590.41,Eastern
7,2,1,17227.97,Eastern
7,2,2,17686.34,Eastern
7,2,3,17963.89,Eastern
7,2,4,17937.88,Eastern
7,2,5,17677.16,Eastern
7,2,6,18988.65,Eastern
7,2,7,19554.76,Eastern
7,2,8,19436.35,Eastern
7,2,9,18746.73,Eastern
7,2,10,17448.29,Eastern
7,2,11,16349.78,Eastern
7,2,12,16594.06,Eastern
7,3,1,17133.14,Eastern
7,3,2,17959.46,Eastern
7,3,3,18034.9,Eastern
7,3,4,18122.28,Eastern
7,3,5,17173.61,Eastern
7,3,6,19189.94,Eastern
7,3,7,19518.37,Eastern
7,3,8,19295.47,Eastern
7,3,9,19082.59,Eastern
7,3,10,17576.6,Eastern
7,3,11,16374.26,Eastern
7,3,12,16753.62,Eastern
7,4,1,17184.54,Eastern
7,4,2,17606.25,Eastern
7,4,3,17997.69,Eastern
7,4,4,18460.21,Eastern
7,4,5,16928.63,Eastern
7,4,6,19181.23,Eastern
7,4,7,19697.98,Eastern
7,4,8,19258.45,Eastern
7,4,9,19638.08,Eastern
7,4,10,17644.02,Eastern
7,4,11,16288.32,Eastern
7,4,12,16814.86,Eastern
7,5,1,17243.82,Eastern
7,5,2,17446.58,Eastern
7,5,3,17944.26,Eastern
7,5,4,18232.64,Eastern
7,5,5,17489.89,Eastern
7,5,6,18912.4,Eastern
7,5,7,19701.23,Eastern
7,5,8,19226.42,Eastern
7,5,9,19367.28,Eastern
7,5,10,17840.24,Eastern
7,5,11,16094.99,Eastern
7,5,12,16569.98,Eastern
7,6,1,16816.1,Eastern
7,6,2,17361.14,Eastern
7,6,3,17433.93,Eastern
7,6,4,18075.4,Eastern
7,6,5,17723.57,Eastern
7,6,6,18655.78,Eastern
7,6,7,19504.41,Eastern
7,6,8,18922.2,Eastern
7,6,9,18960.24,Eastern
7,6,10,17755.36,Eastern
7,6,11,15798.44,Eastern
7,6,12,16191.83,Eastern
8,0,1,17729.8,Eastern
8,0,2,17870.79,Eastern
8,0,3,17496.19,Eastern
8,0,4,18097.77,Eastern
8,0,5,18129.27,Eastern
8,0,6,19011.85,Eastern
8,0,7,19791.04,Eastern
8,0,8,19435.81,Eastern
8,0,9,19136.78,Eastern
8,0,10,17961.02,Eastern
8,0,11,15937.08,Eastern
8,0,12,16764.62,Eastern
8,1,1,17884.95,Eastern
8,1,2,18221.22,Eastern
8,1,3,17694.49,Eastern
8,1,4,18543.38,Eastern
8,1,5,18154.95,Eastern
8,1,6,19058.27,Eastern
8,1,7,19854.31,Eastern
8,1,8,19914.69,Eastern
8,1,9,19355.39,Eastern
8,1,10,17624.19,Eastern
8,1,11,16269.8,Eastern
8,1,12,16855.56,Eastern
8,2,1,17709.34,Eastern
8,2,2,18058.62,Eastern
8,2,3,18023.23,Eastern
8,2,4,17991.57,Eastern
8,2,5,17894.82,Eastern
8,2,6,19134.66,Eastern
8,2,7,19754.12,Eastern
8,2,8,19645.74,Eastern
8,2,9,19024.46,Eastern
8,2,10,17591.79,Eastern
8,2,11,16416.49,Eastern
8,2,12,16852.54,Eastern
8,3,1,17631.99,Eastern
8,3,2,18297.33,Eastern
8,3,3,18070.38,Eastern
8,3,4,18187.07,Eastern
8,3,5,17362.76,Eastern
8,3,6,19426.42,Eastern
8,3,7,19725.31,Eastern
8,3,8,19430.8,Eastern
8,3,9,19507.55,Eastern
8,3,10,17779.78,Eastern
8,3,11,16417.04,Eastern
8,3,12,16939.25,Eastern
8,4,1,17705.27,Eastern
8,4,2,18003.32,Eastern
8,4,3,18030.66,Eastern
8,4,4,18505.62,Eastern
8,4,5,17086.85,Eastern
8,4,6,19466.73,Eastern
8,4,7,20002.01,Eastern
8,4,8,19436.38,Eastern
8,4,9,19844.74,Eastern
8,4,10,17787.84,Eastern
8,4,11,16289.33,Eastern
8,4,12,17097.93,Eastern
8,5,1,17734.33,Eastern
8,5,2,17738.1,Eastern
8,5,3,17904.09,Eastern
8,5,4,18320.24,Eastern
8,5,5,17644.62,Eastern
8,5,6,19070.61,Eastern
8,5,7,19874.6,Eastern
8,5,8,19416.66,Eastern
8,5,9,19625.13,Eastern
8,5,10,17966.83,Eastern
8,5,11,16116.07,Eastern
8,5,12,16827.62,Eastern
8,6,1,17261.67,Eastern
8,6,2,17542.99,Eastern
8,6,3,17339.96,Eastern
8,6,4,18063.82,Eastern
8,6,5,17788.64,Eastern
8,6,6,18746.59,Eastern
8,6,7,19618.38,Eastern
8,6,8,18985.56,Eastern
8,6,9,19018.91,Eastern
8,6,10,17834.26,Eastern
8,6,11,15750.57,Eastern
8,6,12,16397.56,Eastern
9,0,1,17823.91,Eastern
9,0,2,17826.87,Eastern
9,0,3,17551.15,Eastern
9,0,4,18401.6,Eastern
9,0,5,18477.15,Eastern
9,0,6,19482.81,Eastern
9,0,7,20182.1,Eastern
9,0,8,19819.71,Eastern
9,0,9,19564.16,Eastern
9,0,10,18250.3,Eastern
9,0,11,16009.42,Eastern
9,0,12,16709.37,Eastern
9,1,1,17872.94,Eastern
9,1,2,18134.93,Eastern
9,1,3,17727.03,Eastern
9,1,4,18760.8,Eastern
9,1,5,18521.22,Eastern
9,1,6,19522.11,Eastern
9,1,7,20291.87,Eastern
9,1,8,20309.91,Eastern
9,1,9,19726.21,Eastern
9,1,10,17898.81,Eastern
9,1,11,16262.02,Eastern
9,1,12,16750.25,Eastern
9,2,1,17729.6,Eastern
9,2,2,17948.95,Eastern
9,2,3,18056.38,Eastern
9,2,4,18210.51,Eastern
9,2,5,18198.26,Eastern
9,2,6,19519.54,Eastern
9,2,7,20207.25,Eastern
9,2,8,20027.88,Eastern
9,2,9,19524.14,Eastern
9,2,10,17909.51,Eastern
9,2,11,16462.87,Eastern
9,2,12,16846.47,Eastern
9,3,1,17620.7,Eastern
9,3,2,18177.27,Eastern
9,3,3,18129.08,Eastern
9,3,4,18402.8,Eastern
9,3,5,17724.7,Eastern
9,3,6,19821.6,Eastern
9,3,7,20073.7,Eastern
9,3,8,19714.13,Eastern
9,3,9,19804.51,Eastern
9,3,10,18068.17,Eastern
9,3,11,16349.3,Eastern
9,3,12,16867.48,Eastern
9,4,1,17765.12,Eastern
9,4,2,17964.42,Eastern
9,4,3,18095.26,Eastern
9,4,4,18744.15,Eastern
9,4,5,17462.08,Eastern
9,4,6,19868.58,Eastern
9,4,7,20355.88,Eastern
9,4,8,19840.43,Eastern
9,4,9,20181.1,Eastern
9,4,10,18111.41,Eastern
9,4,11,16267.54,Eastern
9,4,12,17078.61,Eastern
9,5,1,17733.36,Eastern
9,5,2,17695.8,Eastern
9,5,3,17916.73,Eastern
9,5,4,18646.48,Eastern
9,5,5,17940.74,Eastern
9,5,6,19399.09,Eastern
9,5,7,20202.12,Eastern
9,5,8,19746.27,Eastern
9,5,9,19959.8,Eastern
9,5,10,18228.37,Eastern
9,5,11,16104.8,Eastern
9,5,12,16824.9,Eastern
9,6,1,17209.4,Eastern
9,6,2,17367.71,Eastern
9,6,3,17317.08,Eastern
9,6,4,18197.93,Eastern
9,6,5,17939.69,Eastern
9,6,6,18890.92,Eastern
9,6,7,19870.91,Eastern
9,6,8,19243.3,Eastern
9,6,9,19212.91,Eastern
9,6,10,17977.3,Eastern
9,6,11,15625.09,Eastern
9,6,12,16295.28,Eastern
10,0,1,17602.36,Eastern
10,0,2,17474.52,Eastern
10,0,3,17599.48,Eastern
10,0,4,18703.14,Eastern
10,0,5,18909.55,Eastern
10,0,6,19947.8,Eastern
10,0,7,20526.42,Eastern
10,0,8,20182.41,Eastern
10,0,9,19834.44,Eastern
10,0,10,18456.14,Eastern
10,0,11,15923.76,Eastern
10,0,12,16497.95,Eastern
10,1,1,17487.0,Eastern
10,1,2,17720.88,Eastern
10,1,3,17715.47,Eastern
10,1,4,18997.75,Eastern
10,1,5,18921.48,Eastern
10,1,6,19979.42,Eastern
10,1,7,20505.43,Eastern
10,1,8,20649.43,Eastern
10,1,9,19924.91,Eastern
10,1,10,18107.58,Eastern
10,1,11,16194.92,Eastern
10,1,12,16444.69,Eastern
10,2,1,17391.01,Eastern
10,2,2,17610.39,Eastern
10,2,3,18024.66,Eastern
10,2,4,18477.15,Eastern
10,2,5,18607.19,Eastern
10,2,6,19956.5,Eastern
10,2,7,20529.04,Eastern
10,2,8,20306.91,Eastern
10,2,9,19770.74,Eastern
10,2,10,18157.41,Eastern
10,2,11,16402.58,Eastern
10,2,12,16525.2,Eastern
10,3,1,17251.21,Eastern
10,3,2,17750.72,Eastern
10,3,3,18167.45,Eastern
10,3,4,18655.77,Eastern
10,3,5,17967.18,Eastern
10,3,6,20188.58,Eastern
10,3,7,20423.46,Eastern
10,3,8,19967.24,Eastern
10,3,9,20046.23,Eastern
10,3,10,18253.74,Eastern
10,3,11,16219.58,Eastern
10,3,12,16600.28,Eastern
10,4,1,17455.59,Eastern
10,4,2,17607.92,Eastern
10,4,3,18085.89,Eastern
10,4,4,18987.62,Eastern
10,4,5,17876.31,Eastern
10,4,6,20236.25,Eastern
10,4,7,20629.24,Eastern
10,4,8,20118.4,Eastern
10,4,9,20443.46,Eastern
10,4,10,18341.39,Eastern
10,4,11,16169.53,Eastern
10,4,12,16891.07,Eastern
10,5,1,17343.64,Eastern
10,5,2,17354.3,Eastern
10,5,3,17928.97,Eastern
10,5,4,18980.27,Eastern
10,5,5,18258.38,Eastern
10,5,6,19723.65,Eastern
10,5,7,20385.34,Eastern
10,5,8,20017.95,Eastern
10,5,9,20189.62,Eastern
10,5,10,18478.32,Eastern
10,5,11,16013.4,Eastern
10,5,12,16583.01,Eastern
10,6,1,17010.66,Eastern
10,6,2,17019.75,Eastern
10,6,3,17295.83,Eastern
10,6,4,18354.22,Eastern
10,6,5,18199.09,Eastern
10,6,6,19122.65,Eastern
10,6,7,19996.19,Eastern
10,6,8,19519.02,Eastern
10,6,9,19465.3,Eastern
10,6,10,18103.89,Eastern
10,6,11,15548.47,Eastern
10,6,12,16061.26,Eastern
11,0,1,17299.43,Eastern
11,0,2,17221.09,Eastern
11,0,3,17611.28,Eastern
11,0,4,18952.37,Eastern
11,0,5,19312.21,Eastern
11,0,6,20200.59,Eastern
11,0,7,20698.19,Eastern
11,0,8,20350.75,Eastern
11,0,9,20027.8,Eastern
11,0,10,18539.89,Eastern
11,0,11,15869.0,Eastern
11,0,12,16243.78,Eastern
11,1,1,17152.81,Eastern
11,1,2,17425.32,Eastern
11,1,3,17782.88,Eastern
11,1,4,19218.48,Eastern
11,1,5,19254.68,Eastern
11,1,6,20276.19,Eastern
11,1,7,20596.48,Eastern
11,1,8,20924.48,Eastern
11,1,9,20058.35,Eastern
11,1,10,18227.3,Eastern
11,1,11,16104.62,Eastern
11,1,12,16259.72,Eastern
11,2,1,17055.22,Eastern
11,2,2,17296.74,Eastern
11,2,3,18096.25,Eastern
11,2,4,18735.61,Eastern
11,2,5,18887.12,Eastern
11,2,6,20289.03,Eastern
11,2,7,20668.25,Eastern
11,2,8,20537.25,Eastern
11,2,9,19960.11,Eastern
11,2,10,18308.53,Eastern
11,2,11,16318.49,Eastern
11,2,12,16364.29,Eastern
11,3,1,16864.56,Eastern
11,3,2,17402.07,Eastern
11,3,3,18160.11,Eastern
11,3,4,18900.99,Eastern
11,3,5,18381.23,Eastern
11,3,6,20542.4,Eastern
11,3,7,20574.13,Eastern
11,3,8,20176.71,Eastern
11,3,9,20115.91,Eastern
11,3,10,18390.65,Eastern
11,3,11,16139.06,Eastern
11,3,12,16425.75,Eastern
11,4,1,17164.15,Eastern
11,4,2,17431.82,Eastern
11,4,3,18195.02,Eastern
11,4,4,19330.87,Eastern
11,4,5,18249.66,Eastern
11,4,6,20473.8,Eastern
11,4,7,20849.92,Eastern
11,4,8,20268.95,Eastern
11,4,9,20639.1,Eastern
11,4,10,18467.4,Eastern
11,4,11,16111.85,Eastern
11,4,12,16780.59,Eastern
11,5,1,16971.52,Eastern
11,5,2,17076.02,Eastern
11,5,3,17928.24,Eastern
11,5,4,19253.65,Eastern
11,5,5,18609.29,Eastern
11,5,6,19950.04,Eastern
11,5,7,20610.4,Eastern
11,5,8,20153.19,Eastern
11,5,9,20318.93,Eastern
11,5,10,18579.76,Eastern
11,5,11,15962.25,Eastern
11,5,12,16380.4,Eastern
11,6,1,16749.96,Eastern
11,6,2,16731.62,Eastern
11,6,3,17254.55,Eastern
11,6,4,18566.23,Eastern
11,6,5,18488.83,Eastern
11,6,6,19341.19,Eastern
11,6,7,20157.98,Eastern
11,6,8,19549.01,Eastern
11,6,9,19613.29,Eastern
11,6,10,18184.16,Eastern
11,6,11,15466.48,Eastern
11,6,12,15996.02,Eastern
12,0,1,16908.62,Eastern
12,0,2,16921.9,Eastern
12,0,3,17584.89,Eastern
12,0,4,19076.87,Eastern
12,0,5,19544.64,Eastern
12,0,6,20345.27,Eastern
12,0,7,20712.91,Eastern
12,0,8,20476.67,Eastern
12,0,9,20069.11,Eastern
12,0,10,18541.79,Eastern
12,0,11,15744.42,Eastern
12,0,12,16016.08,Eastern
12,1,1,16865.94,Eastern
12,1,2,17057.61,Eastern
12,1,3,17710.85,Eastern
12,1,4,19465.91,Eastern
12,1,5,19562.22,Eastern
12,1,6,20426.42,Eastern
12,1,7,20686.04,Eastern
12,1,8,20983.12,Eastern
12,1,9,20046.92,Eastern
12,1,10,18192.88,Eastern
12,1,11,16015.14,Eastern
12,1,12,16009.85,Eastern
12,2,1,16730.67,Eastern
12,2,2,16963.86,Eastern
12,2,3,18033.16,Eastern
12,2,4,18962.24,Eastern
12,2,5,19161.07,Eastern
12,2,6,20495.16,Eastern
12,2,7,20707.52,Eastern
12,2,8,20586.12,Eastern
12,2,9,20026.04,Eastern
12,2,10,18291.98,Eastern
12,2,11,16175.41,Eastern
12,2,12,16181.04,Eastern
12,3,1,16535.45,Eastern
12,3,2,17058.04,Eastern
12,3,3,18093.46,Eastern
12,3,4,19121.38,Eastern
12,3,5,18633.46,Eastern
12,3,6,20718.94,Eastern
12,3,7,20672.88,Eastern
12,3,8,20314.48,Eastern
12,3,9,20159.98,Eastern
12,3,10,18422.09,Eastern
12,3,11,15962.47,Eastern
12,3,12,16249.85,Eastern
12,4,1,16867.98,Eastern
12,4,2,17192.12,Eastern
12,4,3,18092.73,Eastern
12,4,4,19515.66,Eastern
12,4,5,18583.93,Eastern
12,4,6,20608.44,Eastern
12,4,7,20893.14,Eastern
12,4,8,20291.38,Eastern
12,4,9,20696.15,Eastern
12,4,10,18481.34,Eastern
12,4,11,16004.04,Eastern
12,4,12,16593.76,Eastern
12,5,1,16645.39,Eastern
12,5,2,16743.21,Eastern
12,5,3,17877.47,Eastern
12,5,4,19386.41,Eastern
12,5,5,18888.57,Eastern
12,5,6,20124.22,Eastern
12,5,7,20679.6,Eastern
12,5,8,20228.89,Eastern
12,5,9,20246.9,Eastern
12,5,10,18567.91,Eastern
12,5,11,15810.02,Eastern
12,5,12,16248.68,Eastern
12,6,1,16436.28,Eastern
12,6,2,16467.39,Eastern
12,6,3,17214.54,Eastern
12,6,4,18722.1,Eastern
12,6,5,18839.12,Eastern
12,6,6,19534.02,Eastern
12,6,7,20282.75,Eastern
12,6,8,19566.74,Eastern
12,6,9,19686.17,Eastern
12,6,10,18173.07,Eastern
12,6,11,15404.88,Eastern
12,6,12,15795.89,Eastern
13,0,1,16173.69,Eastern
13,0,2,16245.48,Eastern
13,0,3,17221.23,Eastern
13,0,4,18957.88,Eastern
13,0,5,19723.28,Eastern
13,0,6,20310.05,Eastern
13,0,7,20613.19,Eastern
13,0,8,20408.66,Eastern
13,0,9,19836.46,Eastern
13,0,10,18334.27,Eastern
13,0,11,15268.42,Eastern
13,0,12,15330.27,Eastern
13,1,1,16231.59,Eastern
13,1,2,16365.19,Eastern
13,1,3,17340.08,Eastern
13,1,4,19447.98,Eastern
13,1,5,19619.93,Eastern
13,1,6,20446.46,Eastern
13,1,7,20564.86,Eastern
13,1,8,20840.33,Eastern
13,1,9,19731.58,Eastern
13,1,10,18005.54,Eastern
13,1,11,15480.65,Eastern
13,1,12,15330.56,Eastern
13,2,1,16074.79,Eastern
13,2,2,16262.02,Eastern
13,2,3,17661.43,Eastern
13,2,4,18943.58,Eastern
13,2,5,19240.94,Eastern
13,2,6,20495.21,Eastern
13,2,7,20623.35,Eastern
13,2,8,20371.71,Eastern
13,2,9,19830.56,Eastern
13,2,10,18043.55,Eastern
13,2,11,15655.43,Eastern
13,2,12,15518.9,Eastern
13,3,1,15876.79,Eastern
13,3,2,16355.29,Eastern
13,3,3,17761.55,Eastern
13,3,4,19146.51,Eastern
13,3,5,18693.46,Eastern
13,3,6,20703.86,Eastern
13,3,7,20544.92,Eastern
13,3,8,20234.91,Eastern
13,3,9,19963.73,Eastern
13,3,10,18229.62,Eastern
13,3,11,15496.79,Eastern
13,3,12,15593.88,Eastern
13,4,1,16028.34,Eastern
13,4,2,16242.18,Eastern
13,4,3,17655.58,Eastern
13,4,4,19486.34,Eastern
13,4,5,18719.89,Eastern
13,4,6,20587.18,Eastern
13,4,7,20689.51,Eastern
13,4,8,20166.88,Eastern
13,4,9,20582.21,Eastern
13,4,10,18308.04,Eastern
13,4,11,15413.76,Eastern
13,4,12,15801.72,Eastern
13,5,1,15931.4,Eastern
13,5,2,16038.52,Eastern
13,5,3,17453.47,Eastern
13,5,4,19304.63,Eastern
13,5,5,19123.32,Eastern
13,5,6,20171.45,Eastern
13,5,7,20623.03,Eastern
13,5,8,20150.78,Eastern
13,5,9,20053.79,Eastern
13,5,10,18455.46,Eastern
13,5,11,15211.63,Eastern
13,5,12,15621.04,Eastern
13,6,1,15852.04,Eastern
13,6,2,15862.86,Eastern
13,6,3,16937.18,Eastern
13,6,4,18676.81,Eastern
13,6,5,19041.02,Eastern
13,6,6,19654.41,Eastern
13,6,7,20253.54,Eastern
13,6,8,19495.14,Eastern
13,6,9,19675.01,Eastern
13,6,10,18070.63,Eastern
13,6,11,15024.29,Eastern
13,6,12,15181.99,Eastern
14,0,1,15593.96,Eastern
14,0,2,15639.3,Eastern
14,0,3,16964.12,Eastern
14,0,4,18993.34,Eastern
14,0,5,19946.1,Eastern
14,0,6,20445.17,Eastern
14,0,7,20734.77,Eastern
14,0,8,20418.87,Eastern
14,0,9,19638.83,Eastern
14,0,10,18068.13,Eastern
14,0,11,14814.89,Eastern
14,0,12,14687.87,Eastern
14,1,1,15656.79,Eastern
14,1,2,15818.5,Eastern
14,1,3,17137.87,Eastern
14,1,4,19585.49,Eastern
14,1,5,19736.12,Eastern
14,1,6,20602.88,Eastern
14,1,7,20615.65,Eastern
14,1,8,20750.94,Eastern
14,1,9,19490.9,Eastern
14,1,10,17854.43,Eastern
14,1,11,15020.39,Eastern
14,1,12,14691.32,Eastern
14,2,1,15433.84,Eastern
14,2,2,15654.98,Eastern
14,2,3,17432.41,Eastern
14,2,4,19017.55,Eastern
14,2,5,19346.24,Eastern
14,2,6,20588.83,Eastern
14,2,7,20593.56,Eastern
14,2,8,20318.4,Eastern
14,2,9,19692.38,Eastern
14,2,10,17914.73,Eastern
14,2,11,15238.72,Eastern
14,2,12,14860.5,Eastern
14,3,1,15274.66,Eastern
14,3,2,15800.05,Eastern
14,3,3,17624.2,Eastern
14,3,4,19264.09,Eastern
14,3,5,18813.22,Eastern
14,3,6,20882.77,Eastern
14,3,7,20586.35,Eastern
14,3,8,20229.9,Eastern
14,3,9,19867.57,Eastern
14,3,10,18014.22,Eastern
14,3,11,15096.95,Eastern
14,3,12,14952.96,Eastern
14,4,1,15332.18,Eastern
14,4,2,15677.1,Eastern
14,4,3,17397.74,Eastern
14,4,4,19619.53,Eastern
14,4,5,18940.15,Eastern
14,4,6,20678.7,Eastern
14,4,7,20601.03,Eastern
14,4,8,20165.77,Eastern
14,4,9,20505.31,Eastern
14,4,10,18226.7,Eastern
14,4,11,14965.31,Eastern
14,4,12,15144.73,Eastern
14,5,1,15249.27,Eastern
14,5,2,15469.07,Eastern
14,5,3,17226.68,Eastern
14,5,4,19324.57,Eastern
14,5,5,19388.71,Eastern
14,5,6,20308.11,Eastern
14,5,7,20538.42,Eastern
14,5,8,20094.37,Eastern
14,5,9,19887.88,Eastern
14,5,10,18334.15,Eastern
14,5,11,14768.17,Eastern
14,5,12,14970.03,Eastern
14,6,1,14923.38,Eastern
14,6,2,15044.01,Eastern
14,6,3,16621.41,Eastern
14,6,4,18644.04,Eastern
14,6,5,19322.13,Eastern
14,6,6,19694.78,Eastern
14,6,7,20181.85,Eastern
14,6,8,19462.32,Eastern
14,6,9,19662.98,Eastern
14,6,10,17867.5,Eastern
14,6,11,14418.03,Eastern
14,6,12,14337.22,Eastern
15,0,1,15571.63,Eastern
15,0,2,15693.26,Eastern
15,0,3,17142.36,Eastern
15,0,4,19243.17,Eastern
15,0,5,20208.79,Eastern
15,0,6,20423.33,Eastern
15,0,7,20900.82,Eastern
15,0,8,20459.51,Eastern
15,0,9,19548.91,Eastern
15,0,10,18074.07,Eastern
15,0,11,14959.9,Eastern
15,0,12,14688.37,Eastern
15,1,1,15657.36,Eastern
15,1,2,15834.58,Eastern
15,1,3,17233.51,Eastern
15,1,4,19685.11,Eastern
15,1,5,19791.04,Eastern
15,1,6,20516.49,Eastern
15,1,7,20640.1,Eastern
15,1,8,20643.73,Eastern
15,1,9,19485.27,Eastern
15,1,10,17918.65,Eastern
15,1,11,15212.68,Eastern
15,1,12,14766.62,Eastern
15,2,1,15405.07,Eastern
15,2,2,15714.48,Eastern
15,2,3,17622.76,Eastern
15,2,4,19195.4,Eastern
15,2,5,19419.86,Eastern
15,2,6,20638.9,Eastern
15,2,7,20606.34,Eastern
15,2,8,20255.37,Eastern
15,2,9,19742.79,Eastern
15,2,10,17918.21,Eastern
15,2,11,15353.1,Eastern
15,2,12,14899.13,Eastern
15,3,1,15321.72,Eastern
15,3,2,15852.3,Eastern
15,3,3,17725.66,Eastern
15,3,4,19388.13,Eastern
15,3,5,18802.24,Eastern
15,3,6,20976.72,Eastern
15,3,7,20660.16,Eastern
15,3,8,20213.57,Eastern
15,3,9,19894.68,Eastern
15,3,10,18071.85,Eastern
15,3,11,15319.72,Eastern
15,3,12,14961.52,Eastern
15,4,1,15358.21,Eastern
15,4,2,15630.35,Eastern
15,4,3,17503.51,Eastern
15,4,4,19721.08,Eastern
15,4,5,19032.91,Eastern
15,4,6,20668.09,Eastern
15,4,7,20563.0,Eastern
15,4,8,20144.57,Eastern
15,4,9,20483.94,Eastern
15,4,10,18254.29,Eastern
15,4,11,15135.61,Eastern
15,4,12,15095.93,Eastern
15,5,1,15253.52,Eastern
15,5,2,15509.52,Eastern
15,5,3,17396.3,Eastern
15,5,4,19435.18,Eastern
15,5,5,19523.67,Eastern
15,5,6,20259.16,Eastern
15,5,7,20528.04,Eastern
15,5,8,20051.12,Eastern
15,5,9,19842.59,Eastern
15,5,10,18319.94,Eastern
15,5,11,14893.18,Eastern
15,5,12,15014.44,Eastern
15,6,1,14722.83,Eastern
15,6,2,14883.83,Eastern
15,6,3,16665.13,Eastern
15,6,4,18706.57,Eastern
15,6,5,19344.67,Eastern
15,6,6,19706.55,Eastern
15,6,7,20244.99,Eastern
15,6,8,19376.13,Eastern
15,6,9,19566.83,Eastern
15,6,10,17767.6,Eastern
15,6,11,14436.28,Eastern
15,6,12,14211.11,Eastern
16,0,1,16035.2,Eastern
16,0,2,16067.22,Eastern
16,0,3,17215.05,Eastern
16,0,4,19007.46,Eastern
16,0,5,19576.51,Eastern
16,0,6,19912.79,Eastern
16,0,7,20467.07,Eastern
16,0,8,20047.2,Eastern
16,0,9,19321.98,Eastern
16,0,10,17953.37,Eastern
16,0,11,15646.37,Eastern
16,0,12,15395.59,Eastern
16,1,1,16013.41,Eastern
16,1,2,16181.15,Eastern
16,1,3,17360.92,Eastern
16,1,4,19384.78,Eastern
16,1,5,19217.67,Eastern
16,1,6,19775.35,Eastern
16,1,7,20218.75,Eastern
16,1,8,20248.68,Eastern
16,1,9,19226.36,Eastern
16,1,10,17781.64,Eastern
16,1,11,15871.08,Eastern
16,1,12,15514.26,Eastern
16,2,1,15864.79,Eastern
16,2,2,16074.73,Eastern
16,2,3,17625.84,Eastern
16,2,4,18886.06,Eastern
16,2,5,18831.27,Eastern
16,2,6,20012.4,Eastern
16,2,7,20234.91,Eastern
16,2,8,19952.29,Eastern
16,2,9,19464.01,Eastern
16,2,10,17871.78,Eastern
16,2,11,16045.15,Eastern
16,2,12,15617.61,Eastern
16,3,1,15790.66,Eastern
16,3,2,16226.42,Eastern
16,3,3,17704.59,Eastern
16,3,4,18932.94,Eastern
16,3,5,18085.5,Eastern
16,3,6,20403.89,Eastern
16,3,7,20287.99,Eastern
16,3,8,19959.98,Eastern
16,3,9,19702.96,Eastern
16,3,10,18006.79,Eastern
16,3,11,16019.48,Eastern
16,3,12,15692.0,Eastern
16,4,1,15830.86,Eastern
16,4,2,15933.63,Eastern
16,4,3,17602.23,Eastern
16,4,4,19427.78,Eastern
16,4,5,18469.3,Eastern
16,4,6,20078.65,Eastern
16,4,7,20104.66,Eastern
16,4,8,19789.18,Eastern
16,4,9,20181.88,Eastern
16,4,10,18139.88,Eastern
16,4,11,15780.77,Eastern
16,4,12,15751.98,Eastern
16,5,1,15753.21,Eastern
16,5,2,15800.71,Eastern
16,5,3,17473.82,Eastern
16,5,4,18990.74,Eastern
16,5,5,18887.36,Eastern
16,5,6,19636.96,Eastern
16,5,7,20100.13,Eastern
16,5,8,19641.18,Eastern
16,5,9,19512.92,Eastern
16,5,10,18243.55,Eastern
16,5,11,15565.19,Eastern
16,5,12,15646.54,Eastern
16,6,1,15194.81,Eastern
16,6,2,15249.86,Eastern
16,6,3,16707.6,Eastern
16,6,4,18380.05,Eastern
16,6,5,18686.63,Eastern
16,6,6,19173.82,Eastern
16,6,7,19835.91,Eastern
16,6,8,19052.52,Eastern
16,6,9,19178.93,Eastern
16,6,10,17674.47,Eastern
16,6,11,14952.2,Eastern
16,6,12,14826.19,Eastern
17,0,1,17847.96,Eastern
17,0,2,17206.0,Eastern
17,0,3,17558.82,Eastern
17,0,4,18777.87,Eastern
17,0,5,18724.49,Eastern
17,0,6,19186.41,Eastern
17,0,7,19848.35,Eastern
17,0,8,19795.83,Eastern
17,0,9,19540.26,Eastern
17,0,10,19303.08,Eastern
17,0,11,18155.83,Eastern
17,0,12,17792.09,Eastern
17,1,1,17828.09,Eastern
17,1,2,17311.93,Eastern
17,1,3,17705.56,Eastern
17,1,4,19104.7,Eastern
17,1,5,18332.9,Eastern
17,1,6,18939.7,Eastern
17,1,7,19708.14,Eastern
17,1,8,19844.32,Eastern
17,1,9,19484.72,Eastern
17,1,10,19141.38,Eastern
17,1,11,18402.9,Eastern
17,1,12,17899.02,Eastern
17,2,1,17672.12,Eastern
17,2,2,17239.31,Eastern
17,2,3,17959.36,Eastern
17,2,4,18689.0,Eastern
17,2,5,18089.93,Eastern
17,2,6,19143.82,Eastern
17,2,7,19830.33,Eastern
17,2,8,19785.66,Eastern
17,2,9,19758.12,Eastern
17,2,10,19176.95,Eastern
17,2,11,18493.64,Eastern
17,2,12,17982.16,Eastern
17,3,1,17597.87,Eastern
17,3,2,17314.84,Eastern
17,3,3,18078.75,Eastern
17,3,4,18596.07,Eastern
17,3,5,17313.33,Eastern
17,3,6,19601.26,Eastern
17,3,7,19805.49,Eastern
17,3,8,19554.21,Eastern
17,3,9,19867.91,Eastern
17,3,10,19263.63,Eastern
17,3,11,18445.75,Eastern
17,3,12,18000.21,Eastern
17,4,1,17692.67,Eastern
17,4,2,17044.88,Eastern
17,4,3,17959.97,Eastern
17,4,4,19068.91,Eastern
17,4,5,17697.18,Eastern
17,4,6,19397.86,Eastern
17,4,7,19629.02,Eastern
17,4,8,19495.91,Eastern
17,4,9,20291.3,Eastern
17,4,10,19493.19,Eastern
17,4,11,18335.4,Eastern
17,4,12,18057.81,Eastern
17,5,1,17611.87,Eastern
17,5,2,16904.92,Eastern
17,5,3,17847.1,Eastern
17,5,4,18581.32,Eastern
17,5,5,18071.04,Eastern
17,5,6,18823.83,Eastern
17,5,7,19547.11,Eastern
17,5,8,19294.21,Eastern
17,5,9,19671.77,Eastern
17,5,10,19637.57,Eastern
17,5,11,18065.58,Eastern
17,5,12,17997.65,Eastern
17,6,1,17100.4,Eastern
17,6,2,16407.88,Eastern
17,6,3,17087.2,Eastern
17,6,4,18140.83,Eastern
17,6,5,17844.01,Eastern
17,6,6,18462.66,Eastern
17,6,7,19324.16,Eastern
17,6,8,18789.46,Eastern
17,6,9,19179.83,Eastern
17,6,10,19095.46,Eastern
17,6,11,17531.04,Eastern
17,6,12,17220.17,Eastern
18,0,1,19386.58,Eastern
18,0,2,19520.2,Eastern
18,0,3,19780.1,Eastern
18,0,4,20424.49,Eastern
18,0,5,19290.68,Eastern
18,0,6,19452.98,Eastern
18,0,7,20569.08,Eastern
18,0,8,21143.62,Eastern
18,0,9,21863.48,Eastern
18,0,10,21110.05,Eastern
18,0,11,18970.49,Eastern
18,0,12,18637.02,Eastern
18,1,1,19343.45,Eastern
18,1,2,19415.21,Eastern
18,1,3,19955.73,Eastern
18,1,4,20555.5,Eastern
18,1,5,19104.61,Eastern
18,1,6,19380.74,Eastern
18,1,7,20412.49,Eastern
18,1,8,21108.89,Eastern
18,1,9,21697.42,Eastern
18,1,10,20975.44,Eastern
18,1,11,19248.39,Eastern
18,1,12,18752.29,Eastern
18,2,1,19138.54,Eastern
18,2,2,19516.34,Eastern
18,2,3,20074.39,Eastern
18,2,4,20231.34,Eastern
18,2,5,18706.79,Eastern
18,2,6,19636.71,Eastern
18,2,7,20470.02,Eastern
18,2,8,21142.88,Eastern
18,2,9,21927.44,Eastern
18,2,10,21032.59,Eastern
18,2,11,19322.24,Eastern
18,2,12,18763.93,Eastern
18,3,1,19179.07,Eastern
18,3,2,19527.84,Eastern
18,3,3,20274.51,Eastern
18,3,4,20137.5,Eastern
18,3,5,17955.03,Eastern
18,3,6,20024.36,Eastern
18,3,7,20443.11,Eastern
18,3,8,20869.32,Eastern
18,3,9,22112.63,Eastern
18,3,10,21189.91,Eastern
18,3,11,19246.37,Eastern
18,3,12,18809.58,Eastern
18,4,1,19309.41,Eastern
18,4,2,19245.04,Eastern
18,4,3,20063.54,Eastern
18,4,4,20538.04,Eastern
18,4,5,18311.5,Eastern
18,4,6,19839.57,Eastern
18,4,7,20325.98,Eastern
18,4,8,20839.03,Eastern
18,4,9,22500.08,Eastern
18,4,10,21362.47,Eastern
18,4,11,19202.29,Eastern
18,4,12,18883.54,Eastern
18,5,1,19262.57,Eastern
18,5,2,19259.74,Eastern
18,5,3,20032.06,Eastern
18,5,4,20027.27,Eastern
18,5,5,18725.2,Eastern
18,5,6,19287.36,Eastern
18,5,7,20274.49,Eastern
18,5,8,20711.47,Eastern
18,5,9,21974.28,Eastern
18,5,10,21517.72,Eastern
18,5,11,18979.66,Eastern
18,5,12,18768.65,Eastern
18,6,1,18806.55,Eastern
18,6,2,18788.27,Eastern
18,6,3,19315.7,Eastern
18,6,4,19672.21,Eastern
18,6,5,18531.0,Eastern
18,6,6,18807.59,Eastern
18,6,7,20052.24,Eastern
18,6,8,20165.37,Eastern
18,6,9,21379.21,Eastern
18,6,10,21112.11,Eastern
18,6,11,18521.52,Eastern
18,6,12,18097.36,Eastern
19,0,1,19273.9,Eastern
19,0,2,19543.61,Eastern
19,0,3,20368.14,Eastern
19,0,4,21590.52,Eastern
19,0,5,21182.77,Eastern
19,0,6,21484.05,Eastern
19,0,7,22823.01,Eastern
19,0,8,22853.09,Eastern
19,0,9,22666.33,Eastern
19,0,10,21252.68,Eastern
19,0,11,18513.02,Eastern
19,0,12,18251.4,Eastern
19,1,1,19202.94,Eastern
19,1,2,19386.17,Eastern
19,1,3,20597.15,Eastern
19,1,4,21652.07,Eastern
19,1,5,20891.5,Eastern
19,1,6,21399.41,Eastern
19,1,7,22603.85,Eastern
19,1,8,22718.59,Eastern
19,1,9,22445.23,Eastern
19,1,10,21000.48,Eastern
19,1,11,18783.6,Eastern
19,1,12,18324.03,Eastern
19,2,1,19015.36,Eastern
19,2,2,19494.93,Eastern
19,2,3,20697.79,Eastern
19,2,4,21326.03,Eastern
19,2,5,20411.45,Eastern
19,2,6,21809.43,Eastern
19,2,7,22655.53,Eastern
19,2,8,22761.52,Eastern
19,2,9,22679.58,Eastern
19,2,10,21179.54,Eastern
19,2,11,18932.77,Eastern
19,2,12,18396.93,Eastern
19,3,1,19063.1,Eastern
19,3,2,19540.49,Eastern
19,3,3,20770.93,Eastern
19,3,4,21285.66,Eastern
19,3,5,19489.71,Eastern
19,3,6,22066.04,Eastern
19,3,7,22718.36,Eastern
19,3,8,22520.81,Eastern
19,3,9,22942.98,Eastern
19,3,10,21261.07,Eastern
19,3,11,18813.17,Eastern
19,3,12,18465.87,Eastern
19,4,1,19182.28,Eastern
19,4,2,19334.34,Eastern
19,4,3,20576.52,Eastern
19,4,4,21665.08,Eastern
19,4,5,20076.77,Eastern
19,4,6,21964.78,Eastern
19,4,7,22674.86,Eastern
19,4,8,22614.44,Eastern
19,4,9,23278.82,Eastern
19,4,10,21409.64,Eastern
19,4,11,18768.58,Eastern
19,4,12,18498.53,Eastern
19,5,1,19101.76,Eastern
19,5,2,19342.08,Eastern
19,5,3,20672.29,Eastern
19,5,4,21022.18,Eastern
19,5,5,20679.27,Eastern
19,5,6,21490.07,Eastern
19,5,7,22665.61,Eastern
19,5,8,22600.41,Eastern
19,5,9,22772.81,Eastern
19,5,10,21527.58,Eastern
19,5,11,18544.33,Eastern
19,5,12,18396.72,Eastern
19,6,1,18683.39,Eastern
19,6,2,18925.47,Eastern
19,6,3,19974.14,Eastern
19,6,4,20899.08,Eastern
19,6,5,20584.43,Eastern
19,6,6,21041.14,Eastern
19,6,7,22537.16,Eastern
19,6,8,22228.82,Eastern
19,6,9,22407.29,Eastern
19,6,10,21132.15,Eastern
19,6,11,18164.33,Eastern
19,6,12,17746.48,Eastern
20,0,1,18692.28,Eastern
20,0,2,18886.79,Eastern
20,0,3,20069.05,Eastern
20,0,4,21567.05,Eastern
20,0,5,21444.81,Eastern
20,0,6,21913.83,Eastern
20,0,7,23204.15,Eastern
20,0,8,23072.57,Eastern
20,0,9,22760.42,Eastern
20,0,10,21023.2,Eastern
20,0,11,17850.55,Eastern
20,0,12,17536.54,Eastern
20,1,1,18654.71,Eastern
20,1,2,18748.36,Eastern
20,1,3,20265.03,Eastern
20,1,4,21603.34,Eastern
20,1,5,21187.9,Eastern
20,1,6,21849.3,Eastern
20,1,7,23018.77,Eastern
20,1,8,22853.25,Eastern
20,1,9,22477.8,Eastern
20,1,10,20780.2,Eastern
20,1,11,18136.28,Eastern
20,1,12,17609.94,Eastern
20,2,1,18430.19,Eastern
20,2,2,18864.7,Eastern
20,2,3,20372.36,Eastern
20,2,4,21338.97,Eastern
20,2,5,20633.27,Eastern
20,2,6,22116.05,Eastern
20,2,7,23101.32,Eastern
20,2,8,22959.96,Eastern
20,2,9,22720.84,Eastern
20,2,10,20992.1,Eastern
20,2,11,18213.59,Eastern
20,2,12,17695.19,Eastern
20,3,1,18458.54,Eastern
20,3,2,18947.79,Eastern
20,3,3,20415.51,Eastern
20,3,4,21315.81,Eastern
20,3,5,19723.54,Eastern
20,3,6,22594.36,Eastern
20,3,7,23154.56,Eastern
20,3,8,22682.56,Eastern
20,3,9,23008.4,Eastern
20,3,10,21007.58,Eastern
20,3,11,18118.07,Eastern
20,3,12,17767.82,Eastern
20,4,1,18526.2,Eastern
20,4,2,18745.92,Eastern
20,4,3,20198.98,Eastern
20,4,4,21575.81,Eastern
20,4,5,20287.33,Eastern
20,4,6,22362.25,Eastern
20,4,7,23066.41,Eastern
20,4,8,22771.23,Eastern
20,4,9,23349.88,Eastern
20,4,10,21166.21,Eastern
20,4,11,18094.79,Eastern
20,4,12,17804.63,Eastern
20,5,1,18449.47,Eastern
20,5,2,18719.65,Eastern
20,5,3,20292.1,Eastern
20,5,4,20951.08,Eastern
20,5,5,21049.95,Eastern
20,5,6,22070.79,Eastern
20,5,7,23150.06,Eastern
20,5,8,22840.66,Eastern
20,5,9,22841.35,Eastern
20,5,10,21382.11,Eastern
20,5,11,17917.97,Eastern
20,5,12,17697.28,Eastern
20,6,1,18129.98,Eastern
20,6,2,18375.21,Eastern
20,6,3,19707.06,Eastern
20,6,4,21044.48,Eastern
20,6,5,20897.73,Eastern
20,6,6,21593.98,Eastern
20,6,7,23104.22,Eastern
20,6,8,22568.67,Eastern
20,6,9,22596.84,Eastern
20,6,10,20984.37,Eastern
20,6,11,17595.69,Eastern
20,6,12,17081.6,Eastern
21,0,1,17673.54,Eastern
21,0,2,17856.68,Eastern
21,0,3,19437.53,Eastern
21,0,4,21313.3,Eastern
21,0,5,21474.96,Eastern
21,0,6,22037.86,Eastern
21,0,7,23313.86,Eastern
21,0,8,23084.03,Eastern
21,0,9,22637.64,Eastern
21,0,10,20683.82,Eastern
21,0,11,16978.59,Eastern
21,0,12,16544.06,Eastern
21,1,1,17606.96,Eastern
21,1,2,17797.92,Eastern
21,1,3,19653.13,Eastern
21,1,4,21372.57,Eastern
21,1,5,21191.7,Eastern
21,1,6,21956.88,Eastern
21,1,7,23100.63,Eastern
21,1,8,22900.85,Eastern
21,1,9,22303.71,Eastern
21,1,10,20486.41,Eastern
21,1,11,17224.44,Eastern
21,1,12,16643.08,Eastern
21,2,1,17487.91,Eastern
21,2,2,17869.47,Eastern
21,2,3,19799.8,Eastern
21,2,4,21118.12,Eastern
21,2,5,20608.79,Eastern
21,2,6,22244.16,Eastern
21,2,7,23174.6,Eastern
21,2,8,22927.43,Eastern
21,2,9,22676.54,Eastern
21,2,10,20678.17,Eastern
21,2,11,17342.12,Eastern
21,2,12,16702.73,Eastern
21,3,1,17464.22,Eastern
21,3,2,17952.94,Eastern
21,3,3,19751.83,Eastern
21,3,4,21076.75,Eastern
21,3,5,19878.49,Eastern
21,3,6,22726.35,Eastern
21,3,7,23209.82,Eastern
21,3,8,22702.34,Eastern
21,3,9,22876.89,Eastern
21,3,10,20669.62,Eastern
21,3,11,17244.63,Eastern
21,3,12,16732.35,Eastern
21,4,1,17467.34,Eastern
21,4,2,17754.62,Eastern
21,4,3,19508.67,Eastern
21,4,4,21297.9,Eastern
21,4,5,20360.99,Eastern
21,4,6,22481.45,Eastern
21,4,7,23143.02,Eastern
21,4,8,22757.45,Eastern
21,4,9,23199.04,Eastern
21,4,10,20818.22,Eastern
21,4,11,17210.45,Eastern
21,4,12,16797.1,Eastern
21,5,1,17421.61,Eastern
21,5,2,17761.21,Eastern
21,5,3,19671.74,Eastern
21,5,4,20826.9,Eastern
21,5,5,21139.32,Eastern
21,5,6,22193.02,Eastern
21,5,7,23284.52,Eastern
21,5,8,22831.14,Eastern
21,5,9,22761.57,Eastern
21,5,10,21054.76,Eastern
21,5,11,17022.19,Eastern
21,5,12,16697.47,Eastern
21,6,1,17168.47,Eastern
21,6,2,17442.48,Eastern
21,6,3,19174.72,Eastern
21,6,4,20792.05,Eastern
21,6,5,21051.22,Eastern
21,6,6,21725.91,Eastern
21,6,7,23299.02,Eastern
21,6,8,22638.56,Eastern
21,6,9,22542.87,Eastern
21,6,10,20685.57,Eastern
21,6,11,16753.7,Eastern
21,6,12,16141.47,Eastern
22,0,1,16291.18,Eastern
22,0,2,16611.87,Eastern
22,0,3,18631.37,Eastern
22,0,4,20971.24,Eastern
22,0,5,21484.14,Eastern
22,0,6,22091.48,Eastern
22,0,7,23265.69,Eastern
22,0,8,22922.86,Eastern
22,0,9,22388.2,Eastern
22,0,10,20218.23,Eastern
22,0,11,15886.57,Eastern
22,0,12,15393.48,Eastern
22,1,1,16232.25,Eastern
22,1,2,16567.01,Eastern
22,1,3,18816.59,Eastern
22,1,4,21055.21,Eastern
22,1,5,21116.09,Eastern
22,1,6,22064.43,Eastern
22,1,7,23070.86,Eastern
22,1,8,22828.11,Eastern
22,1,9,22023.95,Eastern
22,1,10,20022.74,Eastern
22,1,11,16153.91,Eastern
22,1,12,15332.1,Eastern
22,2,1,16213.49,Eastern
22,2,2,16632.95,Eastern
22,2,3,19008.74,Eastern
22,2,4,20796.85,Eastern
22,2,5,20517.15,Eastern
22,2,6,22305.94,Eastern
22,2,7,23134.02,Eastern
22,2,8,22811.98,Eastern
22,2,9,22395.75,Eastern
22,2,10,20194.95,Eastern
22,2,11,16340.92,Eastern
22,2,12,15561.0,Eastern
22,3,1,16104.41,Eastern
22,3,2,16706.08,Eastern
22,3,3,18935.83,Eastern
22,3,4,20773.67,Eastern
22,3,5,19916.05,Eastern
22,3,6,22836.29,Eastern
22,3,7,23130.01,Eastern
22,3,8,22509.03,Eastern
22,3,9,22527.04,Eastern
22,3,10,20139.65,Eastern
22,3,11,16245.74,Eastern
22,3,12,15566.6,Eastern
22,4,1,16078.91,Eastern
22,4,2,16530.97,Eastern
22,4,3,18648.45,Eastern
22,4,4,20958.18,Eastern
22,4,5,20373.05,Eastern
22,4,6,22557.71,Eastern
22,4,7,23083.93,Eastern
22,4,8,22570.44,Eastern
22,4,9,23008.38,Eastern
22,4,10,20365.65,Eastern
22,4,11,16185.66,Eastern
22,4,12,15660.37,Eastern
22,5,1,16079.41,Eastern
22,5,2,16546.46,Eastern
22,5,3,18879.3,Eastern
22,5,4,20603.96,Eastern
22,5,5,21092.69,Eastern
22,5,6,22240.99,Eastern
22,5,7,23250.7,Eastern
22,5,8,22694.32,Eastern
22,5,9,22623.05,Eastern
22,5,10,20527.64,Eastern
22,5,11,15955.0,Eastern
22,5,12,15540.7,Eastern
22,6,1,15903.09,Eastern
22,6,2,16265.42,Eastern
22,6,3,18469.92,Eastern
22,6,4,20604.06,Eastern
22,6,5,21080.96,Eastern
22,6,6,21883.38,Eastern
22,6,7,23357.2,Eastern
22,6,8,22520.13,Eastern
22,6,9,22385.7,Eastern
22,6,10,20277.59,Eastern
22,6,11,15793.95,Eastern
22,6,12,14994.0,Eastern
23,0,1,15459.09,Eastern
23,0,2,15934.95,Eastern
23,0,3,18095.74,Eastern
23,0,4,20770.47,Eastern
23,0,5,21388.51,Eastern
23,0,6,22112.89,Eastern
23,0,7,23214.63,Eastern
23,0,8,22825.74,Eastern
23,0,9,22223.91,Eastern
23,0,10,19928.42,Eastern
23,0,11,15443.57,Eastern
23,0,12,14784.86,Eastern
23,1,1,15403.07,Eastern
23,1,2,15860.23,Eastern
23,1,3,18215.51,Eastern
23,1,4,20827.04,Eastern
23,1,5,21164.55,Eastern
23,1,6,22292.24,Eastern
23,1,7,23003.84,Eastern
23,1,8,22771.78,Eastern
23,1,9,21836.27,Eastern
23,1,10,19704.98,Eastern
23,1,11,15634.76,Eastern
23,1,12,14684.95,Eastern
23,2,1,15308.6,Eastern
23,2,2,15910.58,Eastern
23,2,3,18527.85,Eastern
23,2,4,20584.91,Eastern
23,2,5,20548.26,Eastern
23,2,6,22342.46,Eastern
23,2,7,23086.51,Eastern
23,2,8,22733.04,Eastern
23,2,9,22150.01,Eastern
23,2,10,19866.2,Eastern
23,2,11,15819.54,Eastern
23,2,12,14956.58,Eastern
23,3,1,15256.75,Eastern
23,3,2,16011.46,Eastern
23,3,3,18451.38,Eastern
23,3,4,20575.29,Eastern
23,3,5,19935.0,Eastern
23,3,6,22901.31,Eastern
23,3,7,23087.12,Eastern
23,3,8,22422.52,Eastern
23,3,9,22370.6,Eastern
23,3,10,19735.31,Eastern
23,3,11,15743.51,Eastern
23,3,12,14959.18,Eastern
23,4,1,15250.59,Eastern
23,4,2,15838.37,Eastern
23,4,3,18137.37,Eastern
23,4,4,20726.3,Eastern
23,4,5,20364.18,Eastern
23,4,6,22613.35,Eastern
23,4,7,23059.97,Eastern
23,4,8,22438.25,Eastern
23,4,9,22881.84,Eastern
23,4,10,20011.48,Eastern
23,4,11,15764.38,Eastern
23,4,12,15063.88,Eastern
23,5,1,15273.32,Eastern
23,5,2,15809.76,Eastern
23,5,3,18303.34,Eastern
23,5,4,20432.82,Eastern
23,5,5,21093.06,Eastern
23,5,6,22307.99,Eastern
23,5,7,23260.61,Eastern
23,5,8,22539.01,Eastern
23,5,9,22457.47,Eastern
23,5,10,20223.12,Eastern
23,5,11,15512.55,Eastern
23,5,12,14970.97,Eastern
23,6,1,15137.18,Eastern
23,6,2,15583.04,Eastern
23,6,3,17935.51,Eastern
23,6,4,20441.5,Eastern
23,6,5,21061.03,Eastern
23,6,6,21962.85,Eastern
23,6,7,23366.52,Eastern
23,6,8,22439.64,Eastern
23,6,9,22233.53,Eastern
23,6,10,19949.85,Eastern
23,6,11,15301.73,Eastern
23,6,12,14384.83,Eastern
0,0,1,33679.88,Southern
0,0,2,38772.42,Southern
0,0,3,43553.53,Southern
0,0,4,43860.79,Southern
0,0,5,38568.08,Southern
0,0,6,36184.4,Southern
0,0,7,33486.25,Southern
0,0,8,34663.25,Southern
0,0,9,33865.27,Southern
0,0,10,32897.54,Southern
0,0,11,30216.85,Southern
0,0,12,30532.76,Southern
0,1,1,35157.92,Southern
0,1,2,40814.16,Southern
0,1,3,45720.56,Southern
0,1,4,45059.31,Southern
0,1,5,39995.49,Southern
0,1,6,38097.22,Southern
0,1,7,35177.99,Southern
0,1,8,36692.26,Southern
0,1,9,35188.32,Southern
0,1,10,34258.57,Southern
0,1,11,32100.31,Southern
0,1,12,32214.14,Southern
0,2,1,35155.52,Southern
0,2,2,41339.94,Southern
0,2,3,46475.57,Southern
0,2,4,43944.64,Southern
0,2,5,39435.06,Southern
0,2,6,38903.61,Southern
0,2,7,35015.98,Southern
0,2,8,37204.76,Southern
0,2,9,35477.96,Southern
0,2,10,34314.5,Southern
0,2,11,32954.23,Southern
0,2,12,32254.22,Southern
0,3,1,35113.09,Southern
0,3,2,41681.4,Southern
0,3,3,46494.2,Southern
0,3,4,43910.86,Southern
0,3,5,39365.35,Southern
0,3,6,39018.81,Southern
0,3,7,35075.6,Southern
0,3,8,37545.53,Southern
0,3,9,35814.41,Southern
0,3,10,34321.26,Southern
0,3,11,32777.23,Southern
0,3,12,32732.04,Southern
0,4,1,35380.72,Southern
0,4,2,41023.48,Southern
0,4,3,46436.65,Southern
0,4,4,44312.09,Southern
0,4,5,39141.52,Southern
0,4,6,38945.95,Southern
0,4,7,34948.6,Southern
0,4,8,36957.96,Southern
0,4,9,36335.05,Southern
0,4,10,34974.96,Southern
0,4,11,31855.98,Southern
0,4,12,33132.63,Southern
0,5,1,35402.53,Southern
0,5,2,41004.36,Southern
0,5,3,46396.79,Southern
0,5,4,45068.62,Southern
0,5,5,39319.59,Southern
0,5,6,39004.0,Southern
0,5,7,35613.77,Southern
0,5,8,37097.98,Southern
0,5,9,36499.07,Southern
0,5,10,34866.23,Southern
0,5,11,32154.95,Southern
0,5,12,33074.26,Southern
0,6,1,35354.52,Southern
0,6,2,41008.94,Southern
0,6,3,46044.39,Southern
0,6,4,44637.38,Southern
0,6,5,39614.08,Southern
0,6,6,38717.36,Southern
0,6,7,35612.84,Southern
0,6,8,36570.92,Southern
0,6,9,36055.24,Southern
0,6,10,34513.08,Southern
0,6,11,31784.21,Southern
0,6,12,32760.1,Southern
1,0,1,33186.97,Southern
1,0,2,38292.67,Southern
1,0,3,42810.24,Southern
1,0,4,43037.73,Southern
1,0,5,37525.43,Southern
1,0,6,35246.95,Southern
1,0,7,32713.0,Southern
1,0,8,33913.03,Southern
1,0,9,32930.51,Southern
1,0,10,32195.39,Southern
1,0,11,29497.68,Southern
1,0,12,30017.81,Southern
1,1,1,34566.69,Southern
1,1,2,40251.53,Southern
1,1,3,44904.2,Southern
1,1,4,44121.04,Southern
1,1,5,38943.65,Southern
1,1,6,37048.17,Southern
1,1,7,34271.01,Southern
1,1,8,35791.39,Southern
1,1,9,34293.02,Southern
1,1,10,33441.15,Southern
1,1,11,31402.07,Southern
1,1,12,31592.06,Southern
1,2,1,34609.42,Southern
1,2,2,40701.77,Southern
1,2,3,45712.41,Southern
1,2,4,42972.44,Southern
1,2,5,38406.35,Southern
1,2,6,37902.92,Southern
1,2,7,34172.01,Southern
1,2,8,36408.66,Southern
1,2,9,34546.93,Southern
1,2,10,33533.65,Southern
1,2,11,32165.35,Southern
1,2,12,31674.67,Southern
1,3,1,34480.27,Southern
1,3,2,41038.82,Southern
1,3,3,45724.91,Southern
1,3,4,43017.47,Southern
1,3,5,38394.41,Southern
1,3,6,37869.19,Southern
1,3,7,34137.46,Southern
1,3,8,36654.94,Southern
1,3,9,34949.17,Southern
1,3,10,33565.71,Southern
1,3,11,32007.45,Southern
1,3,12,32054.84,Southern
1,4,1,34768.96,Southern
1,4,2,40355.3,Southern
1,4,3,45565.42,Southern
1,4,4,43395.86,Southern
1,4,5,38107.82,Southern
1,4,6,37867.3,Southern
1,4,7,34072.03,Southern
1,4,8,36144.44,Southern
1,4,9,35436.48,Southern
1,4,10,34199.7,Southern
1,4,11,31120.29,Southern
1,4,12,32449.6,Southern
1,5,1,34860.64,Southern
1,5,2,40327.88,Southern
1,5,3,45536.96,Southern
1,5,4,44192.08,Southern
1,5,5,38252.0,Southern
1,5,6,37918.7,Southern
1,5,7,34677.71,Southern
1,5,8,36271.86,Southern
1,5,9,35625.7,Southern
1,5,10,34158.05,Southern
1,5,11,31397.26,Southern
1,5,12,32406.38,Southern
1,6,1,34747.83,Southern
1,6,2,40408.92,Southern
1,6,3,45137.05,Southern
1,6,4,43739.64,Southern
1,6,5,38536.26,Southern
1,6,6,37685.85,Southern
1,6,7,34771.45,Southern
1,6,8,35723.37,Southern
1,6,9,35076.43,Southern
1,6,10,33701.39,Southern
1,6,11,30992.25,Southern
1,6,12,32017.61,Southern
2,0,1,32779.51,Southern
2,0,2,37833.18,Southern
2,0,3,42207.67,Southern
2,0,4,42285.2,Southern
2,0,5,36694.46,Southern
2,0,6,34643.61,Southern
2,0,7,32116.59,Southern
2,0,8,33337.66,Southern
2,0,9,32297.74,Southern
2,0,10,31666.37,Southern
2,0,11,29079.87,Southern
2,0,12,29573.63,Southern
2,1,1,34071.23,Southern
2,1,2,39748.58,Southern
2,1,3,44155.11,Southern
2,1,4,43286.75,Southern
2,1,5,37997.04,Southern
2,1,6,36248.73,Southern
2,1,7,33607.26,Southern
2,1,8,35129.41,Southern
2,1,9,33591.41,Southern
2,1,10,32869.04,Southern
2,1,11,30795.18,Southern
2,1,12,31131.43,Southern
2,2,1,34115.18,Southern
2,2,2,40128.7,Southern
2,2,3,45043.67,Southern
2,2,4,42174.74,Southern
2,2,5,37586.88,Southern
2,2,6,37030.14,Southern
2,2,7,33478.94,Southern
2,2,8,35827.35,Southern
2,2,9,33921.93,Southern
2,2,10,32975.22,Southern
2,2,11,31639.51,Southern
2,2,12,31210.21,Southern
2,3,1,34048.09,Southern
2,3,2,40519.07,Southern
2,3,3,45033.25,Southern
2,3,4,42278.0,Southern
2,3,5,37538.88,Southern
2,3,6,36999.15,Southern
2,3,7,33429.62,Southern
2,3,8,35998.12,Southern
2,3,9,34316.17,Southern
2,3,10,32992.16,Southern
2,3,11,31421.09,Southern
2,3,12,31510.15,Southern
2,4,1,34340.41,Southern
2,4,2,39882.85,Southern
2,4,3,44856.59,Southern
2,4,4,42556.12,Southern
2,4,5,37322.46,Southern
2,4,6,36974.63,Southern
2,4,7,33394.14,Southern
2,4,8,35492.67,Southern
2,4,9,34788.94,Southern
2,4,10,33661.01,Southern
2,4,11,30627.6,Southern
2,4,12,31967.91,Southern
2,5,1,34463.13,Southern
2,5,2,39787.5,Southern
2,5,3,44838.22,Southern
2,5,4,43328.08,Southern
2,5,5,37377.89,Southern
2,5,6,37099.84,Southern
2,5,7,34022.21,Southern
2,5,8,35579.19,Southern
2,5,9,34993.91,Southern
2,5,10,33592.02,Southern
2,5,11,30833.61,Southern
2,5,12,31892.54,Southern
2,6,1,34243.67,Southern
2,6,2,39938.08,Southern
2,6,3,44371.58,Southern
2,6,4,42897.04,Southern
2,6,5,37719.18,Southern
2,6,6,36890.28,Southern
2,6,7,34039.35,Southern
2,6,8,35053.46,Southern
2,6,9,34414.81,Southern
2,6,10,33100.98,Southern
2,6,11,30444.31,Southern
2,6,12,31446.78,Southern
3,0,1,32820.94,Southern
3,0,2,37801.33,Southern
3,0,3,42037.17,Southern
3,0,4,41935.08,Southern
3,0,5,36242.51,Southern
3,0,6,34227.94,Southern
3,0,7,31933.12,Southern
3,0,8,33106.29,Southern
3,0,9,32019.51,Southern
3,0,10,31434.44,Southern
3,0,11,28949.55,Southern
3,0,12,29521.39,Southern
3,1,1,34045.99,Southern
3,1,2,39599.05,Southern
3,1,3,43779.44,Southern
3,1,4,42918.72,Southern
3,1,5,37496.11,Southern
3,1,6,35872.74,Southern
3,1,7,33246.0,Southern
3,1,8,34854.54,Southern
3,1,9,33331.54,Southern
3,1,10,32484.52,Southern
3,1,11,30608.8,Southern
3,1,12,31009.1,Southern
3,2,1,34026.65,Southern
3,2,2,39931.09,Southern
3,2,3,44730.43,Southern
3,2,4,41780.04,Southern
3,2,5,37114.34,Southern
3,2,6,36605.33,Southern
3,2,7,33184.83,Southern
3,2,8,35479.62,Southern
3,2,9,33635.3,Southern
3,2,10,32656.63,Southern
3,2,11,31444.49,Southern
3,2,12,31096.99,Southern
3,3,1,34055.57,Southern
3,3,2,40428.98,Southern
3,3,3,44742.1,Southern
3,3,4,41846.08,Southern
3,3,5,37079.9,Southern
3,3,6,36483.67,Southern
3,3,7,33105.4,Southern
3,3,8,35717.76,Southern
3,3,9,33975.17,Southern
3,3,10,32645.72,Southern
3,3,11,31180.04,Southern
3,3,12,31416.98,Southern
3,4,1,34336.61,Southern
3,4,2,39777.23,Southern
3,4,3,44621.68,Southern
3,4,4,42176.24,Southern
3,4,5,36829.53,Southern
3,4,6,36472.16,Southern
3,4,7,33045.09,Southern
3,4,8,35229.71,Southern
3,4,9,34487.83,Southern
3,4,10,33365.59,Southern
3,4,11,30433.51,Southern
3,4,12,31866.61,Southern
3,5,1,34415.04,Southern
3,5,2,39678.7,Southern
3,5,3,44513.35,Southern
3,5,4,42893.31,Southern
3,5,5,36901.43,Southern
3,5,6,36624.33,Southern
3,5,7,33630.76,Southern
3,5,8,35290.3,Southern
3,5,9,34740.82,Southern
3,5,10,33186.33,Southern
3,5,11,30568.72,Southern
3,5,12,31769.62,Southern
3,6,1,34211.24,Southern
3,6,2,39814.48,Southern
3,6,3,44088.61,Southern
3,6,4,42494.55,Southern
3,6,5,37241.98,Southern
3,6,6,36355.49,Southern
3,6,7,33681.27,Southern
3,6,8,34744.87,Southern
3,6,9,34041.12,Southern
3,6,10,32764.32,Southern
3,6,11,30188.94,Southern
3,6,12,31320.63,Southern
4,0,1,33722.89,Southern
4,0,2,38550.36,Southern
4,0,3,42540.15,Southern
4,0,4,42251.29,Southern
4,0,5,36266.14,Southern
4,0,6,34385.05,Southern
4,0,7,32239.32,Southern
4,0,8,33530.8,Southern
4,0,9,32386.75,Southern
4,0,10,31782.1,Southern
4,0,11,29616.47,Southern
4,0,12,30295.49,Southern
4,1,1,34887.07,Southern
4,1,2,40157.43,Southern
4,1,3,44158.57,Southern
4,1,4,43108.41,Southern
4,1,5,37456.18,Southern
4,1,6,36080.7,Southern
4,1,7,33522.53,Southern
4,1,8,35209.92,Southern
4,1,9,33635.28,Southern
4,1,10,32753.21,Southern
4,1,11,31155.04,Southern
4,1,12,31731.69,Southern
4,2,1,34859.6,Southern
4,2,2,40674.83,Southern
4,2,3,45147.86,Southern
4,2,4,42041.87,Southern
4,2,5,37092.02,Southern
4,2,6,36848.24,Southern
4,2,7,33426.47,Southern
4,2,8,35875.87,Southern
4,2,9,34006.48,Southern
4,2,10,32905.6,Southern
4,2,11,31954.19,Southern
4,2,12,31830.65,Southern
4,3,1,34880.49,Southern
4,3,2,41052.94,Southern
4,3,3,45147.02,Southern
4,3,4,42017.19,Southern
4,3,5,37129.56,Southern
4,3,6,36661.71,Southern
4,3,7,33383.11,Southern
4,3,8,36149.62,Southern
4,3,9,34363.3,Southern
4,3,10,32883.45,Southern
4,3,11,31684.83,Southern
4,3,12,32173.37,Southern
4,4,1,35192.97,Southern
4,4,2,40487.62,Southern
4,4,3,45093.33,Southern
4,4,4,42421.4,Southern
4,4,5,36842.37,Southern
4,4,6,36662.88,Southern
4,4,7,33373.52,Southern
4,4,8,35732.77,Southern
4,4,9,34908.78,Southern
4,4,10,33646.59,Southern
4,4,11,30995.59,Southern
4,4,12,32523.89,Southern
4,5,1,35234.32,Southern
4,5,2,40340.16,Southern
4,5,3,44842.82,Southern
4,5,4,43156.8,Southern
4,5,5,36934.03,Southern
4,5,6,36803.87,Southern
4,5,7,33835.13,Southern
4,5,8,35580.79,Southern
4,5,9,35134.29,Southern
4,5,10,33396.8,Southern
4,5,11,31037.23,Southern
4,5,12,32525.46,Southern
4,6,1,34942.67,Southern
4,6,2,40331.78,Southern
4,6,3,44395.56,Southern
4,6,4,42699.85,Southern
4,6,5,37194.15,Southern
4,6,6,36370.32,Southern
4,6,7,33869.74,Southern
4,6,8,35044.0,Southern
4,6,9,34285.75,Southern
4,6,10,32979.99,Southern
4,6,11,30650.42,Southern
4,6,12,31992.11,Southern
5,0,1,35938.19,Southern
5,0,2,40277.93,Southern
5,0,3,43809.58,Southern
5,0,4,43298.6,Southern
5,0,5,37035.8,Southern
5,0,6,35462.19,Southern
5,0,7,33629.84,Southern
5,0,8,35173.39,Southern
5,0,9,34040.55,Southern
5,0,10,33200.97,Southern
5,0,11,31576.16,Southern
5,0,12,32406.91,Southern
5,1,1,36846.56,Southern
5,1,2,41670.07,Southern
5,1,3,45421.04,Southern
5,1,4,43911.22,Southern
5,1,5,38202.87,Southern
5,1,6,37059.63,Southern
5,1,7,34868.78,Southern
5,1,8,36717.01,Southern
5,1,9,35127.35,Southern
5,1,10,34072.4,Southern
5,1,11,33001.19,Southern
5,1,12,33757.55,Southern
5,2,1,36823.32,Southern
5,2,2,42153.62,Southern
5,2,3,46227.23,Southern
5,2,4,42843.79,Southern
5,2,5,37764.89,Southern
5,2,6,37882.97,Southern
5,2,7,34715.27,Southern
5,2,8,37492.53,Southern
5,2,9,35542.69,Southern
5,2,10,34283.96,Southern
5,2,11,33775.26,Southern
5,2,12,34007.39,Southern
5,3,1,36857.31,Southern
5,3,2,42456.69,Southern
5,3,3,46242.9,Southern
5,3,4,42878.98,Southern
5,3,5,37825.99,Southern
5,3,6,37741.46,Southern
5,3,7,34610.61,Southern
5,3,8,37787.96,Southern
5,3,9,35927.14,Southern
5,3,10,34254.55,Southern
5,3,11,33501.47,Southern
5,3,12,34431.43,Southern
5,4,1,37271.29,Southern
5,4,2,42122.94,Southern
5,4,3,46238.49,Southern
5,4,4,43371.36,Southern
5,4,5,37644.75,Southern
5,4,6,37715.33,Southern
5,4,7,34756.56,Southern
5,4,8,37506.8,Southern
5,4,9,36720.03,Southern
5,4,10,35049.97,Southern
5,4,11,32860.24,Southern
5,4,12,34711.36,Southern
5,5,1,37030.01,Southern
5,5,2,41892.35,Southern
5,5,3,45886.16,Southern
5,5,4,44042.47,Southern
5,5,5,37674.86,Southern
5,5,6,37836.56,Southern
5,5,7,35014.53,Southern
5,5,8,36985.2,Southern
5,5,9,36708.23,Southern
5,5,10,34619.12,Southern
5,5,11,32753.3,Southern
5,5,12,34804.84,Southern
5,6,1,36569.59,Southern
5,6,2,41303.6,Southern
5,6,3,45094.26,Southern
5,6,4,43413.62,Southern
5,6,5,37696.94,Southern
5,6,6,37092.64,Southern
5,6,7,34754.15,Southern
5,6,8,36246.88,Southern
5,6,9,35441.24,Southern
5,6,10,34078.6,Southern
5,6,11,32110.5,Southern
5,6,12,33751.37,Southern
6,0,1,39524.21,Southern
6,0,2,43286.1,Southern
6,0,3,46079.91,Southern
6,0,4,44786.01,Southern
6,0,5,38110.45,Southern
6,0,6,37556.95,Southern
6,0,7,36923.1,Southern
6,0,8,38466.67,Southern
6,0,9,37152.42,Southern
6,0,10,35972.96,Southern
6,0,11,34828.29,Southern
6,0,12,36141.57,Southern
6,1,1,40265.48,Southern
6,1,2,44435.81,Southern
6,1,3,47512.31,Southern
6,1,4,45210.41,Southern
6,1,5,39234.38,Southern
6,1,6,39074.46,Southern
6,1,7,37848.61,Southern
6,1,8,39726.28,Southern
6,1,9,38228.77,Southern
6,1,10,36792.04,Southern
6,1,11,36456.46,Southern
6,1,12,37254.2,Southern
6,2,1,40211.51,Southern
6,2,2,44849.67,Southern
6,2,3,48207.14,Southern
6,2,4,43910.19,Southern
6,2,5,38632.66,Southern
6,2,6,39915.18,Southern
6,2,7,37720.58,Southern
6,2,8,40795.89,Southern
6,2,9,38697.99,Southern
6,2,10,36975.19,Southern
6,2,11,37104.75,Southern
6,2,12,37762.15,Southern
6,3,1,40300.41,Southern
6,3,2,45111.91,Southern
6,3,3,48241.63,Southern
6,3,4,44195.07,Southern
6,3,5,38730.03,Southern
6,3,6,39894.04,Southern
6,3,7,37571.85,Southern
6,3,8,40992.58,Southern
6,3,9,39128.42,Southern
6,3,10,37146.4,Southern
6,3,11,36853.14,Southern
6,3,12,38264.46,Southern
6,4,1,40755.82,Southern
6,4,2,44849.66,Southern
6,4,3,48175.81,Southern
6,4,4,44749.08,Southern
6,4,5,38687.77,Southern
6,4,6,39762.01,Southern
6,4,7,37944.71,Southern
6,4,8,40806.45,Southern
6,4,9,40062.17,Southern
6,4,10,37971.53,Southern
6,4,11,36257.7,Southern
6,4,12,38825.67,Southern
6,5,1,40070.29,Southern
6,5,2,44192.1,Southern
6,5,3,47572.61,Southern
6,5,4,45328.25,Southern
6,5,5,38559.66,Southern
6,5,6,39557.75,Southern
6,5,7,37801.6,Southern
6,5,8,39764.22,Southern
6,5,9,39637.05,Southern
6,5,10,37073.92,Southern
6,5,11,35667.23,Southern
6,5,12,38391.72,Southern
6,6,1,38531.87,Southern
6,6,2,42525.35,Southern
6,6,3,45687.45,Southern
6,6,4,44049.7,Southern
6,6,5,37876.11,Southern
6,6,6,38023.99,Southern
6,6,7,36523.74,Southern
6,6,8,38114.09,Southern
6,6,9,37210.03,Southern
6,6,10,35721.42,Southern
6,6,11,33974.17,Southern
6,6,12,36081.14,Southern
7,0,1,44807.34,Southern
7,0,2,48303.3,Southern
7,0,3,49633.84,Southern
7,0,4,46820.24,Southern
7,0,5,39504.27,Southern
7,0,6,39442.85,Southern
7,0,7,40150.91,Southern
7,0,8,42022.94,Southern
7,0,9,40648.63,Southern
7,0,10,39120.27,Southern
7,0,11,38588.27,Southern
7,0,12,41483.97,Southern
7,1,1,45513.54,Southern
7,1,2,49042.81,Southern
7,1,3,50605.48,Southern
7,1,4,46924.92,Southern
7,1,5,40445.8,Southern
7,1,6,40977.05,Southern
7,1,7,40784.57,Southern
7,1,8,42995.76,Southern
7,1,9,41690.7,Southern
7,1,10,39809.92,Southern
7,1,11,40381.89,Southern
7,1,12,42435.78,Southern
7,2,1,45292.17,Southern
7,2,2,49441.21,Southern
7,2,3,51271.56,Southern
7,2,4,45559.98,Southern
7,2,5,39802.04,Southern
7,2,6,41708.37,Southern
7,2,7,40774.68,Southern
7,2,8,44118.34,Southern
7,2,9,42079.67,Southern
7,2,10,39961.86,Southern
7,2,11,40956.19,Southern
7,2,12,42994.15,Southern
7,3,1,45495.57,Southern
7,3,2,49774.2,Southern
7,3,3,51469.52,Southern
7,3,4,46074.96,Southern
7,3,5,39963.98,Southern
7,3,6,41669.08,Southern
7,3,7,40487.91,Southern
7,3,8,44157.61,Southern
7,3,9,42601.57,Southern
7,3,10,40288.44,Southern
7,3,11,40663.17,Southern
7,3,12,43530.56,Southern
7,4,1,45901.89,Southern
7,4,2,49494.53,Southern
7,4,3,51335.25,Southern
7,4,4,46613.69,Southern
7,4,5,39895.69,Southern
7,4,6,41479.29,Southern
7,4,7,41187.23,Southern
7,4,8,43957.82,Southern
7,4,9,43525.43,Southern
7,4,10,40974.86,Southern
7,4,11,40092.54,Southern
7,4,12,44302.72,Southern
7,5,1,45076.26,Southern
7,5,2,48291.16,Southern
7,5,3,50418.8,Southern
7,5,4,47062.66,Southern
7,5,5,39643.6,Southern
7,5,6,40899.37,Southern
7,5,7,40664.08,Southern
7,5,8,42811.03,Southern
7,5,9,42620.5,Southern
7,5,10,39827.89,Southern
7,5,11,39141.91,Southern
7,5,12,42998.37,Southern
7,6,1,42377.85,Southern
7,6,2,45324.69,Southern
7,6,3,47444.11,Southern
7,6,4,45269.23,Southern
7,6,5,38325.92,Southern
7,6,6,38725.51,Southern
7,6,7,38124.42,Southern
7,6,8,40253.41,Southern
7,6,9,39139.8,Southern
7,6,10,37566.65,Southern
7,6,11,36370.75,Southern
7,6,12,39423.71,Southern
8,0,1,47195.04,Southern
8,0,2,50098.04,Southern
8,0,3,51147.45,Southern
8,0,4,48288.72,Southern
8,0,5,40614.94,Southern
8,0,6,40319.5,Southern
8,0,7,41058.15,Southern
8,0,8,43054.54,Southern
8,0,9,41670.66,Southern
8,0,10,40479.64,Southern
8,0,11,39734.18,Southern
8,0,12,43281.45,Southern
8,1,1,47440.95,Southern
8,1,2,50566.17,Southern
8,1,3,51902.25,Southern
8,1,4,48186.98,Southern
8,1,5,41451.5,Southern
8,1,6,41832.12,Southern
8,1,7,41284.44,Southern
8,1,8,43865.53,Southern
8,1,9,42480.09,Southern
8,1,10,40984.0,Southern
8,1,11,41025.71,Southern
8,1,12,43902.04,Southern
8,2,1,47023.68,Southern
8,2,2,50969.83,Southern
8,2,3,52522.28,Southern
8,2,4,46956.47,Southern
8,2,5,40765.06,Southern
8,2,6,42400.52,Southern
8,2,7,41513.93,Southern
8,2,8,44930.97,Southern
8,2,9,42847.61,Southern
8,2,10,40995.64,Southern
8,2,11,41678.2,Southern
8,2,12,44425.82,Southern
8,3,1,47235.83,Southern
8,3,2,51111.26,Southern
8,3,3,52761.68,Southern
8,3,4,47434.54,Southern
8,3,5,41074.24,Southern
8,3,6,42278.97,Southern
8,3,7,41207.12,Southern
8,3,8,44840.35,Southern
8,3,9,43121.29,Southern
8,3,10,41144.99,Southern
8,3,11,41396.31,Southern
8,3,12,44751.92,Southern
8,4,1,47667.73,Southern
8,4,2,51073.15,Southern
8,4,3,52663.88,Southern
8,4,4,48048.15,Southern
8,4,5,40972.59,Southern
8,4,6,42283.27,Southern
8,4,7,41623.29,Southern
8,4,8,44900.58,Southern
8,4,9,44202.2,Southern
8,4,10,42057.13,Southern
8,4,11,40924.98,Southern
8,4,12,45651.01,Southern
8,5,1,47212.8,Southern
8,5,2,50296.2,Southern
8,5,3,51813.75,Southern
8,5,4,48286.67,Southern
8,5,5,40492.99,Southern
8,5,6,41554.32,Southern
8,5,7,41595.18,Southern
8,5,8,43615.42,Southern
8,5,9,43369.62,Southern
8,5,10,40963.84,Southern
8,5,11,40208.28,Southern
8,5,12,44406.39,Southern
8,6,1,44891.9,Southern
8,6,2,47281.02,Southern
8,6,3,48881.71,Southern
8,6,4,46399.85,Southern
8,6,5,38832.03,Southern
8,6,6,39100.07,Southern
8,6,7,38951.51,Southern
8,6,8,41251.27,Southern
8,6,9,39931.52,Southern
8,6,10,38639.74,Southern
8,6,11,37709.61,Southern
8,6,12,41338.17,Southern
9,0,1,49055.0,Southern
9,0,2,51988.28,Southern
9,0,3,53675.62,Southern
9,0,4,51096.74,Southern
9,0,5,42681.46,Southern
9,0,6,41752.48,Southern
9,0,7,42079.04,Southern
9,0,8,44373.9,Southern
9,0,9,42650.39,Southern
9,0,10,41640.28,Southern
9,0,11,40568.18,Southern
9,0,12,44030.44,Southern
9,1,1,48913.59,Southern
9,1,2,52476.95,Southern
9,1,3,54277.44,Southern
9,1,4,50812.1,Southern
9,1,5,43236.64,Southern
9,1,6,43117.72,Southern
9,1,7,41630.48,Southern
9,1,8,45042.32,Southern
9,1,9,43198.63,Southern
9,1,10,42137.31,Southern
9,1,11,41500.91,Southern
9,1,12,44354.47,Southern
9,2,1,48525.65,Southern
9,2,2,52685.4,Southern
9,2,3,55104.54,Southern
9,2,4,49474.27,Southern
9,2,5,42566.27,Southern
9,2,6,43719.13,Southern
9,2,7,42300.18,Southern
9,2,8,46197.49,Southern
9,2,9,43793.95,Southern
9,2,10,42039.76,Southern
9,2,11,42474.32,Southern
9,2,12,44858.62,Southern
9,3,1,48637.7,Southern
9,3,2,52985.37,Southern
9,3,3,55320.2,Southern
9,3,4,50187.53,Southern
9,3,5,42866.17,Southern
9,3,6,43467.91,Southern
9,3,7,41917.1,Southern
9,3,8,46007.12,Southern
9,3,9,44146.1,Southern
9,3,10,41949.73,Southern
9,3,11,41803.5,Southern
9,3,12,45156.59,Southern
9,4,1,49113.34,Southern
9,4,2,52866.99,Southern
9,4,3,55103.55,Southern
9,4,4,51043.57,Southern
9,4,5,42724.05,Southern
9,4,6,43594.75,Southern
9,4,7,42669.9,Southern
9,4,8,46231.66,Southern
9,4,9,45208.5,Southern
9,4,10,43057.28,Southern
9,4,11,41470.82,Southern
9,4,12,46274.5,Southern
9,5,1,48635.66,Southern
9,5,2,52224.78,Southern
9,5,3,54192.07,Southern
9,5,4,50800.15,Southern
9,5,5,42101.55,Southern
9,5,6,42465.03,Southern
9,5,7,42446.97,Southern
9,5,8,44503.47,Southern
9,5,9,44238.5,Southern
9,5,10,41896.67,Southern
9,5,11,40691.57,Southern
9,5,12,45255.11,Southern
9,6,1,46653.13,Southern
9,6,2,49632.48,Southern
9,6,3,50820.9,Southern
9,6,4,48516.24,Southern
9,6,5,39942.19,Southern
9,6,6,39881.66,Southern
9,6,7,39775.57,Southern
9,6,8,42170.47,Southern
9,6,9,40881.63,Southern
9,6,10,39680.01,Southern
9,6,11,38571.38,Southern
9,6,12,42350.43,Southern
10,0,1,49739.3,Southern
10,0,2,52871.99,Southern
10,0,3,54903.82,Southern
10,0,4,52506.87,Southern
10,0,5,43694.81,Southern
10,0,6,42598.85,Southern
10,0,7,42585.31,Southern
10,0,8,45039.02,Southern
10,0,9,43116.62,Southern
10,0,10,42066.24,Southern
10,0,11,40888.2,Southern
10,0,12,44200.86,Southern
10,1,1,49258.72,Southern
10,1,2,53159.07,Southern
10,1,3,55379.05,Southern
10,1,4,51922.46,Southern
10,1,5,44274.02,Southern
10,1,6,43657.59,Southern
10,1,7,41697.74,Southern
10,1,8,45652.55,Southern
10,1,9,43382.72,Southern
10,1,10,42485.98,Southern
10,1,11,41646.21,Southern
10,1,12,44242.7,Southern
10,2,1,49106.56,Southern
10,2,2,53428.48,Southern
10,2,3,56226.66,Southern
10,2,4,50586.06,Southern
10,2,5,43583.72,Southern
10,2,6,44329.47,Southern
10,2,7,42443.59,Southern
10,2,8,46668.0,Southern
10,2,9,44145.57,Southern
10,2,10,42418.7,Southern
10,2,11,42884.32,Southern
10,2,12,44781.59,Southern
10,3,1,48877.14,Southern
10,3,2,53777.18,Southern
10,3,3,56471.8,Southern
10,3,4,51481.24,Southern
10,3,5,43913.14,Southern
10,3,6,44082.5,Southern
10,3,7,41976.77,Southern
10,3,8,46589.3,Southern
10,3,9,44631.3,Southern
10,3,10,42201.21,Southern
10,3,11,41844.62,Southern
10,3,12,45219.83,Southern
10,4,1,49575.14,Southern
10,4,2,53730.27,Southern
10,4,3,56244.61,Southern
10,4,4,52387.2,Southern
10,4,5,43690.29,Southern
10,4,6,44261.9,Southern
10,4,7,42987.92,Southern
10,4,8,46723.3,Southern
10,4,9,45644.7,Southern
10,4,10,43477.9,Southern
10,4,11,41547.36,Southern
10,4,12,46355.43,Southern
10,5,1,48641.95,Southern
10,5,2,52651.65,Southern
10,5,3,54911.45,Southern
10,5,4,51841.19,Southern
10,5,5,42862.02,Southern
10,5,6,42785.29,Southern
10,5,7,42443.03,Southern
10,5,8,44432.85,Southern
10,5,9,44407.23,Southern
10,5,10,41973.94,Southern
10,5,11,40400.23,Southern
10,5,12,45058.4,Southern
10,6,1,46667.39,Southern
10,6,2,50242.15,Southern
10,6,3,51343.39,Southern
10,6,4,49331.29,Southern
10,6,5,40482.32,Southern
10,6,6,40057.85,Southern
10,6,7,39784.73,Southern
10,6,8,42156.16,Southern
10,6,9,40844.1,Southern
10,6,10,39761.69,Southern
10,6,11,38438.56,Southern
10,6,12,42105.25,Southern
11,0,1,49336.62,Southern
11,0,2,52838.49,Southern
11,0,3,55102.93,Southern
11,0,4,53100.51,Southern
11,0,5,44201.06,Southern
11,0,6,43035.38,Southern
11,0,7,42507.09,Southern
11,0,8,44970.46,Southern
11,0,9,43124.92,Southern
11,0,10,42055.78,Southern
11,0,11,40758.59,Southern
11,0,12,43949.21,Southern
11,1,1,48821.0,Southern
11,1,2,52969.85,Southern
11,1,3,55399.88,Southern
11,1,4,52171.75,Southern
11,1,5,44964.35,Southern
11,1,6,43869.23,Southern
11,1,7,41679.33,Southern
11,1,8,45537.34,Southern
11,1,9,43525.04,Southern
11,1,10,42503.72,Southern
11,1,11,41506.54,Southern
11,1,12,44016.49,Southern
11,2,1,48707.97,Southern
11,2,2,53331.15,Southern
11,2,3,56213.75,Southern
11,2,4,50923.56,Southern
11,2,5,44107.56,Southern
11,2,6,44673.17,Southern
11,2,7,42141.97,Southern
11,2,8,46388.45,Southern
11,2,9,44091.38,Southern
11,2,10,42220.85,Southern
11,2,11,42754.27,Southern
11,2,12,44460.15,Southern
11,3,1,48307.52,Southern
11,3,2,53628.77,Southern
11,3,3,56432.67,Southern
11,3,4,51779.36,Southern
11,3,5,44435.31,Southern
11,3,6,44255.63,Southern
11,3,7,41750.32,Southern
11,3,8,46382.04,Southern
11,3,9,44629.44,Southern
11,3,10,42096.95,Southern
11,3,11,41659.13,Southern
11,3,12,45082.97,Southern
11,4,1,49161.42,Southern
11,4,2,53522.8,Southern
11,4,3,56347.82,Southern
11,4,4,52896.78,Southern
11,4,5,44141.22,Southern
11,4,6,44554.18,Southern
11,4,7,42744.07,Southern
11,4,8,46578.44,Southern
11,4,9,45539.57,Southern
11,4,10,43315.81,Southern
11,4,11,41319.06,Southern
11,4,12,46157.65,Southern
11,5,1,47942.58,Southern
11,5,2,52282.14,Southern
11,5,3,54943.02,Southern
11,5,4,52283.2,Southern
11,5,5,43315.42,Southern
11,5,6,42956.42,Southern
11,5,7,42231.7,Southern
11,5,8,44111.9,Southern
11,5,9,44284.52,Southern
11,5,10,41941.13,Southern
11,5,11,40038.0,Southern
11,5,12,44683.46,Southern
11,6,1,46195.19,Southern
11,6,2,49922.78,Southern
11,6,3,51313.88,Southern
11,6,4,49524.9,Southern
11,6,5,40964.83,Southern
11,6,6,40217.46,Southern
11,6,7,39576.46,Southern
11,6,8,41944.45,Southern
11,6,9,40742.14,Southern
11,6,10,39524.07,Southern
11,6,11,38217.39,Southern
11,6,12,41655.85,Southern
12,0,1,48818.38,Southern
12,0,2,52565.29,Southern
12,0,3,54974.28,Southern
12,0,4,53196.03,Southern
12,0,5,44688.35,Southern
12,0,6,43266.6,Southern
12,0,7,42324.5,Southern
12,0,8,44934.29,Southern
12,0,9,43152.8,Southern
12,0,10,42009.67,Southern
12,0,11,40486.47,Southern
12,0,12,43755.1,Southern
12,1,1,48171.13,Southern
12,1,2,52761.4,Southern
12,1,3,55263.87,Southern
12,1,4,52280.18,Southern
12,1,5,45340.9,Southern
12,1,6,44000.19,Southern
12,1,7,41792.17,Southern
12,1,8,45352.76,Southern
12,1,9,43559.96,Southern
12,1,10,42585.68,Southern
12,1,11,41419.52,Southern
12,1,12,43885.81,Southern
12,2,1,48302.25,Southern
12,2,2,53092.23,Southern
12,2,3,55937.85,Southern
12,2,4,51004.5,Southern
12,2,5,44619.71,Southern
12,2,6,44408.07,Southern
12,2,7,42098.46,Southern
12,2,8,46140.26,Southern
12,2,9,43876.6,Southern
12,2,10,42155.52,Southern
12,2,11,42556.47,Southern
12,2,12,44214.0,Southern
12,3,1,47815.56,Southern
12,3,2,53240.55,Southern
12,3,3,56083.69,Southern
12,3,4,51857.73,Southern
12,3,5,44874.64,Southern
12,3,6,44554.44,Southern
12,3,7,41502.78,Southern
12,3,8,46114.75,Southern
12,3,9,44396.0,Southern
12,3,10,42063.78,Southern
12,3,11,41456.45,Southern
12,3,12,44763.84,Southern
12,4,1,48774.9,Southern
12,4,2,53323.18,Southern
12,4,3,56133.28,Southern
12,4,4,53012.1,Southern
12,4,5,44504.74,Southern
12,4,6,44746.85,Southern
12,4,7,42511.33,Southern
12,4,8,46415.63,Southern
12,4,9,45334.15,Southern
12,4,10,43289.09,Southern
12,4,11,41212.76,Southern
12,4,12,45765.53,Southern
12,5,1,47649.36,Southern
12,5,2,52138.06,Southern
12,5,3,54920.43,Southern
12,5,4,52649.51,Southern
12,5,5,43838.38,Southern
12,5,6,43182.69,Southern
12,5,7,42116.07,Southern
12,5,8,44034.92,Southern
12,5,9,44329.35,Southern
12,5,10,41923.72,Southern
12,5,11,39995.86,Southern
12,5,12,44518.02,Southern
12,6,1,45846.06,Southern
12,6,2,49578.6,Southern
12,6,3,51161.96,Southern
12,6,4,49732.23,Southern
12,6,5,41354.57,Southern
12,6,6,40388.48,Southern
12,6,7,39417.08,Southern
12,6,8,41816.55,Southern
12,6,9,40702.14,Southern
12,6,10,39407.29,Southern
12,6,11,38107.1,Southern
12,6,12,41327.01,Southern
13,0,1,47516.82,Southern
13,0,2,51572.36,Southern
13,0,3,54041.31,Southern
13,0,4,52540.86,Southern
13,0,5,44509.37,Southern
13,0,6,42844.62,Southern
13,0,7,41445.6,Southern
13,0,8,44093.71,Southern
13,0,9,42198.53,Southern
13,0,10,41279.61,Southern
13,0,11,39727.56,Southern
13,0,12,42753.96,Southern
13,1,1,46954.5,Southern
13,1,2,51732.22,Southern
13,1,3,54259.14,Southern
13,1,4,51822.99,Southern
13,1,5,45022.56,Southern
13,1,6,43573.78,Southern
13,1,7,40976.87,Southern
13,1,8,44434.61,Southern
13,1,9,42615.3,Southern
13,1,10,41794.95,Southern
13,1,11,40468.05,Southern
13,1,12,42842.32,Southern
13,2,1,47178.93,Southern
13,2,2,51912.95,Southern
13,2,3,54976.87,Southern
13,2,4,50619.61,Southern
13,2,5,44376.09,Southern
13,2,6,44281.42,Southern
13,2,7,41103.96,Southern
13,2,8,45217.54,Southern
13,2,9,43030.58,Southern
13,2,10,41437.44,Southern
13,2,11,41569.36,Southern
13,2,12,43055.52,Southern
13,3,1,46699.79,Southern
13,3,2,52112.03,Southern
13,3,3,54986.58,Southern
13,3,4,51318.33,Southern
13,3,5,44392.6,Southern
13,3,6,44112.81,Southern
13,3,7,40647.54,Southern
13,3,8,45157.36,Southern
13,3,9,43489.07,Southern
13,3,10,41216.28,Southern
13,3,11,40427.99,Southern
13,3,12,43527.91,Southern
13,4,1,47429.7,Southern
13,4,2,52156.79,Southern
13,4,3,54979.94,Southern
13,4,4,52297.88,Southern
13,4,5,44001.12,Southern
13,4,6,44216.26,Southern
13,4,7,41471.39,Southern
13,4,8,45421.26,Southern
13,4,9,44404.48,Southern
13,4,10,42325.35,Southern
13,4,11,40078.82,Southern
13,4,12,44500.27,Southern
13,5,1,46540.19,Southern
13,5,2,51292.27,Southern
13,5,3,54199.14,Southern
13,5,4,52159.62,Southern
13,5,5,43636.49,Southern
13,5,6,42895.18,Southern
13,5,7,41417.71,Southern
13,5,8,43387.38,Southern
13,5,9,43567.17,Southern
13,5,10,41190.95,Southern
13,5,11,39320.2,Southern
13,5,12,43666.19,Southern
13,6,1,44805.03,Southern
13,6,2,48589.54,Southern
13,6,3,50567.65,Southern
13,6,4,49203.15,Southern
13,6,5,41324.0,Southern
13,6,6,40128.86,Southern
13,6,7,38826.57,Southern
13,6,8,41223.09,Southern
13,6,9,40129.39,Southern
13,6,10,38797.11,Southern
13,6,11,37348.13,Southern
13,6,12,40433.95,Southern
14,0,1,47047.36,Southern
14,0,2,51324.33,Southern
14,0,3,54035.46,Southern
14,0,4,52688.78,Southern
14,0,5,44707.91,Southern
14,0,6,43253.21,Southern
14,0,7,41494.34,Southern
14,0,8,43895.12,Southern
14,0,9,41962.79,Southern
14,0,10,40969.76,Southern
14,0,11,39343.71,Southern
14,0,12,42234.88,Southern
14,1,1,46388.56,Southern
14,1,2,51680.59,Southern
14,1,3,54304.9,Southern
14,1,4,52091.37,Southern
14,1,5,45397.56,Southern
14,1,6,44012.15,Southern
14,1,7,40753.27,Southern
14,1,8,44417.9,Southern
14,1,9,42481.06,Southern
14,1,10,41595.83,Southern
14,1,11,40215.32,Southern
14,1,12,42396.77,Southern
14,2,1,46629.0,Southern
14,2,2,51702.98,Southern
14,2,3,54924.76,Southern
14,2,4,50740.72,Southern
14,2,5,44868.88,Southern
14,2,6,44698.27,Southern
14,2,7,40879.74,Southern
14,2,8,44947.48,Southern
14,2,9,42946.94,Southern
14,2,10,41239.0,Southern
14,2,11,41275.44,Southern
14,2,12,42733.02,Southern
14,3,1,46239.0,Southern
14,3,2,51782.86,Southern
14,3,3,54992.86,Southern
14,3,4,51621.99,Southern
14,3,5,44859.83,Southern
14,3,6,44481.79,Southern
14,3,7,40450.65,Southern
14,3,8,45067.51,Southern
14,3,9,43302.46,Southern
14,3,10,41184.03,Southern
14,3,11,40109.52,Southern
14,3,12,43133.75,Southern
14,4,1,46661.63,Southern
14,4,2,51692.54,Southern
14,4,3,54946.71,Southern
14,4,4,52508.42,Southern
14,4,5,44455.07,Southern
14,4,6,44686.35,Southern
14,4,7,41178.72,Southern
14,4,8,45088.62,Southern
14,4,9,44125.02,Southern
14,4,10,41975.37,Southern
14,4,11,39539.94,Southern
14,4,12,43854.64,Southern
14,5,1,46029.0,Southern
14,5,2,51051.3,Southern
14,5,3,54299.38,Southern
14,5,4,52233.46,Southern
14,5,5,44112.59,Southern
14,5,6,43187.1,Southern
14,5,7,41382.67,Southern
14,5,8,43228.39,Southern
14,5,9,43616.21,Southern
14,5,10,40966.22,Southern
14,5,11,39056.61,Southern
14,5,12,43266.96,Southern
14,6,1,43604.67,Southern
14,6,2,47608.97,Southern
14,6,3,50011.36,Southern
14,6,4,49057.72,Southern
14,6,5,41402.25,Southern
14,6,6,40066.89,Southern
14,6,7,38180.45,Southern
14,6,8,40537.32,Southern
14,6,9,39484.14,Southern
14,6,10,38137.1,Southern
14,6,11,36518.9,Southern
14,6,12,39385.58,Southern
15,0,1,46700.84,Southern
15,0,2,51352.9,Southern
15,0,3,54124.03,Southern
15,0,4,52668.55,Southern
15,0,5,45058.96,Southern
15,0,6,43845.27,Southern
15,0,7,41566.3,Southern
15,0,8,43578.64,Southern
15,0,9,41686.18,Southern
15,0,10,40857.5,Southern
15,0,11,39254.1,Southern
15,0,12,42037.47,Southern
15,1,1,46125.15,Southern
15,1,2,51445.68,Southern
15,1,3,54390.88,Southern
15,1,4,52068.14,Southern
15,1,5,45392.02,Southern
15,1,6,43946.79,Southern
15,1,7,40700.47,Southern
15,1,8,44237.76,Southern
15,1,9,42404.61,Southern
15,1,10,41355.0,Southern
15,1,11,40131.08,Southern
15,1,12,42274.6,Southern
15,2,1,46293.19,Southern
15,2,2,51631.27,Southern
15,2,3,55026.52,Southern
15,2,4,50648.05,Southern
15,2,5,44997.17,Southern
15,2,6,44791.14,Southern
15,2,7,40746.37,Southern
15,2,8,44824.15,Southern
15,2,9,42831.22,Southern
15,2,10,41068.57,Southern
15,2,11,41225.42,Southern
15,2,12,42658.25,Southern
15,3,1,46000.94,Southern
15,3,2,51732.61,Southern
15,3,3,55090.36,Southern
15,3,4,51384.83,Southern
15,3,5,44920.73,Southern
15,3,6,44507.17,Southern
15,3,7,40496.11,Southern
15,3,8,44655.86,Southern
15,3,9,43074.4,Southern
15,3,10,41169.31,Southern
15,3,11,40056.84,Southern
15,3,12,42985.9,Southern
15,4,1,46439.24,Southern
15,4,2,51472.24,Southern
15,4,3,55147.5,Southern
15,4,4,52266.31,Southern
15,4,5,44531.8,Southern
15,4,6,44955.58,Southern
15,4,7,41079.57,Southern
15,4,8,44773.62,Southern
15,4,9,43776.17,Southern
15,4,10,41785.92,Southern
15,4,11,39454.4,Southern
15,4,12,43601.97,Southern
15,5,1,45843.11,Southern
15,5,2,50942.81,Southern
15,5,3,54521.2,Southern
15,5,4,52013.3,Southern
15,5,5,44165.29,Southern
15,5,6,43427.31,Southern
15,5,7,41336.62,Southern
15,5,8,43100.26,Southern
15,5,9,43454.59,Southern
15,5,10,40697.9,Southern
15,5,11,39064.41,Southern
15,5,12,43170.93,Southern
15,6,1,42792.01,Southern
15,6,2,47129.13,Southern
15,6,3,49793.06,Southern
15,6,4,48835.55,Southern
15,6,5,41126.98,Southern
15,6,6,39770.17,Southern
15,6,7,37629.42,Southern
15,6,8,39878.64,Southern
15,6,9,39021.07,Southern
15,6,10,37631.11,Southern
15,6,11,35862.77,Southern
15,6,12,38708.02,Southern
16,0,1,45614.71,Southern
16,0,2,50111.44,Southern
16,0,3,52975.42,Southern
16,0,4,51028.57,Southern
16,0,5,43560.63,Southern
16,0,6,42849.56,Southern
16,0,7,40767.05,Southern
16,0,8,42692.86,Southern
16,0,9,41113.42,Southern
16,0,10,40178.02,Southern
16,0,11,38916.09,Southern
16,0,12,41526.51,Southern
16,1,1,45246.37,Southern
16,1,2,50138.7,Southern
16,1,3,53335.85,Southern
16,1,4,50420.16,Southern
16,1,5,43803.11,Southern
16,1,6,42854.49,Southern
16,1,7,40120.09,Southern
16,1,8,43405.27,Southern
16,1,9,41667.89,Southern
16,1,10,40667.39,Southern
16,1,11,39687.47,Southern
16,1,12,41854.57,Southern
16,2,1,45468.92,Southern
16,2,2,50345.09,Southern
16,2,3,53664.45,Southern
16,2,4,49037.28,Southern
16,2,5,43604.46,Southern
16,2,6,43525.14,Southern
16,2,7,40214.93,Southern
16,2,8,44075.74,Southern
16,2,9,42103.18,Southern
16,2,10,40467.92,Southern
16,2,11,40699.67,Southern
16,2,12,42148.36,Southern
16,3,1,45027.98,Southern
16,3,2,50631.47,Southern
16,3,3,53672.26,Southern
16,3,4,49576.98,Southern
16,3,5,43371.25,Southern
16,3,6,43193.25,Southern
16,3,7,39950.7,Southern
16,3,8,43899.13,Southern
16,3,9,42313.42,Southern
16,3,10,40668.7,Southern
16,3,11,39636.16,Southern
16,3,12,42475.05,Southern
16,4,1,45513.51,Southern
16,4,2,50400.85,Southern
16,4,3,53837.4,Southern
16,4,4,50492.3,Southern
16,4,5,43020.98,Southern
16,4,6,43862.08,Southern
16,4,7,40322.95,Southern
16,4,8,43841.75,Southern
16,4,9,42892.82,Southern
16,4,10,41184.43,Southern
16,4,11,38991.67,Southern
16,4,12,42781.97,Southern
16,5,1,44984.81,Southern
16,5,2,49664.89,Southern
16,5,3,53291.52,Southern
16,5,4,50209.48,Southern
16,5,5,42713.0,Southern
16,5,6,42354.89,Southern
16,5,7,40505.75,Southern
16,5,8,42094.22,Southern
16,5,9,42518.92,Southern
16,5,10,39959.94,Southern
16,5,11,38492.75,Southern
16,5,12,42374.18,Southern
16,6,1,41711.44,Southern
16,6,2,45758.14,Southern
16,6,3,48719.34,Southern
16,6,4,47353.88,Southern
16,6,5,39679.09,Southern
16,6,6,38475.91,Southern
16,6,7,36469.09,Southern
16,6,8,38873.69,Southern
16,6,9,37765.45,Southern
16,6,10,36936.38,Southern
16,6,11,34986.77,Southern
16,6,12,37889.02,Southern
17,0,1,43173.58,Southern
17,0,2,47078.62,Southern
17,0,3,49070.34,Southern
17,0,4,47356.6,Southern
17,0,5,41267.49,Southern
17,0,6,40837.19,Southern
17,0,7,39218.62,Southern
17,0,8,40928.58,Southern
17,0,9,39773.55,Southern
17,0,10,39119.97,Southern
17,0,11,38765.56,Southern
17,0,12,40306.02,Southern
17,1,1,42944.13,Southern
17,1,2,47083.2,Southern
17,1,3,49636.74,Southern
17,1,4,46859.12,Southern
17,1,5,41381.59,Southern
17,1,6,40905.33,Southern
17,1,7,38956.65,Southern
17,1,8,41768.34,Southern
17,1,9,40396.9,Southern
17,1,10,39730.29,Southern
17,1,11,39682.47,Southern
17,1,12,40710.89,Southern
17,2,1,43128.15,Southern
17,2,2,47200.93,Southern
17,2,3,49980.43,Southern
17,2,4,45478.29,Southern
17,2,5,41311.72,Southern
17,2,6,41365.98,Southern
17,2,7,38899.25,Southern
17,2,8,42388.66,Southern
17,2,9,40594.22,Southern
17,2,10,39605.87,Southern
17,2,11,40352.21,Southern
17,2,12,40897.9,Southern
17,3,1,42911.16,Southern
17,3,2,47738.68,Southern
17,3,3,49841.77,Southern
17,3,4,45944.95,Southern
17,3,5,41054.8,Southern
17,3,6,41132.16,Southern
17,3,7,38749.86,Southern
17,3,8,42201.06,Southern
17,3,9,40898.73,Southern
17,3,10,39786.78,Southern
17,3,11,39663.7,Southern
17,3,12,41162.8,Southern
17,4,1,43160.82,Southern
17,4,2,47341.39,Southern
17,4,3,49936.03,Southern
17,4,4,47014.08,Southern
17,4,5,40701.79,Southern
17,4,6,41713.55,Southern
17,4,7,38895.69,Southern
17,4,8,42033.81,Southern
17,4,9,41217.97,Southern
17,4,10,40170.73,Southern
17,4,11,38844.06,Southern
17,4,12,41527.77,Southern
17,5,1,42522.34,Southern
17,5,2,46391.0,Southern
17,5,3,49223.18,Southern
17,5,4,46726.47,Southern
17,5,5,40391.88,Southern
17,5,6,40407.58,Southern
17,5,7,38977.15,Southern
17,5,8,40596.89,Southern
17,5,9,41041.6,Southern
17,5,10,39003.51,Southern
17,5,11,38356.86,Southern
17,5,12,40945.47,Southern
17,6,1,39199.71,Southern
17,6,2,42630.11,Southern
17,6,3,45047.38,Southern
17,6,4,44046.56,Southern
17,6,5,37416.01,Southern
17,6,6,36542.79,Southern
17,6,7,34984.48,Southern
17,6,8,36929.56,Southern
17,6,9,36639.91,Southern
17,6,10,35816.77,Southern
17,6,11,34834.93,Southern
17,6,12,36490.6,Southern
18,0,1,41614.62,Southern
18,0,2,44118.09,Southern
18,0,3,45560.4,Southern
18,0,4,44027.65,Southern
18,0,5,39876.02,Southern
18,0,6,39665.94,Southern
18,0,7,38628.4,Southern
18,0,8,39911.57,Southern
18,0,9,40115.51,Southern
18,0,10,40111.4,Southern
18,0,11,39929.19,Southern
18,0,12,40526.46,Southern
18,1,1,41575.51,Southern
18,1,2,44446.44,Southern
18,1,3,45950.0,Southern
18,1,4,43637.78,Southern
18,1,5,39895.51,Southern
18,1,6,39845.45,Southern
18,1,7,38464.48,Southern
18,1,8,40760.27,Southern
18,1,9,40831.37,Southern
18,1,10,40797.54,Southern
18,1,11,41218.3,Southern
18,1,12,41038.68,Southern
18,2,1,41783.28,Southern
18,2,2,44517.86,Southern
18,2,3,46254.64,Southern
18,2,4,42622.65,Southern
18,2,5,39881.36,Southern
18,2,6,40085.07,Southern
18,2,7,38222.93,Southern
18,2,8,41154.85,Southern
18,2,9,40876.95,Southern
18,2,10,40765.29,Southern
18,2,11,41641.86,Southern
18,2,12,41350.38,Southern
18,3,1,41716.22,Southern
18,3,2,44701.9,Southern
18,3,3,46250.65,Southern
18,3,4,43005.24,Southern
18,3,5,39710.92,Southern
18,3,6,40071.73,Southern
18,3,7,38302.04,Southern
18,3,8,41025.11,Southern
18,3,9,41005.5,Southern
18,3,10,40848.75,Southern
18,3,11,40868.36,Southern
18,3,12,41386.0,Southern
18,4,1,41915.96,Southern
18,4,2,44282.22,Southern
18,4,3,46234.18,Southern
18,4,4,43854.52,Southern
18,4,5,39374.09,Southern
18,4,6,40390.09,Southern
18,4,7,38336.22,Southern
18,4,8,40919.26,Southern
18,4,9,41215.23,Southern
18,4,10,40973.13,Southern
18,4,11,40431.37,Southern
18,4,12,41569.76,Southern
18,5,1,41165.12,Southern
18,5,2,43685.4,Southern
18,5,3,45744.77,Southern
18,5,4,43610.66,Southern
18,5,5,39008.64,Southern
18,5,6,39346.36,Southern
18,5,7,38355.49,Southern
18,5,8,39628.12,Southern
18,5,9,40849.75,Southern
18,5,10,40123.85,Southern
18,5,11,39920.95,Southern
18,5,12,41089.44,Southern
18,6,1,37932.58,Southern
18,6,2,40058.86,Southern
18,6,3,41757.35,Southern
18,6,4,41133.07,Southern
18,6,5,36325.99,Southern
18,6,6,35727.49,Southern
18,6,7,34584.97,Southern
18,6,8,36198.27,Southern
18,6,9,37081.59,Southern
18,6,10,36951.45,Southern
18,6,11,36466.65,Southern
18,6,12,36826.96,Southern
19,0,1,40932.98,Southern
19,0,2,44476.24,Southern
19,0,3,46602.92,Southern
19,0,4,45390.2,Southern
19,0,5,41927.2,Southern
19,0,6,41615.31,Southern
19,0,7,40552.17,Southern
19,0,8,41245.97,Southern
19,0,9,40712.6,Southern
19,0,10,39732.17,Southern
19,0,11,38831.7,Southern
19,0,12,39129.82,Southern
19,1,1,41062.4,Southern
19,1,2,44717.82,Southern
19,1,3,46790.68,Southern
19,1,4,44997.94,Southern
19,1,5,41767.16,Southern
19,1,6,41709.27,Southern
19,1,7,40246.43,Southern
19,1,8,42106.63,Southern
19,1,9,41510.61,Southern
19,1,10,40494.92,Southern
19,1,11,40143.69,Southern
19,1,12,39857.57,Southern
19,2,1,41297.03,Southern
19,2,2,44874.39,Southern
19,2,3,47173.24,Southern
19,2,4,44172.47,Southern
19,2,5,41881.41,Southern
19,2,6,41766.94,Southern
19,2,7,40104.36,Southern
19,2,8,42255.74,Southern
19,2,9,41558.81,Southern
19,2,10,40498.44,Southern
19,2,11,40493.61,Southern
19,2,12,40102.26,Southern
19,3,1,41337.93,Southern
19,3,2,44943.03,Southern
19,3,3,47264.4,Southern
19,3,4,44371.08,Southern
19,3,5,41862.27,Southern
19,3,6,42010.63,Southern
19,3,7,40302.62,Southern
19,3,8,42286.75,Southern
19,3,9,41729.92,Southern
19,3,10,40606.1,Southern
19,3,11,39877.05,Southern
19,3,12,40098.47,Southern
19,4,1,41353.63,Southern
19,4,2,44449.45,Southern
19,4,3,47171.0,Southern
19,4,4,45109.43,Southern
19,4,5,41368.03,Southern
19,4,6,42238.81,Southern
19,4,7,40342.18,Southern
19,4,8,41992.51,Southern
19,4,9,41819.03,Southern
19,4,10,40607.54,Southern
19,4,11,39429.03,Southern
19,4,12,40215.53,Southern
19,5,1,40678.79,Southern
19,5,2,43964.71,Southern
19,5,3,46724.57,Southern
19,5,4,44991.68,Southern
19,5,5,41064.74,Southern
19,5,6,41330.95,Southern
19,5,7,40434.87,Southern
19,5,8,40967.94,Southern
19,5,9,41426.52,Southern
19,5,10,39671.88,Southern
19,5,11,38817.01,Southern
19,5,12,39793.19,Southern
19,6,1,37688.32,Southern
19,6,2,40763.17,Southern
19,6,3,43083.05,Southern
19,6,4,42695.64,Southern
19,6,5,38501.39,Southern
19,6,6,37855.01,Southern
19,6,7,36844.87,Southern
19,6,8,37983.81,Southern
19,6,9,37776.95,Southern
19,6,10,36863.18,Southern
19,6,11,35634.1,Southern
19,6,12,35917.35,Southern
20,0,1,39092.48,Southern
20,0,2,42760.62,Southern
20,0,3,45481.3,Southern
20,0,4,44787.57,Southern
20,0,5,41642.13,Southern
20,0,6,41217.44,Southern
20,0,7,39885.76,Southern
20,0,8,40410.19,Southern
20,0,9,39669.05,Southern
20,0,10,38662.01,Southern
20,0,11,37302.28,Southern
20,0,12,37286.55,Southern
20,1,1,39187.16,Southern
20,1,2,43158.69,Southern
20,1,3,45733.3,Southern
20,1,4,44451.28,Southern
20,1,5,41415.0,Southern
20,1,6,41423.35,Southern
20,1,7,39606.59,Southern
20,1,8,41145.18,Southern
20,1,9,40322.19,Southern
20,1,10,39277.7,Southern
20,1,11,38370.65,Southern
20,1,12,37985.99,Southern
20,2,1,39406.77,Southern
20,2,2,43164.94,Southern
20,2,3,46028.24,Southern
20,2,4,43617.14,Southern
20,2,5,41501.75,Southern
20,2,6,41485.01,Southern
20,2,7,39447.7,Southern
20,2,8,41271.03,Southern
20,2,9,40387.35,Southern
20,2,10,39297.6,Southern
20,2,11,38773.05,Southern
20,2,12,38144.23,Southern
20,3,1,39333.87,Southern
20,3,2,43225.55,Southern
20,3,3,46121.89,Southern
20,3,4,43739.25,Southern
20,3,5,41564.42,Southern
20,3,6,41667.53,Southern
20,3,7,39577.0,Southern
20,3,8,41291.93,Southern
20,3,9,40638.53,Southern
20,3,10,39409.98,Southern
20,3,11,38272.48,Southern
20,3,12,38066.43,Southern
20,4,1,39461.1,Southern
20,4,2,42710.71,Southern
20,4,3,45952.38,Southern
20,4,4,44507.86,Southern
20,4,5,41128.1,Southern
20,4,6,41915.52,Southern
20,4,7,39600.43,Southern
20,4,8,41086.56,Southern
20,4,9,40731.22,Southern
20,4,10,39364.56,Southern
20,4,11,37884.68,Southern
20,4,12,38241.45,Southern
20,5,1,38767.9,Southern
20,5,2,42282.83,Southern
20,5,3,45554.0,Southern
20,5,4,44371.5,Southern
20,5,5,40817.14,Southern
20,5,6,41058.03,Southern
20,5,7,39822.23,Southern
20,5,8,40075.71,Southern
20,5,9,40294.56,Southern
20,5,10,38450.08,Southern
20,5,11,37258.37,Southern
20,5,12,37842.57,Southern
20,6,1,36201.57,Southern
20,6,2,39509.39,Southern
20,6,3,42617.15,Southern
20,6,4,42454.99,Southern
20,6,5,38646.13,Southern
20,6,6,37997.08,Southern
20,6,7,36787.35,Southern
20,6,8,37515.34,Southern
20,6,9,37174.65,Southern
20,6,10,36128.17,Southern
20,6,11,34565.04,Southern
20,6,12,34464.97,Southern
21,0,1,37931.06,Southern
21,0,2,42249.42,Southern
21,0,3,45805.77,Southern
21,0,4,45438.87,Southern
21,0,5,42013.08,Southern
21,0,6,41326.16,Southern
21,0,7,39280.02,Southern
21,0,8,39907.91,Southern
21,0,9,38971.98,Southern
21,0,10,37737.05,Southern
21,0,11,36201.44,Southern
21,0,12,35828.27,Southern
21,1,1,37995.82,Southern
21,1,2,42662.48,Southern
21,1,3,46071.47,Southern
21,1,4,45101.27,Southern
21,1,5,41766.96,Southern
21,1,6,41674.45,Southern
21,1,7,38931.29,Southern
21,1,8,40636.43,Southern
21,1,9,39483.26,Southern
21,1,10,38296.38,Southern
21,1,11,36884.28,Southern
21,1,12,36397.87,Southern
21,2,1,38170.4,Southern
21,2,2,42647.3,Southern
21,2,3,46288.74,Southern
21,2,4,44344.32,Southern
21,2,5,41885.33,Southern
21,2,6,41748.86,Southern
21,2,7,38935.49,Southern
21,2,8,40742.09,Southern
21,2,9,39537.3,Southern
21,2,10,38275.28,Southern
21,2,11,37372.37,Southern
21,2,12,36576.18,Southern
21,3,1,38065.65,Southern
21,3,2,42774.94,Southern
21,3,3,46450.88,Southern
21,3,4,44379.56,Southern
21,3,5,41970.97,Southern
21,3,6,41845.16,Southern
21,3,7,38952.93,Southern
21,3,8,40759.79,Southern
21,3,9,39792.98,Southern
21,3,10,38247.16,Southern
21,3,11,36909.4,Southern
21,3,12,36574.39,Southern
21,4,1,38124.23,Southern
21,4,2,42193.48,Southern
21,4,3,46250.03,Southern
21,4,4,45181.42,Southern
21,4,5,41569.93,Southern
21,4,6,42105.46,Southern
21,4,7,39018.91,Southern
21,4,8,40510.87,Southern
21,4,9,40103.04,Southern
21,4,10,38312.34,Southern
21,4,11,36546.2,Southern
21,4,12,36702.99,Southern
21,5,1,37612.07,Southern
21,5,2,41748.37,Southern
21,5,3,45914.63,Southern
21,5,4,45011.78,Southern
21,5,5,41228.31,Southern
21,5,6,41295.34,Southern
21,5,7,39268.66,Southern
21,5,8,39433.0,Southern
21,5,9,39549.47,Southern
21,5,10,37518.02,Southern
21,5,11,35906.98,Southern
21,5,12,36415.92,Southern
21,6,1,35437.1,Southern
21,6,2,39372.02,Southern
21,6,3,43418.09,Southern
21,6,4,43321.64,Southern
21,6,5,39497.77,Southern
21,6,6,38614.19,Southern
21,6,7,36659.77,Southern
21,6,8,37232.29,Southern
21,6,9,36852.54,Southern
21,6,10,35608.33,Southern
21,6,11,33650.31,Southern
21,6,12,33477.11,Southern
22,0,1,36781.99,Southern
22,0,2,41838.33,Southern
22,0,3,46421.55,Southern
22,0,4,46098.12,Southern
22,0,5,42333.49,Southern
22,0,6,41025.64,Southern
22,0,7,38305.77,Southern
22,0,8,39031.97,Southern
22,0,9,37883.4,Southern
22,0,10,36442.34,Southern
22,0,11,34585.64,Southern
22,0,12,34365.8,Southern
22,1,1,36862.94,Southern
22,1,2,42224.65,Southern
22,1,3,46509.75,Southern
22,1,4,45731.22,Southern
22,1,5,41992.53,Southern
22,1,6,41480.17,Southern
22,1,7,38032.72,Southern
22,1,8,39733.17,Southern
22,1,9,38308.21,Southern
22,1,10,36949.57,Southern
22,1,11,35161.39,Southern
22,1,12,34657.29,Southern
22,2,1,37033.01,Southern
22,2,2,42302.54,Southern
22,2,3,46883.44,Southern
22,2,4,45008.55,Southern
22,2,5,42221.06,Southern
22,2,6,41602.95,Southern
22,2,7,37857.47,Southern
22,2,8,39835.15,Southern
22,2,9,38491.84,Southern
22,2,10,37082.22,Southern
22,2,11,35680.42,Southern
22,2,12,35005.02,Southern
22,3,1,36928.07,Southern
22,3,2,42392.22,Southern
22,3,3,47104.01,Southern
22,3,4,45054.81,Southern
22,3,5,42188.52,Southern
22,3,6,41545.5,Southern
22,3,7,37914.73,Southern
22,3,8,39898.94,Southern
22,3,9,38689.76,Southern
22,3,10,36924.96,Southern
22,3,11,35326.75,Southern
22,3,12,35068.83,Southern
22,4,1,37118.35,Southern
22,4,2,41788.47,Southern
22,4,3,46906.38,Southern
22,4,4,45869.44,Southern
22,4,5,41793.54,Southern
22,4,6,42032.2,Southern
22,4,7,37972.35,Southern
22,4,8,39635.4,Southern
22,4,9,39096.45,Southern
22,4,10,37077.23,Southern
22,4,11,34923.5,Southern
22,4,12,35102.96,Southern
22,5,1,36553.86,Southern
22,5,2,41603.86,Southern
22,5,3,46601.35,Southern
22,5,4,45694.38,Southern
22,5,5,41613.14,Southern
22,5,6,41246.58,Southern
22,5,7,38421.2,Southern
22,5,8,38682.12,Southern
22,5,9,38744.38,Southern
22,5,10,36420.67,Southern
22,5,11,34363.59,Southern
22,5,12,34977.85,Southern
22,6,1,34722.36,Southern
22,6,2,39354.04,Southern
22,6,3,44338.91,Southern
22,6,4,44300.24,Southern
22,6,5,40085.57,Southern
22,6,6,38869.63,Southern
22,6,7,35957.71,Southern
22,6,8,36685.0,Southern
22,6,9,36238.23,Southern
22,6,10,34766.82,Southern
22,6,11,32493.17,Southern
22,6,12,32364.13,Southern
23,0,1,35926.95,Southern
23,0,2,41406.02,Southern
23,0,3,46314.74,Southern
23,0,4,45674.24,Southern
23,0,5,41136.96,Southern
23,0,6,39558.36,Southern
23,0,7,36588.48,Southern
23,0,8,37490.67,Southern
23,0,9,36172.73,Southern
23,0,10,35217.71,Southern
23,0,11,32843.52,Southern
23,0,12,33061.34,Southern
23,1,1,35921.86,Southern
23,1,2,41871.99,Southern
23,1,3,46469.7,Southern
23,1,4,45285.67,Southern
23,1,5,40852.0,Southern
23,1,6,39871.86,Southern
23,1,7,36329.58,Southern
23,1,8,38125.36,Southern
23,1,9,36717.8,Southern
23,1,10,35577.0,Southern
23,1,11,33355.52,Southern
23,1,12,33341.99,Southern
23,2,1,36056.31,Southern
23,2,2,41973.8,Southern
23,2,3,46925.14,Southern
23,2,4,44451.55,Southern
23,2,5,41013.47,Southern
23,2,6,40188.39,Southern
23,2,7,36097.77,Southern
23,2,8,38372.4,Southern
23,2,9,36886.4,Southern
23,2,10,35671.01,Southern
23,2,11,33875.91,Southern
23,2,12,33574.27,Southern
23,3,1,35995.16,Southern
23,3,2,42140.26,Southern
23,3,3,46934.7,Southern
23,3,4,44481.69,Southern
23,3,5,40995.92,Southern
23,3,6,40176.93,Southern
23,3,7,36145.18,Southern
23,3,8,38300.51,Southern
23,3,9,37076.14,Southern
23,3,10,35481.18,Southern
23,3,11,33530.88,Southern
23,3,12,33735.54,Southern
23,4,1,36242.44,Southern
23,4,2,41480.03,Southern
23,4,3,46949.64,Southern
23,4,4,45471.48,Southern
23,4,5,40700.59,Southern
23,4,6,40622.92,Southern
23,4,7,36312.51,Southern
23,4,8,38197.65,Southern
23,4,9,37546.57,Southern
23,4,10,35770.59,Southern
23,4,11,33347.59,Southern
23,4,12,33746.34,Southern
23,5,1,35839.67,Southern
23,5,2,41277.47,Southern
23,5,3,46738.59,Southern
23,5,4,45335.1,Southern
23,5,5,40659.4,Southern
23,5,6,39952.14,Southern
23,5,7,36950.19,Southern
23,5,8,37483.07,Southern
23,5,9,37402.01,Southern
23,5,10,35197.98,Southern
23,5,11,32717.27,Southern
23,5,12,33728.74,Southern
23,6,1,34045.37,Southern
23,6,2,39128.78,Southern
23,6,3,44438.16,Southern
23,6,4,43944.31,Southern
23,6,5,39240.44,Southern
23,6,6,37679.45,Southern
23,6,7,34643.58,Southern
23,6,8,35441.26,Southern
23,6,9,34847.68,Southern
23,6,10,33615.36,Southern
23,6,11,31024.92,Southern
23,6,12,31348.9,Southern
0,0,1,1464.01,NorthEastern
0,0,2,1450.76,NorthEastern
0,0,3,1514.5,NorthEastern
0,0,4,1542.65,NorthEastern
0,0,5,1756.56,NorthEastern
0,0,6,2054.66,NorthEastern
0,0,7,2317.27,NorthEastern
0,0,8,2360.14,NorthEastern
0,0,9,2335.28,NorthEastern
0,0,10,2014.86,NorthEastern
0,0,11,1467.39,NorthEastern
0,0,12,1445.13,NorthEastern
0,1,1,1509.96,NorthEastern
0,1,2,1512.06,NorthEastern
0,1,3,1541.75,NorthEastern
0,1,4,1637.17,NorthEastern
0,1,5,1796.67,NorthEastern
0,1,6,2105.46,NorthEastern
0,1,7,2311.36,NorthEastern
0,1,8,2504.2,NorthEastern
0,1,9,2385.56,NorthEastern
0,1,10,1989.1,NorthEastern
0,1,11,1540.62,NorthEastern
0,1,12,1449.41,NorthEastern
0,2,1,1495.52,NorthEastern
0,2,2,1505.07,NorthEastern
0,2,3,1536.28,NorthEastern
0,2,4,1606.18,NorthEastern
0,2,5,1766.13,NorthEastern
0,2,6,2089.73,NorthEastern
0,2,7,2364.86,NorthEastern
0,2,8,2526.42,NorthEastern
0,2,9,2389.66,NorthEastern
0,2,10,2000.09,NorthEastern
0,2,11,1556.71,NorthEastern
0,2,12,1499.76,NorthEastern
0,3,1,1483.57,NorthEastern
0,3,2,1491.27,NorthEastern
0,3,3,1540.66,NorthEastern
0,3,4,1556.53,NorthEastern
0,3,5,1699.14,NorthEastern
0,3,6,2146.62,NorthEastern
0,3,7,2363.33,NorthEastern
0,3,8,2532.83,NorthEastern
0,3,9,2409.0,NorthEastern
0,3,10,2035.47,NorthEastern
0,3,11,1546.2,NorthEastern
0,3,12,1480.83,NorthEastern
0,4,1,1504.22,NorthEastern
0,4,2,1506.69,NorthEastern
0,4,3,1569.45,NorthEastern
0,4,4,1606.51,NorthEastern
0,4,5,1699.66,NorthEastern
0,4,6,2118.02,NorthEastern
0,4,7,2373.6,NorthEastern
0,4,8,2496.09,NorthEastern
0,4,9,2454.55,NorthEastern
0,4,10,2035.21,NorthEastern
0,4,11,1537.27,NorthEastern
0,4,12,1494.36,NorthEastern
0,5,1,1497.96,NorthEastern
0,5,2,1485.1,NorthEastern
0,5,3,1577.02,NorthEastern
0,5,4,1626.32,NorthEastern
0,5,5,1756.93,NorthEastern
0,5,6,2083.8,NorthEastern
0,5,7,2400.53,NorthEastern
0,5,8,2473.32,NorthEastern
0,5,9,2434.47,NorthEastern
0,5,10,2051.69,NorthEastern
0,5,11,1525.27,NorthEastern
0,5,12,1489.31,NorthEastern
0,6,1,1523.66,NorthEastern
0,6,2,1490.52,NorthEastern
0,6,3,1580.68,NorthEastern
0,6,4,1628.4,NorthEastern
0,6,5,1736.6,NorthEastern
0,6,6,2085.53,NorthEastern
0,6,7,2400.71,NorthEastern
0,6,8,2492.45,NorthEastern
0,6,9,2425.15,NorthEastern
0,6,10,2092.79,NorthEastern
0,6,11,1537.46,NorthEastern
0,6,12,1506.62,NorthEastern
1,0,1,1390.09,NorthEastern
1,0,2,1374.58,NorthEastern
1,0,3,1452.07,NorthEastern
1,0,4,1473.6,NorthEastern
1,0,5,1658.86,NorthEastern
1,0,6,1948.46,NorthEastern
1,0,7,2228.08,NorthEastern
1,0,8,2274.92,NorthEastern
1,0,9,2241.9,NorthEastern
1,0,10,1926.77,NorthEastern
1,0,11,1406.86,NorthEastern
1,0,12,1377.92,NorthEastern
1,1,1,1432.72,NorthEastern
1,1,2,1441.77,NorthEastern
1,1,3,1474.18,NorthEastern
1,1,4,1566.98,NorthEastern
1,1,5,1716.04,NorthEastern
1,1,6,2021.63,NorthEastern
1,1,7,2225.67,NorthEastern
1,1,8,2420.11,NorthEastern
1,1,9,2283.93,NorthEastern
1,1,10,1894.31,NorthEastern
1,1,11,1486.13,NorthEastern
1,1,12,1381.95,NorthEastern
1,2,1,1420.96,NorthEastern
1,2,2,1435.98,NorthEastern
1,2,3,1471.07,NorthEastern
1,2,4,1534.79,NorthEastern
1,2,5,1684.38,NorthEastern
1,2,6,2002.86,NorthEastern
1,2,7,2269.85,NorthEastern
1,2,8,2444.17,NorthEastern
1,2,9,2302.08,NorthEastern
1,2,10,1918.92,NorthEastern
1,2,11,1499.96,NorthEastern
1,2,12,1433.45,NorthEastern
1,3,1,1406.38,NorthEastern
1,3,2,1419.74,NorthEastern
1,3,3,1468.03,NorthEastern
1,3,4,1475.25,NorthEastern
1,3,5,1612.89,NorthEastern
1,3,6,2066.04,NorthEastern
1,3,7,2276.08,NorthEastern
1,3,8,2461.52,NorthEastern
1,3,9,2330.1,NorthEastern
1,3,10,1957.42,NorthEastern
1,3,11,1486.71,NorthEastern
1,3,12,1420.86,NorthEastern
1,4,1,1424.18,NorthEastern
1,4,2,1430.82,NorthEastern
1,4,3,1495.29,NorthEastern
1,4,4,1525.77,NorthEastern
1,4,5,1607.81,NorthEastern
1,4,6,2038.17,NorthEastern
1,4,7,2270.17,NorthEastern
1,4,8,2418.56,NorthEastern
1,4,9,2371.06,NorthEastern
1,4,10,1952.87,NorthEastern
1,4,11,1477.18,NorthEastern
1,4,12,1426.95,NorthEastern
1,5,1,1424.57,NorthEastern
1,5,2,1401.0,NorthEastern
1,5,3,1505.72,NorthEastern
1,5,4,1553.03,NorthEastern
1,5,5,1677.36,NorthEastern
1,5,6,1999.18,NorthEastern
1,5,7,2307.05,NorthEastern
1,5,8,2398.04,NorthEastern
1,5,9,2347.77,NorthEastern
1,5,10,1973.68,NorthEastern
1,5,11,1473.22,NorthEastern
1,5,12,1416.63,NorthEastern
1,6,1,1450.16,NorthEastern
1,6,2,1409.55,NorthEastern
1,6,3,1506.68,NorthEastern
1,6,4,1557.59,NorthEastern
1,6,5,1653.12,NorthEastern
1,6,6,2014.28,NorthEastern
1,6,7,2294.98,NorthEastern
1,6,8,2397.32,NorthEastern
1,6,9,2326.5,NorthEastern
1,6,10,2005.49,NorthEastern
1,6,11,1477.97,NorthEastern
1,6,12,1428.37,NorthEastern
2,0,1,1351.72,NorthEastern
2,0,2,1341.05,NorthEastern
2,0,3,1420.2,NorthEastern
2,0,4,1442.87,NorthEastern
2,0,5,1599.8,NorthEastern
2,0,6,1888.44,NorthEastern
2,0,7,2148.67,NorthEastern
2,0,8,2196.12,NorthEastern
2,0,9,2168.28,NorthEastern
2,0,10,1869.24,NorthEastern
2,0,11,1377.16,NorthEastern
2,0,12,1334.67,NorthEastern
2,1,1,1389.73,NorthEastern
2,1,2,1408.29,NorthEastern
2,1,3,1444.25,NorthEastern
2,1,4,1537.46,NorthEastern
2,1,5,1650.35,NorthEastern
2,1,6,1956.8,NorthEastern
2,1,7,2157.73,NorthEastern
2,1,8,2359.09,NorthEastern
2,1,9,2191.96,NorthEastern
2,1,10,1817.03,NorthEastern
2,1,11,1451.57,NorthEastern
2,1,12,1349.2,NorthEastern
2,2,1,1380.38,NorthEastern
2,2,2,1404.87,NorthEastern
2,2,3,1446.12,NorthEastern
2,2,4,1495.45,NorthEastern
2,2,5,1625.16,NorthEastern
2,2,6,1926.59,NorthEastern
2,2,7,2200.08,NorthEastern
2,2,8,2365.2,NorthEastern
2,2,9,2224.41,NorthEastern
2,2,10,1851.25,NorthEastern
2,2,11,1468.43,NorthEastern
2,2,12,1394.53,NorthEastern
2,3,1,1368.31,NorthEastern
2,3,2,1387.93,NorthEastern
2,3,3,1444.17,NorthEastern
2,3,4,1446.74,NorthEastern
2,3,5,1563.73,NorthEastern
2,3,6,1994.5,NorthEastern
2,3,7,2199.58,NorthEastern
2,3,8,2396.2,NorthEastern
2,3,9,2253.01,NorthEastern
2,3,10,1899.3,NorthEastern
2,3,11,1456.26,NorthEastern
2,3,12,1384.2,NorthEastern
2,4,1,1382.41,NorthEastern
2,4,2,1394.73,NorthEastern
2,4,3,1470.87,NorthEastern
2,4,4,1487.21,NorthEastern
2,4,5,1560.06,NorthEastern
2,4,6,1955.0,NorthEastern
2,4,7,2191.79,NorthEastern
2,4,8,2355.45,NorthEastern
2,4,9,2293.47,NorthEastern
2,4,10,1896.55,NorthEastern
2,4,11,1446.55,NorthEastern
2,4,12,1388.99,NorthEastern
2,5,1,1381.3,NorthEastern
2,5,2,1366.72,NorthEastern
2,5,3,1492.05,NorthEastern
2,5,4,1524.49,NorthEastern
2,5,5,1635.52,NorthEastern
2,5,6,1926.97,NorthEastern
2,5,7,2231.65,NorthEastern
2,5,8,2334.2,NorthEastern
2,5,9,2272.71,NorthEastern
2,5,10,1909.79,NorthEastern
2,5,11,1438.31,NorthEastern
2,5,12,1380.98,NorthEastern
2,6,1,1404.9,NorthEastern
2,6,2,1375.96,NorthEastern
2,6,3,1479.37,NorthEastern
2,6,4,1529.0,NorthEastern
2,6,5,1606.88,NorthEastern
2,6,6,1938.51,NorthEastern
2,6,7,2209.67,NorthEastern
2,6,8,2318.27,NorthEastern
2,6,9,2268.07,NorthEastern
2,6,10,1943.42,NorthEastern
2,6,11,1442.93,NorthEastern
2,6,12,1387.39,NorthEastern
3,0,1,1339.29,NorthEastern
3,0,2,1327.87,NorthEastern
3,0,3,1397.02,NorthEastern
3,0,4,1408.49,NorthEastern
3,0,5,1542.72,NorthEastern
3,0,6,1823.47,NorthEastern
3,0,7,2073.63,NorthEastern
3,0,8,2119.44,NorthEastern
3,0,9,2096.48,NorthEastern
3,0,10,1811.06,NorthEastern
3,0,11,1351.31,NorthEastern
3,0,12,1318.15,NorthEastern
3,1,1,1372.56,NorthEastern
3,1,2,1389.82,NorthEastern
3,1,3,1409.55,NorthEastern
3,1,4,1504.24,NorthEastern
3,1,5,1592.94,NorthEastern
3,1,6,1897.92,NorthEastern
3,1,7,2074.03,NorthEastern
3,1,8,2289.26,NorthEastern
3,1,9,2128.06,NorthEastern
3,1,10,1765.56,NorthEastern
3,1,11,1428.93,NorthEastern
3,1,12,1333.05,NorthEastern
3,2,1,1357.06,NorthEastern
3,2,2,1384.46,NorthEastern
3,2,3,1420.42,NorthEastern
3,2,4,1442.51,NorthEastern
3,2,5,1563.73,NorthEastern
3,2,6,1860.33,NorthEastern
3,2,7,2121.05,NorthEastern
3,2,8,2284.48,NorthEastern
3,2,9,2144.23,NorthEastern
3,2,10,1794.8,NorthEastern
3,2,11,1447.59,NorthEastern
3,2,12,1374.3,NorthEastern
3,3,1,1348.5,NorthEastern
3,3,2,1368.75,NorthEastern
3,3,3,1424.47,NorthEastern
3,3,4,1403.15,NorthEastern
3,3,5,1502.16,NorthEastern
3,3,6,1920.17,NorthEastern
3,3,7,2120.93,NorthEastern
3,3,8,2332.97,NorthEastern
3,3,9,2184.38,NorthEastern
3,3,10,1847.2,NorthEastern
3,3,11,1438.42,NorthEastern
3,3,12,1364.99,NorthEastern
3,4,1,1359.93,NorthEastern
3,4,2,1379.46,NorthEastern
3,4,3,1447.56,NorthEastern
3,4,4,1435.46,NorthEastern
3,4,5,1498.41,NorthEastern
3,4,6,1881.49,NorthEastern
3,4,7,2114.75,NorthEastern
3,4,8,2281.51,NorthEastern
3,4,9,2219.24,NorthEastern
3,4,10,1838.35,NorthEastern
3,4,11,1424.0,NorthEastern
3,4,12,1372.36,NorthEastern
3,5,1,1362.58,NorthEastern
3,5,2,1349.85,NorthEastern
3,5,3,1480.83,NorthEastern
3,5,4,1482.34,NorthEastern
3,5,5,1567.96,NorthEastern
3,5,6,1854.45,NorthEastern
3,5,7,2161.03,NorthEastern
3,5,8,2265.25,NorthEastern
3,5,9,2203.38,NorthEastern
3,5,10,1849.9,NorthEastern
3,5,11,1415.75,NorthEastern
3,5,12,1359.21,NorthEastern
3,6,1,1387.58,NorthEastern
3,6,2,1356.84,NorthEastern
3,6,3,1455.61,NorthEastern
3,6,4,1488.98,NorthEastern
3,6,5,1551.92,NorthEastern
3,6,6,1874.17,NorthEastern
3,6,7,2128.86,NorthEastern
3,6,8,2241.72,NorthEastern
3,6,9,2204.38,NorthEastern
3,6,10,1883.65,NorthEastern
3,6,11,1422.35,NorthEastern
3,6,12,1360.16,NorthEastern
4,0,1,1360.62,NorthEastern
4,0,2,1350.54,NorthEastern
4,0,3,1402.87,NorthEastern
4,0,4,1372.5,NorthEastern
4,0,5,1478.24,NorthEastern
4,0,6,1753.26,NorthEastern
4,0,7,1993.27,NorthEastern
4,0,8,2048.15,NorthEastern
4,0,9,2025.66,NorthEastern
4,0,10,1766.08,NorthEastern
4,0,11,1369.94,NorthEastern
4,0,12,1339.22,NorthEastern
4,1,1,1388.37,NorthEastern
4,1,2,1408.1,NorthEastern
4,1,3,1402.47,NorthEastern
4,1,4,1476.94,NorthEastern
4,1,5,1534.6,NorthEastern
4,1,6,1823.88,NorthEastern
4,1,7,1991.95,NorthEastern
4,1,8,2217.6,NorthEastern
4,1,9,2064.13,NorthEastern
4,1,10,1733.54,NorthEastern
4,1,11,1446.39,NorthEastern
4,1,12,1344.96,NorthEastern
4,2,1,1376.82,NorthEastern
4,2,2,1406.32,NorthEastern
4,2,3,1416.3,NorthEastern
4,2,4,1412.09,NorthEastern
4,2,5,1518.17,NorthEastern
4,2,6,1794.89,NorthEastern
4,2,7,2039.37,NorthEastern
4,2,8,2204.8,NorthEastern
4,2,9,2081.84,NorthEastern
4,2,10,1763.02,NorthEastern
4,2,11,1467.17,NorthEastern
4,2,12,1398.58,NorthEastern
4,3,1,1366.76,NorthEastern
4,3,2,1391.39,NorthEastern
4,3,3,1419.5,NorthEastern
4,3,4,1382.68,NorthEastern
4,3,5,1443.95,NorthEastern
4,3,6,1850.04,NorthEastern
4,3,7,2039.87,NorthEastern
4,3,8,2255.72,NorthEastern
4,3,9,2126.5,NorthEastern
4,3,10,1816.71,NorthEastern
4,3,11,1460.23,NorthEastern
4,3,12,1386.27,NorthEastern
4,4,1,1379.38,NorthEastern
4,4,2,1408.91,NorthEastern
4,4,3,1442.2,NorthEastern
4,4,4,1396.78,NorthEastern
4,4,5,1449.92,NorthEastern
4,4,6,1798.32,NorthEastern
4,4,7,2035.54,NorthEastern
4,4,8,2208.33,NorthEastern
4,4,9,2162.29,NorthEastern
4,4,10,1808.49,NorthEastern
4,4,11,1441.54,NorthEastern
4,4,12,1388.48,NorthEastern
4,5,1,1381.14,NorthEastern
4,5,2,1367.82,NorthEastern
4,5,3,1480.31,NorthEastern
4,5,4,1444.66,NorthEastern
4,5,5,1512.7,NorthEastern
4,5,6,1783.07,NorthEastern
4,5,7,2070.95,NorthEastern
4,5,8,2189.77,NorthEastern
4,5,9,2140.84,NorthEastern
4,5,10,1819.81,NorthEastern
4,5,11,1432.34,NorthEastern
4,5,12,1379.45,NorthEastern
4,6,1,1400.77,NorthEastern
4,6,2,1371.49,NorthEastern
4,6,3,1443.92,NorthEastern
4,6,4,1442.67,NorthEastern
4,6,5,1501.96,NorthEastern
4,6,6,1796.2,NorthEastern
4,6,7,2046.42,NorthEastern
4,6,8,2158.93,NorthEastern
4,6,9,2145.01,NorthEastern
4,6,10,1843.8,NorthEastern
4,6,11,1430.11,NorthEastern
4,6,12,1368.95,NorthEastern
5,0,1,1475.61,NorthEastern
5,0,2,1472.73,NorthEastern
5,0,3,1521.25,NorthEastern
5,0,4,1446.29,NorthEastern
5,0,5,1519.96,NorthEastern
5,0,6,1743.36,NorthEastern
5,0,7,1918.1,NorthEastern
5,0,8,1966.41,NorthEastern
5,0,9,1977.31,NorthEastern
5,0,10,1782.88,NorthEastern
5,0,11,1505.04,NorthEastern
5,0,12,1471.51,NorthEastern
5,1,1,1491.61,NorthEastern
5,1,2,1537.33,NorthEastern
5,1,3,1522.61,NorthEastern
5,1,4,1558.91,NorthEastern
5,1,5,1571.86,NorthEastern
5,1,6,1816.31,NorthEastern
5,1,7,1929.95,NorthEastern
5,1,8,2126.35,NorthEastern
5,1,9,2002.97,NorthEastern
5,1,10,1746.92,NorthEastern
5,1,11,1581.17,NorthEastern
5,1,12,1471.15,NorthEastern
5,2,1,1481.1,NorthEastern
5,2,2,1524.97,NorthEastern
5,2,3,1532.93,NorthEastern
5,2,4,1485.1,NorthEastern
5,2,5,1558.2,NorthEastern
5,2,6,1784.71,NorthEastern
5,2,7,1963.0,NorthEastern
5,2,8,2118.94,NorthEastern
5,2,9,2021.91,NorthEastern
5,2,10,1779.21,NorthEastern
5,2,11,1599.31,NorthEastern
5,2,12,1533.07,NorthEastern
5,3,1,1474.1,NorthEastern
5,3,2,1524.53,NorthEastern
5,3,3,1525.23,NorthEastern
5,3,4,1466.62,NorthEastern
5,3,5,1495.63,NorthEastern
5,3,6,1828.34,NorthEastern
5,3,7,1963.01,NorthEastern
5,3,8,2153.91,NorthEastern
5,3,9,2071.65,NorthEastern
5,3,10,1834.22,NorthEastern
5,3,11,1601.94,NorthEastern
5,3,12,1502.91,NorthEastern
5,4,1,1493.92,NorthEastern
5,4,2,1530.24,NorthEastern
5,4,3,1557.27,NorthEastern
5,4,4,1460.11,NorthEastern
5,4,5,1487.21,NorthEastern
5,4,6,1768.38,NorthEastern
5,4,7,1967.05,NorthEastern
5,4,8,2112.12,NorthEastern
5,4,9,2097.37,NorthEastern
5,4,10,1825.23,NorthEastern
5,4,11,1578.7,NorthEastern
5,4,12,1513.72,NorthEastern
5,5,1,1488.64,NorthEastern
5,5,2,1482.25,NorthEastern
5,5,3,1583.91,NorthEastern
5,5,4,1511.97,NorthEastern
5,5,5,1544.04,NorthEastern
5,5,6,1751.42,NorthEastern
5,5,7,1987.51,NorthEastern
5,5,8,2083.56,NorthEastern
5,5,9,2074.3,NorthEastern
5,5,10,1820.12,NorthEastern
5,5,11,1556.42,NorthEastern
5,5,12,1505.36,NorthEastern
5,6,1,1489.88,NorthEastern
5,6,2,1464.29,NorthEastern
5,6,3,1527.72,NorthEastern
5,6,4,1495.63,NorthEastern
5,6,5,1519.87,NorthEastern
5,6,6,1744.26,NorthEastern
5,6,7,1931.7,NorthEastern
5,6,8,2038.44,NorthEastern
5,6,9,2042.57,NorthEastern
5,6,10,1826.07,NorthEastern
5,6,11,1527.98,NorthEastern
5,6,12,1471.0,NorthEastern
6,0,1,1795.96,NorthEastern
6,0,2,1808.2,NorthEastern
6,0,3,1797.43,NorthEastern
6,0,4,1633.58,NorthEastern
6,0,5,1649.67,NorthEastern
6,0,6,1823.5,NorthEastern
6,0,7,1945.58,NorthEastern
6,0,8,1997.36,NorthEastern
6,0,9,2011.84,NorthEastern
6,0,10,1873.24,NorthEastern
6,0,11,1771.06,NorthEastern
6,0,12,1790.64,NorthEastern
6,1,1,1788.42,NorthEastern
6,1,2,1865.09,NorthEastern
6,1,3,1780.59,NorthEastern
6,1,4,1736.05,NorthEastern
6,1,5,1693.79,NorthEastern
6,1,6,1894.52,NorthEastern
6,1,7,1968.94,NorthEastern
6,1,8,2122.26,NorthEastern
6,1,9,2037.2,NorthEastern
6,1,10,1852.59,NorthEastern
6,1,11,1830.83,NorthEastern
6,1,12,1781.41,NorthEastern
6,2,1,1780.54,NorthEastern
6,2,2,1846.96,NorthEastern
6,2,3,1803.29,NorthEastern
6,2,4,1648.21,NorthEastern
6,2,5,1682.86,NorthEastern
6,2,6,1874.41,NorthEastern
6,2,7,1987.12,NorthEastern
6,2,8,2134.17,NorthEastern
6,2,9,2044.03,NorthEastern
6,2,10,1882.17,NorthEastern
6,2,11,1850.97,NorthEastern
6,2,12,1853.13,NorthEastern
6,3,1,1755.58,NorthEastern
6,3,2,1861.61,NorthEastern
6,3,3,1772.86,NorthEastern
6,3,4,1650.81,NorthEastern
6,3,5,1626.42,NorthEastern
6,3,6,1900.02,NorthEastern
6,3,7,1994.0,NorthEastern
6,3,8,2157.96,NorthEastern
6,3,9,2094.09,NorthEastern
6,3,10,1939.58,NorthEastern
6,3,11,1870.46,NorthEastern
6,3,12,1823.91,NorthEastern
6,4,1,1791.22,NorthEastern
6,4,2,1851.66,NorthEastern
6,4,3,1825.81,NorthEastern
6,4,4,1627.77,NorthEastern
6,4,5,1626.07,NorthEastern
6,4,6,1841.52,NorthEastern
6,4,7,1987.27,NorthEastern
6,4,8,2134.97,NorthEastern
6,4,9,2138.2,NorthEastern
6,4,10,1925.86,NorthEastern
6,4,11,1836.5,NorthEastern
6,4,12,1823.58,NorthEastern
6,5,1,1776.53,NorthEastern
6,5,2,1797.22,NorthEastern
6,5,3,1825.22,NorthEastern
6,5,4,1671.14,NorthEastern
6,5,5,1640.09,NorthEastern
6,5,6,1815.56,NorthEastern
6,5,7,1997.82,NorthEastern
6,5,8,2066.44,NorthEastern
6,5,9,2084.36,NorthEastern
6,5,10,1909.4,NorthEastern
6,5,11,1810.11,NorthEastern
6,5,12,1803.35,NorthEastern
6,6,1,1740.52,NorthEastern
6,6,2,1734.34,NorthEastern
6,6,3,1733.77,NorthEastern
6,6,4,1628.41,NorthEastern
6,6,5,1631.71,NorthEastern
6,6,6,1780.68,NorthEastern
6,6,7,1920.4,NorthEastern
6,6,8,2020.05,NorthEastern
6,6,9,2047.93,NorthEastern
6,6,10,1879.89,NorthEastern
6,6,11,1741.89,NorthEastern
6,6,12,1731.57,NorthEastern
7,0,1,2066.43,NorthEastern
7,0,2,2045.5,NorthEastern
7,0,3,1953.66,NorthEastern
7,0,4,1760.48,NorthEastern
7,0,5,1746.33,NorthEastern
7,0,6,1897.19,NorthEastern
7,0,7,2012.94,NorthEastern
7,0,8,2053.05,NorthEastern
7,0,9,2058.85,NorthEastern
7,0,10,1924.58,NorthEastern
7,0,11,1865.53,NorthEastern
7,0,12,2027.89,NorthEastern
7,1,1,2065.88,NorthEastern
7,1,2,2090.26,NorthEastern
7,1,3,1937.62,NorthEastern
7,1,4,1857.72,NorthEastern
7,1,5,1790.24,NorthEastern
7,1,6,1965.24,NorthEastern
7,1,7,2037.5,NorthEastern
7,1,8,2167.48,NorthEastern
7,1,9,2084.33,NorthEastern
7,1,10,1913.58,NorthEastern
7,1,11,1939.86,NorthEastern
7,1,12,1998.74,NorthEastern
7,2,1,2048.06,NorthEastern
7,2,2,2083.32,NorthEastern
7,2,3,1958.12,NorthEastern
7,2,4,1772.38,NorthEastern
7,2,5,1782.29,NorthEastern
7,2,6,1954.16,NorthEastern
7,2,7,2048.56,NorthEastern
7,2,8,2193.78,NorthEastern
7,2,9,2097.46,NorthEastern
7,2,10,1943.66,NorthEastern
7,2,11,1956.25,NorthEastern
7,2,12,2073.75,NorthEastern
7,3,1,2035.42,NorthEastern
7,3,2,2094.48,NorthEastern
7,3,3,1918.07,NorthEastern
7,3,4,1778.42,NorthEastern
7,3,5,1721.14,NorthEastern
7,3,6,1979.57,NorthEastern
7,3,7,2075.28,NorthEastern
7,3,8,2193.62,NorthEastern
7,3,9,2143.31,NorthEastern
7,3,10,1993.35,NorthEastern
7,3,11,1973.97,NorthEastern
7,3,12,2063.05,NorthEastern
7,4,1,2065.14,NorthEastern
7,4,2,2077.66,NorthEastern
7,4,3,1984.58,NorthEastern
7,4,4,1755.29,NorthEastern
7,4,5,1727.11,NorthEastern
7,4,6,1914.02,NorthEastern
7,4,7,2064.54,NorthEastern
7,4,8,2181.68,NorthEastern
7,4,9,2184.68,NorthEastern
7,4,10,1992.26,NorthEastern
7,4,11,1932.37,NorthEastern
7,4,12,2065.67,NorthEastern
7,5,1,2047.62,NorthEastern
7,5,2,2022.24,NorthEastern
7,5,3,1969.23,NorthEastern
7,5,4,1803.68,NorthEastern
7,5,5,1756.07,NorthEastern
7,5,6,1891.1,NorthEastern
7,5,7,2046.68,NorthEastern
7,5,8,2118.24,NorthEastern
7,5,9,2135.53,NorthEastern
7,5,10,1977.81,NorthEastern
7,5,11,1924.56,NorthEastern
7,5,12,2031.83,NorthEastern
7,6,1,2009.67,NorthEastern
7,6,2,1963.18,NorthEastern
7,6,3,1881.49,NorthEastern
7,6,4,1755.23,NorthEastern
7,6,5,1735.32,NorthEastern
7,6,6,1873.3,NorthEastern
7,6,7,1980.87,NorthEastern
7,6,8,2081.01,NorthEastern
7,6,9,2080.07,NorthEastern
7,6,10,1939.54,NorthEastern
7,6,11,1849.98,NorthEastern
7,6,12,1948.94,NorthEastern
8,0,1,2074.54,NorthEastern
8,0,2,2011.24,NorthEastern
8,0,3,1920.02,NorthEastern
8,0,4,1764.1,NorthEastern
8,0,5,1766.57,NorthEastern
8,0,6,1911.31,NorthEastern
8,0,7,2029.57,NorthEastern
8,0,8,2076.35,NorthEastern
8,0,9,2061.71,NorthEastern
8,0,10,1912.13,NorthEastern
8,0,11,1800.04,NorthEastern
8,0,12,1992.29,NorthEastern
8,1,1,2068.15,NorthEastern
8,1,2,2065.05,NorthEastern
8,1,3,1912.5,NorthEastern
8,1,4,1855.06,NorthEastern
8,1,5,1813.12,NorthEastern
8,1,6,1992.8,NorthEastern
8,1,7,2075.66,NorthEastern
8,1,8,2161.54,NorthEastern
8,1,9,2086.79,NorthEastern
8,1,10,1896.39,NorthEastern
8,1,11,1869.62,NorthEastern
8,1,12,1969.62,NorthEastern
8,2,1,2053.05,NorthEastern
8,2,2,2056.72,NorthEastern
8,2,3,1942.93,NorthEastern
8,2,4,1764.4,NorthEastern
8,2,5,1785.6,NorthEastern
8,2,6,1978.46,NorthEastern
8,2,7,2068.09,NorthEastern
8,2,8,2194.33,NorthEastern
8,2,9,2110.08,NorthEastern
8,2,10,1922.63,NorthEastern
8,2,11,1881.98,NorthEastern
8,2,12,2028.67,NorthEastern
8,3,1,2051.99,NorthEastern
8,3,2,2073.22,NorthEastern
8,3,3,1914.53,NorthEastern
8,3,4,1788.74,NorthEastern
8,3,5,1737.93,NorthEastern
8,3,6,1993.34,NorthEastern
8,3,7,2106.35,NorthEastern
8,3,8,2203.28,NorthEastern
8,3,9,2160.5,NorthEastern
8,3,10,1967.84,NorthEastern
8,3,11,1884.46,NorthEastern
8,3,12,2020.41,NorthEastern
8,4,1,2065.49,NorthEastern
8,4,2,2056.73,NorthEastern
8,4,3,1964.06,NorthEastern
8,4,4,1770.15,NorthEastern
8,4,5,1747.66,NorthEastern
8,4,6,1939.84,NorthEastern
8,4,7,2083.63,NorthEastern
8,4,8,2189.49,NorthEastern
8,4,9,2186.79,NorthEastern
8,4,10,1978.81,NorthEastern
8,4,11,1855.84,NorthEastern
8,4,12,2041.99,NorthEastern
8,5,1,2068.12,NorthEastern
8,5,2,2009.85,NorthEastern
8,5,3,1962.45,NorthEastern
8,5,4,1815.25,NorthEastern
8,5,5,1787.2,NorthEastern
8,5,6,1924.87,NorthEastern
8,5,7,2072.8,NorthEastern
8,5,8,2128.82,NorthEastern
8,5,9,2126.82,NorthEastern
8,5,10,1962.32,NorthEastern
8,5,11,1860.77,NorthEastern
8,5,12,2011.7,NorthEastern
8,6,1,2036.14,NorthEastern
8,6,2,1969.94,NorthEastern
8,6,3,1879.44,NorthEastern
8,6,4,1772.1,NorthEastern
8,6,5,1772.6,NorthEastern
8,6,6,1908.05,NorthEastern
8,6,7,2007.31,NorthEastern
8,6,8,2097.02,NorthEastern
8,6,9,2098.79,NorthEastern
8,6,10,1942.27,NorthEastern
8,6,11,1819.1,NorthEastern
8,6,12,1945.29,NorthEastern
9,0,1,1971.35,NorthEastern
9,0,2,1901.7,NorthEastern
9,0,3,1845.97,NorthEastern
9,0,4,1743.32,NorthEastern
9,0,5,1777.57,NorthEastern
9,0,6,1930.7,NorthEastern
9,0,7,2049.12,NorthEastern
9,0,8,2089.54,NorthEastern
9,0,9,2079.28,NorthEastern
9,0,10,1905.95,NorthEastern
9,0,11,1721.72,NorthEastern
9,0,12,1873.02,NorthEastern
9,1,1,1947.95,NorthEastern
9,1,2,1951.07,NorthEastern
9,1,3,1850.6,NorthEastern
9,1,4,1838.27,NorthEastern
9,1,5,1818.22,NorthEastern
9,1,6,2002.32,NorthEastern
9,1,7,2098.26,NorthEastern
9,1,8,2167.74,NorthEastern
9,1,9,2093.09,NorthEastern
9,1,10,1897.01,NorthEastern
9,1,11,1790.39,NorthEastern
9,1,12,1844.08,NorthEastern
9,2,1,1946.07,NorthEastern
9,2,2,1954.89,NorthEastern
9,2,3,1869.72,NorthEastern
9,2,4,1744.38,NorthEastern
9,2,5,1779.83,NorthEastern
9,2,6,2000.12,NorthEastern
9,2,7,2096.99,NorthEastern
9,2,8,2230.13,NorthEastern
9,2,9,2138.58,NorthEastern
9,2,10,1929.28,NorthEastern
9,2,11,1807.85,NorthEastern
9,2,12,1904.17,NorthEastern
9,3,1,1944.55,NorthEastern
9,3,2,1974.58,NorthEastern
9,3,3,1860.6,NorthEastern
9,3,4,1775.33,NorthEastern
9,3,5,1747.22,NorthEastern
9,3,6,2004.01,NorthEastern
9,3,7,2127.21,NorthEastern
9,3,8,2235.16,NorthEastern
9,3,9,2160.51,NorthEastern
9,3,10,1970.11,NorthEastern
9,3,11,1792.72,NorthEastern
9,3,12,1902.94,NorthEastern
9,4,1,1961.5,NorthEastern
9,4,2,1966.65,NorthEastern
9,4,3,1897.25,NorthEastern
9,4,4,1757.42,NorthEastern
9,4,5,1747.34,NorthEastern
9,4,6,1967.82,NorthEastern
9,4,7,2105.07,NorthEastern
9,4,8,2197.59,NorthEastern
9,4,9,2196.73,NorthEastern
9,4,10,1980.38,NorthEastern
9,4,11,1797.08,NorthEastern
9,4,12,1919.41,NorthEastern
9,5,1,1958.14,NorthEastern
9,5,2,1931.77,NorthEastern
9,5,3,1899.68,NorthEastern
9,5,4,1790.54,NorthEastern
9,5,5,1787.82,NorthEastern
9,5,6,1936.36,NorthEastern
9,5,7,2099.07,NorthEastern
9,5,8,2128.76,NorthEastern
9,5,9,2140.33,NorthEastern
9,5,10,1970.7,NorthEastern
9,5,11,1780.66,NorthEastern
9,5,12,1899.88,NorthEastern
9,6,1,1931.21,NorthEastern
9,6,2,1884.4,NorthEastern
9,6,3,1794.27,NorthEastern
9,6,4,1754.04,NorthEastern
9,6,5,1775.52,NorthEastern
9,6,6,1901.46,NorthEastern
9,6,7,2006.65,NorthEastern
9,6,8,2104.2,NorthEastern
9,6,9,2086.78,NorthEastern
9,6,10,1929.63,NorthEastern
9,6,11,1737.19,NorthEastern
9,6,12,1840.13,NorthEastern
10,0,1,1873.3,NorthEastern
10,0,2,1827.57,NorthEastern
10,0,3,1796.04,NorthEastern
10,0,4,1748.68,NorthEastern
10,0,5,1786.85,NorthEastern
10,0,6,1955.0,NorthEastern
10,0,7,2073.54,NorthEastern
10,0,8,2127.13,NorthEastern
10,0,9,2120.82,NorthEastern
10,0,10,1931.85,NorthEastern
10,0,11,1685.31,NorthEastern
10,0,12,1776.25,NorthEastern
10,1,1,1846.19,NorthEastern
10,1,2,1874.26,NorthEastern
10,1,3,1807.75,NorthEastern
10,1,4,1824.16,NorthEastern
10,1,5,1841.88,NorthEastern
10,1,6,2009.91,NorthEastern
10,1,7,2141.61,NorthEastern
10,1,8,2218.18,NorthEastern
10,1,9,2162.39,NorthEastern
10,1,10,1935.82,NorthEastern
10,1,11,1755.5,NorthEastern
10,1,12,1753.66,NorthEastern
10,2,1,1861.97,NorthEastern
10,2,2,1868.05,NorthEastern
10,2,3,1817.84,NorthEastern
10,2,4,1740.65,NorthEastern
10,2,5,1789.61,NorthEastern
10,2,6,2001.13,NorthEastern
10,2,7,2130.79,NorthEastern
10,2,8,2274.23,NorthEastern
10,2,9,2183.58,NorthEastern
10,2,10,1956.58,NorthEastern
10,2,11,1768.89,NorthEastern
10,2,12,1811.21,NorthEastern
10,3,1,1845.38,NorthEastern
10,3,2,1882.41,NorthEastern
10,3,3,1837.79,NorthEastern
10,3,4,1782.36,NorthEastern
10,3,5,1762.67,NorthEastern
10,3,6,2037.68,NorthEastern
10,3,7,2158.59,NorthEastern
10,3,8,2280.69,NorthEastern
10,3,9,2193.86,NorthEastern
10,3,10,1999.13,NorthEastern
10,3,11,1764.12,NorthEastern
10,3,12,1821.32,NorthEastern
10,4,1,1877.35,NorthEastern
10,4,2,1896.55,NorthEastern
10,4,3,1865.22,NorthEastern
10,4,4,1769.36,NorthEastern
10,4,5,1769.1,NorthEastern
10,4,6,1983.35,NorthEastern
10,4,7,2135.45,NorthEastern
10,4,8,2238.32,NorthEastern
10,4,9,2237.0,NorthEastern
10,4,10,2017.27,NorthEastern
10,4,11,1756.68,NorthEastern
10,4,12,1842.97,NorthEastern
10,5,1,1861.69,NorthEastern
10,5,2,1847.89,NorthEastern
10,5,3,1843.48,NorthEastern
10,5,4,1788.21,NorthEastern
10,5,5,1791.29,NorthEastern
10,5,6,1945.82,NorthEastern
10,5,7,2125.78,NorthEastern
10,5,8,2149.29,NorthEastern
10,5,9,2166.29,NorthEastern
10,5,10,1985.77,NorthEastern
10,5,11,1755.15,NorthEastern
10,5,12,1806.4,NorthEastern
10,6,1,1806.67,NorthEastern
10,6,2,1782.43,NorthEastern
10,6,3,1717.82,NorthEastern
10,6,4,1725.7,NorthEastern
10,6,5,1764.45,NorthEastern
10,6,6,1880.2,NorthEastern
10,6,7,2002.89,NorthEastern
10,6,8,2118.4,NorthEastern
10,6,9,2076.51,NorthEastern
10,6,10,1918.36,NorthEastern
10,6,11,1679.04,NorthEastern
10,6,12,1733.32,NorthEastern
11,0,1,1806.37,NorthEastern
11,0,2,1772.25,NorthEastern
11,0,3,1775.26,NorthEastern
11,0,4,1759.97,NorthEastern
11,0,5,1801.09,NorthEastern
11,0,6,1969.73,NorthEastern
11,0,7,2092.98,NorthEastern
11,0,8,2166.32,NorthEastern
11,0,9,2157.66,NorthEastern
11,0,10,1952.51,NorthEastern
11,0,11,1661.41,NorthEastern
11,0,12,1727.9,NorthEastern
11,1,1,1788.64,NorthEastern
11,1,2,1814.39,NorthEastern
11,1,3,1781.47,NorthEastern
11,1,4,1830.15,NorthEastern
11,1,5,1862.25,NorthEastern
11,1,6,2022.34,NorthEastern
11,1,7,2172.12,NorthEastern
11,1,8,2248.48,NorthEastern
11,1,9,2202.41,NorthEastern
11,1,10,1985.27,NorthEastern
11,1,11,1735.99,NorthEastern
11,1,12,1717.87,NorthEastern
11,2,1,1804.19,NorthEastern
11,2,2,1810.59,NorthEastern
11,2,3,1786.6,NorthEastern
11,2,4,1748.89,NorthEastern
11,2,5,1802.83,NorthEastern
11,2,6,2015.7,NorthEastern
11,2,7,2145.48,NorthEastern
11,2,8,2288.95,NorthEastern
11,2,9,2213.66,NorthEastern
11,2,10,1988.95,NorthEastern
11,2,11,1760.65,NorthEastern
11,2,12,1760.38,NorthEastern
11,3,1,1779.68,NorthEastern
11,3,2,1823.75,NorthEastern
11,3,3,1806.08,NorthEastern
11,3,4,1784.0,NorthEastern
11,3,5,1773.9,NorthEastern
11,3,6,2048.58,NorthEastern
11,3,7,2183.23,NorthEastern
11,3,8,2305.97,NorthEastern
11,3,9,2196.1,NorthEastern
11,3,10,2012.45,NorthEastern
11,3,11,1759.5,NorthEastern
11,3,12,1769.39,NorthEastern
11,4,1,1828.29,NorthEastern
11,4,2,1859.01,NorthEastern
11,4,3,1847.69,NorthEastern
11,4,4,1787.75,NorthEastern
11,4,5,1785.28,NorthEastern
11,4,6,2001.71,NorthEastern
11,4,7,2169.27,NorthEastern
11,4,8,2259.98,NorthEastern
11,4,9,2273.8,NorthEastern
11,4,10,2044.85,NorthEastern
11,4,11,1760.2,NorthEastern
11,4,12,1810.24,NorthEastern
11,5,1,1808.97,NorthEastern
11,5,2,1790.21,NorthEastern
11,5,3,1822.95,NorthEastern
11,5,4,1787.29,NorthEastern
11,5,5,1798.76,NorthEastern
11,5,6,1965.27,NorthEastern
11,5,7,2155.19,NorthEastern
11,5,8,2167.79,NorthEastern
11,5,9,2204.43,NorthEastern
11,5,10,2010.79,NorthEastern
11,5,11,1717.85,NorthEastern
11,5,12,1762.69,NorthEastern
11,6,1,1747.77,NorthEastern
11,6,2,1717.5,NorthEastern
11,6,3,1686.42,NorthEastern
11,6,4,1727.73,NorthEastern
11,6,5,1768.51,NorthEastern
11,6,6,1895.79,NorthEastern
11,6,7,2031.77,NorthEastern
11,6,8,2111.42,NorthEastern
11,6,9,2094.36,NorthEastern
11,6,10,1939.57,NorthEastern
11,6,11,1657.82,NorthEastern
11,6,12,1683.88,NorthEastern
12,0,1,1774.18,NorthEastern
12,0,2,1750.85,NorthEastern
12,0,3,1777.8,NorthEastern
12,0,4,1776.76,NorthEastern
12,0,5,1834.44,NorthEastern
12,0,6,1992.81,NorthEastern
12,0,7,2127.25,NorthEastern
12,0,8,2207.43,NorthEastern
12,0,9,2179.63,NorthEastern
12,0,10,1970.08,NorthEastern
12,0,11,1666.2,NorthEastern
12,0,12,1712.25,NorthEastern
12,1,1,1754.4,NorthEastern
12,1,2,1787.59,NorthEastern
12,1,3,1780.92,NorthEastern
12,1,4,1850.1,NorthEastern
12,1,5,1890.74,NorthEastern
12,1,6,2029.65,NorthEastern
12,1,7,2187.06,NorthEastern
12,1,8,2263.85,NorthEastern
12,1,9,2238.59,NorthEastern
12,1,10,2017.65,NorthEastern
12,1,11,1743.87,NorthEastern
12,1,12,1713.56,NorthEastern
12,2,1,1774.83,NorthEastern
12,2,2,1776.55,NorthEastern
12,2,3,1781.11,NorthEastern
12,2,4,1773.38,NorthEastern
12,2,5,1820.92,NorthEastern
12,2,6,2042.87,NorthEastern
12,2,7,2179.81,NorthEastern
12,2,8,2320.93,NorthEastern
12,2,9,2241.65,NorthEastern
12,2,10,2014.03,NorthEastern
12,2,11,1776.84,NorthEastern
12,2,12,1748.58,NorthEastern
12,3,1,1760.81,NorthEastern
12,3,2,1790.75,NorthEastern
12,3,3,1800.34,NorthEastern
12,3,4,1804.54,NorthEastern
12,3,5,1806.21,NorthEastern
12,3,6,2059.41,NorthEastern
12,3,7,2207.36,NorthEastern
12,3,8,2330.0,NorthEastern
12,3,9,2228.15,NorthEastern
12,3,10,2046.76,NorthEastern
12,3,11,1764.61,NorthEastern
12,3,12,1753.78,NorthEastern
12,4,1,1795.15,NorthEastern
12,4,2,1811.11,NorthEastern
12,4,3,1833.84,NorthEastern
12,4,4,1807.16,NorthEastern
12,4,5,1803.82,NorthEastern
12,4,6,2019.87,NorthEastern
12,4,7,2183.94,NorthEastern
12,4,8,2286.52,NorthEastern
12,4,9,2290.0,NorthEastern
12,4,10,2061.06,NorthEastern
12,4,11,1757.65,NorthEastern
12,4,12,1782.4,NorthEastern
12,5,1,1781.64,NorthEastern
12,5,2,1765.32,NorthEastern
12,5,3,1824.65,NorthEastern
12,5,4,1796.54,NorthEastern
12,5,5,1818.62,NorthEastern
12,5,6,1994.1,NorthEastern
12,5,7,2199.32,NorthEastern
12,5,8,2205.94,NorthEastern
12,5,9,2246.74,NorthEastern
12,5,10,2046.39,NorthEastern
12,5,11,1730.82,NorthEastern
12,5,12,1757.58,NorthEastern
12,6,1,1730.87,NorthEastern
12,6,2,1701.36,NorthEastern
12,6,3,1690.94,NorthEastern
12,6,4,1749.25,NorthEastern
12,6,5,1809.44,NorthEastern
12,6,6,1912.4,NorthEastern
12,6,7,2065.34,NorthEastern
12,6,8,2144.92,NorthEastern
12,6,9,2128.03,NorthEastern
12,6,10,1971.8,NorthEastern
12,6,11,1666.29,NorthEastern
12,6,12,1681.92,NorthEastern
13,0,1,1742.06,NorthEastern
13,0,2,1712.85,NorthEastern
13,0,3,1766.56,NorthEastern
13,0,4,1778.0,NorthEastern
13,0,5,1871.5,NorthEastern
13,0,6,2012.94,NorthEastern
13,0,7,2157.82,NorthEastern
13,0,8,2248.65,NorthEastern
13,0,9,2212.88,NorthEastern
13,0,10,1989.03,NorthEastern
13,0,11,1670.42,NorthEastern
13,0,12,1692.18,NorthEastern
13,1,1,1726.57,NorthEastern
13,1,2,1757.95,NorthEastern
13,1,3,1766.19,NorthEastern
13,1,4,1856.78,NorthEastern
13,1,5,1906.56,NorthEastern
13,1,6,2044.61,NorthEastern
13,1,7,2200.61,NorthEastern
13,1,8,2298.42,NorthEastern
13,1,9,2274.82,NorthEastern
13,1,10,2045.76,NorthEastern
13,1,11,1745.17,NorthEastern
13,1,12,1692.25,NorthEastern
13,2,1,1734.67,NorthEastern
13,2,2,1740.7,NorthEastern
13,2,3,1777.6,NorthEastern
13,2,4,1782.12,NorthEastern
13,2,5,1830.4,NorthEastern
13,2,6,2054.17,NorthEastern
13,2,7,2206.05,NorthEastern
13,2,8,2349.98,NorthEastern
13,2,9,2286.05,NorthEastern
13,2,10,2049.34,NorthEastern
13,2,11,1765.95,NorthEastern
13,2,12,1736.49,NorthEastern
13,3,1,1729.37,NorthEastern
13,3,2,1758.62,NorthEastern
13,3,3,1800.26,NorthEastern
13,3,4,1820.25,NorthEastern
13,3,5,1817.95,NorthEastern
13,3,6,2065.3,NorthEastern
13,3,7,2221.42,NorthEastern
13,3,8,2365.9,NorthEastern
13,3,9,2271.6,NorthEastern
13,3,10,2077.65,NorthEastern
13,3,11,1765.71,NorthEastern
13,3,12,1733.61,NorthEastern
13,4,1,1726.14,NorthEastern
13,4,2,1743.84,NorthEastern
13,4,3,1814.45,NorthEastern
13,4,4,1828.47,NorthEastern
13,4,5,1819.32,NorthEastern
13,4,6,2027.49,NorthEastern
13,4,7,2201.63,NorthEastern
13,4,8,2310.07,NorthEastern
13,4,9,2318.68,NorthEastern
13,4,10,2083.54,NorthEastern
13,4,11,1741.03,NorthEastern
13,4,12,1739.21,NorthEastern
13,5,1,1755.06,NorthEastern
13,5,2,1742.9,NorthEastern
13,5,3,1809.48,NorthEastern
13,5,4,1812.32,NorthEastern
13,5,5,1834.93,NorthEastern
13,5,6,2021.17,NorthEastern
13,5,7,2233.65,NorthEastern
13,5,8,2244.99,NorthEastern
13,5,9,2294.79,NorthEastern
13,5,10,2085.17,NorthEastern
13,5,11,1740.11,NorthEastern
13,5,12,1752.6,NorthEastern
13,6,1,1695.75,NorthEastern
13,6,2,1674.28,NorthEastern
13,6,3,1688.62,NorthEastern
13,6,4,1749.31,NorthEastern
13,6,5,1828.21,NorthEastern
13,6,6,1941.39,NorthEastern
13,6,7,2093.84,NorthEastern
13,6,8,2173.74,NorthEastern
13,6,9,2159.73,NorthEastern
13,6,10,2001.18,NorthEastern
13,6,11,1669.54,NorthEastern
13,6,12,1663.36,NorthEastern
14,0,1,1722.27,NorthEastern
14,0,2,1700.06,NorthEastern
14,0,3,1768.5,NorthEastern
14,0,4,1804.59,NorthEastern
14,0,5,1885.51,NorthEastern
14,0,6,2027.32,NorthEastern
14,0,7,2202.8,NorthEastern
14,0,8,2295.51,NorthEastern
14,0,9,2252.88,NorthEastern
14,0,10,2022.31,NorthEastern
14,0,11,1691.0,NorthEastern
14,0,12,1692.8,NorthEastern
14,1,1,1714.24,NorthEastern
14,1,2,1746.68,NorthEastern
14,1,3,1767.88,NorthEastern
14,1,4,1860.67,NorthEastern
14,1,5,1929.89,NorthEastern
14,1,6,2071.5,NorthEastern
14,1,7,2234.15,NorthEastern
14,1,8,2353.9,NorthEastern
14,1,9,2315.68,NorthEastern
14,1,10,2077.29,NorthEastern
14,1,11,1755.19,NorthEastern
14,1,12,1697.46,NorthEastern
14,2,1,1723.63,NorthEastern
14,2,2,1728.1,NorthEastern
14,2,3,1775.84,NorthEastern
14,2,4,1808.67,NorthEastern
14,2,5,1853.53,NorthEastern
14,2,6,2071.37,NorthEastern
14,2,7,2242.14,NorthEastern
14,2,8,2397.22,NorthEastern
14,2,9,2331.47,NorthEastern
14,2,10,2083.18,NorthEastern
14,2,11,1791.14,NorthEastern
14,2,12,1751.0,NorthEastern
14,3,1,1712.35,NorthEastern
14,3,2,1754.34,NorthEastern
14,3,3,1806.37,NorthEastern
14,3,4,1840.86,NorthEastern
14,3,5,1836.96,NorthEastern
14,3,6,2077.4,NorthEastern
14,3,7,2247.77,NorthEastern
14,3,8,2426.16,NorthEastern
14,3,9,2307.94,NorthEastern
14,3,10,2109.42,NorthEastern
14,3,11,1783.13,NorthEastern
14,3,12,1725.4,NorthEastern
14,4,1,1697.4,NorthEastern
14,4,2,1718.03,NorthEastern
14,4,3,1807.52,NorthEastern
14,4,4,1849.63,NorthEastern
14,4,5,1844.54,NorthEastern
14,4,6,2049.19,NorthEastern
14,4,7,2239.99,NorthEastern
14,4,8,2362.25,NorthEastern
14,4,9,2362.37,NorthEastern
14,4,10,2123.6,NorthEastern
14,4,11,1765.92,NorthEastern
14,4,12,1734.5,NorthEastern
14,5,1,1733.1,NorthEastern
14,5,2,1722.19,NorthEastern
14,5,3,1814.43,NorthEastern
14,5,4,1833.39,NorthEastern
14,5,5,1858.24,NorthEastern
14,5,6,2055.88,NorthEastern
14,5,7,2255.38,NorthEastern
14,5,8,2304.32,NorthEastern
14,5,9,2314.84,NorthEastern
14,5,10,2130.89,NorthEastern
14,5,11,1748.23,NorthEastern
14,5,12,1750.83,NorthEastern
14,6,1,1657.92,NorthEastern
14,6,2,1633.37,NorthEastern
14,6,3,1679.96,NorthEastern
14,6,4,1766.8,NorthEastern
14,6,5,1825.33,NorthEastern
14,6,6,1976.43,NorthEastern
14,6,7,2107.58,NorthEastern
14,6,8,2201.27,NorthEastern
14,6,9,2202.07,NorthEastern
14,6,10,2025.27,NorthEastern
14,6,11,1654.87,NorthEastern
14,6,12,1630.84,NorthEastern
15,0,1,1759.57,NorthEastern
15,0,2,1734.44,NorthEastern
15,0,3,1810.78,NorthEastern
15,0,4,1864.62,NorthEastern
15,0,5,1913.29,NorthEastern
15,0,6,2050.55,NorthEastern
15,0,7,2243.48,NorthEastern
15,0,8,2339.04,NorthEastern
15,0,9,2291.16,NorthEastern
15,0,10,2074.63,NorthEastern
15,0,11,1776.72,NorthEastern
15,0,12,1768.62,NorthEastern
15,1,1,1761.89,NorthEastern
15,1,2,1785.36,NorthEastern
15,1,3,1788.21,NorthEastern
15,1,4,1885.16,NorthEastern
15,1,5,1973.9,NorthEastern
15,1,6,2105.89,NorthEastern
15,1,7,2288.68,NorthEastern
15,1,8,2418.6,NorthEastern
15,1,9,2361.29,NorthEastern
15,1,10,2119.03,NorthEastern
15,1,11,1848.01,NorthEastern
15,1,12,1766.68,NorthEastern
15,2,1,1761.79,NorthEastern
15,2,2,1768.36,NorthEastern
15,2,3,1804.85,NorthEastern
15,2,4,1842.32,NorthEastern
15,2,5,1885.02,NorthEastern
15,2,6,2108.78,NorthEastern
15,2,7,2286.58,NorthEastern
15,2,8,2443.7,NorthEastern
15,2,9,2358.47,NorthEastern
15,2,10,2129.05,NorthEastern
15,2,11,1879.85,NorthEastern
15,2,12,1815.2,NorthEastern
15,3,1,1759.79,NorthEastern
15,3,2,1782.62,NorthEastern
15,3,3,1828.95,NorthEastern
15,3,4,1879.83,NorthEastern
15,3,5,1882.3,NorthEastern
15,3,6,2118.29,NorthEastern
15,3,7,2279.82,NorthEastern
15,3,8,2461.88,NorthEastern
15,3,9,2350.57,NorthEastern
15,3,10,2150.47,NorthEastern
15,3,11,1866.43,NorthEastern
15,3,12,1810.06,NorthEastern
15,4,1,1750.36,NorthEastern
15,4,2,1753.64,NorthEastern
15,4,3,1832.52,NorthEastern
15,4,4,1896.37,NorthEastern
15,4,5,1873.98,NorthEastern
15,4,6,2083.92,NorthEastern
15,4,7,2264.67,NorthEastern
15,4,8,2391.82,NorthEastern
15,4,9,2406.36,NorthEastern
15,4,10,2169.07,NorthEastern
15,4,11,1846.01,NorthEastern
15,4,12,1818.67,NorthEastern
15,5,1,1773.57,NorthEastern
15,5,2,1756.15,NorthEastern
15,5,3,1823.85,NorthEastern
15,5,4,1874.66,NorthEastern
15,5,5,1876.32,NorthEastern
15,5,6,2083.66,NorthEastern
15,5,7,2277.98,NorthEastern
15,5,8,2340.57,NorthEastern
15,5,9,2349.9,NorthEastern
15,5,10,2179.8,NorthEastern
15,5,11,1827.72,NorthEastern
15,5,12,1818.28,NorthEastern
15,6,1,1674.72,NorthEastern
15,6,2,1627.69,NorthEastern
15,6,3,1698.09,NorthEastern
15,6,4,1793.84,NorthEastern
15,6,5,1850.97,NorthEastern
15,6,6,2005.01,NorthEastern
15,6,7,2141.14,NorthEastern
15,6,8,2230.57,NorthEastern
15,6,9,2235.6,NorthEastern
15,6,10,2061.27,NorthEastern
15,6,11,1703.05,NorthEastern
15,6,12,1679.85,NorthEastern
16,0,1,1943.62,NorthEastern
16,0,2,1844.24,NorthEastern
16,0,3,1869.46,NorthEastern
16,0,4,1898.86,NorthEastern
16,0,5,1938.74,NorthEastern
16,0,6,2082.12,NorthEastern
16,0,7,2248.18,NorthEastern
16,0,8,2336.45,NorthEastern
16,0,9,2301.33,NorthEastern
16,0,10,2181.7,NorthEastern
16,0,11,2015.45,NorthEastern
16,0,12,2056.5,NorthEastern
16,1,1,1944.42,NorthEastern
16,1,2,1904.96,NorthEastern
16,1,3,1856.97,NorthEastern
16,1,4,1917.19,NorthEastern
16,1,5,1985.56,NorthEastern
16,1,6,2126.41,NorthEastern
16,1,7,2300.0,NorthEastern
16,1,8,2430.91,NorthEastern
16,1,9,2384.02,NorthEastern
16,1,10,2223.46,NorthEastern
16,1,11,2108.51,NorthEastern
16,1,12,2036.87,NorthEastern
16,2,1,1942.58,NorthEastern
16,2,2,1889.71,NorthEastern
16,2,3,1875.97,NorthEastern
16,2,4,1881.13,NorthEastern
16,2,5,1917.89,NorthEastern
16,2,6,2131.81,NorthEastern
16,2,7,2289.61,NorthEastern
16,2,8,2435.33,NorthEastern
16,2,9,2388.27,NorthEastern
16,2,10,2239.99,NorthEastern
16,2,11,2136.0,NorthEastern
16,2,12,2105.72,NorthEastern
16,3,1,1947.87,NorthEastern
16,3,2,1900.48,NorthEastern
16,3,3,1902.74,NorthEastern
16,3,4,1901.62,NorthEastern
16,3,5,1903.69,NorthEastern
16,3,6,2140.24,NorthEastern
16,3,7,2275.5,NorthEastern
16,3,8,2446.98,NorthEastern
16,3,9,2380.21,NorthEastern
16,3,10,2266.08,NorthEastern
16,3,11,2114.37,NorthEastern
16,3,12,2116.54,NorthEastern
16,4,1,1945.69,NorthEastern
16,4,2,1867.7,NorthEastern
16,4,3,1895.13,NorthEastern
16,4,4,1931.89,NorthEastern
16,4,5,1908.23,NorthEastern
16,4,6,2104.28,NorthEastern
16,4,7,2282.47,NorthEastern
16,4,8,2398.52,NorthEastern
16,4,9,2428.95,NorthEastern
16,4,10,2267.43,NorthEastern
16,4,11,2090.95,NorthEastern
16,4,12,2088.91,NorthEastern
16,5,1,1948.1,NorthEastern
16,5,2,1860.76,NorthEastern
16,5,3,1892.14,NorthEastern
16,5,4,1916.96,NorthEastern
16,5,5,1894.74,NorthEastern
16,5,6,2092.62,NorthEastern
16,5,7,2282.23,NorthEastern
16,5,8,2348.21,NorthEastern
16,5,9,2381.41,NorthEastern
16,5,10,2304.0,NorthEastern
16,5,11,2092.7,NorthEastern
16,5,12,2104.09,NorthEastern
16,6,1,1839.43,NorthEastern
16,6,2,1721.75,NorthEastern
16,6,3,1745.68,NorthEastern
16,6,4,1825.34,NorthEastern
16,6,5,1861.66,NorthEastern
16,6,6,2011.88,NorthEastern
16,6,7,2142.61,NorthEastern
16,6,8,2231.8,NorthEastern
16,6,9,2241.73,NorthEastern
16,6,10,2162.74,NorthEastern
16,6,11,1957.58,NorthEastern
16,6,12,1956.7,NorthEastern
17,0,1,2443.74,NorthEastern
17,0,2,2239.22,NorthEastern
17,0,3,2136.28,NorthEastern
17,0,4,2085.38,NorthEastern
17,0,5,2047.15,NorthEastern
17,0,6,2155.76,NorthEastern
17,0,7,2279.52,NorthEastern
17,0,8,2401.64,NorthEastern
17,0,9,2568.13,NorthEastern
17,0,10,2656.76,NorthEastern
17,0,11,2475.11,NorthEastern
17,0,12,2520.15,NorthEastern
17,1,1,2429.29,NorthEastern
17,1,2,2324.06,NorthEastern
17,1,3,2134.95,NorthEastern
17,1,4,2101.14,NorthEastern
17,1,5,2082.72,NorthEastern
17,1,6,2184.08,NorthEastern
17,1,7,2326.6,NorthEastern
17,1,8,2496.43,NorthEastern
17,1,9,2630.61,NorthEastern
17,1,10,2680.52,NorthEastern
17,1,11,2561.48,NorthEastern
17,1,12,2491.33,NorthEastern
17,2,1,2434.41,NorthEastern
17,2,2,2303.12,NorthEastern
17,2,3,2157.08,NorthEastern
17,2,4,2051.88,NorthEastern
17,2,5,2033.78,NorthEastern
17,2,6,2211.43,NorthEastern
17,2,7,2344.84,NorthEastern
17,2,8,2498.25,NorthEastern
17,2,9,2640.05,NorthEastern
17,2,10,2689.95,NorthEastern
17,2,11,2602.14,NorthEastern
17,2,12,2550.48,NorthEastern
17,3,1,2440.02,NorthEastern
17,3,2,2300.33,NorthEastern
17,3,3,2182.31,NorthEastern
17,3,4,2082.68,NorthEastern
17,3,5,2018.67,NorthEastern
17,3,6,2205.15,NorthEastern
17,3,7,2304.63,NorthEastern
17,3,8,2498.72,NorthEastern
17,3,9,2643.19,NorthEastern
17,3,10,2716.31,NorthEastern
17,3,11,2564.68,NorthEastern
17,3,12,2560.35,NorthEastern
17,4,1,2439.83,NorthEastern
17,4,2,2268.13,NorthEastern
17,4,3,2174.01,NorthEastern
17,4,4,2104.99,NorthEastern
17,4,5,2009.4,NorthEastern
17,4,6,2167.05,NorthEastern
17,4,7,2326.25,NorthEastern
17,4,8,2473.38,NorthEastern
17,4,9,2668.65,NorthEastern
17,4,10,2750.78,NorthEastern
17,4,11,2531.12,NorthEastern
17,4,12,2538.27,NorthEastern
17,5,1,2442.37,NorthEastern
17,5,2,2257.35,NorthEastern
17,5,3,2175.48,NorthEastern
17,5,4,2089.21,NorthEastern
17,5,5,2005.78,NorthEastern
17,5,6,2161.71,NorthEastern
17,5,7,2311.82,NorthEastern
17,5,8,2430.65,NorthEastern
17,5,9,2610.53,NorthEastern
17,5,10,2775.13,NorthEastern
17,5,11,2546.41,NorthEastern
17,5,12,2544.35,NorthEastern
17,6,1,2346.6,NorthEastern
17,6,2,2133.33,NorthEastern
17,6,3,2007.44,NorthEastern
17,6,4,1996.84,NorthEastern
17,6,5,1956.84,NorthEastern
17,6,6,2062.03,NorthEastern
17,6,7,2187.78,NorthEastern
17,6,8,2292.73,NorthEastern
17,6,9,2482.72,NorthEastern
17,6,10,2639.6,NorthEastern
17,6,11,2413.49,NorthEastern
17,6,12,2401.84,NorthEastern
18,0,1,2532.72,NorthEastern
18,0,2,2487.89,NorthEastern
18,0,3,2468.34,NorthEastern
18,0,4,2468.75,NorthEastern
18,0,5,2435.66,NorthEastern
18,0,6,2519.16,NorthEastern
18,0,7,2625.83,NorthEastern
18,0,8,2818.23,NorthEastern
18,0,9,2928.38,NorthEastern
18,0,10,2761.86,NorthEastern
18,0,11,2448.66,NorthEastern
18,0,12,2496.42,NorthEastern
18,1,1,2533.73,NorthEastern
18,1,2,2548.37,NorthEastern
18,1,3,2474.13,NorthEastern
18,1,4,2475.98,NorthEastern
18,1,5,2431.3,NorthEastern
18,1,6,2515.54,NorthEastern
18,1,7,2672.76,NorthEastern
18,1,8,2897.97,NorthEastern
18,1,9,2978.51,NorthEastern
18,1,10,2787.76,NorthEastern
18,1,11,2518.55,NorthEastern
18,1,12,2495.14,NorthEastern
18,2,1,2523.31,NorthEastern
18,2,2,2539.61,NorthEastern
18,2,3,2501.39,NorthEastern
18,2,4,2420.67,NorthEastern
18,2,5,2415.07,NorthEastern
18,2,6,2570.68,NorthEastern
18,2,7,2677.77,NorthEastern
18,2,8,2918.52,NorthEastern
18,2,9,2985.88,NorthEastern
18,2,10,2807.11,NorthEastern
18,2,11,2554.85,NorthEastern
18,2,12,2527.33,NorthEastern
18,3,1,2532.34,NorthEastern
18,3,2,2528.88,NorthEastern
18,3,3,2531.58,NorthEastern
18,3,4,2478.25,NorthEastern
18,3,5,2419.59,NorthEastern
18,3,6,2544.65,NorthEastern
18,3,7,2636.47,NorthEastern
18,3,8,2886.74,NorthEastern
18,3,9,3005.38,NorthEastern
18,3,10,2820.54,NorthEastern
18,3,11,2531.94,NorthEastern
18,3,12,2538.0,NorthEastern
18,4,1,2528.01,NorthEastern
18,4,2,2488.61,NorthEastern
18,4,3,2520.82,NorthEastern
18,4,4,2488.33,NorthEastern
18,4,5,2412.14,NorthEastern
18,4,6,2508.83,NorthEastern
18,4,7,2659.05,NorthEastern
18,4,8,2875.23,NorthEastern
18,4,9,3048.18,NorthEastern
18,4,10,2846.77,NorthEastern
18,4,11,2511.09,NorthEastern
18,4,12,2519.25,NorthEastern
18,5,1,2522.13,NorthEastern
18,5,2,2470.86,NorthEastern
18,5,3,2515.92,NorthEastern
18,5,4,2461.19,NorthEastern
18,5,5,2382.0,NorthEastern
18,5,6,2497.43,NorthEastern
18,5,7,2651.94,NorthEastern
18,5,8,2837.6,NorthEastern
18,5,9,2999.79,NorthEastern
18,5,10,2854.59,NorthEastern
18,5,11,2491.83,NorthEastern
18,5,12,2519.88,NorthEastern
18,6,1,2450.08,NorthEastern
18,6,2,2390.96,NorthEastern
18,6,3,2360.85,NorthEastern
18,6,4,2357.07,NorthEastern
18,6,5,2361.49,NorthEastern
18,6,6,2404.43,NorthEastern
18,6,7,2543.12,NorthEastern
18,6,8,2735.7,NorthEastern
18,6,9,2862.35,NorthEastern
18,6,10,2758.03,NorthEastern
18,6,11,2356.12,NorthEastern
18,6,12,2381.56,NorthEastern
19,0,1,2487.02,NorthEastern
19,0,2,2441.15,NorthEastern
19,0,3,2416.74,NorthEastern
19,0,4,2471.66,NorthEastern
19,0,5,2523.14,NorthEastern
19,0,6,2733.61,NorthEastern
19,0,7,2878.03,NorthEastern
19,0,8,2952.61,NorthEastern
19,0,9,2924.78,NorthEastern
19,0,10,2691.4,NorthEastern
19,0,11,2372.09,NorthEastern
19,0,12,2419.12,NorthEastern
19,1,1,2482.91,NorthEastern
19,1,2,2486.43,NorthEastern
19,1,3,2429.3,NorthEastern
19,1,4,2470.48,NorthEastern
19,1,5,2501.83,NorthEastern
19,1,6,2695.02,NorthEastern
19,1,7,2916.31,NorthEastern
19,1,8,3014.5,NorthEastern
19,1,9,2958.72,NorthEastern
19,1,10,2718.08,NorthEastern
19,1,11,2413.23,NorthEastern
19,1,12,2448.87,NorthEastern
19,2,1,2463.81,NorthEastern
19,2,2,2479.77,NorthEastern
19,2,3,2441.5,NorthEastern
19,2,4,2395.78,NorthEastern
19,2,5,2501.82,NorthEastern
19,2,6,2741.12,NorthEastern
19,2,7,2911.79,NorthEastern
19,2,8,3015.89,NorthEastern
19,2,9,2975.52,NorthEastern
19,2,10,2768.21,NorthEastern
19,2,11,2453.21,NorthEastern
19,2,12,2464.4,NorthEastern
19,3,1,2487.18,NorthEastern
19,3,2,2471.05,NorthEastern
19,3,3,2470.55,NorthEastern
19,3,4,2468.67,NorthEastern
19,3,5,2491.8,NorthEastern
19,3,6,2710.25,NorthEastern
19,3,7,2889.91,NorthEastern
19,3,8,2984.17,NorthEastern
19,3,9,2988.18,NorthEastern
19,3,10,2765.38,NorthEastern
19,3,11,2440.77,NorthEastern
19,3,12,2465.32,NorthEastern
19,4,1,2479.92,NorthEastern
19,4,2,2425.19,NorthEastern
19,4,3,2469.86,NorthEastern
19,4,4,2477.95,NorthEastern
19,4,5,2501.86,NorthEastern
19,4,6,2707.54,NorthEastern
19,4,7,2906.1,NorthEastern
19,4,8,2970.6,NorthEastern
19,4,9,3029.7,NorthEastern
19,4,10,2795.92,NorthEastern
19,4,11,2416.56,NorthEastern
19,4,12,2446.71,NorthEastern
19,5,1,2466.77,NorthEastern
19,5,2,2418.15,NorthEastern
19,5,3,2471.28,NorthEastern
19,5,4,2442.97,NorthEastern
19,5,5,2479.12,NorthEastern
19,5,6,2696.11,NorthEastern
19,5,7,2911.41,NorthEastern
19,5,8,2951.09,NorthEastern
19,5,9,2984.51,NorthEastern
19,5,10,2799.28,NorthEastern
19,5,11,2406.08,NorthEastern
19,5,12,2448.95,NorthEastern
19,6,1,2406.42,NorthEastern
19,6,2,2341.8,NorthEastern
19,6,3,2315.24,NorthEastern
19,6,4,2343.46,NorthEastern
19,6,5,2476.94,NorthEastern
19,6,6,2617.95,NorthEastern
19,6,7,2798.9,NorthEastern
19,6,8,2875.98,NorthEastern
19,6,9,2877.6,NorthEastern
19,6,10,2697.2,NorthEastern
19,6,11,2275.83,NorthEastern
19,6,12,2317.51,NorthEastern
20,0,1,2384.17,NorthEastern
20,0,2,2358.61,NorthEastern
20,0,3,2327.56,NorthEastern
20,0,4,2395.9,NorthEastern
20,0,5,2458.31,NorthEastern
20,0,6,2688.94,NorthEastern
20,0,7,2848.04,NorthEastern
20,0,8,2924.12,NorthEastern
20,0,9,2875.71,NorthEastern
20,0,10,2584.71,NorthEastern
20,0,11,2224.46,NorthEastern
20,0,12,2283.77,NorthEastern
20,1,1,2363.59,NorthEastern
20,1,2,2372.48,NorthEastern
20,1,3,2315.91,NorthEastern
20,1,4,2385.28,NorthEastern
20,1,5,2446.22,NorthEastern
20,1,6,2654.43,NorthEastern
20,1,7,2883.28,NorthEastern
20,1,8,2980.05,NorthEastern
20,1,9,2902.0,NorthEastern
20,1,10,2613.93,NorthEastern
20,1,11,2280.72,NorthEastern
20,1,12,2331.53,NorthEastern
20,2,1,2354.23,NorthEastern
20,2,2,2369.87,NorthEastern
20,2,3,2329.8,NorthEastern
20,2,4,2320.78,NorthEastern
20,2,5,2450.55,NorthEastern
20,2,6,2673.09,NorthEastern
20,2,7,2889.33,NorthEastern
20,2,8,2954.94,NorthEastern
20,2,9,2914.32,NorthEastern
20,2,10,2645.21,NorthEastern
20,2,11,2307.57,NorthEastern
20,2,12,2320.21,NorthEastern
20,3,1,2360.69,NorthEastern
20,3,2,2372.82,NorthEastern
20,3,3,2372.3,NorthEastern
20,3,4,2376.98,NorthEastern
20,3,5,2424.98,NorthEastern
20,3,6,2670.92,NorthEastern
20,3,7,2870.44,NorthEastern
20,3,8,2942.08,NorthEastern
20,3,9,2958.81,NorthEastern
20,3,10,2655.05,NorthEastern
20,3,11,2289.86,NorthEastern
20,3,12,2325.49,NorthEastern
20,4,1,2359.63,NorthEastern
20,4,2,2325.84,NorthEastern
20,4,3,2367.37,NorthEastern
20,4,4,2397.77,NorthEastern
20,4,5,2436.19,NorthEastern
20,4,6,2655.15,NorthEastern
20,4,7,2881.22,NorthEastern
20,4,8,2939.72,NorthEastern
20,4,9,2975.63,NorthEastern
20,4,10,2684.94,NorthEastern
20,4,11,2268.67,NorthEastern
20,4,12,2319.65,NorthEastern
20,5,1,2359.91,NorthEastern
20,5,2,2325.94,NorthEastern
20,5,3,2361.97,NorthEastern
20,5,4,2369.97,NorthEastern
20,5,5,2418.4,NorthEastern
20,5,6,2663.59,NorthEastern
20,5,7,2895.38,NorthEastern
20,5,8,2940.75,NorthEastern
20,5,9,2928.68,NorthEastern
20,5,10,2692.93,NorthEastern
20,5,11,2270.79,NorthEastern
20,5,12,2322.4,NorthEastern
20,6,1,2295.0,NorthEastern
20,6,2,2246.9,NorthEastern
20,6,3,2225.28,NorthEastern
20,6,4,2272.41,NorthEastern
20,6,5,2421.4,NorthEastern
20,6,6,2595.84,NorthEastern
20,6,7,2790.08,NorthEastern
20,6,8,2847.59,NorthEastern
20,6,9,2837.7,NorthEastern
20,6,10,2599.18,NorthEastern
20,6,11,2143.33,NorthEastern
20,6,12,2201.71,NorthEastern
21,0,1,2185.64,NorthEastern
21,0,2,2152.93,NorthEastern
21,0,3,2138.15,NorthEastern
21,0,4,2229.82,NorthEastern
21,0,5,2309.73,NorthEastern
21,0,6,2584.63,NorthEastern
21,0,7,2752.7,NorthEastern
21,0,8,2835.14,NorthEastern
21,0,9,2772.61,NorthEastern
21,0,10,2433.24,NorthEastern
21,0,11,2027.47,NorthEastern
21,0,12,2068.31,NorthEastern
21,1,1,2152.56,NorthEastern
21,1,2,2154.92,NorthEastern
21,1,3,2117.93,NorthEastern
21,1,4,2208.64,NorthEastern
21,1,5,2308.26,NorthEastern
21,1,6,2548.42,NorthEastern
21,1,7,2779.41,NorthEastern
21,1,8,2892.01,NorthEastern
21,1,9,2795.77,NorthEastern
21,1,10,2462.95,NorthEastern
21,1,11,2076.9,NorthEastern
21,1,12,2119.41,NorthEastern
21,2,1,2144.11,NorthEastern
21,2,2,2166.29,NorthEastern
21,2,3,2128.95,NorthEastern
21,2,4,2144.97,NorthEastern
21,2,5,2297.3,NorthEastern
21,2,6,2568.76,NorthEastern
21,2,7,2786.77,NorthEastern
21,2,8,2882.87,NorthEastern
21,2,9,2823.31,NorthEastern
21,2,10,2490.0,NorthEastern
21,2,11,2094.92,NorthEastern
21,2,12,2101.42,NorthEastern
21,3,1,2146.08,NorthEastern
21,3,2,2170.53,NorthEastern
21,3,3,2173.94,NorthEastern
21,3,4,2190.91,NorthEastern
21,3,5,2264.46,NorthEastern
21,3,6,2563.36,NorthEastern
21,3,7,2782.43,NorthEastern
21,3,8,2874.77,NorthEastern
21,3,9,2845.55,NorthEastern
21,3,10,2488.08,NorthEastern
21,3,11,2069.62,NorthEastern
21,3,12,2107.4,NorthEastern
21,4,1,2149.91,NorthEastern
21,4,2,2128.12,NorthEastern
21,4,3,2174.88,NorthEastern
21,4,4,2221.16,NorthEastern
21,4,5,2275.95,NorthEastern
21,4,6,2560.55,NorthEastern
21,4,7,2796.67,NorthEastern
21,4,8,2842.84,NorthEastern
21,4,9,2856.36,NorthEastern
21,4,10,2517.89,NorthEastern
21,4,11,2058.36,NorthEastern
21,4,12,2100.5,NorthEastern
21,5,1,2156.94,NorthEastern
21,5,2,2137.79,NorthEastern
21,5,3,2170.85,NorthEastern
21,5,4,2184.96,NorthEastern
21,5,5,2270.09,NorthEastern
21,5,6,2553.38,NorthEastern
21,5,7,2818.05,NorthEastern
21,5,8,2863.34,NorthEastern
21,5,9,2838.71,NorthEastern
21,5,10,2531.88,NorthEastern
21,5,11,2060.55,NorthEastern
21,5,12,2115.77,NorthEastern
21,6,1,2086.03,NorthEastern
21,6,2,2056.36,NorthEastern
21,6,3,2051.33,NorthEastern
21,6,4,2096.24,NorthEastern
21,6,5,2279.36,NorthEastern
21,6,6,2511.53,NorthEastern
21,6,7,2713.09,NorthEastern
21,6,8,2756.75,NorthEastern
21,6,9,2734.73,NorthEastern
21,6,10,2448.31,NorthEastern
21,6,11,1945.52,NorthEastern
21,6,12,2002.6,NorthEastern
22,0,1,1892.68,NorthEastern
22,0,2,1884.63,NorthEastern
22,0,3,1882.01,NorthEastern
22,0,4,1980.14,NorthEastern
22,0,5,2112.44,NorthEastern
22,0,6,2421.72,NorthEastern
22,0,7,2623.63,NorthEastern
22,0,8,2708.66,NorthEastern
22,0,9,2623.25,NorthEastern
22,0,10,2262.92,NorthEastern
22,0,11,1798.82,NorthEastern
22,0,12,1800.13,NorthEastern
22,1,1,1882.61,NorthEastern
22,1,2,1873.2,NorthEastern
22,1,3,1857.41,NorthEastern
22,1,4,1968.61,NorthEastern
22,1,5,2098.79,NorthEastern
22,1,6,2396.83,NorthEastern
22,1,7,2647.48,NorthEastern
22,1,8,2770.38,NorthEastern
22,1,9,2650.97,NorthEastern
22,1,10,2285.02,NorthEastern
22,1,11,1818.21,NorthEastern
22,1,12,1842.04,NorthEastern
22,2,1,1859.94,NorthEastern
22,2,2,1877.32,NorthEastern
22,2,3,1862.01,NorthEastern
22,2,4,1896.98,NorthEastern
22,2,5,2075.8,NorthEastern
22,2,6,2405.09,NorthEastern
22,2,7,2639.63,NorthEastern
22,2,8,2753.06,NorthEastern
22,2,9,2677.0,NorthEastern
22,2,10,2316.89,NorthEastern
22,2,11,1846.13,NorthEastern
22,2,12,1823.7,NorthEastern
22,3,1,1867.53,NorthEastern
22,3,2,1893.86,NorthEastern
22,3,3,1924.41,NorthEastern
22,3,4,1935.93,NorthEastern
22,3,5,2051.89,NorthEastern
22,3,6,2412.36,NorthEastern
22,3,7,2650.86,NorthEastern
22,3,8,2750.74,NorthEastern
22,3,9,2703.59,NorthEastern
22,3,10,2285.64,NorthEastern
22,3,11,1843.32,NorthEastern
22,3,12,1829.75,NorthEastern
22,4,1,1867.06,NorthEastern
22,4,2,1857.74,NorthEastern
22,4,3,1913.24,NorthEastern
22,4,4,1982.9,NorthEastern
22,4,5,2073.19,NorthEastern
22,4,6,2398.53,NorthEastern
22,4,7,2660.4,NorthEastern
22,4,8,2737.19,NorthEastern
22,4,9,2710.51,NorthEastern
22,4,10,2315.97,NorthEastern
22,4,11,1814.8,NorthEastern
22,4,12,1845.68,NorthEastern
22,5,1,1894.01,NorthEastern
22,5,2,1869.81,NorthEastern
22,5,3,1917.69,NorthEastern
22,5,4,1948.32,NorthEastern
22,5,5,2059.99,NorthEastern
22,5,6,2400.88,NorthEastern
22,5,7,2676.1,NorthEastern
22,5,8,2737.62,NorthEastern
22,5,9,2702.87,NorthEastern
22,5,10,2348.3,NorthEastern
22,5,11,1822.42,NorthEastern
22,5,12,1865.96,NorthEastern
22,6,1,1831.04,NorthEastern
22,6,2,1807.71,NorthEastern
22,6,3,1813.26,NorthEastern
22,6,4,1879.63,NorthEastern
22,6,5,2084.62,NorthEastern
22,6,6,2371.21,NorthEastern
22,6,7,2577.66,NorthEastern
22,6,8,2623.0,NorthEastern
22,6,9,2595.5,NorthEastern
22,6,10,2275.36,NorthEastern
22,6,11,1729.87,NorthEastern
22,6,12,1758.48,NorthEastern
23,0,1,1649.31,NorthEastern
23,0,2,1657.69,NorthEastern
23,0,3,1676.23,NorthEastern
23,0,4,1777.61,NorthEastern
23,0,5,1938.38,NorthEastern
23,0,6,2245.42,NorthEastern
23,0,7,2468.73,NorthEastern
23,0,8,2574.53,NorthEastern
23,0,9,2483.14,NorthEastern
23,0,10,2104.97,NorthEastern
23,0,11,1627.12,NorthEastern
23,0,12,1585.31,NorthEastern
23,1,1,1645.45,NorthEastern
23,1,2,1651.67,NorthEastern
23,1,3,1653.68,NorthEastern
23,1,4,1775.73,NorthEastern
23,1,5,1914.8,NorthEastern
23,1,6,2240.18,NorthEastern
23,1,7,2500.66,NorthEastern
23,1,8,2640.97,NorthEastern
23,1,9,2512.42,NorthEastern
23,1,10,2121.71,NorthEastern
23,1,11,1643.75,NorthEastern
23,1,12,1630.98,NorthEastern
23,2,1,1634.97,NorthEastern
23,2,2,1643.67,NorthEastern
23,2,3,1660.71,NorthEastern
23,2,4,1703.7,NorthEastern
23,2,5,1885.78,NorthEastern
23,2,6,2238.1,NorthEastern
23,2,7,2493.58,NorthEastern
23,2,8,2634.75,NorthEastern
23,2,9,2535.13,NorthEastern
23,2,10,2145.61,NorthEastern
23,2,11,1677.92,NorthEastern
23,2,12,1606.86,NorthEastern
23,3,1,1645.63,NorthEastern
23,3,2,1656.78,NorthEastern
23,3,3,1724.04,NorthEastern
23,3,4,1743.02,NorthEastern
23,3,5,1860.45,NorthEastern
23,3,6,2237.2,NorthEastern
23,3,7,2499.93,NorthEastern
23,3,8,2604.18,NorthEastern
23,3,9,2557.88,NorthEastern
23,3,10,2124.45,NorthEastern
23,3,11,1659.25,NorthEastern
23,3,12,1620.73,NorthEastern
23,4,1,1636.93,NorthEastern
23,4,2,1634.33,NorthEastern
23,4,3,1716.17,NorthEastern
23,4,4,1787.12,NorthEastern
23,4,5,1876.54,NorthEastern
23,4,6,2230.69,NorthEastern
23,4,7,2512.52,NorthEastern
23,4,8,2601.66,NorthEastern
23,4,9,2560.33,NorthEastern
23,4,10,2145.66,NorthEastern
23,4,11,1652.88,NorthEastern
23,4,12,1632.0,NorthEastern
23,5,1,1664.29,NorthEastern
23,5,2,1648.27,NorthEastern
23,5,3,1720.85,NorthEastern
23,5,4,1768.74,NorthEastern
23,5,5,1873.95,NorthEastern
23,5,6,2230.04,NorthEastern
23,5,7,2528.9,NorthEastern
23,5,8,2617.1,NorthEastern
23,5,9,2561.39,NorthEastern
23,5,10,2178.53,NorthEastern
23,5,11,1643.73,NorthEastern
23,5,12,1649.36,NorthEastern
23,6,1,1610.66,NorthEastern
23,6,2,1589.57,NorthEastern
23,6,3,1622.99,NorthEastern
23,6,4,1696.93,NorthEastern
23,6,5,1908.99,NorthEastern
23,6,6,2221.49,NorthEastern
23,6,7,2435.18,NorthEastern
23,6,8,2484.67,NorthEastern
23,6,9,2453.11,NorthEastern
23,6,10,2122.86,NorthEastern
23,6,11,1559.52,NorthEastern
23,6,12,1564.7,NorthEastern
